OBJECTID;periodo;mes;pqr_canal;pet_cod_depto;pet_cod_mpio;id_afec;afec_parentesco;afec_genero;afec_edad;afec_edadr;afec_educ;afec_regafiliacion;afec_getnico;afec_pobespecial;afec_cod_depto;afec_cod_mpio;ent_nombre;ent_tipovig_sns;ent_cod_sns;ent_alias_sn;ent_cod_depto;ent_cod_mpio;cod_macromot;macromotivo;cod_motgen;motivo_general;cod_motesp;motivo_especifico;cod_tipo_motesp;tipo_de_motivo_especifico;cod_subtipo_motesp;subtipo_de_motivo_especifico;patologia_1;patologia_tipo;cie_10;alto_costo;clasificacion_de_riesgo
1;2024;7;Web;05;05789;US- 000002469551;A nombre propio;MUJER;71;MAYOR DE 63 AÑOS ;No Aplica;Subsidiado;No Aplica;No Aplica;05;05789;COOSALUD;RÉGIMEN SUBSIDIADO;ESS024;COOSALUD;05;05789;01;"BARRERAS EN EL ACCESO A TECNOLOGÍAS Y SERVICIOS DE SALUD; Y OTROS ELEMENTOS COMPLEMENTARIOS PARA LA ATENCIÓN DEL USUARIO";0101;FALTA DE OPORTUNIDAD EN LA PRESTACIÓN DE TECNOLOGÍAS EN SALUD Y OTROS ELEMENTOS COMPLEMENTARIOS PARA LA ATENCIÓN DEL USUARIO;010101;FALTA DE OPORTUNIDAD EN LAS CITAS O CONSULTAS;01010103;ESPECIALIDADES MÉDICAS ;01010103010;CIRUGÍA CARDIOVASCULAR;ENFERMEDADES CRÓNICAS NO TRASMISIBLES CARDIOVASCULARES;OTROS;PROLAPSO (DE LA VÁLVULA) MITRAL;No aplica;PRIORIZADO
2;2024;7;Web;11;11001;US- 000004066349;A nombre propio;HOMBRE;61;DE 50 A 62 AÑOS;No Aplica;Contributivo;No Aplica;No Aplica;11;11001;COMPENSAR;RÉGIMEN CONTRIBUTIVO;EPS008;COMPENSAR;11;11001;01;"BARRERAS EN EL ACCESO A TECNOLOGÍAS Y SERVICIOS DE SALUD; Y OTROS ELEMENTOS COMPLEMENTARIOS PARA LA ATENCIÓN DEL USUARIO";0102;NEGACIÓN DE TECNOLOGÍAS EN SALUD Y OTROS ELEMENTOS COMPLEMENTARIOS PARA LA ATENCIÓN DEL USUARIO;010203;NEGACIÓN EN LA ATENCIÓN EN OTROS SERVICIOS DE SALUD;01020308;PROCEDIMIENTOS NO QUIRÚRGICOS;01020308001;IMAGENOLOGÍA;PROBLEMAS RELACIONADOS CON FACILIDADES DE ATENCIÓN MÉDICA U OTROS SERVICIOS DE SALUD;PROBLEMAS RELACIONADOS CON FACILIDADES DE ATENCIÓN MÉDICA U OTROS SERVICIOS DE SALUD;GLAUCOMA PRIMARIO DE ANGULO CERRADO;No aplica;SIMPLE
3;2024;7;Web;66;66001;US- 000000454297;A nombre propio;MUJER;32;DE 30 A 37 AÑOS;No Aplica;Contributivo;Mulato ;Persona con discapacidad;66;66001;SANITAS;RÉGIMEN CONTRIBUTIVO;EPS005;SANITAS;66;66001;01;"BARRERAS EN EL ACCESO A TECNOLOGÍAS Y SERVICIOS DE SALUD; Y OTROS ELEMENTOS COMPLEMENTARIOS PARA LA ATENCIÓN DEL USUARIO";0101;FALTA DE OPORTUNIDAD EN LA PRESTACIÓN DE TECNOLOGÍAS EN SALUD Y OTROS ELEMENTOS COMPLEMENTARIOS PARA LA ATENCIÓN DEL USUARIO;010101;FALTA DE OPORTUNIDAD EN LAS CITAS O CONSULTAS;01010103;ESPECIALIDADES MÉDICAS ;01010103033;DERMATOLOGÍA;ENFERMEDADES CRÓNICAS NO TRANSMISIBLES –DIABETES;DIABETES;DIABETES MELLITUS NO INSULINODEPENDIENTE;No aplica;SIMPLE
4;2024;7;Web;66;66001;US- 000000455893;Madre;HOMBRE;9;DE 6 A 12 AÑOS;No Aplica;Contributivo;Mulato ;Persona con discapacidad;66;66001;SANITAS;RÉGIMEN CONTRIBUTIVO;EPS005;SANITAS;66;66001;01;"BARRERAS EN EL ACCESO A TECNOLOGÍAS Y SERVICIOS DE SALUD; Y OTROS ELEMENTOS COMPLEMENTARIOS PARA LA ATENCIÓN DEL USUARIO";0101;FALTA DE OPORTUNIDAD EN LA PRESTACIÓN DE TECNOLOGÍAS EN SALUD Y OTROS ELEMENTOS COMPLEMENTARIOS PARA LA ATENCIÓN DEL USUARIO;010101;FALTA DE OPORTUNIDAD EN LAS CITAS O CONSULTAS;01010103;ESPECIALIDADES MÉDICAS ;01010103080;OTORRINOLARINGOLOGÍA;PROBLEMAS RELACIONADOS CON FACILIDADES DE ATENCIÓN MÉDICA U OTROS SERVICIOS DE SALUD;PROBLEMAS RELACIONADOS CON FACILIDADES DE ATENCIÓN MÉDICA U OTROS SERVICIOS DE SALUD;APNEA DEL SUEÑO;No aplica;SIMPLE
5;2024;7;Telefónico;05;05664;US- 000004066350;Hermano (A);HOMBRE;33;DE 30 A 37 AÑOS;Ninguno;Contributivo;No Aplica;No Aplica;05;05664;SALUD TOTAL;RÉGIMEN CONTRIBUTIVO;EPS002;SALUD TOTAL;05;05664;01;"BARRERAS EN EL ACCESO A TECNOLOGÍAS Y SERVICIOS DE SALUD; Y OTROS ELEMENTOS COMPLEMENTARIOS PARA LA ATENCIÓN DEL USUARIO";0101;FALTA DE OPORTUNIDAD EN LA PRESTACIÓN DE TECNOLOGÍAS EN SALUD Y OTROS ELEMENTOS COMPLEMENTARIOS PARA LA ATENCIÓN DEL USUARIO;010103;FALTA DE OPORTUNIDAD EN LA ATENCIÓN EN OTROS SERVICIOS DE SALUD;01010301;URGENCIAS;;;PROBLEMAS RELACIONADOS CON FACILIDADES DE ATENCIÓN MÉDICA U OTROS SERVICIOS DE SALUD;PROBLEMAS RELACIONADOS CON FACILIDADES DE ATENCIÓN MÉDICA U OTROS SERVICIOS DE SALUD;FIEBRE RECURRENTE, NO ESPECIFICADA;No aplica;PRIORIZADO
6;2024;7;Web;11;11001;US- 000004066351;A nombre propio;MUJER;59;DE 50 A 62 AÑOS;No Aplica;Subsidiado;No Aplica;No Aplica;11;11001;COMPENSAR;RÉGIMEN CONTRIBUTIVO;EPS008;COMPENSAR;11;11001;01;"BARRERAS EN EL ACCESO A TECNOLOGÍAS Y SERVICIOS DE SALUD; Y OTROS ELEMENTOS COMPLEMENTARIOS PARA LA ATENCIÓN DEL USUARIO";0101;FALTA DE OPORTUNIDAD EN LA PRESTACIÓN DE TECNOLOGÍAS EN SALUD Y OTROS ELEMENTOS COMPLEMENTARIOS PARA LA ATENCIÓN DEL USUARIO;010101;FALTA DE OPORTUNIDAD EN LAS CITAS O CONSULTAS;01010101;MEDICINA GENERAL;;;ENFERMEDADES OSTEOARTICULARES;OTROS;DOLOR EN ARTICULACIÓN;No aplica;SIMPLE
7;2024;7;Web;17;17001;US- 000004066352;A nombre propio;MUJER;80;MAYOR DE 63 AÑOS ;No Aplica;Régimen Especial;No Aplica;No Aplica;17;17001;POLICIA NACIONAL;REGÍMENES DE EXCEPCIÓN Y ESPECIALES;REPN01;POLICIA NACIONAL;17;17001;01;"BARRERAS EN EL ACCESO A TECNOLOGÍAS Y SERVICIOS DE SALUD; Y OTROS ELEMENTOS COMPLEMENTARIOS PARA LA ATENCIÓN DEL USUARIO";0101;FALTA DE OPORTUNIDAD EN LA PRESTACIÓN DE TECNOLOGÍAS EN SALUD Y OTROS ELEMENTOS COMPLEMENTARIOS PARA LA ATENCIÓN DEL USUARIO;010103;FALTA DE OPORTUNIDAD EN LA ATENCIÓN EN OTROS SERVICIOS DE SALUD;01010308;PROCEDIMIENTOS NO QUIRÚRGICOS;01010308001;IMAGENOLOGÍA;ENFERMEDADES CRÓNICAS NO TRANSMISIBLES- FACTORES DE RIESGO;MEDICIÓN DE FACTORES DE RIESGO;ANEMIA DE TIPO NO ESPECIFICADO;No aplica;SIMPLE
8;2024;7;Web;08;08433;US- 000002100942;A nombre propio;MUJER;59;DE 50 A 62 AÑOS;No Aplica;Subsidiado;No Aplica;No Aplica;08;08433;MUTUAL SER;RÉGIMEN SUBSIDIADO;ESS207;MUTUAL SER;08;08433;01;"BARRERAS EN EL ACCESO A TECNOLOGÍAS Y SERVICIOS DE SALUD; Y OTROS ELEMENTOS COMPLEMENTARIOS PARA LA ATENCIÓN DEL USUARIO";0102;NEGACIÓN DE TECNOLOGÍAS EN SALUD Y OTROS ELEMENTOS COMPLEMENTARIOS PARA LA ATENCIÓN DEL USUARIO;010204;NEGACIÓN PARA LA ENTREGA DE TECNOLOGÍAS EN SALUD Y/O DE OTROS SERVICIOS AUTORIZADOS;01020402;MEDICAMENTOS NO UPC;;;ENFERMEDADES CRÓNICAS NO TRASMISIBLES CARDIOVASCULARES;HTA (HIPERTENSIÓN ARTERIAL);HIPERTENSIÓN ESENCIAL (PRIMARIA);No aplica;SIMPLE
9;2024;7;Web;54;54405;US- 000004066353;A nombre propio;MUJER;49;DE 38 A 49 AÑOS;No Aplica;Contributivo;No Aplica;No Aplica;54;54405;NUEVA EPS;RÉGIMEN CONTRIBUTIVO;EPS037;NUEVA EPS;54;54405;01;"BARRERAS EN EL ACCESO A TECNOLOGÍAS Y SERVICIOS DE SALUD; Y OTROS ELEMENTOS COMPLEMENTARIOS PARA LA ATENCIÓN DEL USUARIO";0102;NEGACIÓN DE TECNOLOGÍAS EN SALUD Y OTROS ELEMENTOS COMPLEMENTARIOS PARA LA ATENCIÓN DEL USUARIO;010204;NEGACIÓN PARA LA ENTREGA DE TECNOLOGÍAS EN SALUD Y/O DE OTROS SERVICIOS AUTORIZADOS;01020401;MEDICAMENTOS UPC;;;ENFERMEDADES CRÓNICAS NO TRASMISIBLES CARDIOVASCULARES;HTA (HIPERTENSIÓN ARTERIAL);HIPERLIPIDEMIA MIXTA;No aplica;SIMPLE
10;2024;7;Web;66;66001;US- 000000490646;Madre;HOMBRE;17;DE 13 A 17 AÑOS;No Aplica;Contributivo;Mulato ;Persona con discapacidad;66;66001;SANITAS;RÉGIMEN CONTRIBUTIVO;EPS005;SANITAS;66;66001;01;"BARRERAS EN EL ACCESO A TECNOLOGÍAS Y SERVICIOS DE SALUD; Y OTROS ELEMENTOS COMPLEMENTARIOS PARA LA ATENCIÓN DEL USUARIO";0102;NEGACIÓN DE TECNOLOGÍAS EN SALUD Y OTROS ELEMENTOS COMPLEMENTARIOS PARA LA ATENCIÓN DEL USUARIO;010201;NEGACIÓN EN LA ASIGNACIÓN DE CITAS O CONSULTAS;01020103;ESPECIALIDADES MÉDICAS ;01020103033;DERMATOLOGÍA;PROBLEMAS RELACIONADOS CON FACILIDADES DE ATENCIÓN MÉDICA U OTROS SERVICIOS DE SALUD;PROBLEMAS RELACIONADOS CON FACILIDADES DE ATENCIÓN MÉDICA U OTROS SERVICIOS DE SALUD;OTROS PROBLEMAS RELACIONADOS CON SERVICIOS MÉDICOS Y DE SALUD;No aplica;SIMPLE
11;2024;7;Telefónico;05;05001;US- 000000001050;Madre;HOMBRE;21;DE 18 A 24 AÑOS;Universitario Incompleto;Contributivo;No Aplica;No Aplica;05;05001;SALUD TOTAL;RÉGIMEN CONTRIBUTIVO;EPS002;SALUD TOTAL;05;05001;04;INSATISFACCIÓN DEL USUARIO CON EL PROCESO ADMINISTRATIVO;0405;PROBLEMAS EN EL RECONOCIMIENTO Y/O PAGO DE PRESTACIONES ECONÓMICAS;040501;NO RECONOCIMIENTO Y/O PAGO DE LAS PRESTACIONES ECONÓMICAS;04050107;INCAPACIDAD DE ENFERMEDAD GENERAL;;;PROBLEMAS RELACIONADOS CON FACILIDADES DE ATENCIÓN MÉDICA U OTROS SERVICIOS DE SALUD;PROBLEMAS RELACIONADOS CON FACILIDADES DE ATENCIÓN MÉDICA U OTROS SERVICIOS DE SALUD;FISURA DEL PALADAR CON LABIO LEPORINO BILATERAL, SIN OTRA ESPECIFICACIÓN;No aplica;SIMPLE
12;2024;7;Web;05;05318;US- 000003767645;A nombre propio;HOMBRE;57;DE 50 A 62 AÑOS;No Aplica;Régimen Especial;No Aplica;No Aplica;05;05318;MAGISTERIO;REGÍMENES DE EXCEPCIÓN Y ESPECIALES;REMG01;MAGISTERIO;05;05001;01;"BARRERAS EN EL ACCESO A TECNOLOGÍAS Y SERVICIOS DE SALUD; Y OTROS ELEMENTOS COMPLEMENTARIOS PARA LA ATENCIÓN DEL USUARIO";0101;FALTA DE OPORTUNIDAD EN LA PRESTACIÓN DE TECNOLOGÍAS EN SALUD Y OTROS ELEMENTOS COMPLEMENTARIOS PARA LA ATENCIÓN DEL USUARIO;010103;FALTA DE OPORTUNIDAD EN LA ATENCIÓN EN OTROS SERVICIOS DE SALUD;01010309;PROCEDIMIENTOS QUIRÚRGICOS;01010309003;OTROS PROCEDIMIENTOS QUIRÚRGICOS;PROBLEMAS RELACIONADOS CON FACILIDADES DE ATENCIÓN MÉDICA U OTROS SERVICIOS DE SALUD;PROBLEMAS RELACIONADOS CON FACILIDADES DE ATENCIÓN MÉDICA U OTROS SERVICIOS DE SALUD;HERNIA INGUINAL;No aplica;SIMPLE
13;2024;7;Chat;05;05001;US- 000004066354;Hermano (A);MUJER;49;DE 38 A 49 AÑOS;Secundaria;Contributivo;No Aplica;No Aplica;05;05088;SURAMERICANA EPS;RÉGIMEN CONTRIBUTIVO;EPS010;EPS SURA;05;05088;02;INSATISFACCIÓN RELACIONADA CON LA ATENCIÓN EN SALUD;0202;INSATISFACCIÓN RELACIONADA CON LA ATENCIÓN DEL PERSONAL EN SALUD;020201;INSATISFACCIÓN RELACIONADA CON LA ATENCIÓN DEL PERSONAL EN SALUD;02020102;FALLAS EN LA PRÁCTICA MÉDICA;;;PROBLEMAS RELACIONADOS CON FACILIDADES DE ATENCIÓN MÉDICA U OTROS SERVICIOS DE SALUD;PROBLEMAS RELACIONADOS CON FACILIDADES DE ATENCIÓN MÉDICA U OTROS SERVICIOS DE SALUD;HERNIA ABDOMINAL NO ESPECIFICADA, SIN OBSTRUCCIÓN NI GANGRENA;No aplica;PRIORIZADO
14;2024;7;Web;63;63401;US- 000004066355;A nombre propio;HOMBRE;64;MAYOR DE 63 AÑOS ;No Aplica;Contributivo;No Aplica;No Aplica;63;63401;NUEVA EPS;RÉGIMEN CONTRIBUTIVO;EPS037;NUEVA EPS;63;63401;01;"BARRERAS EN EL ACCESO A TECNOLOGÍAS Y SERVICIOS DE SALUD; Y OTROS ELEMENTOS COMPLEMENTARIOS PARA LA ATENCIÓN DEL USUARIO";0101;FALTA DE OPORTUNIDAD EN LA PRESTACIÓN DE TECNOLOGÍAS EN SALUD Y OTROS ELEMENTOS COMPLEMENTARIOS PARA LA ATENCIÓN DEL USUARIO;010103;FALTA DE OPORTUNIDAD EN LA ATENCIÓN EN OTROS SERVICIOS DE SALUD;01010309;PROCEDIMIENTOS QUIRÚRGICOS;01010309003;OTROS PROCEDIMIENTOS QUIRÚRGICOS;PROBLEMAS RELACIONADOS CON FACILIDADES DE ATENCIÓN MÉDICA U OTROS SERVICIOS DE SALUD;PROBLEMAS RELACIONADOS CON FACILIDADES DE ATENCIÓN MÉDICA U OTROS SERVICIOS DE SALUD;HIPERPLASIA DE LA PRÓSTATA;No aplica;SIMPLE
15;2024;7;Web;76;76147;US- 000004066356;A nombre propio;MUJER;88;MAYOR DE 63 AÑOS ;No Aplica;Contributivo;No Aplica;No Aplica;76;76147;COOSALUD;RÉGIMEN SUBSIDIADO;ESS024;COOSALUD;76;76147;01;"BARRERAS EN EL ACCESO A TECNOLOGÍAS Y SERVICIOS DE SALUD; Y OTROS ELEMENTOS COMPLEMENTARIOS PARA LA ATENCIÓN DEL USUARIO";0101;FALTA DE OPORTUNIDAD EN LA PRESTACIÓN DE TECNOLOGÍAS EN SALUD Y OTROS ELEMENTOS COMPLEMENTARIOS PARA LA ATENCIÓN DEL USUARIO;010105;FALTA DE OPORTUNIDAD EN EL PROCESO DE REFERENCIA Y CONTRARREFERENCIA;;;;;ENFERMEDADES OSTEOARTICULARES;ARTRITIS REUMATOIDEA;DISFAGIA;No aplica;PRIORIZADO
16;2024;7;Web;68;68001;US- 000003295350;A nombre propio;MUJER;76;MAYOR DE 63 AÑOS ;No Aplica;Subsidiado;No Aplica;No Aplica;68;68001;COOSALUD;RÉGIMEN SUBSIDIADO;ESS024;COOSALUD;68;68001;01;"BARRERAS EN EL ACCESO A TECNOLOGÍAS Y SERVICIOS DE SALUD; Y OTROS ELEMENTOS COMPLEMENTARIOS PARA LA ATENCIÓN DEL USUARIO";0101;FALTA DE OPORTUNIDAD EN LA PRESTACIÓN DE TECNOLOGÍAS EN SALUD Y OTROS ELEMENTOS COMPLEMENTARIOS PARA LA ATENCIÓN DEL USUARIO;010104;FALTA DE OPORTUNIDAD EN LA ENTREGA O ENTREGA INCOMPLETA DE TECNOLOGÍAS EN SALUD Y/O PRESTACIÓN DE OTROS SERVICIOS;01010401;MEDICAMENTOS UPC;;;ENFERMEDADES CRÓNICAS NO TRANSMISIBLES –DIABETES;DIABETES;HIPERTENSIÓN ESENCIAL (PRIMARIA);No aplica;SIMPLE
17;2024;7;Web;05;05001;US- 000003670963;A nombre propio;MUJER;66;MAYOR DE 63 AÑOS ;No Aplica;Contributivo;No Aplica;No Aplica;05;05001;NUEVA EPS;RÉGIMEN CONTRIBUTIVO;EPS037;NUEVA EPS;05;05001;01;"BARRERAS EN EL ACCESO A TECNOLOGÍAS Y SERVICIOS DE SALUD; Y OTROS ELEMENTOS COMPLEMENTARIOS PARA LA ATENCIÓN DEL USUARIO";0101;FALTA DE OPORTUNIDAD EN LA PRESTACIÓN DE TECNOLOGÍAS EN SALUD Y OTROS ELEMENTOS COMPLEMENTARIOS PARA LA ATENCIÓN DEL USUARIO;010101;FALTA DE OPORTUNIDAD EN LAS CITAS O CONSULTAS;01010103;ESPECIALIDADES MÉDICAS ;01010103063;MEDICINA INTERNA;PROBLEMAS RELACIONADOS CON FACILIDADES DE ATENCIÓN MÉDICA U OTROS SERVICIOS DE SALUD;PROBLEMAS RELACIONADOS CON FACILIDADES DE ATENCIÓN MÉDICA U OTROS SERVICIOS DE SALUD;APNEA DEL SUEÑO;No aplica;SIMPLE
18;2024;7;Web;11;11001;US- 000002481643;A nombre propio;MUJER;67;MAYOR DE 63 AÑOS ;No Aplica;Contributivo;No Aplica;No Aplica;11;11001;SANITAS;RÉGIMEN CONTRIBUTIVO;EPS005;SANITAS;11;11001;01;"BARRERAS EN EL ACCESO A TECNOLOGÍAS Y SERVICIOS DE SALUD; Y OTROS ELEMENTOS COMPLEMENTARIOS PARA LA ATENCIÓN DEL USUARIO";0101;FALTA DE OPORTUNIDAD EN LA PRESTACIÓN DE TECNOLOGÍAS EN SALUD Y OTROS ELEMENTOS COMPLEMENTARIOS PARA LA ATENCIÓN DEL USUARIO;010104;FALTA DE OPORTUNIDAD EN LA ENTREGA O ENTREGA INCOMPLETA DE TECNOLOGÍAS EN SALUD Y/O PRESTACIÓN DE OTROS SERVICIOS;01010401;MEDICAMENTOS UPC;;;PROBLEMAS RELACIONADOS CON FACILIDADES DE ATENCIÓN MÉDICA U OTROS SERVICIOS DE SALUD;PROBLEMAS RELACIONADOS CON FACILIDADES DE ATENCIÓN MÉDICA U OTROS SERVICIOS DE SALUD;OTROS PROBLEMAS RELACIONADOS CON SERVICIOS MÉDICOS Y DE SALUD;No aplica;SIMPLE
19;2024;7;Web;11;11001;US- 000000293106;A nombre propio;MUJER;52;DE 50 A 62 AÑOS;No Aplica;Contributivo;No Aplica;No Aplica;11;11001;SURAMERICANA EPS;RÉGIMEN CONTRIBUTIVO;EPS010;EPS SURA;11;11001;01;"BARRERAS EN EL ACCESO A TECNOLOGÍAS Y SERVICIOS DE SALUD; Y OTROS ELEMENTOS COMPLEMENTARIOS PARA LA ATENCIÓN DEL USUARIO";0103;FALTA DE OPORTUNIDAD EN LA AUTORIZACIÓN DE TECNOLOGÍAS EN SALUD Y OTROS ELEMENTOS COMPLEMENTARIOS PARA LA ATENCIÓN DEL USUARIO;010304;FALTA DE OPORTUNIDAD EN LA AUTORIZACIÓN DE OTROS SERVICIOS DE SALUD;01030408;PROCEDIMIENTOS NO QUIRÚRGICOS;01030408006;OTROS PROCEDIMIENTOS NO QUIRÚRGICOS;ENFERMEDADES OSTEOARTICULARES;NEUROLÓGICAS;MIGRAÑA COMPLICADA;No aplica;SIMPLE
20;2024;7;Telefónico;47;47001;US- 000004066357;A nombre propio;HOMBRE;57;DE 50 A 62 AÑOS;Universitario;Contributivo;No Aplica;No Aplica;47;47001;SALUD TOTAL;RÉGIMEN CONTRIBUTIVO;EPS002;SALUD TOTAL;47;47001;01;"BARRERAS EN EL ACCESO A TECNOLOGÍAS Y SERVICIOS DE SALUD; Y OTROS ELEMENTOS COMPLEMENTARIOS PARA LA ATENCIÓN DEL USUARIO";0101;FALTA DE OPORTUNIDAD EN LA PRESTACIÓN DE TECNOLOGÍAS EN SALUD Y OTROS ELEMENTOS COMPLEMENTARIOS PARA LA ATENCIÓN DEL USUARIO;010104;FALTA DE OPORTUNIDAD EN LA ENTREGA O ENTREGA INCOMPLETA DE TECNOLOGÍAS EN SALUD Y/O PRESTACIÓN DE OTROS SERVICIOS;01010401;MEDICAMENTOS UPC;;;ENFERMEDADES CRÓNICAS NO TRASMISIBLES CARDIOVASCULARES;ENFERMEDAD ISQUÉMICA CORONARIA;ENFERMEDAD ISQUEMIA CRÓNICA DEL CORAZÓN, NO ESPECIFICADA;No aplica;PRIORIZADO
21;2024;7;Web;11;11001;US- 000004066358;A nombre propio;MUJER;22;DE 18 A 24 AÑOS;No Aplica;Contributivo;No Aplica;No Aplica;11;11001;SANITAS;RÉGIMEN CONTRIBUTIVO;EPS005;SANITAS;11;11001;01;"BARRERAS EN EL ACCESO A TECNOLOGÍAS Y SERVICIOS DE SALUD; Y OTROS ELEMENTOS COMPLEMENTARIOS PARA LA ATENCIÓN DEL USUARIO";0101;FALTA DE OPORTUNIDAD EN LA PRESTACIÓN DE TECNOLOGÍAS EN SALUD Y OTROS ELEMENTOS COMPLEMENTARIOS PARA LA ATENCIÓN DEL USUARIO;010101;FALTA DE OPORTUNIDAD EN LAS CITAS O CONSULTAS;01010101;MEDICINA GENERAL;;;ENFERMEDADES OSTEOARTICULARES;OTROS;FRACTURA DE OTROS HUESOS METACARPIANOS;No aplica;SIMPLE
22;2024;7;Web;86;86568;US- 000004066359;A nombre propio;HOMBRE;51;DE 50 A 62 AÑOS;No Aplica;Contributivo;No Aplica;No Aplica;86;86568;EMSSANAR EPS;RÉGIMEN SUBSIDIADO;ESS118;EMSSANAR;86;86568;01;"BARRERAS EN EL ACCESO A TECNOLOGÍAS Y SERVICIOS DE SALUD; Y OTROS ELEMENTOS COMPLEMENTARIOS PARA LA ATENCIÓN DEL USUARIO";0103;FALTA DE OPORTUNIDAD EN LA AUTORIZACIÓN DE TECNOLOGÍAS EN SALUD Y OTROS ELEMENTOS COMPLEMENTARIOS PARA LA ATENCIÓN DEL USUARIO;010304;FALTA DE OPORTUNIDAD EN LA AUTORIZACIÓN DE OTROS SERVICIOS DE SALUD;01030409;PROCEDIMIENTOS QUIRÚRGICOS;01030409003;OTROS PROCEDIMIENTOS QUIRÚRGICOS;PROBLEMAS RELACIONADOS CON FACILIDADES DE ATENCIÓN MÉDICA U OTROS SERVICIOS DE SALUD;PROBLEMAS RELACIONADOS CON FACILIDADES DE ATENCIÓN MÉDICA U OTROS SERVICIOS DE SALUD;OTROS PROBLEMAS RELACIONADOS CON SERVICIOS MÉDICOS Y DE SALUD;No aplica;PRIORIZADO
23;2024;7;Web;15;15001;US- 000004066360;Otro;MUJER;86;MAYOR DE 63 AÑOS ;No Aplica;Subsidiado;No Aplica;No Aplica;15;15753;FAMISANAR;RÉGIMEN CONTRIBUTIVO;EPS017;FAMISANAR;15;15753;01;"BARRERAS EN EL ACCESO A TECNOLOGÍAS Y SERVICIOS DE SALUD; Y OTROS ELEMENTOS COMPLEMENTARIOS PARA LA ATENCIÓN DEL USUARIO";0103;FALTA DE OPORTUNIDAD EN LA AUTORIZACIÓN DE TECNOLOGÍAS EN SALUD Y OTROS ELEMENTOS COMPLEMENTARIOS PARA LA ATENCIÓN DEL USUARIO;010301;FALTA DE OPORTUNIDAD EN LA AUTORIZACIÓN DE TECNOLOGÍAS EN SALUD Y/O DE OTROS SERVICIOS;01030101;MEDICAMENTOS UPC;;;PROBLEMAS RELACIONADOS CON FACILIDADES DE ATENCIÓN MÉDICA U OTROS SERVICIOS DE SALUD;PROBLEMAS RELACIONADOS CON FACILIDADES DE ATENCIÓN MÉDICA U OTROS SERVICIOS DE SALUD;ULCERA CRÓNICA DE LA PIEL, NO CLASIFICADA EN OTRA PARTE;No aplica;SIMPLE
24;2024;7;Web;76;76001;US- 000004066361;Otro;MUJER;54;DE 50 A 62 AÑOS;No Aplica;Contributivo;No Aplica;No Aplica;76;76001;NUEVA EPS;RÉGIMEN CONTRIBUTIVO;EPS037;NUEVA EPS;76;76001;01;"BARRERAS EN EL ACCESO A TECNOLOGÍAS Y SERVICIOS DE SALUD; Y OTROS ELEMENTOS COMPLEMENTARIOS PARA LA ATENCIÓN DEL USUARIO";0101;FALTA DE OPORTUNIDAD EN LA PRESTACIÓN DE TECNOLOGÍAS EN SALUD Y OTROS ELEMENTOS COMPLEMENTARIOS PARA LA ATENCIÓN DEL USUARIO;010101;FALTA DE OPORTUNIDAD EN LAS CITAS O CONSULTAS;01010108;FISIOTERAPIA;;;ENFERMEDADES OSTEOARTICULARES;NEUROLÓGICAS;PARÁLISIS DE BELL;No aplica;SIMPLE
25;2024;7;Web;11;11001;US- 000001093103;A nombre propio;MUJER;68;MAYOR DE 63 AÑOS ;No Aplica;Contributivo;No Aplica;No Aplica;11;11001;SANITAS;RÉGIMEN CONTRIBUTIVO;EPS005;SANITAS;11;11001;01;"BARRERAS EN EL ACCESO A TECNOLOGÍAS Y SERVICIOS DE SALUD; Y OTROS ELEMENTOS COMPLEMENTARIOS PARA LA ATENCIÓN DEL USUARIO";0101;FALTA DE OPORTUNIDAD EN LA PRESTACIÓN DE TECNOLOGÍAS EN SALUD Y OTROS ELEMENTOS COMPLEMENTARIOS PARA LA ATENCIÓN DEL USUARIO;010101;FALTA DE OPORTUNIDAD EN LAS CITAS O CONSULTAS;01010103;ESPECIALIDADES MÉDICAS ;01010103002;ANESTESIOLOGÍA;PROBLEMAS RELACIONADOS CON FACILIDADES DE ATENCIÓN MÉDICA U OTROS SERVICIOS DE SALUD;PROBLEMAS RELACIONADOS CON FACILIDADES DE ATENCIÓN MÉDICA U OTROS SERVICIOS DE SALUD;ALTERACIONES DE LA VISION;No aplica;SIMPLE
26;2024;7;Web;76;76001;US- 000004066362;Hijo (A);MUJER;70;MAYOR DE 63 AÑOS ;No Aplica;Contributivo;No Aplica;No Aplica;76;76001;SURAMERICANA EPS;RÉGIMEN CONTRIBUTIVO;EPS010;EPS SURA;76;76001;01;"BARRERAS EN EL ACCESO A TECNOLOGÍAS Y SERVICIOS DE SALUD; Y OTROS ELEMENTOS COMPLEMENTARIOS PARA LA ATENCIÓN DEL USUARIO";0101;FALTA DE OPORTUNIDAD EN LA PRESTACIÓN DE TECNOLOGÍAS EN SALUD Y OTROS ELEMENTOS COMPLEMENTARIOS PARA LA ATENCIÓN DEL USUARIO;010103;FALTA DE OPORTUNIDAD EN LA ATENCIÓN EN OTROS SERVICIOS DE SALUD;01010309;PROCEDIMIENTOS QUIRÚRGICOS;01010309003;OTROS PROCEDIMIENTOS QUIRÚRGICOS;ENFERMEDADES CRÓNICAS NO TRANSMISIBLES- FACTORES DE RIESGO;MEDICIÓN DE FACTORES DE RIESGO;OTRAS ENFERMEDADES DE LA VESÍCULA BILIAR;No aplica;PRIORIZADO
27;2024;7;Web;08;08001;US- 000003106554;A nombre propio;MUJER;44;DE 38 A 49 AÑOS;No Aplica;Régimen Especial;No Aplica;No Aplica;08;08001;MAGISTERIO;REGÍMENES DE EXCEPCIÓN Y ESPECIALES;REMG01;MAGISTERIO;08;08001;01;"BARRERAS EN EL ACCESO A TECNOLOGÍAS Y SERVICIOS DE SALUD; Y OTROS ELEMENTOS COMPLEMENTARIOS PARA LA ATENCIÓN DEL USUARIO";0101;FALTA DE OPORTUNIDAD EN LA PRESTACIÓN DE TECNOLOGÍAS EN SALUD Y OTROS ELEMENTOS COMPLEMENTARIOS PARA LA ATENCIÓN DEL USUARIO;010103;FALTA DE OPORTUNIDAD EN LA ATENCIÓN EN OTROS SERVICIOS DE SALUD;01010308;PROCEDIMIENTOS NO QUIRÚRGICOS;01010308006;OTROS PROCEDIMIENTOS NO QUIRÚRGICOS;PROBLEMAS RELACIONADOS CON FACILIDADES DE ATENCIÓN MÉDICA U OTROS SERVICIOS DE SALUD;PROBLEMAS RELACIONADOS CON FACILIDADES DE ATENCIÓN MÉDICA U OTROS SERVICIOS DE SALUD;OTRAS RINITIS ALÉRGICAS;No aplica;SIMPLE
28;2024;7;Web;54;54498;US- 000004066363;A nombre propio;HOMBRE;90;MAYOR DE 63 AÑOS ;No Aplica;Subsidiado;No Aplica;No Aplica;54;54498;SANITAS;RÉGIMEN CONTRIBUTIVO;EPS005;SANITAS;54;54498;01;"BARRERAS EN EL ACCESO A TECNOLOGÍAS Y SERVICIOS DE SALUD; Y OTROS ELEMENTOS COMPLEMENTARIOS PARA LA ATENCIÓN DEL USUARIO";0103;FALTA DE OPORTUNIDAD EN LA AUTORIZACIÓN DE TECNOLOGÍAS EN SALUD Y OTROS ELEMENTOS COMPLEMENTARIOS PARA LA ATENCIÓN DEL USUARIO;010301;FALTA DE OPORTUNIDAD EN LA AUTORIZACIÓN DE TECNOLOGÍAS EN SALUD Y/O DE OTROS SERVICIOS;01030101;MEDICAMENTOS UPC;;;PROBLEMAS RELACIONADOS CON FACILIDADES DE ATENCIÓN MÉDICA U OTROS SERVICIOS DE SALUD;PROBLEMAS RELACIONADOS CON FACILIDADES DE ATENCIÓN MÉDICA U OTROS SERVICIOS DE SALUD;OTROS PROBLEMAS RELACIONADOS CON SERVICIOS MÉDICOS Y DE SALUD;No aplica;SIMPLE
29;2024;7;Web;05;05001;US- 000002970262;A nombre propio;MUJER;31;DE 30 A 37 AÑOS;No Aplica;Contributivo;No Aplica;No Aplica;05;05001;SALUD TOTAL;RÉGIMEN CONTRIBUTIVO;EPS002;SALUD TOTAL;05;05001;01;"BARRERAS EN EL ACCESO A TECNOLOGÍAS Y SERVICIOS DE SALUD; Y OTROS ELEMENTOS COMPLEMENTARIOS PARA LA ATENCIÓN DEL USUARIO";0102;NEGACIÓN DE TECNOLOGÍAS EN SALUD Y OTROS ELEMENTOS COMPLEMENTARIOS PARA LA ATENCIÓN DEL USUARIO;010203;NEGACIÓN EN LA ATENCIÓN EN OTROS SERVICIOS DE SALUD;01020308;PROCEDIMIENTOS NO QUIRÚRGICOS;01020308001;IMAGENOLOGÍA;CÁNCER ;OTROS;EXAMEN DE PESQUISA ESPECIAL PARA TUMOR DE SITIO NO ESPECIFICADO;No aplica;PRIORIZADO
30;2024;7;Web;66;66001;US- 000004066364;A nombre propio;MUJER;65;MAYOR DE 63 AÑOS ;No Aplica;Contributivo;No Aplica;No Aplica;66;66001;SALUD TOTAL;RÉGIMEN CONTRIBUTIVO;EPS002;SALUD TOTAL;66;66001;01;"BARRERAS EN EL ACCESO A TECNOLOGÍAS Y SERVICIOS DE SALUD; Y OTROS ELEMENTOS COMPLEMENTARIOS PARA LA ATENCIÓN DEL USUARIO";0101;FALTA DE OPORTUNIDAD EN LA PRESTACIÓN DE TECNOLOGÍAS EN SALUD Y OTROS ELEMENTOS COMPLEMENTARIOS PARA LA ATENCIÓN DEL USUARIO;010104;FALTA DE OPORTUNIDAD EN LA ENTREGA O ENTREGA INCOMPLETA DE TECNOLOGÍAS EN SALUD Y/O PRESTACIÓN DE OTROS SERVICIOS;01010401;MEDICAMENTOS UPC;;;ENFERMEDADES CRÓNICAS NO TRASMISIBLES CARDIOVASCULARES;HTA (HIPERTENSIÓN ARTERIAL);TRASTORNOS DEL INICIO Y DEL MANTENIMIENTO DEL SUEÑO [INSOMNIOS];No aplica;SIMPLE
31;2024;7;Web;11;11001;US- 000004066365;A nombre propio;MUJER;56;DE 50 A 62 AÑOS;No Aplica;Contributivo;No Aplica;No Aplica;11;11001;SALUD TOTAL;RÉGIMEN CONTRIBUTIVO;EPS002;SALUD TOTAL;11;11001;01;"BARRERAS EN EL ACCESO A TECNOLOGÍAS Y SERVICIOS DE SALUD; Y OTROS ELEMENTOS COMPLEMENTARIOS PARA LA ATENCIÓN DEL USUARIO";0102;NEGACIÓN DE TECNOLOGÍAS EN SALUD Y OTROS ELEMENTOS COMPLEMENTARIOS PARA LA ATENCIÓN DEL USUARIO;010201;NEGACIÓN EN LA ASIGNACIÓN DE CITAS O CONSULTAS;01020103;ESPECIALIDADES MÉDICAS ;01020103078;ORTOPEDIA Y TRAUMATOLOGÍA;ENFERMEDADES OSTEOARTICULARES;OTROS;FRACTURA DE LOS HUESOS DE OTRO(S) DEDO(S) DEL PIE;No aplica;SIMPLE
32;2024;7;Web;76;76001;US- 000004066366;A nombre propio;HOMBRE;60;DE 50 A 62 AÑOS;No Aplica;Contributivo;Afrocolombiano o Afrodescendiente;No Aplica;76;76001;SANITAS;RÉGIMEN CONTRIBUTIVO;EPS005;SANITAS;76;76001;01;"BARRERAS EN EL ACCESO A TECNOLOGÍAS Y SERVICIOS DE SALUD; Y OTROS ELEMENTOS COMPLEMENTARIOS PARA LA ATENCIÓN DEL USUARIO";0101;FALTA DE OPORTUNIDAD EN LA PRESTACIÓN DE TECNOLOGÍAS EN SALUD Y OTROS ELEMENTOS COMPLEMENTARIOS PARA LA ATENCIÓN DEL USUARIO;010104;FALTA DE OPORTUNIDAD EN LA ENTREGA O ENTREGA INCOMPLETA DE TECNOLOGÍAS EN SALUD Y/O PRESTACIÓN DE OTROS SERVICIOS;01010401;MEDICAMENTOS UPC;;;ENFERMEDADES CRÓNICAS NO TRASMISIBLES CARDIOVASCULARES;HTA (HIPERTENSIÓN ARTERIAL);DIABETES MELLITUS, NO ESPECIFICADA CON COMPLICACIONES NO ESPECIFICADAS;No aplica;SIMPLE
33;2024;7;Web;47;47001;US- 000004066367;A nombre propio;HOMBRE;35;DE 30 A 37 AÑOS;No Aplica;Subsidiado;No Aplica;No Aplica;47;47001;SALUD TOTAL;RÉGIMEN CONTRIBUTIVO;EPS002;SALUD TOTAL;47;47001;01;"BARRERAS EN EL ACCESO A TECNOLOGÍAS Y SERVICIOS DE SALUD; Y OTROS ELEMENTOS COMPLEMENTARIOS PARA LA ATENCIÓN DEL USUARIO";0102;NEGACIÓN DE TECNOLOGÍAS EN SALUD Y OTROS ELEMENTOS COMPLEMENTARIOS PARA LA ATENCIÓN DEL USUARIO;010204;NEGACIÓN PARA LA ENTREGA DE TECNOLOGÍAS EN SALUD Y/O DE OTROS SERVICIOS AUTORIZADOS;01020402;MEDICAMENTOS NO UPC;;;CÁNCER ;CÁNCER COLORECTAL;TUMOR MALIGNO DEL COLON, PARTE NO ESPECIFICADA;Quimioterapia y radioterapia para el cáncer;PRIORIZADO
34;2024;7;Chat;11;11001;US- 000004066368;Otro;MUJER;26;DE 25 A 29 AÑOS;Universitario;No aplica;No Aplica;Desplazado;25;25754;SECRETARÍA DEPARTAMENTAL DE SALUD DEL META;ENTIDADES TERRITORIALES;999998;SECRETARIA DEPARTAMENTAL DE SALUD DEL META;25;25754;04;INSATISFACCIÓN DEL USUARIO CON EL PROCESO ADMINISTRATIVO;0403;INSATISFACCIÓN RELACIONADA CON LA ATENCIÓN DEL PERSONAL ADMINISTRATIVO;040301;INSATISFACCIÓN RELACIONADA CON LA ATENCIÓN DEL PERSONAL ADMINISTRATIVO;;;;;ENFERMEDADES OSTEOARTICULARES;OTROS;LESIONES DEL HOMBRO;No aplica;SIMPLE
35;2024;7;Chat;11;11001;US- 000003484378;Otro;HOMBRE;30;DE 30 A 37 AÑOS;Universitario;No aplica;No Aplica;No Aplica;11;11001;SECRETARÍA DEPARTAMENTAL DE SALUD DEL META;ENTIDADES TERRITORIALES;999998;SECRETARIA DEPARTAMENTAL DE SALUD DEL META;11;11001;04;INSATISFACCIÓN DEL USUARIO CON EL PROCESO ADMINISTRATIVO;0403;INSATISFACCIÓN RELACIONADA CON LA ATENCIÓN DEL PERSONAL ADMINISTRATIVO;040301;INSATISFACCIÓN RELACIONADA CON LA ATENCIÓN DEL PERSONAL ADMINISTRATIVO;;;;;ENFERMEDADES OSTEOARTICULARES;OTROS;CONTUSIÓN DEL TÓRAX;No aplica;SIMPLE
36;2024;7;Telefónico;05;05318;US- 000003292858;Hijo (A);MUJER;80;MAYOR DE 63 AÑOS ;Primaria;Contributivo;No Aplica;No Aplica;05;05318;SALUD TOTAL;RÉGIMEN CONTRIBUTIVO;EPS002;SALUD TOTAL;05;05440;01;"BARRERAS EN EL ACCESO A TECNOLOGÍAS Y SERVICIOS DE SALUD; Y OTROS ELEMENTOS COMPLEMENTARIOS PARA LA ATENCIÓN DEL USUARIO";0101;FALTA DE OPORTUNIDAD EN LA PRESTACIÓN DE TECNOLOGÍAS EN SALUD Y OTROS ELEMENTOS COMPLEMENTARIOS PARA LA ATENCIÓN DEL USUARIO;010101;FALTA DE OPORTUNIDAD EN LAS CITAS O CONSULTAS;01010103;ESPECIALIDADES MÉDICAS ;01010103063;MEDICINA INTERNA;ENFERMEDADES CRÓNICAS NO TRASMISIBLES CARDIOVASCULARES;HTA (HIPERTENSIÓN ARTERIAL);(OSTEO)ARTROSIS PRIMARIA GENERALIZADA;No aplica;SIMPLE
37;2024;7;Web;11;11001;US- 000003155993;A nombre propio;MUJER;64;MAYOR DE 63 AÑOS ;No Aplica;Contributivo;No Aplica;No Aplica;11;11001;SANITAS;RÉGIMEN CONTRIBUTIVO;EPS005;SANITAS;11;11001;01;"BARRERAS EN EL ACCESO A TECNOLOGÍAS Y SERVICIOS DE SALUD; Y OTROS ELEMENTOS COMPLEMENTARIOS PARA LA ATENCIÓN DEL USUARIO";0101;FALTA DE OPORTUNIDAD EN LA PRESTACIÓN DE TECNOLOGÍAS EN SALUD Y OTROS ELEMENTOS COMPLEMENTARIOS PARA LA ATENCIÓN DEL USUARIO;010103;FALTA DE OPORTUNIDAD EN LA ATENCIÓN EN OTROS SERVICIOS DE SALUD;01010308;PROCEDIMIENTOS NO QUIRÚRGICOS;01010308001;IMAGENOLOGÍA;ENFERMEDADES OSTEOARTICULARES;ARTRITIS REUMATOIDEA;LUMBAGO NO ESPECIFICADO;No aplica;SIMPLE
38;2024;7;Web;17;17873;US- 000003973493;A nombre propio;MUJER;46;DE 38 A 49 AÑOS;No Aplica;Contributivo;No Aplica;No Aplica;17;17873;SURAMERICANA EPS;RÉGIMEN CONTRIBUTIVO;EPS010;EPS SURA;17;17001;01;"BARRERAS EN EL ACCESO A TECNOLOGÍAS Y SERVICIOS DE SALUD; Y OTROS ELEMENTOS COMPLEMENTARIOS PARA LA ATENCIÓN DEL USUARIO";0103;FALTA DE OPORTUNIDAD EN LA AUTORIZACIÓN DE TECNOLOGÍAS EN SALUD Y OTROS ELEMENTOS COMPLEMENTARIOS PARA LA ATENCIÓN DEL USUARIO;010304;FALTA DE OPORTUNIDAD EN LA AUTORIZACIÓN DE OTROS SERVICIOS DE SALUD;01030409;PROCEDIMIENTOS QUIRÚRGICOS;01030409003;OTROS PROCEDIMIENTOS QUIRÚRGICOS;ENFERMEDADES OSTEOARTICULARES;OTROS;OTRAS COXARTROSIS DISPLÁSICAS;No aplica;SIMPLE
39;2024;7;Web;85;85001;US- 000004066369;A nombre propio;MUJER;54;DE 50 A 62 AÑOS;No Aplica;Régimen Especial;No Aplica;Persona con discapacidad;85;85001;POLICIA NACIONAL;REGÍMENES DE EXCEPCIÓN Y ESPECIALES;REPN01;POLICIA NACIONAL;11;11001;01;"BARRERAS EN EL ACCESO A TECNOLOGÍAS Y SERVICIOS DE SALUD; Y OTROS ELEMENTOS COMPLEMENTARIOS PARA LA ATENCIÓN DEL USUARIO";0101;FALTA DE OPORTUNIDAD EN LA PRESTACIÓN DE TECNOLOGÍAS EN SALUD Y OTROS ELEMENTOS COMPLEMENTARIOS PARA LA ATENCIÓN DEL USUARIO;010105;FALTA DE OPORTUNIDAD EN EL PROCESO DE REFERENCIA Y CONTRARREFERENCIA;;;;;ENFERMEDADES CRÓNICAS NO TRANSMISIBLES –RENALES;IRC-ENFERMEDAD RENAL;HIPERTENSIÓN ESENCIAL (PRIMARIA);No aplica;PRIORIZADO
40;2024;7;Telefónico;11;11001;US- 000001984715;Cónyuge;HOMBRE;66;MAYOR DE 63 AÑOS ;Secundaria;Contributivo;No Aplica;No Aplica;11;11001;CAPITAL SALUD;RÉGIMEN SUBSIDIADO;EPSS34;CAPITAL SALUD;11;11001;01;"BARRERAS EN EL ACCESO A TECNOLOGÍAS Y SERVICIOS DE SALUD; Y OTROS ELEMENTOS COMPLEMENTARIOS PARA LA ATENCIÓN DEL USUARIO";0101;FALTA DE OPORTUNIDAD EN LA PRESTACIÓN DE TECNOLOGÍAS EN SALUD Y OTROS ELEMENTOS COMPLEMENTARIOS PARA LA ATENCIÓN DEL USUARIO;010101;FALTA DE OPORTUNIDAD EN LAS CITAS O CONSULTAS;01010101;MEDICINA GENERAL;;;ENFERMEDADES CRÓNICAS NO TRANSMISIBLES RESPIRATORIAS;EPOC (ENFERMEDAD PULMONAR OBSTRUCTIVA CRÓNICA, BRONQUITIS CRÓNICA O ENFISEMA);HIPERPLASIA DE LA PRÓSTATA;No aplica;SIMPLE
41;2024;7;Web;73;73001;US- 000001403450;A nombre propio;MUJER;33;DE 30 A 37 AÑOS;No Aplica;Contributivo;No Aplica;No Aplica;73;73001;NUEVA EPS;RÉGIMEN CONTRIBUTIVO;EPS037;NUEVA EPS;73;73001;01;"BARRERAS EN EL ACCESO A TECNOLOGÍAS Y SERVICIOS DE SALUD; Y OTROS ELEMENTOS COMPLEMENTARIOS PARA LA ATENCIÓN DEL USUARIO";0101;FALTA DE OPORTUNIDAD EN LA PRESTACIÓN DE TECNOLOGÍAS EN SALUD Y OTROS ELEMENTOS COMPLEMENTARIOS PARA LA ATENCIÓN DEL USUARIO;010101;FALTA DE OPORTUNIDAD EN LAS CITAS O CONSULTAS;01010103;ESPECIALIDADES MÉDICAS ;01010103083;PSIQUIATRÍA;SALUD MENTAL;OTROS TRASTORNOS MENTALES;TRASTORNO MIXTO DE ANSIEDAD Y DEPRESIÓN;No aplica;PRIORIZADO
42;2024;7;Web;05;05001;US- 000004066370;Hijo (A);MUJER;77;MAYOR DE 63 AÑOS ;No Aplica;Subsidiado;No Aplica;No Aplica;05;05315;SAVIA SALUD;RÉGIMEN SUBSIDIADO;EPSS40;SAVIA SALUD EPS;05;05315;01;"BARRERAS EN EL ACCESO A TECNOLOGÍAS Y SERVICIOS DE SALUD; Y OTROS ELEMENTOS COMPLEMENTARIOS PARA LA ATENCIÓN DEL USUARIO";0103;FALTA DE OPORTUNIDAD EN LA AUTORIZACIÓN DE TECNOLOGÍAS EN SALUD Y OTROS ELEMENTOS COMPLEMENTARIOS PARA LA ATENCIÓN DEL USUARIO;010301;FALTA DE OPORTUNIDAD EN LA AUTORIZACIÓN DE TECNOLOGÍAS EN SALUD Y/O DE OTROS SERVICIOS;01030101;MEDICAMENTOS UPC;;;ENFERMEDADES CRÓNICAS NO TRANSMISIBLES –DIABETES;DIABETES;HIPERTENSIÓN ESENCIAL (PRIMARIA);No aplica;SIMPLE
43;2024;7;Web;63;63001;US- 000004066371;Otro;MUJER;65;MAYOR DE 63 AÑOS ;No Aplica;Contributivo;No Aplica;No Aplica;63;63001;SANITAS;RÉGIMEN CONTRIBUTIVO;EPS005;SANITAS;63;63001;01;"BARRERAS EN EL ACCESO A TECNOLOGÍAS Y SERVICIOS DE SALUD; Y OTROS ELEMENTOS COMPLEMENTARIOS PARA LA ATENCIÓN DEL USUARIO";0101;FALTA DE OPORTUNIDAD EN LA PRESTACIÓN DE TECNOLOGÍAS EN SALUD Y OTROS ELEMENTOS COMPLEMENTARIOS PARA LA ATENCIÓN DEL USUARIO;010103;FALTA DE OPORTUNIDAD EN LA ATENCIÓN EN OTROS SERVICIOS DE SALUD;01010308;PROCEDIMIENTOS NO QUIRÚRGICOS;01010308001;IMAGENOLOGÍA;ENFERMEDADES CRÓNICAS NO TRASMISIBLES CARDIOVASCULARES;ACV (ACCIDENTE CEREBRO VASCULAR);ENFERMEDAD CEREBROVASCULAR, NO ESPECIFICADA;No aplica;PRIORIZADO
44;2024;7;Telefónico;05;05360;US- 000000265977;Hijo (A);MUJER;74;MAYOR DE 63 AÑOS ;Ninguno;Contributivo;No Aplica;No Aplica;66;66001;SURAMERICANA EPS;RÉGIMEN CONTRIBUTIVO;EPS010;EPS SURA;66;66001;01;"BARRERAS EN EL ACCESO A TECNOLOGÍAS Y SERVICIOS DE SALUD; Y OTROS ELEMENTOS COMPLEMENTARIOS PARA LA ATENCIÓN DEL USUARIO";0101;FALTA DE OPORTUNIDAD EN LA PRESTACIÓN DE TECNOLOGÍAS EN SALUD Y OTROS ELEMENTOS COMPLEMENTARIOS PARA LA ATENCIÓN DEL USUARIO;010104;FALTA DE OPORTUNIDAD EN LA ENTREGA O ENTREGA INCOMPLETA DE TECNOLOGÍAS EN SALUD Y/O PRESTACIÓN DE OTROS SERVICIOS;01010401;MEDICAMENTOS UPC;;;ENFERMEDADES CRÓNICAS NO TRANSMISIBLES –DIABETES;DIABETES;DIABETES MELLITUS INSULINODEPENDIENTE;No aplica;PRIORIZADO
45;2024;7;Web;25;25843;US- 000004066372;A nombre propio;MUJER;18;DE 18 A 24 AÑOS;No Aplica;Contributivo;No Aplica;No Aplica;25;25843;FAMISANAR;RÉGIMEN CONTRIBUTIVO;EPS017;FAMISANAR;25;25843;02;INSATISFACCIÓN RELACIONADA CON LA ATENCIÓN EN SALUD;0201;INSATISFACCIÓN RELACIONADA CON LA ATENCIÓN EN SALUD POR FALTA DE OPORTUNIDAD;020101;INSATISFACCIÓN POR FALTA DE OPORTUNIDAD EN LA ATENCIÓN POR PARTE DEL PERSONAL DE SALUD;02010104;SERVICIO DE URGENCIAS;;;ENFERMEDADES OSTEOARTICULARES;OTROS;TRASTORNOS INTERNO DE LA RODILLA, NO ESPECIFICADO;No aplica;SIMPLE
46;2024;7;Web;76;76001;US- 000004066373;A nombre propio;HOMBRE;55;DE 50 A 62 AÑOS;No Aplica;Contributivo;No Aplica;No Aplica;76;76001;SURAMERICANA EPS;RÉGIMEN CONTRIBUTIVO;EPS010;EPS SURA;76;76001;02;INSATISFACCIÓN RELACIONADA CON LA ATENCIÓN EN SALUD;0201;INSATISFACCIÓN RELACIONADA CON LA ATENCIÓN EN SALUD POR FALTA DE OPORTUNIDAD;020101;INSATISFACCIÓN POR FALTA DE OPORTUNIDAD EN LA ATENCIÓN POR PARTE DEL PERSONAL DE SALUD;02010106;SERVICIO HOSPITALARIO;;;ENFERMEDADES CRÓNICAS NO TRASMISIBLES CARDIOVASCULARES;ACV (ACCIDENTE CEREBRO VASCULAR);ENFERMEDAD CEREBROVASCULAR, NO ESPECIFICADA;No aplica;SIMPLE
47;2024;7;Web;70;70001;US- 000001397864;A nombre propio;MUJER;18;DE 18 A 24 AÑOS;No Aplica;Régimen Especial;No Aplica;Desplazado;70;70001;FUERZAS MILITARES;REGÍMENES DE EXCEPCIÓN Y ESPECIALES;REFM01;FUERZAS MILITARES;70;70215;01;"BARRERAS EN EL ACCESO A TECNOLOGÍAS Y SERVICIOS DE SALUD; Y OTROS ELEMENTOS COMPLEMENTARIOS PARA LA ATENCIÓN DEL USUARIO";0103;FALTA DE OPORTUNIDAD EN LA AUTORIZACIÓN DE TECNOLOGÍAS EN SALUD Y OTROS ELEMENTOS COMPLEMENTARIOS PARA LA ATENCIÓN DEL USUARIO;010301;FALTA DE OPORTUNIDAD EN LA AUTORIZACIÓN DE TECNOLOGÍAS EN SALUD Y/O DE OTROS SERVICIOS;01030108;TRANSPORTE, ALOJAMIENTO O ALIMENTACIÓN;;;PROBLEMAS RELACIONADOS CON FACILIDADES DE ATENCIÓN MÉDICA U OTROS SERVICIOS DE SALUD;PROBLEMAS RELACIONADOS CON FACILIDADES DE ATENCIÓN MÉDICA U OTROS SERVICIOS DE SALUD;ASTIGMATISMO;No aplica;SIMPLE
48;2024;7;Web;17;17001;US- 000003950362;A nombre propio;HOMBRE;58;DE 50 A 62 AÑOS;No Aplica;Subsidiado;No Aplica;No Aplica;17;17001;SALUD TOTAL;RÉGIMEN CONTRIBUTIVO;EPS002;SALUD TOTAL;17;17001;01;"BARRERAS EN EL ACCESO A TECNOLOGÍAS Y SERVICIOS DE SALUD; Y OTROS ELEMENTOS COMPLEMENTARIOS PARA LA ATENCIÓN DEL USUARIO";0101;FALTA DE OPORTUNIDAD EN LA PRESTACIÓN DE TECNOLOGÍAS EN SALUD Y OTROS ELEMENTOS COMPLEMENTARIOS PARA LA ATENCIÓN DEL USUARIO;010103;FALTA DE OPORTUNIDAD EN LA ATENCIÓN EN OTROS SERVICIOS DE SALUD;01010308;PROCEDIMIENTOS NO QUIRÚRGICOS;01010308002;LABORATORIO CLÍNICO Y ANATOMOPATOLÓGICO;PROBLEMAS RELACIONADOS CON FACILIDADES DE ATENCIÓN MÉDICA U OTROS SERVICIOS DE SALUD;PROBLEMAS RELACIONADOS CON FACILIDADES DE ATENCIÓN MÉDICA U OTROS SERVICIOS DE SALUD;BOCIO MULTINODULAR NO TOXICO;No aplica;PRIORIZADO
49;2024;7;Web;13;13001;US- 000000999564;A nombre propio;MUJER;83;MAYOR DE 63 AÑOS ;No Aplica;Régimen Especial;No Aplica;Persona con discapacidad;13;13001;MAGISTERIO;REGÍMENES DE EXCEPCIÓN Y ESPECIALES;REMG01;MAGISTERIO;13;13001;01;"BARRERAS EN EL ACCESO A TECNOLOGÍAS Y SERVICIOS DE SALUD; Y OTROS ELEMENTOS COMPLEMENTARIOS PARA LA ATENCIÓN DEL USUARIO";0101;FALTA DE OPORTUNIDAD EN LA PRESTACIÓN DE TECNOLOGÍAS EN SALUD Y OTROS ELEMENTOS COMPLEMENTARIOS PARA LA ATENCIÓN DEL USUARIO;010103;FALTA DE OPORTUNIDAD EN LA ATENCIÓN EN OTROS SERVICIOS DE SALUD;01010308;PROCEDIMIENTOS NO QUIRÚRGICOS;01010308001;IMAGENOLOGÍA;ENFERMEDADES CRÓNICAS NO TRASMISIBLES CARDIOVASCULARES;OTROS;ENFERMEDAD CARDIOVASCULAR, NO ESPECIFICADA;No aplica;SIMPLE
50;2024;7;Web;11;11001;US- 000004066374;Madre;HOMBRE;1;DE 0 A 5 AÑOS;No Aplica;Subsidiado;No Aplica;No Aplica;11;11001;CAPITAL SALUD;RÉGIMEN SUBSIDIADO;EPSS34;CAPITAL SALUD;11;11001;01;"BARRERAS EN EL ACCESO A TECNOLOGÍAS Y SERVICIOS DE SALUD; Y OTROS ELEMENTOS COMPLEMENTARIOS PARA LA ATENCIÓN DEL USUARIO";0101;FALTA DE OPORTUNIDAD EN LA PRESTACIÓN DE TECNOLOGÍAS EN SALUD Y OTROS ELEMENTOS COMPLEMENTARIOS PARA LA ATENCIÓN DEL USUARIO;010105;FALTA DE OPORTUNIDAD EN EL PROCESO DE REFERENCIA Y CONTRARREFERENCIA;;;;;MATERNO INFANTIL;ATENCIÓN NIÑOS MENORES DE 5 AÑOS;DEFORMIDAD CONGÉNITA DE LA COLUMNA VERTEBRAL;No aplica;PRIORIZADO
51;2024;7;Web;11;11001;US- 000002033303;Hijo (A);MUJER;86;MAYOR DE 63 AÑOS ;No Aplica;Régimen Especial;No Aplica;No Aplica;11;11001;POLICIA NACIONAL;REGÍMENES DE EXCEPCIÓN Y ESPECIALES;REPN01;POLICIA NACIONAL;11;11001;01;"BARRERAS EN EL ACCESO A TECNOLOGÍAS Y SERVICIOS DE SALUD; Y OTROS ELEMENTOS COMPLEMENTARIOS PARA LA ATENCIÓN DEL USUARIO";0102;NEGACIÓN DE TECNOLOGÍAS EN SALUD Y OTROS ELEMENTOS COMPLEMENTARIOS PARA LA ATENCIÓN DEL USUARIO;010201;NEGACIÓN EN LA ASIGNACIÓN DE CITAS O CONSULTAS;01020103;ESPECIALIDADES MÉDICAS ;01020103083;PSIQUIATRÍA;SALUD MENTAL;OTROS TRASTORNOS MENTALES;ENFERMEDAD DE ALZHEIMER;No aplica;PRIORIZADO
52;2024;7;Web;76;76001;US- 000004066375;A nombre propio;HOMBRE;76;MAYOR DE 63 AÑOS ;No Aplica;Subsidiado;No Aplica;No Aplica;76;76001;EMSSANAR EPS;RÉGIMEN SUBSIDIADO;ESS118;EMSSANAR;76;76001;01;"BARRERAS EN EL ACCESO A TECNOLOGÍAS Y SERVICIOS DE SALUD; Y OTROS ELEMENTOS COMPLEMENTARIOS PARA LA ATENCIÓN DEL USUARIO";0101;FALTA DE OPORTUNIDAD EN LA PRESTACIÓN DE TECNOLOGÍAS EN SALUD Y OTROS ELEMENTOS COMPLEMENTARIOS PARA LA ATENCIÓN DEL USUARIO;010105;FALTA DE OPORTUNIDAD EN EL PROCESO DE REFERENCIA Y CONTRARREFERENCIA;;;;;PROBLEMAS RELACIONADOS CON FACILIDADES DE ATENCIÓN MÉDICA U OTROS SERVICIOS DE SALUD;PROBLEMAS RELACIONADOS CON FACILIDADES DE ATENCIÓN MÉDICA U OTROS SERVICIOS DE SALUD;OTROS DOLORES ABDOMINALES Y LOS NO ESPECIFICADOS;No aplica;PRIORIZADO
53;2024;7;Web;11;11001;US- 000003779929;A nombre propio;HOMBRE;24;DE 18 A 24 AÑOS;No Aplica;Contributivo;No Aplica;No Aplica;11;11001;SALUD TOTAL;RÉGIMEN CONTRIBUTIVO;EPS002;SALUD TOTAL;11;11001;02;INSATISFACCIÓN RELACIONADA CON LA ATENCIÓN EN SALUD;0202;INSATISFACCIÓN RELACIONADA CON LA ATENCIÓN DEL PERSONAL EN SALUD;020201;INSATISFACCIÓN RELACIONADA CON LA ATENCIÓN DEL PERSONAL EN SALUD;02020104;INSUFICIENTE INFORMACIÓN SOBRE LA ATENCIÓN EN SALUD;;;PROBLEMAS RELACIONADOS CON FACILIDADES DE ATENCIÓN MÉDICA U OTROS SERVICIOS DE SALUD;PROBLEMAS RELACIONADOS CON FACILIDADES DE ATENCIÓN MÉDICA U OTROS SERVICIOS DE SALUD;MASA NO ESPECIFICADA EN LA MAMA;No aplica;SIMPLE
54;2024;7;Telefónico;05;05001;US- 000000591078;Otro;MUJER;80;MAYOR DE 63 AÑOS ;Primaria;Subsidiado;No Aplica;No Aplica;05;05001;SAVIA SALUD;RÉGIMEN SUBSIDIADO;EPSS40;SAVIA SALUD EPS;05;05001;01;"BARRERAS EN EL ACCESO A TECNOLOGÍAS Y SERVICIOS DE SALUD; Y OTROS ELEMENTOS COMPLEMENTARIOS PARA LA ATENCIÓN DEL USUARIO";0101;FALTA DE OPORTUNIDAD EN LA PRESTACIÓN DE TECNOLOGÍAS EN SALUD Y OTROS ELEMENTOS COMPLEMENTARIOS PARA LA ATENCIÓN DEL USUARIO;010104;FALTA DE OPORTUNIDAD EN LA ENTREGA O ENTREGA INCOMPLETA DE TECNOLOGÍAS EN SALUD Y/O PRESTACIÓN DE OTROS SERVICIOS;01010401;MEDICAMENTOS UPC;;;ENFERMEDADES CRÓNICAS NO TRASMISIBLES CARDIOVASCULARES;HTA (HIPERTENSIÓN ARTERIAL);POLIMIALGIA REUMÁTICA;No aplica;SIMPLE
55;2024;7;Web;15;15001;US- 000004066376;A nombre propio;MUJER;78;MAYOR DE 63 AÑOS ;No Aplica;Contributivo;No Aplica;No Aplica;15;15001;SANITAS;RÉGIMEN CONTRIBUTIVO;EPS005;SANITAS;15;15001;04;INSATISFACCIÓN DEL USUARIO CON EL PROCESO ADMINISTRATIVO;0404;INSATISFACCIÓN RELACIONADA CON TRÁMITES ADMINISTRATIVOS;040404;INCONSISTENCIA RELACIONADA CON COBROS Y/O APORTES;04040402;COBRO CUOTA MODERADORA;;;ENFERMEDADES HUÉRFANAS;OTROS;ARTRITIS REUMATOIDE SEROPOSITIVA, SIN OTRA ESPECIFICACIÓN;No aplica;SIMPLE
56;2024;7;Web;08;08001;US- 000003989075;A nombre propio;MUJER;27;DE 25 A 29 AÑOS;No Aplica;Contributivo;No Aplica;No Aplica;08;08001;SALUD TOTAL;RÉGIMEN CONTRIBUTIVO;EPS002;SALUD TOTAL;08;08001;04;INSATISFACCIÓN DEL USUARIO CON EL PROCESO ADMINISTRATIVO;0404;INSATISFACCIÓN RELACIONADA CON TRÁMITES ADMINISTRATIVOS;040403;INCONSISTENCIAS EN LA AFILIACIÓN;04040308;TRASLADO NO SOLICITADO POR EL USUARIO;;;PROBLEMAS RELACIONADOS CON FACILIDADES DE ATENCIÓN MÉDICA U OTROS SERVICIOS DE SALUD;PROBLEMAS RELACIONADOS CON FACILIDADES DE ATENCIÓN MÉDICA U OTROS SERVICIOS DE SALUD;DOLOR, NO ESPECIFICADO;No aplica;SIMPLE
57;2024;7;Web;66;66170;US- 000002957766;Nieto (A);HOMBRE;75;MAYOR DE 63 AÑOS ;No Aplica;Contributivo;No Aplica;No Aplica;66;66170;NUEVA EPS;RÉGIMEN CONTRIBUTIVO;EPS037;NUEVA EPS;66;66170;01;"BARRERAS EN EL ACCESO A TECNOLOGÍAS Y SERVICIOS DE SALUD; Y OTROS ELEMENTOS COMPLEMENTARIOS PARA LA ATENCIÓN DEL USUARIO";0101;FALTA DE OPORTUNIDAD EN LA PRESTACIÓN DE TECNOLOGÍAS EN SALUD Y OTROS ELEMENTOS COMPLEMENTARIOS PARA LA ATENCIÓN DEL USUARIO;010103;FALTA DE OPORTUNIDAD EN LA ATENCIÓN EN OTROS SERVICIOS DE SALUD;01010308;PROCEDIMIENTOS NO QUIRÚRGICOS;01010308006;OTROS PROCEDIMIENTOS NO QUIRÚRGICOS;ENFERMEDADES OSTEOARTICULARES;NEUROLÓGICAS;OTROS TIPOS DE ENFERMEDAD DE ALZHEIMER;No aplica;SIMPLE
58;2024;7;Web;19;19001;US- 000004064915;A nombre propio;MUJER;58;DE 50 A 62 AÑOS;No Aplica;Subsidiado;No Aplica;No Aplica;19;19001;ASMET SALUD EPS;RÉGIMEN SUBSIDIADO;ESS062;ASMET SALUD;19;19001;01;"BARRERAS EN EL ACCESO A TECNOLOGÍAS Y SERVICIOS DE SALUD; Y OTROS ELEMENTOS COMPLEMENTARIOS PARA LA ATENCIÓN DEL USUARIO";0102;NEGACIÓN DE TECNOLOGÍAS EN SALUD Y OTROS ELEMENTOS COMPLEMENTARIOS PARA LA ATENCIÓN DEL USUARIO;010204;NEGACIÓN PARA LA ENTREGA DE TECNOLOGÍAS EN SALUD Y/O DE OTROS SERVICIOS AUTORIZADOS;01020401;MEDICAMENTOS UPC;;;ENFERMEDADES CRÓNICAS NO TRASMISIBLES CARDIOVASCULARES;HTA (HIPERTENSIÓN ARTERIAL);HIPERLIPIDEMIA NO ESPECIFICADA;No aplica;SIMPLE
59;2024;7;Telefónico;17;17001;US- 000002026403;A nombre propio;MUJER;66;MAYOR DE 63 AÑOS ;Secundaria;Contributivo;No Aplica;No Aplica;17;17001;SANITAS;RÉGIMEN CONTRIBUTIVO;EPS005;SANITAS;17;17001;01;"BARRERAS EN EL ACCESO A TECNOLOGÍAS Y SERVICIOS DE SALUD; Y OTROS ELEMENTOS COMPLEMENTARIOS PARA LA ATENCIÓN DEL USUARIO";0101;FALTA DE OPORTUNIDAD EN LA PRESTACIÓN DE TECNOLOGÍAS EN SALUD Y OTROS ELEMENTOS COMPLEMENTARIOS PARA LA ATENCIÓN DEL USUARIO;010103;FALTA DE OPORTUNIDAD EN LA ATENCIÓN EN OTROS SERVICIOS DE SALUD;01010308;PROCEDIMIENTOS NO QUIRÚRGICOS;01010308006;OTROS PROCEDIMIENTOS NO QUIRÚRGICOS;PROBLEMAS RELACIONADOS CON FACILIDADES DE ATENCIÓN MÉDICA U OTROS SERVICIOS DE SALUD;PROBLEMAS RELACIONADOS CON FACILIDADES DE ATENCIÓN MÉDICA U OTROS SERVICIOS DE SALUD;TUMOR DE COMPORTAMIENTO INCIERTO O DESCONOCIDO DE LAS MENINGES CEREBRALES;No aplica;SIMPLE
60;2024;7;Chat;25;25307;US- 000004066377;Madre;MUJER;14;DE 13 A 17 AÑOS;Secundaria Incompleta;Contributivo;No Aplica;No Aplica;25;25307;FAMISANAR;RÉGIMEN CONTRIBUTIVO;EPS017;FAMISANAR;25;25307;01;"BARRERAS EN EL ACCESO A TECNOLOGÍAS Y SERVICIOS DE SALUD; Y OTROS ELEMENTOS COMPLEMENTARIOS PARA LA ATENCIÓN DEL USUARIO";0101;FALTA DE OPORTUNIDAD EN LA PRESTACIÓN DE TECNOLOGÍAS EN SALUD Y OTROS ELEMENTOS COMPLEMENTARIOS PARA LA ATENCIÓN DEL USUARIO;010105;FALTA DE OPORTUNIDAD EN EL PROCESO DE REFERENCIA Y CONTRARREFERENCIA;;;;;ENFERMEDAD TRANSMITIDA POR VECTORES;MALARIA, DENGUE;FIEBRE DEL DENGUE [DENGUE CLÁSICO];No aplica;PRIORIZADO
61;2024;7;Telefónico;50;50313;US- 000001055603;Hijo (A);MUJER;64;MAYOR DE 63 AÑOS ;Secundaria;Contributivo;No Aplica;No Aplica;50;50313;NUEVA EPS;RÉGIMEN CONTRIBUTIVO;EPS037;NUEVA EPS;50;50313;01;"BARRERAS EN EL ACCESO A TECNOLOGÍAS Y SERVICIOS DE SALUD; Y OTROS ELEMENTOS COMPLEMENTARIOS PARA LA ATENCIÓN DEL USUARIO";0101;FALTA DE OPORTUNIDAD EN LA PRESTACIÓN DE TECNOLOGÍAS EN SALUD Y OTROS ELEMENTOS COMPLEMENTARIOS PARA LA ATENCIÓN DEL USUARIO;010101;FALTA DE OPORTUNIDAD EN LAS CITAS O CONSULTAS;01010103;ESPECIALIDADES MÉDICAS ;01010103002;ANESTESIOLOGÍA;PROBLEMAS RELACIONADOS CON FACILIDADES DE ATENCIÓN MÉDICA U OTROS SERVICIOS DE SALUD;PROBLEMAS RELACIONADOS CON FACILIDADES DE ATENCIÓN MÉDICA U OTROS SERVICIOS DE SALUD;CALCULO DE CONDUCTO BILIAR SIN COLANGITIS NI COLECISTITIS;No aplica;PRIORIZADO
62;2024;7;Web;05;05001;US- 000002171537;A nombre propio;MUJER;45;DE 38 A 49 AÑOS;No Aplica;Contributivo;No Aplica;No Aplica;05;05001;SURAMERICANA EPS;RÉGIMEN CONTRIBUTIVO;EPS010;EPS SURA;05;05001;01;"BARRERAS EN EL ACCESO A TECNOLOGÍAS Y SERVICIOS DE SALUD; Y OTROS ELEMENTOS COMPLEMENTARIOS PARA LA ATENCIÓN DEL USUARIO";0102;NEGACIÓN DE TECNOLOGÍAS EN SALUD Y OTROS ELEMENTOS COMPLEMENTARIOS PARA LA ATENCIÓN DEL USUARIO;010201;NEGACIÓN EN LA ASIGNACIÓN DE CITAS O CONSULTAS;01020103;ESPECIALIDADES MÉDICAS ;01020103063;MEDICINA INTERNA;ENFERMEDADES CRÓNICAS NO TRASMISIBLES CARDIOVASCULARES;OTROS;DEFECTO DEL TABIQUE AURICULAR;No aplica;PRIORIZADO
63;2024;7;Web;76;76001;US- 000004066378;A nombre propio;MUJER;44;DE 38 A 49 AÑOS;No Aplica;PPNA;No Aplica;No Aplica;76;76001;SECRETARÍA DISTRITAL DE SALUD DE SANTIAGO DE CALI;ENTIDADES TERRITORIALES;999998;SECRETARIA DISTRITAL DE SALUD DE SANTIAGO DE CALI;76;76001;04;INSATISFACCIÓN DEL USUARIO CON EL PROCESO ADMINISTRATIVO;0404;INSATISFACCIÓN RELACIONADA CON TRÁMITES ADMINISTRATIVOS;040401;RESTRICCIÓN EN LA LIBRE ESCOGENCIA;04040101;EPS;;;PROBLEMAS RELACIONADOS CON FACILIDADES DE ATENCIÓN MÉDICA U OTROS SERVICIOS DE SALUD;PROBLEMAS RELACIONADOS CON FACILIDADES DE ATENCIÓN MÉDICA U OTROS SERVICIOS DE SALUD;OTROS PROBLEMAS RELACIONADOS CON SERVICIOS MÉDICOS Y DE SALUD;No aplica;SIMPLE
64;2024;7;Telefónico;76;76001;US- 000003505739;A nombre propio;HOMBRE;32;DE 30 A 37 AÑOS;Universitario Incompleto;Contributivo;No Aplica;No Aplica;76;76001;SANITAS;RÉGIMEN CONTRIBUTIVO;EPS005;SANITAS;76;76001;01;"BARRERAS EN EL ACCESO A TECNOLOGÍAS Y SERVICIOS DE SALUD; Y OTROS ELEMENTOS COMPLEMENTARIOS PARA LA ATENCIÓN DEL USUARIO";0101;FALTA DE OPORTUNIDAD EN LA PRESTACIÓN DE TECNOLOGÍAS EN SALUD Y OTROS ELEMENTOS COMPLEMENTARIOS PARA LA ATENCIÓN DEL USUARIO;010103;FALTA DE OPORTUNIDAD EN LA ATENCIÓN EN OTROS SERVICIOS DE SALUD;01010301;URGENCIAS;;;PROBLEMAS RELACIONADOS CON FACILIDADES DE ATENCIÓN MÉDICA U OTROS SERVICIOS DE SALUD;PROBLEMAS RELACIONADOS CON FACILIDADES DE ATENCIÓN MÉDICA U OTROS SERVICIOS DE SALUD;INFECCIÓN AGUDA NO ESPECIFICADA DE LAS VÍAS RESPIRATORIAS INFERIORES;No aplica;PRIORIZADO
65;2024;7;Telefónico;70;70678;US- 000004066379;A nombre propio;MUJER;40;DE 38 A 49 AÑOS;Secundaria;Subsidiado;No Aplica;No Aplica;70;70678;COOSALUD;RÉGIMEN SUBSIDIADO;ESS024;COOSALUD;70;70678;01;"BARRERAS EN EL ACCESO A TECNOLOGÍAS Y SERVICIOS DE SALUD; Y OTROS ELEMENTOS COMPLEMENTARIOS PARA LA ATENCIÓN DEL USUARIO";0101;FALTA DE OPORTUNIDAD EN LA PRESTACIÓN DE TECNOLOGÍAS EN SALUD Y OTROS ELEMENTOS COMPLEMENTARIOS PARA LA ATENCIÓN DEL USUARIO;010105;FALTA DE OPORTUNIDAD EN EL PROCESO DE REFERENCIA Y CONTRARREFERENCIA;;;;;PROBLEMAS RELACIONADOS CON FACILIDADES DE ATENCIÓN MÉDICA U OTROS SERVICIOS DE SALUD;PROBLEMAS RELACIONADOS CON FACILIDADES DE ATENCIÓN MÉDICA U OTROS SERVICIOS DE SALUD;OTRAS ANORMALIDADES FECALES;No aplica;PRIORIZADO
66;2024;7;Web;11;11001;US- 000004066380;A nombre propio;MUJER;79;MAYOR DE 63 AÑOS ;No Aplica;Subsidiado;No Aplica;No Aplica;11;11001;CAPITAL SALUD;RÉGIMEN SUBSIDIADO;EPSS34;CAPITAL SALUD;11;11001;01;"BARRERAS EN EL ACCESO A TECNOLOGÍAS Y SERVICIOS DE SALUD; Y OTROS ELEMENTOS COMPLEMENTARIOS PARA LA ATENCIÓN DEL USUARIO";0101;FALTA DE OPORTUNIDAD EN LA PRESTACIÓN DE TECNOLOGÍAS EN SALUD Y OTROS ELEMENTOS COMPLEMENTARIOS PARA LA ATENCIÓN DEL USUARIO;010103;FALTA DE OPORTUNIDAD EN LA ATENCIÓN EN OTROS SERVICIOS DE SALUD;01010309;PROCEDIMIENTOS QUIRÚRGICOS;01010309003;OTROS PROCEDIMIENTOS QUIRÚRGICOS;CÁNCER ;OTROS;EXAMEN DE PESQUISA ESPECIAL PARA OTRAS ENFERMEDADES Y TRASTORNOS ESPECIFICADOS;No aplica;PRIORIZADO
67;2024;7;Web;54;54498;US- 000004066381;A nombre propio;MUJER;91;MAYOR DE 63 AÑOS ;No Aplica;Subsidiado;No Aplica;No Aplica;54;54498;SANITAS;RÉGIMEN CONTRIBUTIVO;EPS005;SANITAS;54;54498;01;"BARRERAS EN EL ACCESO A TECNOLOGÍAS Y SERVICIOS DE SALUD; Y OTROS ELEMENTOS COMPLEMENTARIOS PARA LA ATENCIÓN DEL USUARIO";0103;FALTA DE OPORTUNIDAD EN LA AUTORIZACIÓN DE TECNOLOGÍAS EN SALUD Y OTROS ELEMENTOS COMPLEMENTARIOS PARA LA ATENCIÓN DEL USUARIO;010301;FALTA DE OPORTUNIDAD EN LA AUTORIZACIÓN DE TECNOLOGÍAS EN SALUD Y/O DE OTROS SERVICIOS;01030101;MEDICAMENTOS UPC;;;PROBLEMAS RELACIONADOS CON FACILIDADES DE ATENCIÓN MÉDICA U OTROS SERVICIOS DE SALUD;PROBLEMAS RELACIONADOS CON FACILIDADES DE ATENCIÓN MÉDICA U OTROS SERVICIOS DE SALUD;PROBLEMAS RELACIONADOS CON FACILIDADES DE ATENCIÓN MEDICA U OTROS SERVICIOS DE SALUD;No aplica;SIMPLE
68;2024;7;Web;05;05607;US- 000003996827;Hijo (A);HOMBRE;70;MAYOR DE 63 AÑOS ;No Aplica;Contributivo;No Aplica;No Aplica;05;05607;NUEVA EPS;RÉGIMEN CONTRIBUTIVO;EPS037;NUEVA EPS;05;05607;01;"BARRERAS EN EL ACCESO A TECNOLOGÍAS Y SERVICIOS DE SALUD; Y OTROS ELEMENTOS COMPLEMENTARIOS PARA LA ATENCIÓN DEL USUARIO";0101;FALTA DE OPORTUNIDAD EN LA PRESTACIÓN DE TECNOLOGÍAS EN SALUD Y OTROS ELEMENTOS COMPLEMENTARIOS PARA LA ATENCIÓN DEL USUARIO;010103;FALTA DE OPORTUNIDAD EN LA ATENCIÓN EN OTROS SERVICIOS DE SALUD;01010302;HOSPITALIZACIÓN;;;ENFERMEDADES CRÓNICAS NO TRASMISIBLES CARDIOVASCULARES;HTA (HIPERTENSIÓN ARTERIAL);ENFERMEDAD CARDIACA HIPERTENSIVA;Manejo de pacientes en Unidades de cuidados intensivos;PRIORIZADO
69;2024;7;Telefónico;41;41020;US- 000004066382;Otro;MUJER;73;MAYOR DE 63 AÑOS ;Primaria;Subsidiado;No Aplica;No Aplica;41;41020;NUEVA EPS;RÉGIMEN SUBSIDIADO;EPSS41;NUEVA EPS;41;41020;01;"BARRERAS EN EL ACCESO A TECNOLOGÍAS Y SERVICIOS DE SALUD; Y OTROS ELEMENTOS COMPLEMENTARIOS PARA LA ATENCIÓN DEL USUARIO";0103;FALTA DE OPORTUNIDAD EN LA AUTORIZACIÓN DE TECNOLOGÍAS EN SALUD Y OTROS ELEMENTOS COMPLEMENTARIOS PARA LA ATENCIÓN DEL USUARIO;010304;FALTA DE OPORTUNIDAD EN LA AUTORIZACIÓN DE OTROS SERVICIOS DE SALUD;01030402;HOSPITALIZACIÓN;;;PROBLEMAS RELACIONADOS CON FACILIDADES DE ATENCIÓN MÉDICA U OTROS SERVICIOS DE SALUD;PROBLEMAS RELACIONADOS CON FACILIDADES DE ATENCIÓN MÉDICA U OTROS SERVICIOS DE SALUD;CALCULO URINARIO, NO ESPECIFICADO;No aplica;PRIORIZADO
70;2024;7;Web;05;05697;US- 000004066383;A nombre propio;MUJER;42;DE 38 A 49 AÑOS;No Aplica;Contributivo;No Aplica;No Aplica;05;05697;SURAMERICANA EPS;RÉGIMEN CONTRIBUTIVO;EPS010;EPS SURA;05;05697;01;"BARRERAS EN EL ACCESO A TECNOLOGÍAS Y SERVICIOS DE SALUD; Y OTROS ELEMENTOS COMPLEMENTARIOS PARA LA ATENCIÓN DEL USUARIO";0101;FALTA DE OPORTUNIDAD EN LA PRESTACIÓN DE TECNOLOGÍAS EN SALUD Y OTROS ELEMENTOS COMPLEMENTARIOS PARA LA ATENCIÓN DEL USUARIO;010101;FALTA DE OPORTUNIDAD EN LAS CITAS O CONSULTAS;01010104;ESPECIALIDADES ODONTOLÓGICAS;01010104001;CIRUGÍA MAXILOFACIAL;SALUD ORAL;SALUD ORAL;QUISTE RADICULAR;No aplica;SIMPLE
71;2024;7;Web;19;19001;US- 000004020688;A nombre propio;MUJER;18;DE 18 A 24 AÑOS;No Aplica;Contributivo;No Aplica;No Aplica;19;19001;NUEVA EPS;RÉGIMEN CONTRIBUTIVO;EPS037;NUEVA EPS;19;19001;01;"BARRERAS EN EL ACCESO A TECNOLOGÍAS Y SERVICIOS DE SALUD; Y OTROS ELEMENTOS COMPLEMENTARIOS PARA LA ATENCIÓN DEL USUARIO";0103;FALTA DE OPORTUNIDAD EN LA AUTORIZACIÓN DE TECNOLOGÍAS EN SALUD Y OTROS ELEMENTOS COMPLEMENTARIOS PARA LA ATENCIÓN DEL USUARIO;010304;FALTA DE OPORTUNIDAD EN LA AUTORIZACIÓN DE OTROS SERVICIOS DE SALUD;01030408;PROCEDIMIENTOS NO QUIRÚRGICOS;01030408001;IMAGENOLOGÍA;PROBLEMAS RELACIONADOS CON FACILIDADES DE ATENCIÓN MÉDICA U OTROS SERVICIOS DE SALUD;PROBLEMAS RELACIONADOS CON FACILIDADES DE ATENCIÓN MÉDICA U OTROS SERVICIOS DE SALUD;DOLOR PÉLVICO Y PERINEAL;No aplica;SIMPLE
72;2024;7;Web;76;76001;US- 000001956371;A nombre propio;HOMBRE;73;MAYOR DE 63 AÑOS ;No Aplica;Contributivo;No Aplica;No Aplica;76;76001;SALUD TOTAL;RÉGIMEN CONTRIBUTIVO;EPS002;SALUD TOTAL;76;76001;01;"BARRERAS EN EL ACCESO A TECNOLOGÍAS Y SERVICIOS DE SALUD; Y OTROS ELEMENTOS COMPLEMENTARIOS PARA LA ATENCIÓN DEL USUARIO";0101;FALTA DE OPORTUNIDAD EN LA PRESTACIÓN DE TECNOLOGÍAS EN SALUD Y OTROS ELEMENTOS COMPLEMENTARIOS PARA LA ATENCIÓN DEL USUARIO;010101;FALTA DE OPORTUNIDAD EN LAS CITAS O CONSULTAS;01010103;ESPECIALIDADES MÉDICAS ;01010103069;NEUMOLOGÍA;ENFERMEDADES HUÉRFANAS;FIBROSIS PULMONAR IDIOPÁTICA;OTRAS ENFERMEDADES PULMONARES INTERSTICIALES CON FIBROSIS;No aplica;PRIORIZADO
73;2024;7;Web;11;11001;US- 000003511760;A nombre propio;HOMBRE;39;DE 38 A 49 AÑOS;No Aplica;Contributivo;No Aplica;No Aplica;11;11001;COMPENSAR;RÉGIMEN CONTRIBUTIVO;EPS008;COMPENSAR;11;11001;04;INSATISFACCIÓN DEL USUARIO CON EL PROCESO ADMINISTRATIVO;0404;INSATISFACCIÓN RELACIONADA CON TRÁMITES ADMINISTRATIVOS;040404;INCONSISTENCIA RELACIONADA CON COBROS Y/O APORTES;04040402;COBRO CUOTA MODERADORA;;;PROBLEMAS RELACIONADOS CON FACILIDADES DE ATENCIÓN MÉDICA U OTROS SERVICIOS DE SALUD;PROBLEMAS RELACIONADOS CON FACILIDADES DE ATENCIÓN MÉDICA U OTROS SERVICIOS DE SALUD;OTROS PROBLEMAS RELACIONADOS CON SERVICIOS MÉDICOS Y DE SALUD;No aplica;SIMPLE
74;2024;7;Web;11;11001;US- 000004066384;A nombre propio;MUJER;48;DE 38 A 49 AÑOS;No Aplica;Contributivo;No Aplica;No Aplica;11;11001;ALIANSALUD;RÉGIMEN CONTRIBUTIVO;EPS001;ALIANSALUD;11;11001;01;"BARRERAS EN EL ACCESO A TECNOLOGÍAS Y SERVICIOS DE SALUD; Y OTROS ELEMENTOS COMPLEMENTARIOS PARA LA ATENCIÓN DEL USUARIO";0102;NEGACIÓN DE TECNOLOGÍAS EN SALUD Y OTROS ELEMENTOS COMPLEMENTARIOS PARA LA ATENCIÓN DEL USUARIO;010204;NEGACIÓN PARA LA ENTREGA DE TECNOLOGÍAS EN SALUD Y/O DE OTROS SERVICIOS AUTORIZADOS;01020401;MEDICAMENTOS UPC;;;PROBLEMAS RELACIONADOS CON FACILIDADES DE ATENCIÓN MÉDICA U OTROS SERVICIOS DE SALUD;PROBLEMAS RELACIONADOS CON FACILIDADES DE ATENCIÓN MÉDICA U OTROS SERVICIOS DE SALUD;HIPERLIPIDEMIA NO ESPECIFICADA;No aplica;SIMPLE
75;2024;7;Telefónico;05;05667;US- 000003994960;Cónyuge;HOMBRE;40;DE 38 A 49 AÑOS;Primaria;Subsidiado;No Aplica;No Aplica;05;05667;SAVIA SALUD;RÉGIMEN SUBSIDIADO;EPSS40;SAVIA SALUD EPS;05;05667;01;"BARRERAS EN EL ACCESO A TECNOLOGÍAS Y SERVICIOS DE SALUD; Y OTROS ELEMENTOS COMPLEMENTARIOS PARA LA ATENCIÓN DEL USUARIO";0101;FALTA DE OPORTUNIDAD EN LA PRESTACIÓN DE TECNOLOGÍAS EN SALUD Y OTROS ELEMENTOS COMPLEMENTARIOS PARA LA ATENCIÓN DEL USUARIO;010101;FALTA DE OPORTUNIDAD EN LAS CITAS O CONSULTAS;01010103;ESPECIALIDADES MÉDICAS ;01010103078;ORTOPEDIA Y TRAUMATOLOGÍA;ENFERMEDADES OSTEOARTICULARES;OTROS;LESIONES DEL HOMBRO;No aplica;SIMPLE
76;2024;7;Web;11;11001;US- 000000501372;Madre;MUJER;10;DE 6 A 12 AÑOS;No Aplica;Contributivo;No Aplica;No Aplica;11;11001;FAMISANAR;RÉGIMEN CONTRIBUTIVO;EPS017;FAMISANAR;11;11001;01;"BARRERAS EN EL ACCESO A TECNOLOGÍAS Y SERVICIOS DE SALUD; Y OTROS ELEMENTOS COMPLEMENTARIOS PARA LA ATENCIÓN DEL USUARIO";0102;NEGACIÓN DE TECNOLOGÍAS EN SALUD Y OTROS ELEMENTOS COMPLEMENTARIOS PARA LA ATENCIÓN DEL USUARIO;010203;NEGACIÓN EN LA ATENCIÓN EN OTROS SERVICIOS DE SALUD;01020308;PROCEDIMIENTOS NO QUIRÚRGICOS;01020308001;IMAGENOLOGÍA;ENFERMEDADES OSTEOARTICULARES;OTROS;FRACTURA DE LA DIÁFISIS DE LA TIBIA;No aplica;SIMPLE
77;2024;7;Web;11;11001;US- 000004066385;A nombre propio;MUJER;64;MAYOR DE 63 AÑOS ;No Aplica;Contributivo;No Aplica;No Aplica;11;11001;FAMISANAR;RÉGIMEN CONTRIBUTIVO;EPS017;FAMISANAR;11;11001;01;"BARRERAS EN EL ACCESO A TECNOLOGÍAS Y SERVICIOS DE SALUD; Y OTROS ELEMENTOS COMPLEMENTARIOS PARA LA ATENCIÓN DEL USUARIO";0101;FALTA DE OPORTUNIDAD EN LA PRESTACIÓN DE TECNOLOGÍAS EN SALUD Y OTROS ELEMENTOS COMPLEMENTARIOS PARA LA ATENCIÓN DEL USUARIO;010101;FALTA DE OPORTUNIDAD EN LAS CITAS O CONSULTAS;01010103;ESPECIALIDADES MÉDICAS ;01010103074;OCULOPLASTIA;ENFERMEDADES HUÉRFANAS;ENFERMEDAD DE VON WILLEBRAND;ENFERMEDAD DE VON WILLEBRAND;No aplica;PRIORIZADO
78;2024;7;Chat;76;76001;US- 000003222183;Otro;HOMBRE;77;MAYOR DE 63 AÑOS ;Secundaria;Régimen Especial;No Aplica;No Aplica;76;76001;POLICIA NACIONAL;REGÍMENES DE EXCEPCIÓN Y ESPECIALES;REPN01;POLICIA NACIONAL;76;76001;01;"BARRERAS EN EL ACCESO A TECNOLOGÍAS Y SERVICIOS DE SALUD; Y OTROS ELEMENTOS COMPLEMENTARIOS PARA LA ATENCIÓN DEL USUARIO";0101;FALTA DE OPORTUNIDAD EN LA PRESTACIÓN DE TECNOLOGÍAS EN SALUD Y OTROS ELEMENTOS COMPLEMENTARIOS PARA LA ATENCIÓN DEL USUARIO;010101;FALTA DE OPORTUNIDAD EN LAS CITAS O CONSULTAS;01010103;ESPECIALIDADES MÉDICAS ;01010103076;ONCOLOGÍA;CÁNCER ;OTROS;TUMOR MALIGNO DEL ESTOMAGO, PARTE NO ESPECIFICADA;Quimioterapia y radioterapia para el cáncer;PRIORIZADO
79;2024;7;Telefónico;11;11001;US- 000001650329;A nombre propio;MUJER;44;DE 38 A 49 AÑOS;Secundaria;Contributivo;No Aplica;No Aplica;11;11001;COMPENSAR;RÉGIMEN CONTRIBUTIVO;EPS008;COMPENSAR;11;11001;01;"BARRERAS EN EL ACCESO A TECNOLOGÍAS Y SERVICIOS DE SALUD; Y OTROS ELEMENTOS COMPLEMENTARIOS PARA LA ATENCIÓN DEL USUARIO";0102;NEGACIÓN DE TECNOLOGÍAS EN SALUD Y OTROS ELEMENTOS COMPLEMENTARIOS PARA LA ATENCIÓN DEL USUARIO;010204;NEGACIÓN PARA LA ENTREGA DE TECNOLOGÍAS EN SALUD Y/O DE OTROS SERVICIOS AUTORIZADOS;01020401;MEDICAMENTOS UPC;;;CÁNCER ;OTROS;TUMOR MALIGNO DE LA GLÁNDULA TIROIDES;No aplica;PRIORIZADO
80;2024;7;Web;25;25473;US- 000002560901;A nombre propio;MUJER;48;DE 38 A 49 AÑOS;No Aplica;Contributivo;No Aplica;No Aplica;25;25473;COMPENSAR;RÉGIMEN CONTRIBUTIVO;EPS008;COMPENSAR;25;25473;01;"BARRERAS EN EL ACCESO A TECNOLOGÍAS Y SERVICIOS DE SALUD; Y OTROS ELEMENTOS COMPLEMENTARIOS PARA LA ATENCIÓN DEL USUARIO";0101;FALTA DE OPORTUNIDAD EN LA PRESTACIÓN DE TECNOLOGÍAS EN SALUD Y OTROS ELEMENTOS COMPLEMENTARIOS PARA LA ATENCIÓN DEL USUARIO;010101;FALTA DE OPORTUNIDAD EN LAS CITAS O CONSULTAS;01010101;MEDICINA GENERAL;;;ENFERMEDAD CRÓNICA TRANSMISIBLE;TBC;TUBERCULOSIS RESPIRATORIA, NO CONFIRMADA BACTERIOLÓGICA E HISTOLÓGICAMENTE;No aplica;PRIORIZADO
81;2024;7;Web;15;15087;US- 000004066386;A nombre propio;MUJER;45;DE 38 A 49 AÑOS;No Aplica;Contributivo;No Aplica;No Aplica;15;15087;NUEVA EPS;RÉGIMEN CONTRIBUTIVO;EPS037;NUEVA EPS;15;15759;01;"BARRERAS EN EL ACCESO A TECNOLOGÍAS Y SERVICIOS DE SALUD; Y OTROS ELEMENTOS COMPLEMENTARIOS PARA LA ATENCIÓN DEL USUARIO";0101;FALTA DE OPORTUNIDAD EN LA PRESTACIÓN DE TECNOLOGÍAS EN SALUD Y OTROS ELEMENTOS COMPLEMENTARIOS PARA LA ATENCIÓN DEL USUARIO;010101;FALTA DE OPORTUNIDAD EN LAS CITAS O CONSULTAS;01010103;ESPECIALIDADES MÉDICAS ;01010103002;ANESTESIOLOGÍA;PROBLEMAS RELACIONADOS CON FACILIDADES DE ATENCIÓN MÉDICA U OTROS SERVICIOS DE SALUD;PROBLEMAS RELACIONADOS CON FACILIDADES DE ATENCIÓN MÉDICA U OTROS SERVICIOS DE SALUD;OTROS PROBLEMAS RELACIONADOS CON SERVICIOS MÉDICOS Y DE SALUD;No aplica;SIMPLE
82;2024;7;Web;66;66001;US- 000002756901;A nombre propio;HOMBRE;61;DE 50 A 62 AÑOS;No Aplica;Contributivo;No Aplica;No Aplica;66;66001;SANITAS;RÉGIMEN CONTRIBUTIVO;EPS005;SANITAS;66;66001;01;"BARRERAS EN EL ACCESO A TECNOLOGÍAS Y SERVICIOS DE SALUD; Y OTROS ELEMENTOS COMPLEMENTARIOS PARA LA ATENCIÓN DEL USUARIO";0102;NEGACIÓN DE TECNOLOGÍAS EN SALUD Y OTROS ELEMENTOS COMPLEMENTARIOS PARA LA ATENCIÓN DEL USUARIO;010201;NEGACIÓN EN LA ASIGNACIÓN DE CITAS O CONSULTAS;01020103;ESPECIALIDADES MÉDICAS ;01020103048;HEMATOLOGÍA;ENFERMEDADES CRÓNICAS NO TRASMISIBLES CARDIOVASCULARES;OTROS;OTRAS EMBOLIAS Y TROMBOSIS VENOSAS;No aplica;PRIORIZADO
83;2024;7;Telefónico;73;73443;US- 000004066387;Hermano (A);MUJER;53;DE 50 A 62 AÑOS;Primaria;Subsidiado;No Aplica;No Aplica;17;17662;COOSALUD;RÉGIMEN SUBSIDIADO;ESS024;COOSALUD;17;17662;01;"BARRERAS EN EL ACCESO A TECNOLOGÍAS Y SERVICIOS DE SALUD; Y OTROS ELEMENTOS COMPLEMENTARIOS PARA LA ATENCIÓN DEL USUARIO";0101;FALTA DE OPORTUNIDAD EN LA PRESTACIÓN DE TECNOLOGÍAS EN SALUD Y OTROS ELEMENTOS COMPLEMENTARIOS PARA LA ATENCIÓN DEL USUARIO;010105;FALTA DE OPORTUNIDAD EN EL PROCESO DE REFERENCIA Y CONTRARREFERENCIA;;;;;PROBLEMAS RELACIONADOS CON FACILIDADES DE ATENCIÓN MÉDICA U OTROS SERVICIOS DE SALUD;PROBLEMAS RELACIONADOS CON FACILIDADES DE ATENCIÓN MÉDICA U OTROS SERVICIOS DE SALUD;CALCULO URINARIO, NO ESPECIFICADO;No aplica;PRIORIZADO
84;2024;7;Web;05;05001;US- 000003878022;A nombre propio;HOMBRE;17;DE 13 A 17 AÑOS;No Aplica;Contributivo;Afrocolombiano o Afrodescendiente;No Aplica;05;05001;SANITAS;RÉGIMEN CONTRIBUTIVO;EPS005;SANITAS;05;05001;01;"BARRERAS EN EL ACCESO A TECNOLOGÍAS Y SERVICIOS DE SALUD; Y OTROS ELEMENTOS COMPLEMENTARIOS PARA LA ATENCIÓN DEL USUARIO";0102;NEGACIÓN DE TECNOLOGÍAS EN SALUD Y OTROS ELEMENTOS COMPLEMENTARIOS PARA LA ATENCIÓN DEL USUARIO;010203;NEGACIÓN EN LA ATENCIÓN EN OTROS SERVICIOS DE SALUD;01020308;PROCEDIMIENTOS NO QUIRÚRGICOS;01020308001;IMAGENOLOGÍA;ENFERMEDADES OSTEOARTICULARES;OTROS;TRASTORNO DE DISCO LUMBAR Y OTROS, CON RADICULOPATÍA;No aplica;SIMPLE
85;2024;7;Web;41;41001;US- 000002925644;A nombre propio;HOMBRE;44;DE 38 A 49 AÑOS;No Aplica;Contributivo;No Aplica;No Aplica;41;41001;SANITAS;RÉGIMEN CONTRIBUTIVO;EPS005;SANITAS;41;41001;04;INSATISFACCIÓN DEL USUARIO CON EL PROCESO ADMINISTRATIVO;0404;INSATISFACCIÓN RELACIONADA CON TRÁMITES ADMINISTRATIVOS;040401;RESTRICCIÓN EN LA LIBRE ESCOGENCIA;04040102;PRESTADOR DE SERVICIO DE SALUD;;;ENFERMEDADES OSTEOARTICULARES;NEUROLÓGICAS;OTRAS CONVULSIONES Y LAS NO ESPECIFICADAS;No aplica;SIMPLE
86;2024;7;Telefónico;25;25754;US- 000000412957;Madre;HOMBRE;28;DE 25 A 29 AÑOS;No Aplica;Contributivo;No Aplica;Persona con discapacidad;25;25754;FAMISANAR;RÉGIMEN CONTRIBUTIVO;EPS017;FAMISANAR;25;25754;01;"BARRERAS EN EL ACCESO A TECNOLOGÍAS Y SERVICIOS DE SALUD; Y OTROS ELEMENTOS COMPLEMENTARIOS PARA LA ATENCIÓN DEL USUARIO";0102;NEGACIÓN DE TECNOLOGÍAS EN SALUD Y OTROS ELEMENTOS COMPLEMENTARIOS PARA LA ATENCIÓN DEL USUARIO;010201;NEGACIÓN EN LA ASIGNACIÓN DE CITAS O CONSULTAS;01020103;ESPECIALIDADES MÉDICAS ;01020103072;NEUROLOGÍA;ENFERMEDADES NEUROLÓGICAS;EPILEPSIA;EPILEPSIA;No aplica;PRIORIZADO
87;2024;7;Web;19;19001;US- 000000038138;A nombre propio;HOMBRE;8;DE 6 A 12 AÑOS;No Aplica;Subsidiado;No Aplica;Persona con discapacidad;19;19001;EMSSANAR EPS;RÉGIMEN SUBSIDIADO;ESS118;EMSSANAR;19;19001;01;"BARRERAS EN EL ACCESO A TECNOLOGÍAS Y SERVICIOS DE SALUD; Y OTROS ELEMENTOS COMPLEMENTARIOS PARA LA ATENCIÓN DEL USUARIO";0102;NEGACIÓN DE TECNOLOGÍAS EN SALUD Y OTROS ELEMENTOS COMPLEMENTARIOS PARA LA ATENCIÓN DEL USUARIO;010204;NEGACIÓN PARA LA ENTREGA DE TECNOLOGÍAS EN SALUD Y/O DE OTROS SERVICIOS AUTORIZADOS;01020408;TRANSPORTE, ALOJAMIENTO O ALIMENTACIÓN;;;ENFERMEDADES OSTEOARTICULARES;NEUROLÓGICAS;AUTISMO EN LA NIÑEZ;No aplica;PRIORIZADO
88;2024;7;Telefónico;11;11001;US- 000004066388;Cónyuge;HOMBRE;34;DE 30 A 37 AÑOS;Secundaria;Contributivo;No Aplica;No Aplica;11;11001;SANITAS;RÉGIMEN CONTRIBUTIVO;EPS005;SANITAS;11;11001;01;"BARRERAS EN EL ACCESO A TECNOLOGÍAS Y SERVICIOS DE SALUD; Y OTROS ELEMENTOS COMPLEMENTARIOS PARA LA ATENCIÓN DEL USUARIO";0101;FALTA DE OPORTUNIDAD EN LA PRESTACIÓN DE TECNOLOGÍAS EN SALUD Y OTROS ELEMENTOS COMPLEMENTARIOS PARA LA ATENCIÓN DEL USUARIO;010103;FALTA DE OPORTUNIDAD EN LA ATENCIÓN EN OTROS SERVICIOS DE SALUD;01010302;HOSPITALIZACIÓN;;;PROBLEMAS RELACIONADOS CON FACILIDADES DE ATENCIÓN MÉDICA U OTROS SERVICIOS DE SALUD;PROBLEMAS RELACIONADOS CON FACILIDADES DE ATENCIÓN MÉDICA U OTROS SERVICIOS DE SALUD;HEMORRAGIA GASTROINTESTINAL, NO ESPECIFICADA;No aplica;PRIORIZADO
89;2024;7;Web;85;85001;US- 000004066389;A nombre propio;MUJER;38;DE 38 A 49 AÑOS;No Aplica;Contributivo;No Aplica;No Aplica;85;85001;SANITAS;RÉGIMEN CONTRIBUTIVO;EPS005;SANITAS;85;85001;01;"BARRERAS EN EL ACCESO A TECNOLOGÍAS Y SERVICIOS DE SALUD; Y OTROS ELEMENTOS COMPLEMENTARIOS PARA LA ATENCIÓN DEL USUARIO";0103;FALTA DE OPORTUNIDAD EN LA AUTORIZACIÓN DE TECNOLOGÍAS EN SALUD Y OTROS ELEMENTOS COMPLEMENTARIOS PARA LA ATENCIÓN DEL USUARIO;010301;FALTA DE OPORTUNIDAD EN LA AUTORIZACIÓN DE TECNOLOGÍAS EN SALUD Y/O DE OTROS SERVICIOS;01030108;TRANSPORTE, ALOJAMIENTO O ALIMENTACIÓN;;;PROBLEMAS RELACIONADOS CON FACILIDADES DE ATENCIÓN MÉDICA U OTROS SERVICIOS DE SALUD;PROBLEMAS RELACIONADOS CON FACILIDADES DE ATENCIÓN MÉDICA U OTROS SERVICIOS DE SALUD;HALLAZGOS ANORMALES EN DIAGNOSTICO POR IMAGEN DEL HÍGADO Y DE LAS VÍAS BILIARES;No aplica;SIMPLE
90;2024;7;Telefónico;11;11001;US- 000004066390;A nombre propio;HOMBRE;68;MAYOR DE 63 AÑOS ;Secundaria;Contributivo;No Aplica;No Aplica;11;11001;COMPENSAR;RÉGIMEN CONTRIBUTIVO;EPS008;COMPENSAR;11;11001;01;"BARRERAS EN EL ACCESO A TECNOLOGÍAS Y SERVICIOS DE SALUD; Y OTROS ELEMENTOS COMPLEMENTARIOS PARA LA ATENCIÓN DEL USUARIO";0101;FALTA DE OPORTUNIDAD EN LA PRESTACIÓN DE TECNOLOGÍAS EN SALUD Y OTROS ELEMENTOS COMPLEMENTARIOS PARA LA ATENCIÓN DEL USUARIO;010101;FALTA DE OPORTUNIDAD EN LAS CITAS O CONSULTAS;01010101;MEDICINA GENERAL;;;ENFERMEDADES CRÓNICAS NO TRANSMISIBLES –DIABETES;DIABETES;INSERCIÓN DE SONDA GÁSTRICA O DUODENAL;No aplica;SIMPLE
91;2024;7;Web;76;76606;US- 000001053215;A nombre propio;MUJER;77;MAYOR DE 63 AÑOS ;No Aplica;Subsidiado;No Aplica;Desplazado;76;76606;NUEVA EPS;RÉGIMEN SUBSIDIADO;EPSS41;NUEVA EPS;76;76606;01;"BARRERAS EN EL ACCESO A TECNOLOGÍAS Y SERVICIOS DE SALUD; Y OTROS ELEMENTOS COMPLEMENTARIOS PARA LA ATENCIÓN DEL USUARIO";0103;FALTA DE OPORTUNIDAD EN LA AUTORIZACIÓN DE TECNOLOGÍAS EN SALUD Y OTROS ELEMENTOS COMPLEMENTARIOS PARA LA ATENCIÓN DEL USUARIO;010305;FALTA DE OPORTUNIDAD EN LA AUTORIZACIÓN PARA EL TRASLADO EN AMBULANCIA;01030502;BÁSICA AMBULATORIA;;;PROBLEMAS RELACIONADOS CON FACILIDADES DE ATENCIÓN MÉDICA U OTROS SERVICIOS DE SALUD;PROBLEMAS RELACIONADOS CON FACILIDADES DE ATENCIÓN MÉDICA U OTROS SERVICIOS DE SALUD;PROBLEMAS RELACIONADOS CON FACILIDADES DE ATENCIÓN MEDICA U OTROS SERVICIOS DE SALUD;No aplica;PRIORIZADO
92;2024;7;Personalizado;11;11001;US- 000004066391;A nombre propio;MUJER;34;DE 30 A 37 AÑOS;Universitario;Contributivo;No Aplica;No Aplica;11;11001;SANITAS;RÉGIMEN CONTRIBUTIVO;EPS005;SANITAS;11;11001;01;"BARRERAS EN EL ACCESO A TECNOLOGÍAS Y SERVICIOS DE SALUD; Y OTROS ELEMENTOS COMPLEMENTARIOS PARA LA ATENCIÓN DEL USUARIO";0101;FALTA DE OPORTUNIDAD EN LA PRESTACIÓN DE TECNOLOGÍAS EN SALUD Y OTROS ELEMENTOS COMPLEMENTARIOS PARA LA ATENCIÓN DEL USUARIO;010103;FALTA DE OPORTUNIDAD EN LA ATENCIÓN EN OTROS SERVICIOS DE SALUD;01010302;HOSPITALIZACIÓN;;;PROBLEMAS RELACIONADOS CON FACILIDADES DE ATENCIÓN MÉDICA U OTROS SERVICIOS DE SALUD;PROBLEMAS RELACIONADOS CON FACILIDADES DE ATENCIÓN MÉDICA U OTROS SERVICIOS DE SALUD;TUMEFACCIÓN, MASA O PROMINENCIA LOCALIZADA EN PARTE NO ESPECIFICADA;No aplica;PRIORIZADO
93;2024;7;Redes Sociales;76;76001;US- 000000980527;A nombre propio;MUJER;83;MAYOR DE 63 AÑOS ;Primaria;Contributivo;No Aplica;No Aplica;76;76001;COMFENALCO VALLE;RÉGIMEN CONTRIBUTIVO;EPS012;COMFENALCO  VALLE;76;76001;01;"BARRERAS EN EL ACCESO A TECNOLOGÍAS Y SERVICIOS DE SALUD; Y OTROS ELEMENTOS COMPLEMENTARIOS PARA LA ATENCIÓN DEL USUARIO";0101;FALTA DE OPORTUNIDAD EN LA PRESTACIÓN DE TECNOLOGÍAS EN SALUD Y OTROS ELEMENTOS COMPLEMENTARIOS PARA LA ATENCIÓN DEL USUARIO;010101;FALTA DE OPORTUNIDAD EN LAS CITAS O CONSULTAS;01010103;ESPECIALIDADES MÉDICAS ;01010103071;NEUROCIRUGÍA;PROBLEMAS RELACIONADOS CON FACILIDADES DE ATENCIÓN MÉDICA U OTROS SERVICIOS DE SALUD;PROBLEMAS RELACIONADOS CON FACILIDADES DE ATENCIÓN MÉDICA U OTROS SERVICIOS DE SALUD;PROBLEMAS RELACIONADOS CON FACILIDADES DE ATENCIÓN MEDICA U OTROS SERVICIOS DE SALUD;No aplica;PRIORIZADO
94;2024;7;Web;25;25290;US- 000004066392;A nombre propio;MUJER;74;MAYOR DE 63 AÑOS ;No Aplica;Contributivo;No Aplica;No Aplica;25;25290;SANITAS;RÉGIMEN CONTRIBUTIVO;EPS005;SANITAS;25;25290;01;"BARRERAS EN EL ACCESO A TECNOLOGÍAS Y SERVICIOS DE SALUD; Y OTROS ELEMENTOS COMPLEMENTARIOS PARA LA ATENCIÓN DEL USUARIO";0101;FALTA DE OPORTUNIDAD EN LA PRESTACIÓN DE TECNOLOGÍAS EN SALUD Y OTROS ELEMENTOS COMPLEMENTARIOS PARA LA ATENCIÓN DEL USUARIO;010103;FALTA DE OPORTUNIDAD EN LA ATENCIÓN EN OTROS SERVICIOS DE SALUD;01010308;PROCEDIMIENTOS NO QUIRÚRGICOS;01010308006;OTROS PROCEDIMIENTOS NO QUIRÚRGICOS;ENFERMEDADES CRÓNICAS NO TRANSMISIBLES –RENALES;IRC-ENFERMEDAD RENAL;INSUFICIENCIA RENAL CRÓNICA, NO ESPECIFICADA;Diálisis peritoneal;PRIORIZADO
95;2024;7;Web;05;05001;US- 000000121592;A nombre propio;MUJER;30;DE 30 A 37 AÑOS;No Aplica;Contributivo;No Aplica;No Aplica;05;05001;SALUD TOTAL;RÉGIMEN CONTRIBUTIVO;EPS002;SALUD TOTAL;05;05001;01;"BARRERAS EN EL ACCESO A TECNOLOGÍAS Y SERVICIOS DE SALUD; Y OTROS ELEMENTOS COMPLEMENTARIOS PARA LA ATENCIÓN DEL USUARIO";0103;FALTA DE OPORTUNIDAD EN LA AUTORIZACIÓN DE TECNOLOGÍAS EN SALUD Y OTROS ELEMENTOS COMPLEMENTARIOS PARA LA ATENCIÓN DEL USUARIO;010301;FALTA DE OPORTUNIDAD EN LA AUTORIZACIÓN DE TECNOLOGÍAS EN SALUD Y/O DE OTROS SERVICIOS;01030101;MEDICAMENTOS UPC;;;ENFERMEDADES HUÉRFANAS;MIASTENIA GRAVE;MIASTENIA GRAVIS;No aplica;PRIORIZADO
96;2024;7;Chat;20;20011;US- 000002520940;A nombre propio;MUJER;52;DE 50 A 62 AÑOS;Universitario;Contributivo;No Aplica;No Aplica;20;20011;SANITAS;RÉGIMEN CONTRIBUTIVO;EPS005;SANITAS;20;20011;01;"BARRERAS EN EL ACCESO A TECNOLOGÍAS Y SERVICIOS DE SALUD; Y OTROS ELEMENTOS COMPLEMENTARIOS PARA LA ATENCIÓN DEL USUARIO";0103;FALTA DE OPORTUNIDAD EN LA AUTORIZACIÓN DE TECNOLOGÍAS EN SALUD Y OTROS ELEMENTOS COMPLEMENTARIOS PARA LA ATENCIÓN DEL USUARIO;010301;FALTA DE OPORTUNIDAD EN LA AUTORIZACIÓN DE TECNOLOGÍAS EN SALUD Y/O DE OTROS SERVICIOS;01030108;TRANSPORTE, ALOJAMIENTO O ALIMENTACIÓN;;;ENFERMEDADES OSTEOARTICULARES;OTROS;LUPUS ERITEMATOSO SISTÉMICO;No aplica;PRIORIZADO
97;2024;7;Web;05;05001;US- 000000650431;Madre;HOMBRE;73;MAYOR DE 63 AÑOS ;No Aplica;Contributivo;No Aplica;Persona con discapacidad;05;05360;SURAMERICANA EPS;RÉGIMEN CONTRIBUTIVO;EPS010;EPS SURA;05;05360;01;"BARRERAS EN EL ACCESO A TECNOLOGÍAS Y SERVICIOS DE SALUD; Y OTROS ELEMENTOS COMPLEMENTARIOS PARA LA ATENCIÓN DEL USUARIO";0101;FALTA DE OPORTUNIDAD EN LA PRESTACIÓN DE TECNOLOGÍAS EN SALUD Y OTROS ELEMENTOS COMPLEMENTARIOS PARA LA ATENCIÓN DEL USUARIO;010101;FALTA DE OPORTUNIDAD EN LAS CITAS O CONSULTAS;01010103;ESPECIALIDADES MÉDICAS ;01010103071;NEUROCIRUGÍA;PROBLEMAS RELACIONADOS CON FACILIDADES DE ATENCIÓN MÉDICA U OTROS SERVICIOS DE SALUD;PROBLEMAS RELACIONADOS CON FACILIDADES DE ATENCIÓN MÉDICA U OTROS SERVICIOS DE SALUD;OTROS PROBLEMAS RELACIONADOS CON SERVICIOS MÉDICOS Y DE SALUD;No aplica;SIMPLE
98;2024;7;Web;11;11001;US- 000000628984;A nombre propio;MUJER;56;DE 50 A 62 AÑOS;No Aplica;Contributivo;No Aplica;No Aplica;11;11001;NUEVA EPS;RÉGIMEN SUBSIDIADO;EPSS41;NUEVA EPS;11;11001;01;"BARRERAS EN EL ACCESO A TECNOLOGÍAS Y SERVICIOS DE SALUD; Y OTROS ELEMENTOS COMPLEMENTARIOS PARA LA ATENCIÓN DEL USUARIO";0101;FALTA DE OPORTUNIDAD EN LA PRESTACIÓN DE TECNOLOGÍAS EN SALUD Y OTROS ELEMENTOS COMPLEMENTARIOS PARA LA ATENCIÓN DEL USUARIO;010101;FALTA DE OPORTUNIDAD EN LAS CITAS O CONSULTAS;01010103;ESPECIALIDADES MÉDICAS ;01010103063;MEDICINA INTERNA;PROBLEMAS RELACIONADOS CON FACILIDADES DE ATENCIÓN MÉDICA U OTROS SERVICIOS DE SALUD;PROBLEMAS RELACIONADOS CON FACILIDADES DE ATENCIÓN MÉDICA U OTROS SERVICIOS DE SALUD;NÓDULO TIROIDEO SOLITARIO NO TOXICO;No aplica;SIMPLE
99;2024;7;Telefónico;19;19001;US- 000004066393;Madre;HOMBRE;21;DE 18 A 24 AÑOS;Secundaria;No aplica;No Aplica;No Aplica;19;19001;DIRECCIÓN DEPARTAMENTAL DE SALUD DEL CAUCA;ENTIDADES TERRITORIALES;999998;DIRECCION DEPARTAMENTAL DE SALUD DEL CAUCA;19;19001;01;"BARRERAS EN EL ACCESO A TECNOLOGÍAS Y SERVICIOS DE SALUD; Y OTROS ELEMENTOS COMPLEMENTARIOS PARA LA ATENCIÓN DEL USUARIO";0102;NEGACIÓN DE TECNOLOGÍAS EN SALUD Y OTROS ELEMENTOS COMPLEMENTARIOS PARA LA ATENCIÓN DEL USUARIO;010201;NEGACIÓN EN LA ASIGNACIÓN DE CITAS O CONSULTAS;01020103;ESPECIALIDADES MÉDICAS ;01020103078;ORTOPEDIA Y TRAUMATOLOGÍA;PROBLEMAS RELACIONADOS CON FACILIDADES DE ATENCIÓN MÉDICA U OTROS SERVICIOS DE SALUD;PROBLEMAS RELACIONADOS CON FACILIDADES DE ATENCIÓN MÉDICA U OTROS SERVICIOS DE SALUD;TRAUMATISMO SUPERFICIAL DE LA MUÑECA Y DE LA MANO;No aplica;SIMPLE
100;2024;7;Personalizado;11;11001;US- 000002891695;A nombre propio;MUJER;43;DE 38 A 49 AÑOS;Secundaria;Contributivo;No Aplica;No Aplica;11;11001;FAMISANAR;RÉGIMEN CONTRIBUTIVO;EPS017;FAMISANAR;11;11001;01;"BARRERAS EN EL ACCESO A TECNOLOGÍAS Y SERVICIOS DE SALUD; Y OTROS ELEMENTOS COMPLEMENTARIOS PARA LA ATENCIÓN DEL USUARIO";0102;NEGACIÓN DE TECNOLOGÍAS EN SALUD Y OTROS ELEMENTOS COMPLEMENTARIOS PARA LA ATENCIÓN DEL USUARIO;010203;NEGACIÓN EN LA ATENCIÓN EN OTROS SERVICIOS DE SALUD;01020308;PROCEDIMIENTOS NO QUIRÚRGICOS;01020308001;IMAGENOLOGÍA;PROBLEMAS RELACIONADOS CON FACILIDADES DE ATENCIÓN MÉDICA U OTROS SERVICIOS DE SALUD;PROBLEMAS RELACIONADOS CON FACILIDADES DE ATENCIÓN MÉDICA U OTROS SERVICIOS DE SALUD;ANGINA DE PECHO;No aplica;SIMPLE
101;2024;7;Web;20;20013;US- 000000926752;A nombre propio;HOMBRE;44;DE 38 A 49 AÑOS;No Aplica;Subsidiado;No Aplica;Persona con discapacidad;20;20013;CAJACOPI EPS;RÉGIMEN SUBSIDIADO;CCF055;CAJACOPI EPS;20;20013;01;"BARRERAS EN EL ACCESO A TECNOLOGÍAS Y SERVICIOS DE SALUD; Y OTROS ELEMENTOS COMPLEMENTARIOS PARA LA ATENCIÓN DEL USUARIO";0103;FALTA DE OPORTUNIDAD EN LA AUTORIZACIÓN DE TECNOLOGÍAS EN SALUD Y OTROS ELEMENTOS COMPLEMENTARIOS PARA LA ATENCIÓN DEL USUARIO;010301;FALTA DE OPORTUNIDAD EN LA AUTORIZACIÓN DE TECNOLOGÍAS EN SALUD Y/O DE OTROS SERVICIOS;01030108;TRANSPORTE, ALOJAMIENTO O ALIMENTACIÓN;;;ENFERMEDADES OSTEOARTICULARES;OTROS;SÍNDROME DE MANGUITO ROTATORIO;No aplica;SIMPLE
102;2024;7;Redes Sociales;19;19001;US- 000003783950;A nombre propio;MUJER;73;MAYOR DE 63 AÑOS ;Primaria;Contributivo;No Aplica;No Aplica;19;19001;NUEVA EPS;RÉGIMEN CONTRIBUTIVO;EPS037;NUEVA EPS;19;19001;01;"BARRERAS EN EL ACCESO A TECNOLOGÍAS Y SERVICIOS DE SALUD; Y OTROS ELEMENTOS COMPLEMENTARIOS PARA LA ATENCIÓN DEL USUARIO";0102;NEGACIÓN DE TECNOLOGÍAS EN SALUD Y OTROS ELEMENTOS COMPLEMENTARIOS PARA LA ATENCIÓN DEL USUARIO;010201;NEGACIÓN EN LA ASIGNACIÓN DE CITAS O CONSULTAS;01020103;ESPECIALIDADES MÉDICAS ;01020103033;DERMATOLOGÍA;PROBLEMAS RELACIONADOS CON FACILIDADES DE ATENCIÓN MÉDICA U OTROS SERVICIOS DE SALUD;PROBLEMAS RELACIONADOS CON FACILIDADES DE ATENCIÓN MÉDICA U OTROS SERVICIOS DE SALUD;OTROS PROBLEMAS RELACIONADOS CON SERVICIOS MÉDICOS Y DE SALUD;No aplica;PRIORIZADO
103;2024;7;Web;63;63470;US- 000004066394;A nombre propio;HOMBRE;40;DE 38 A 49 AÑOS;No Aplica;Contributivo;No Aplica;No Aplica;63;63470;NUEVA EPS;RÉGIMEN CONTRIBUTIVO;EPS037;NUEVA EPS;63;63470;01;"BARRERAS EN EL ACCESO A TECNOLOGÍAS Y SERVICIOS DE SALUD; Y OTROS ELEMENTOS COMPLEMENTARIOS PARA LA ATENCIÓN DEL USUARIO";0101;FALTA DE OPORTUNIDAD EN LA PRESTACIÓN DE TECNOLOGÍAS EN SALUD Y OTROS ELEMENTOS COMPLEMENTARIOS PARA LA ATENCIÓN DEL USUARIO;010101;FALTA DE OPORTUNIDAD EN LAS CITAS O CONSULTAS;01010103;ESPECIALIDADES MÉDICAS ;01010103094;UROLOGÍA;PROBLEMAS RELACIONADOS CON FACILIDADES DE ATENCIÓN MÉDICA U OTROS SERVICIOS DE SALUD;PROBLEMAS RELACIONADOS CON FACILIDADES DE ATENCIÓN MÉDICA U OTROS SERVICIOS DE SALUD;CALCULO DEL URÉTER;No aplica;SIMPLE
104;2024;7;Web;05;05615;US- 000004066395;A nombre propio;MUJER;50;DE 50 A 62 AÑOS;No Aplica;Contributivo;No Aplica;Desplazado;05;05615;SURAMERICANA EPS;RÉGIMEN CONTRIBUTIVO;EPS010;EPS SURA;05;05615;02;INSATISFACCIÓN RELACIONADA CON LA ATENCIÓN EN SALUD;0202;INSATISFACCIÓN RELACIONADA CON LA ATENCIÓN DEL PERSONAL EN SALUD;020201;INSATISFACCIÓN RELACIONADA CON LA ATENCIÓN DEL PERSONAL EN SALUD;02020104;INSUFICIENTE INFORMACIÓN SOBRE LA ATENCIÓN EN SALUD;;;PROBLEMAS RELACIONADOS CON FACILIDADES DE ATENCIÓN MÉDICA U OTROS SERVICIOS DE SALUD;PROBLEMAS RELACIONADOS CON FACILIDADES DE ATENCIÓN MÉDICA U OTROS SERVICIOS DE SALUD;TUMOR BENIGNO DE LA PIEL, SITIO NO ESPECIFICADO;No aplica;SIMPLE
105;2024;7;Web;17;17088;US- 000004066396;A nombre propio;HOMBRE;44;DE 38 A 49 AÑOS;No Aplica;Subsidiado;No Aplica;No Aplica;17;17088;NUEVA EPS;RÉGIMEN SUBSIDIADO;EPSS41;NUEVA EPS;17;17088;01;"BARRERAS EN EL ACCESO A TECNOLOGÍAS Y SERVICIOS DE SALUD; Y OTROS ELEMENTOS COMPLEMENTARIOS PARA LA ATENCIÓN DEL USUARIO";0102;NEGACIÓN DE TECNOLOGÍAS EN SALUD Y OTROS ELEMENTOS COMPLEMENTARIOS PARA LA ATENCIÓN DEL USUARIO;010201;NEGACIÓN EN LA ASIGNACIÓN DE CITAS O CONSULTAS;01020103;ESPECIALIDADES MÉDICAS ;01020103078;ORTOPEDIA Y TRAUMATOLOGÍA;ENFERMEDADES OSTEOARTICULARES;OTROS;TENDINITIS CALCIFICANTE DEL HOMBRO;No aplica;SIMPLE
106;2024;7;Chat;76;76248;US- 000002711134;A nombre propio;MUJER;29;DE 25 A 29 AÑOS;Universitario Incompleto;Contributivo;No Aplica;No Aplica;76;76248;SOS -SERVICIO OCCIDENTAL DE SALUD;RÉGIMEN CONTRIBUTIVO;EPS018;SERVICIO OCCIDENTAL DE SALUD (SOS);76;76248;01;"BARRERAS EN EL ACCESO A TECNOLOGÍAS Y SERVICIOS DE SALUD; Y OTROS ELEMENTOS COMPLEMENTARIOS PARA LA ATENCIÓN DEL USUARIO";0101;FALTA DE OPORTUNIDAD EN LA PRESTACIÓN DE TECNOLOGÍAS EN SALUD Y OTROS ELEMENTOS COMPLEMENTARIOS PARA LA ATENCIÓN DEL USUARIO;010104;FALTA DE OPORTUNIDAD EN LA ENTREGA O ENTREGA INCOMPLETA DE TECNOLOGÍAS EN SALUD Y/O PRESTACIÓN DE OTROS SERVICIOS;01010401;MEDICAMENTOS UPC;;;PROBLEMAS RELACIONADOS CON FACILIDADES DE ATENCIÓN MÉDICA U OTROS SERVICIOS DE SALUD;PROBLEMAS RELACIONADOS CON FACILIDADES DE ATENCIÓN MÉDICA U OTROS SERVICIOS DE SALUD;OTROS TRASTORNOS EXTRAPIRAMIDALES Y DEL MOVIMIENTO;No aplica;SIMPLE
107;2024;7;Telefónico;11;11001;US- 000004066397;Madre;MUJER;1;DE 0 A 5 AÑOS;No Aplica;Contributivo;No Aplica;No Aplica;11;11001;FAMISANAR;RÉGIMEN CONTRIBUTIVO;EPS017;FAMISANAR;11;11001;01;"BARRERAS EN EL ACCESO A TECNOLOGÍAS Y SERVICIOS DE SALUD; Y OTROS ELEMENTOS COMPLEMENTARIOS PARA LA ATENCIÓN DEL USUARIO";0101;FALTA DE OPORTUNIDAD EN LA PRESTACIÓN DE TECNOLOGÍAS EN SALUD Y OTROS ELEMENTOS COMPLEMENTARIOS PARA LA ATENCIÓN DEL USUARIO;010105;FALTA DE OPORTUNIDAD EN EL PROCESO DE REFERENCIA Y CONTRARREFERENCIA;;;;;MATERNO INFANTIL;ATENCIÓN NIÑOS MENORES DE 5 AÑOS;OTRAS INCONTINENCIAS URINARIAS ESPECIFICADAS;No aplica;PRIORIZADO
108;2024;7;Web;11;11001;US- 000003847919;A nombre propio;MUJER;65;MAYOR DE 63 AÑOS ;No Aplica;Contributivo;No Aplica;No Aplica;11;11001;FAMISANAR;RÉGIMEN CONTRIBUTIVO;EPS017;FAMISANAR;11;11001;01;"BARRERAS EN EL ACCESO A TECNOLOGÍAS Y SERVICIOS DE SALUD; Y OTROS ELEMENTOS COMPLEMENTARIOS PARA LA ATENCIÓN DEL USUARIO";0103;FALTA DE OPORTUNIDAD EN LA AUTORIZACIÓN DE TECNOLOGÍAS EN SALUD Y OTROS ELEMENTOS COMPLEMENTARIOS PARA LA ATENCIÓN DEL USUARIO;010304;FALTA DE OPORTUNIDAD EN LA AUTORIZACIÓN DE OTROS SERVICIOS DE SALUD;01030408;PROCEDIMIENTOS NO QUIRÚRGICOS;01030408001;IMAGENOLOGÍA;ENFERMEDADES CRÓNICAS NO TRASMISIBLES CARDIOVASCULARES;OTROS;OTRAS HIPERTENSIONES PULMONARES SECUNDARIAS;No aplica;PRIORIZADO
109;2024;7;Redes Sociales;70;70708;US- 000000174304;Hijo (A);MUJER;77;MAYOR DE 63 AÑOS ;No Aplica;Subsidiado;No Aplica;Persona con discapacidad;70;70708;COOSALUD;RÉGIMEN SUBSIDIADO;ESS024;COOSALUD;70;70708;01;"BARRERAS EN EL ACCESO A TECNOLOGÍAS Y SERVICIOS DE SALUD; Y OTROS ELEMENTOS COMPLEMENTARIOS PARA LA ATENCIÓN DEL USUARIO";0101;FALTA DE OPORTUNIDAD EN LA PRESTACIÓN DE TECNOLOGÍAS EN SALUD Y OTROS ELEMENTOS COMPLEMENTARIOS PARA LA ATENCIÓN DEL USUARIO;010104;FALTA DE OPORTUNIDAD EN LA ENTREGA O ENTREGA INCOMPLETA DE TECNOLOGÍAS EN SALUD Y/O PRESTACIÓN DE OTROS SERVICIOS;01010407;ELEMENTOS COMPLEMENTARIOS PARA LA ATENCIÓN DEL USUARIO (PAÑALES, PAÑITOS, ETC.);;;ENFERMEDADES OSTEOARTICULARES;OTROS;OTROS PROBLEMAS RELACIONADOS CON SERVICIOS MÉDICOS Y DE SALUD;No aplica;SIMPLE
110;2024;7;Web;11;11001;US- 000002967494;Madre;MUJER;9;DE 6 A 12 AÑOS;No Aplica;Contributivo;No Aplica;No Aplica;11;11001;COMPENSAR;RÉGIMEN CONTRIBUTIVO;EPS008;COMPENSAR;11;11001;01;"BARRERAS EN EL ACCESO A TECNOLOGÍAS Y SERVICIOS DE SALUD; Y OTROS ELEMENTOS COMPLEMENTARIOS PARA LA ATENCIÓN DEL USUARIO";0102;NEGACIÓN DE TECNOLOGÍAS EN SALUD Y OTROS ELEMENTOS COMPLEMENTARIOS PARA LA ATENCIÓN DEL USUARIO;010201;NEGACIÓN EN LA ASIGNACIÓN DE CITAS O CONSULTAS;01020105;PSICOLOGÍA;;;PROBLEMAS RELACIONADOS CON FACILIDADES DE ATENCIÓN MÉDICA U OTROS SERVICIOS DE SALUD;PROBLEMAS RELACIONADOS CON FACILIDADES DE ATENCIÓN MÉDICA U OTROS SERVICIOS DE SALUD;OTROS PROBLEMAS RELACIONADOS CON SERVICIOS MÉDICOS Y DE SALUD;No aplica;SIMPLE
111;2024;7;Telefónico;70;70418;US- 000004066398;Otro;MUJER;65;MAYOR DE 63 AÑOS ;Primaria;Subsidiado;No Aplica;No Aplica;70;70418;COOSALUD;RÉGIMEN SUBSIDIADO;ESS024;COOSALUD;70;70418;01;"BARRERAS EN EL ACCESO A TECNOLOGÍAS Y SERVICIOS DE SALUD; Y OTROS ELEMENTOS COMPLEMENTARIOS PARA LA ATENCIÓN DEL USUARIO";0101;FALTA DE OPORTUNIDAD EN LA PRESTACIÓN DE TECNOLOGÍAS EN SALUD Y OTROS ELEMENTOS COMPLEMENTARIOS PARA LA ATENCIÓN DEL USUARIO;010105;FALTA DE OPORTUNIDAD EN EL PROCESO DE REFERENCIA Y CONTRARREFERENCIA;;;;;PROBLEMAS RELACIONADOS CON FACILIDADES DE ATENCIÓN MÉDICA U OTROS SERVICIOS DE SALUD;PROBLEMAS RELACIONADOS CON FACILIDADES DE ATENCIÓN MÉDICA U OTROS SERVICIOS DE SALUD;CALCULO DE LA VESÍCULA BILIAR SIN COLECISTITIS;No aplica;PRIORIZADO
112;2024;7;Web;11;11001;US- 000004066399;A nombre propio;MUJER;50;DE 50 A 62 AÑOS;No Aplica;Subsidiado;No Aplica;No Aplica;11;11001;FAMISANAR;RÉGIMEN CONTRIBUTIVO;EPS017;FAMISANAR;11;11001;01;"BARRERAS EN EL ACCESO A TECNOLOGÍAS Y SERVICIOS DE SALUD; Y OTROS ELEMENTOS COMPLEMENTARIOS PARA LA ATENCIÓN DEL USUARIO";0101;FALTA DE OPORTUNIDAD EN LA PRESTACIÓN DE TECNOLOGÍAS EN SALUD Y OTROS ELEMENTOS COMPLEMENTARIOS PARA LA ATENCIÓN DEL USUARIO;010101;FALTA DE OPORTUNIDAD EN LAS CITAS O CONSULTAS;01010103;ESPECIALIDADES MÉDICAS ;01010103002;ANESTESIOLOGÍA;ENFERMEDADES OSTEOARTICULARES;OTROS;COXARTROSIS, NO ESPECIFICADA;Reemplazos articulares;SIMPLE
113;2024;7;Web;11;11001;US- 000004066400;A nombre propio;MUJER;19;DE 18 A 24 AÑOS;No Aplica;Contributivo;No Aplica;No Aplica;11;11001;SALUD TOTAL;RÉGIMEN CONTRIBUTIVO;EPS002;SALUD TOTAL;11;11001;04;INSATISFACCIÓN DEL USUARIO CON EL PROCESO ADMINISTRATIVO;0404;INSATISFACCIÓN RELACIONADA CON TRÁMITES ADMINISTRATIVOS;040403;INCONSISTENCIAS EN LA AFILIACIÓN;04040308;TRASLADO NO SOLICITADO POR EL USUARIO;;;PROBLEMAS RELACIONADOS CON FACILIDADES DE ATENCIÓN MÉDICA U OTROS SERVICIOS DE SALUD;PROBLEMAS RELACIONADOS CON FACILIDADES DE ATENCIÓN MÉDICA U OTROS SERVICIOS DE SALUD;OTROS PROBLEMAS RELACIONADOS CON SERVICIOS MÉDICOS Y DE SALUD;No aplica;SIMPLE
114;2024;7;Web;17;17174;US- 000002786851;A nombre propio;MUJER;64;MAYOR DE 63 AÑOS ;No Aplica;Contributivo;No Aplica;No Aplica;17;17174;SALUD TOTAL;RÉGIMEN CONTRIBUTIVO;EPS002;SALUD TOTAL;17;17174;01;"BARRERAS EN EL ACCESO A TECNOLOGÍAS Y SERVICIOS DE SALUD; Y OTROS ELEMENTOS COMPLEMENTARIOS PARA LA ATENCIÓN DEL USUARIO";0103;FALTA DE OPORTUNIDAD EN LA AUTORIZACIÓN DE TECNOLOGÍAS EN SALUD Y OTROS ELEMENTOS COMPLEMENTARIOS PARA LA ATENCIÓN DEL USUARIO;010302;FALTA DE OPORTUNIDAD EN LA AUTORIZACIÓN DE CITAS DE CONSULTA;01030203;ESPECIALIDADES MÉDICAS ;01030203076;ONCOLOGÍA;CÁNCER ;OTROS;AFECCIONES EXOFTÁLMICAS;No aplica;PRIORIZADO
115;2024;7;Web;05;05001;US- 000003065909;Madre;HOMBRE;8;DE 6 A 12 AÑOS;No Aplica;Subsidiado;No Aplica;No Aplica;05;05001;SURAMERICANA EPS;RÉGIMEN CONTRIBUTIVO;EPS010;EPS SURA;05;05001;01;"BARRERAS EN EL ACCESO A TECNOLOGÍAS Y SERVICIOS DE SALUD; Y OTROS ELEMENTOS COMPLEMENTARIOS PARA LA ATENCIÓN DEL USUARIO";0103;FALTA DE OPORTUNIDAD EN LA AUTORIZACIÓN DE TECNOLOGÍAS EN SALUD Y OTROS ELEMENTOS COMPLEMENTARIOS PARA LA ATENCIÓN DEL USUARIO;010303;FALTA DE OPORTUNIDAD EN LA AUTORIZACIÓN PARA SERVICIOS DE COMPLEMENTACIÓN TERAPÉUTICA;01030309;OTRAS TERAPIAS;;;SALUD MENTAL;OTROS TRASTORNOS MENTALES;PERTURBACIÓN DE LA ACTIVIDAD Y DE LA ATENCIÓN;No aplica;PRIORIZADO
116;2024;7;Web;11;11001;US- 000003506036;A nombre propio;MUJER;66;MAYOR DE 63 AÑOS ;No Aplica;Contributivo;No Aplica;No Aplica;11;11001;FAMISANAR;RÉGIMEN CONTRIBUTIVO;EPS017;FAMISANAR;11;11001;01;"BARRERAS EN EL ACCESO A TECNOLOGÍAS Y SERVICIOS DE SALUD; Y OTROS ELEMENTOS COMPLEMENTARIOS PARA LA ATENCIÓN DEL USUARIO";0103;FALTA DE OPORTUNIDAD EN LA AUTORIZACIÓN DE TECNOLOGÍAS EN SALUD Y OTROS ELEMENTOS COMPLEMENTARIOS PARA LA ATENCIÓN DEL USUARIO;010303;FALTA DE OPORTUNIDAD EN LA AUTORIZACIÓN PARA SERVICIOS DE COMPLEMENTACIÓN TERAPÉUTICA;01030301;TERAPIA FÍSICA;;;ENFERMEDADES OSTEOARTICULARES;OTROS;TRASTORNOS INTERNO DE LA RODILLA, NO ESPECIFICADO;Reemplazos articulares;SIMPLE
117;2024;7;Redes Sociales;76;76001;US- 000003692358;Otro;HOMBRE;68;MAYOR DE 63 AÑOS ;Primaria Incompleta;Subsidiado;Afrocolombiano o Afrodescendiente;No Aplica;76;76001;EMSSANAR EPS;RÉGIMEN SUBSIDIADO;ESS118;EMSSANAR;76;76001;01;"BARRERAS EN EL ACCESO A TECNOLOGÍAS Y SERVICIOS DE SALUD; Y OTROS ELEMENTOS COMPLEMENTARIOS PARA LA ATENCIÓN DEL USUARIO";0103;FALTA DE OPORTUNIDAD EN LA AUTORIZACIÓN DE TECNOLOGÍAS EN SALUD Y OTROS ELEMENTOS COMPLEMENTARIOS PARA LA ATENCIÓN DEL USUARIO;010301;FALTA DE OPORTUNIDAD EN LA AUTORIZACIÓN DE TECNOLOGÍAS EN SALUD Y/O DE OTROS SERVICIOS;01030101;MEDICAMENTOS UPC;;;CÁNCER ;CÁNCER DE PRÓSTATA;TUMOR MALIGNO DE LA PRÓSTATA;Quimioterapia y radioterapia para el cáncer;PRIORIZADO
118;2024;7;Web;47;47288;US- 000004066401;A nombre propio;HOMBRE;22;DE 18 A 24 AÑOS;No Aplica;Contributivo;No Aplica;No Aplica;47;47288;SALUD TOTAL;RÉGIMEN CONTRIBUTIVO;EPS002;SALUD TOTAL;20;20001;01;"BARRERAS EN EL ACCESO A TECNOLOGÍAS Y SERVICIOS DE SALUD; Y OTROS ELEMENTOS COMPLEMENTARIOS PARA LA ATENCIÓN DEL USUARIO";0101;FALTA DE OPORTUNIDAD EN LA PRESTACIÓN DE TECNOLOGÍAS EN SALUD Y OTROS ELEMENTOS COMPLEMENTARIOS PARA LA ATENCIÓN DEL USUARIO;010101;FALTA DE OPORTUNIDAD EN LAS CITAS O CONSULTAS;01010103;ESPECIALIDADES MÉDICAS ;01010103054;INFECTOLOGÍA;PROBLEMAS RELACIONADOS CON FACILIDADES DE ATENCIÓN MÉDICA U OTROS SERVICIOS DE SALUD;PROBLEMAS RELACIONADOS CON FACILIDADES DE ATENCIÓN MÉDICA U OTROS SERVICIOS DE SALUD;PAPILOMAVIRUS COMO CAUSA DE ENFERMEDADES CLASIFICADAS EN OTROS CAPÍTULOS;No aplica;PRIORIZADO
119;2024;7;Web;73;73483;US- 000004066402;Otro;MUJER;48;DE 38 A 49 AÑOS;No Aplica;Contributivo;No Aplica;No Aplica;73;73483;SANITAS;RÉGIMEN CONTRIBUTIVO;EPS005;SANITAS;73;73483;01;"BARRERAS EN EL ACCESO A TECNOLOGÍAS Y SERVICIOS DE SALUD; Y OTROS ELEMENTOS COMPLEMENTARIOS PARA LA ATENCIÓN DEL USUARIO";0103;FALTA DE OPORTUNIDAD EN LA AUTORIZACIÓN DE TECNOLOGÍAS EN SALUD Y OTROS ELEMENTOS COMPLEMENTARIOS PARA LA ATENCIÓN DEL USUARIO;010304;FALTA DE OPORTUNIDAD EN LA AUTORIZACIÓN DE OTROS SERVICIOS DE SALUD;01030409;PROCEDIMIENTOS QUIRÚRGICOS;01030409003;OTROS PROCEDIMIENTOS QUIRÚRGICOS;PROBLEMAS RELACIONADOS CON FACILIDADES DE ATENCIÓN MÉDICA U OTROS SERVICIOS DE SALUD;PROBLEMAS RELACIONADOS CON FACILIDADES DE ATENCIÓN MÉDICA U OTROS SERVICIOS DE SALUD;CALCULO DEL RIÑÓN;No aplica;PRIORIZADO
120;2024;7;Web;05;05212;US- 000002863117;A nombre propio;MUJER;43;DE 38 A 49 AÑOS;No Aplica;Contributivo;No Aplica;No Aplica;05;05212;SURAMERICANA EPS;RÉGIMEN CONTRIBUTIVO;EPS010;EPS SURA;05;05212;01;"BARRERAS EN EL ACCESO A TECNOLOGÍAS Y SERVICIOS DE SALUD; Y OTROS ELEMENTOS COMPLEMENTARIOS PARA LA ATENCIÓN DEL USUARIO";0101;FALTA DE OPORTUNIDAD EN LA PRESTACIÓN DE TECNOLOGÍAS EN SALUD Y OTROS ELEMENTOS COMPLEMENTARIOS PARA LA ATENCIÓN DEL USUARIO;010101;FALTA DE OPORTUNIDAD EN LAS CITAS O CONSULTAS;01010103;ESPECIALIDADES MÉDICAS ;01010103039;ENDOCRINOLOGÍA;ENFERMEDADES CRÓNICAS NO TRANSMISIBLES- FACTORES DE RIESGO;OBESIDAD;OBESIDAD, NO ESPECIFICADA;No aplica;SIMPLE
121;2024;7;Telefónico;50;50001;US- 000004066403;Hermano (A);HOMBRE;46;DE 38 A 49 AÑOS;Universitario;Contributivo;No Aplica;No Aplica;50;50001;SANITAS;RÉGIMEN CONTRIBUTIVO;EPS005;SANITAS;50;50001;01;"BARRERAS EN EL ACCESO A TECNOLOGÍAS Y SERVICIOS DE SALUD; Y OTROS ELEMENTOS COMPLEMENTARIOS PARA LA ATENCIÓN DEL USUARIO";0101;FALTA DE OPORTUNIDAD EN LA PRESTACIÓN DE TECNOLOGÍAS EN SALUD Y OTROS ELEMENTOS COMPLEMENTARIOS PARA LA ATENCIÓN DEL USUARIO;010101;FALTA DE OPORTUNIDAD EN LAS CITAS O CONSULTAS;01010103;ESPECIALIDADES MÉDICAS ;01010103088;REUMATOLOGÍA;PROBLEMAS RELACIONADOS CON FACILIDADES DE ATENCIÓN MÉDICA U OTROS SERVICIOS DE SALUD;PROBLEMAS RELACIONADOS CON FACILIDADES DE ATENCIÓN MÉDICA U OTROS SERVICIOS DE SALUD;HIPERGLICEMIA, NO ESPECIFICADA;No aplica;PRIORIZADO
122;2024;7;Web;11;11001;US- 000000000502;Madre;MUJER;22;DE 18 A 24 AÑOS;No Aplica;Contributivo;No Aplica;Persona con discapacidad;11;11001;FAMISANAR;RÉGIMEN CONTRIBUTIVO;EPS017;FAMISANAR;11;11001;01;"BARRERAS EN EL ACCESO A TECNOLOGÍAS Y SERVICIOS DE SALUD; Y OTROS ELEMENTOS COMPLEMENTARIOS PARA LA ATENCIÓN DEL USUARIO";0102;NEGACIÓN DE TECNOLOGÍAS EN SALUD Y OTROS ELEMENTOS COMPLEMENTARIOS PARA LA ATENCIÓN DEL USUARIO;010204;NEGACIÓN PARA LA ENTREGA DE TECNOLOGÍAS EN SALUD Y/O DE OTROS SERVICIOS AUTORIZADOS;01020401;MEDICAMENTOS UPC;;;ENFERMEDADES OSTEOARTICULARES;NEUROLÓGICAS;OTRAS CONVULSIONES Y LAS NO ESPECIFICADAS;No aplica;PRIORIZADO
123;2024;7;Web;76;76001;US- 000000683617;A nombre propio;MUJER;39;DE 38 A 49 AÑOS;No Aplica;Contributivo;Afrocolombiano o Afrodescendiente;Desplazado;76;76001;SALUD TOTAL;RÉGIMEN CONTRIBUTIVO;EPS002;SALUD TOTAL;76;76001;01;"BARRERAS EN EL ACCESO A TECNOLOGÍAS Y SERVICIOS DE SALUD; Y OTROS ELEMENTOS COMPLEMENTARIOS PARA LA ATENCIÓN DEL USUARIO";0102;NEGACIÓN DE TECNOLOGÍAS EN SALUD Y OTROS ELEMENTOS COMPLEMENTARIOS PARA LA ATENCIÓN DEL USUARIO;010201;NEGACIÓN EN LA ASIGNACIÓN DE CITAS O CONSULTAS;01020103;ESPECIALIDADES MÉDICAS ;01020103078;ORTOPEDIA Y TRAUMATOLOGÍA;ENFERMEDADES OSTEOARTICULARES;OTROS;DOLOR EN ARTICULACIÓN;No aplica;SIMPLE
124;2024;7;Web;25;25286;US- 000002859345;A nombre propio;MUJER;65;MAYOR DE 63 AÑOS ;No Aplica;Contributivo;No Aplica;No Aplica;25;25286;COMPENSAR;RÉGIMEN CONTRIBUTIVO;EPS008;COMPENSAR;25;25286;01;"BARRERAS EN EL ACCESO A TECNOLOGÍAS Y SERVICIOS DE SALUD; Y OTROS ELEMENTOS COMPLEMENTARIOS PARA LA ATENCIÓN DEL USUARIO";0102;NEGACIÓN DE TECNOLOGÍAS EN SALUD Y OTROS ELEMENTOS COMPLEMENTARIOS PARA LA ATENCIÓN DEL USUARIO;010201;NEGACIÓN EN LA ASIGNACIÓN DE CITAS O CONSULTAS;01020103;ESPECIALIDADES MÉDICAS ;01020103080;OTORRINOLARINGOLOGÍA;PROBLEMAS RELACIONADOS CON FACILIDADES DE ATENCIÓN MÉDICA U OTROS SERVICIOS DE SALUD;PROBLEMAS RELACIONADOS CON FACILIDADES DE ATENCIÓN MÉDICA U OTROS SERVICIOS DE SALUD;HIPOACUSIA NEUROSENSORIAL, SIN OTRA ESPECIFICACIÓN;No aplica;SIMPLE
125;2024;7;Telefónico;17;17001;US- 000002290489;A nombre propio;HOMBRE;50;DE 50 A 62 AÑOS;Secundaria;Contributivo;No Aplica;Persona con discapacidad;17;17001;SURAMERICANA EPS;RÉGIMEN CONTRIBUTIVO;EPS010;EPS SURA;17;17001;01;"BARRERAS EN EL ACCESO A TECNOLOGÍAS Y SERVICIOS DE SALUD; Y OTROS ELEMENTOS COMPLEMENTARIOS PARA LA ATENCIÓN DEL USUARIO";0102;NEGACIÓN DE TECNOLOGÍAS EN SALUD Y OTROS ELEMENTOS COMPLEMENTARIOS PARA LA ATENCIÓN DEL USUARIO;010204;NEGACIÓN PARA LA ENTREGA DE TECNOLOGÍAS EN SALUD Y/O DE OTROS SERVICIOS AUTORIZADOS;01020403;DISPOSITIVOS MÉDICOS UPC;;;ENFERMEDADES OSTEOARTICULARES;OTROS;MIELOPATÍA EN ENFERMEDADES CLASIFICADAS EN OTRA PARTE;No aplica;SIMPLE
126;2024;7;Personalizado;81;81001;US- 000003753169;Hijo (A);MUJER;71;MAYOR DE 63 AÑOS ;Primaria;Subsidiado;No Aplica;Persona con discapacidad;81;81001;NUEVA EPS;RÉGIMEN SUBSIDIADO;EPSS41;NUEVA EPS;81;81001;01;"BARRERAS EN EL ACCESO A TECNOLOGÍAS Y SERVICIOS DE SALUD; Y OTROS ELEMENTOS COMPLEMENTARIOS PARA LA ATENCIÓN DEL USUARIO";0101;FALTA DE OPORTUNIDAD EN LA PRESTACIÓN DE TECNOLOGÍAS EN SALUD Y OTROS ELEMENTOS COMPLEMENTARIOS PARA LA ATENCIÓN DEL USUARIO;010106;FALTA DE OPORTUNIDAD EN EL TRASLADO EN AMBULANCIA;01010604;MEDICALIZADA AMBULATORIA;;;CÁNCER ;CÁNCER DE MAMA;OTRAS ARRITMIAS CARDIACAS;Quimioterapia y radioterapia para el cáncer;SIMPLE
127;2024;7;Web;54;54174;US- 000004066404;Madre;MUJER;10;DE 6 A 12 AÑOS;No Aplica;Contributivo;No Aplica;No Aplica;54;54174;SANITAS;RÉGIMEN CONTRIBUTIVO;EPS005;SANITAS;54;54174;01;"BARRERAS EN EL ACCESO A TECNOLOGÍAS Y SERVICIOS DE SALUD; Y OTROS ELEMENTOS COMPLEMENTARIOS PARA LA ATENCIÓN DEL USUARIO";0101;FALTA DE OPORTUNIDAD EN LA PRESTACIÓN DE TECNOLOGÍAS EN SALUD Y OTROS ELEMENTOS COMPLEMENTARIOS PARA LA ATENCIÓN DEL USUARIO;010101;FALTA DE OPORTUNIDAD EN LAS CITAS O CONSULTAS;01010103;ESPECIALIDADES MÉDICAS ;01010103080;OTORRINOLARINGOLOGÍA;PROBLEMAS RELACIONADOS CON FACILIDADES DE ATENCIÓN MÉDICA U OTROS SERVICIOS DE SALUD;PROBLEMAS RELACIONADOS CON FACILIDADES DE ATENCIÓN MÉDICA U OTROS SERVICIOS DE SALUD;AMIGDALITIS ESTREPTOCÓCICA;No aplica;SIMPLE
128;2024;7;Telefónico;11;11001;US- 000004066405;A nombre propio;MUJER;32;DE 30 A 37 AÑOS;Universitario Incompleto;Contributivo;No Aplica;No Aplica;11;11001;SURAMERICANA EPS;RÉGIMEN CONTRIBUTIVO;EPS010;EPS SURA;11;11001;04;INSATISFACCIÓN DEL USUARIO CON EL PROCESO ADMINISTRATIVO;0404;INSATISFACCIÓN RELACIONADA CON TRÁMITES ADMINISTRATIVOS;040401;RESTRICCIÓN EN LA LIBRE ESCOGENCIA;04040102;PRESTADOR DE SERVICIO DE SALUD;;;ENFERMEDADES CRÓNICAS NO TRANSMISIBLES- FACTORES DE RIESGO;MEDICIÓN DE FACTORES DE RIESGO;ENDOMETRIOSIS;No aplica;SIMPLE
129;2024;7;Web;11;11001;US- 000002742183;A nombre propio;HOMBRE;71;MAYOR DE 63 AÑOS ;No Aplica;Subsidiado;No Aplica;No Aplica;11;11001;CAPITAL SALUD;RÉGIMEN SUBSIDIADO;EPSS34;CAPITAL SALUD;11;11001;01;"BARRERAS EN EL ACCESO A TECNOLOGÍAS Y SERVICIOS DE SALUD; Y OTROS ELEMENTOS COMPLEMENTARIOS PARA LA ATENCIÓN DEL USUARIO";0101;FALTA DE OPORTUNIDAD EN LA PRESTACIÓN DE TECNOLOGÍAS EN SALUD Y OTROS ELEMENTOS COMPLEMENTARIOS PARA LA ATENCIÓN DEL USUARIO;010103;FALTA DE OPORTUNIDAD EN LA ATENCIÓN EN OTROS SERVICIOS DE SALUD;01010308;PROCEDIMIENTOS NO QUIRÚRGICOS;01010308001;IMAGENOLOGÍA;PROBLEMAS RELACIONADOS CON FACILIDADES DE ATENCIÓN MÉDICA U OTROS SERVICIOS DE SALUD;PROBLEMAS RELACIONADOS CON FACILIDADES DE ATENCIÓN MÉDICA U OTROS SERVICIOS DE SALUD;HERNIA INGUINAL;No aplica;SIMPLE
130;2024;7;Telefónico;11;11001;US- 000003789086;Madre;HOMBRE;2;DE 0 A 5 AÑOS;No Aplica;Subsidiado;No Aplica;No Aplica;11;11001;NUEVA EPS;RÉGIMEN SUBSIDIADO;EPSS41;NUEVA EPS;15;15238;01;"BARRERAS EN EL ACCESO A TECNOLOGÍAS Y SERVICIOS DE SALUD; Y OTROS ELEMENTOS COMPLEMENTARIOS PARA LA ATENCIÓN DEL USUARIO";0101;FALTA DE OPORTUNIDAD EN LA PRESTACIÓN DE TECNOLOGÍAS EN SALUD Y OTROS ELEMENTOS COMPLEMENTARIOS PARA LA ATENCIÓN DEL USUARIO;010101;FALTA DE OPORTUNIDAD EN LAS CITAS O CONSULTAS;01010103;ESPECIALIDADES MÉDICAS ;01010103082;PEDIATRÍA;MATERNO INFANTIL;ATENCIÓN NIÑOS MENORES DE 5 AÑOS;COLITIS Y GASTROENTERITIS NO INFECCIOSAS, NO ESPECIFICADAS;No aplica;SIMPLE
131;2024;7;Web;76;76001;US- 000002727223;A nombre propio;HOMBRE;32;DE 30 A 37 AÑOS;No Aplica;Contributivo;No Aplica;No Aplica;76;76001;SURAMERICANA EPS;RÉGIMEN CONTRIBUTIVO;EPS010;EPS SURA;76;76001;01;"BARRERAS EN EL ACCESO A TECNOLOGÍAS Y SERVICIOS DE SALUD; Y OTROS ELEMENTOS COMPLEMENTARIOS PARA LA ATENCIÓN DEL USUARIO";0101;FALTA DE OPORTUNIDAD EN LA PRESTACIÓN DE TECNOLOGÍAS EN SALUD Y OTROS ELEMENTOS COMPLEMENTARIOS PARA LA ATENCIÓN DEL USUARIO;010104;FALTA DE OPORTUNIDAD EN LA ENTREGA O ENTREGA INCOMPLETA DE TECNOLOGÍAS EN SALUD Y/O PRESTACIÓN DE OTROS SERVICIOS;01010401;MEDICAMENTOS UPC;;;PROBLEMAS RELACIONADOS CON FACILIDADES DE ATENCIÓN MÉDICA U OTROS SERVICIOS DE SALUD;PROBLEMAS RELACIONADOS CON FACILIDADES DE ATENCIÓN MÉDICA U OTROS SERVICIOS DE SALUD;PROBLEMAS RELACIONADOS CON FACILIDADES DE ATENCIÓN MEDICA U OTROS SERVICIOS DE SALUD;No aplica;SIMPLE
132;2024;7;Telefónico;11;11001;US- 000004066406;Cónyuge;HOMBRE;26;DE 25 A 29 AÑOS;Secundaria;Subsidiado;No Aplica;No Aplica;11;11001;NUEVA EPS;RÉGIMEN CONTRIBUTIVO;EPS037;NUEVA EPS;11;11001;01;"BARRERAS EN EL ACCESO A TECNOLOGÍAS Y SERVICIOS DE SALUD; Y OTROS ELEMENTOS COMPLEMENTARIOS PARA LA ATENCIÓN DEL USUARIO";0102;NEGACIÓN DE TECNOLOGÍAS EN SALUD Y OTROS ELEMENTOS COMPLEMENTARIOS PARA LA ATENCIÓN DEL USUARIO;010201;NEGACIÓN EN LA ASIGNACIÓN DE CITAS O CONSULTAS;01020103;ESPECIALIDADES MÉDICAS ;01020103075;OFTALMOLOGÍA;PROBLEMAS RELACIONADOS CON FACILIDADES DE ATENCIÓN MÉDICA U OTROS SERVICIOS DE SALUD;PROBLEMAS RELACIONADOS CON FACILIDADES DE ATENCIÓN MÉDICA U OTROS SERVICIOS DE SALUD;CUERPO EXTRAÑO EN PARTE EXTERNA DEL OJO, SITIO NO ESPECIFICADO;No aplica;SIMPLE
133;2024;7;Web;73;73001;US- 000003222448;Otro;MUJER;62;DE 50 A 62 AÑOS;No Aplica;Contributivo;No Aplica;No Aplica;73;73001;SALUD TOTAL;RÉGIMEN CONTRIBUTIVO;EPS002;SALUD TOTAL;73;73001;04;INSATISFACCIÓN DEL USUARIO CON EL PROCESO ADMINISTRATIVO;0405;PROBLEMAS EN EL RECONOCIMIENTO Y/O PAGO DE PRESTACIONES ECONÓMICAS;040502;NEGACIÓN Y/O FALTA DE OPORTUNIDAD EN EL RECONOCIMIENTO DE REEMBOLSOS;04050201;PRODUCTOS MÉDICOS (MEDICAMENTOS Y DISPOSITIVOS MÉDICOS);;;PROBLEMAS RELACIONADOS CON FACILIDADES DE ATENCIÓN MÉDICA U OTROS SERVICIOS DE SALUD;PROBLEMAS RELACIONADOS CON FACILIDADES DE ATENCIÓN MÉDICA U OTROS SERVICIOS DE SALUD;OTROS PROBLEMAS RELACIONADOS CON SERVICIOS MÉDICOS Y DE SALUD;No aplica;SIMPLE
134;2024;7;Redes Sociales;86;86571;US- 000004066407;A nombre propio;MUJER;25;DE 25 A 29 AÑOS;No Aplica;Subsidiado;No Aplica;No Aplica;86;86571;ASOCIACIÓN INDÍGENA DEL CAUCA (AIC) -EPSI;RÉGIMEN SUBSIDIADO;EPSI03;AIC - ASOCIACIÓN INDÍGENA DEL CAUCA (EPS-I CAUCA);86;86571;01;"BARRERAS EN EL ACCESO A TECNOLOGÍAS Y SERVICIOS DE SALUD; Y OTROS ELEMENTOS COMPLEMENTARIOS PARA LA ATENCIÓN DEL USUARIO";0101;FALTA DE OPORTUNIDAD EN LA PRESTACIÓN DE TECNOLOGÍAS EN SALUD Y OTROS ELEMENTOS COMPLEMENTARIOS PARA LA ATENCIÓN DEL USUARIO;010103;FALTA DE OPORTUNIDAD EN LA ATENCIÓN EN OTROS SERVICIOS DE SALUD;01010308;PROCEDIMIENTOS NO QUIRÚRGICOS;01010308002;LABORATORIO CLÍNICO Y ANATOMOPATOLÓGICO;ENFERMEDAD TRANSMITIDA POR VECTORES;MALARIA, DENGUE;FIEBRE DEL DENGUE HEMORRÁGICO;No aplica;PRIORIZADO
135;2024;7;Web;11;11001;US- 000003209097;A nombre propio;MUJER;44;DE 38 A 49 AÑOS;No Aplica;Contributivo;No Aplica;No Aplica;11;11001;SANITAS;RÉGIMEN CONTRIBUTIVO;EPS005;SANITAS;11;11001;01;"BARRERAS EN EL ACCESO A TECNOLOGÍAS Y SERVICIOS DE SALUD; Y OTROS ELEMENTOS COMPLEMENTARIOS PARA LA ATENCIÓN DEL USUARIO";0101;FALTA DE OPORTUNIDAD EN LA PRESTACIÓN DE TECNOLOGÍAS EN SALUD Y OTROS ELEMENTOS COMPLEMENTARIOS PARA LA ATENCIÓN DEL USUARIO;010104;FALTA DE OPORTUNIDAD EN LA ENTREGA O ENTREGA INCOMPLETA DE TECNOLOGÍAS EN SALUD Y/O PRESTACIÓN DE OTROS SERVICIOS;01010401;MEDICAMENTOS UPC;;;ENFERMEDADES NEUROLÓGICAS;EPILEPSIA;EPILEPSIA;No aplica;PRIORIZADO
136;2024;7;Chat;76;76892;US- 000004024965;Hermano (A);MUJER;49;DE 38 A 49 AÑOS;Secundaria;Subsidiado;No Aplica;No Aplica;76;76892;COMFENALCO VALLE;RÉGIMEN CONTRIBUTIVO;EPS012;COMFENALCO  VALLE;76;76892;01;"BARRERAS EN EL ACCESO A TECNOLOGÍAS Y SERVICIOS DE SALUD; Y OTROS ELEMENTOS COMPLEMENTARIOS PARA LA ATENCIÓN DEL USUARIO";0101;FALTA DE OPORTUNIDAD EN LA PRESTACIÓN DE TECNOLOGÍAS EN SALUD Y OTROS ELEMENTOS COMPLEMENTARIOS PARA LA ATENCIÓN DEL USUARIO;010103;FALTA DE OPORTUNIDAD EN LA ATENCIÓN EN OTROS SERVICIOS DE SALUD;01010302;HOSPITALIZACIÓN;;;CÁNCER ;OTROS;TUMOR MALIGNO DEL CUELLO DEL ÚTERO, SIN OTRA ESPECIFICACIÓN;Quimioterapia y radioterapia para el cáncer;PRIORIZADO
137;2024;7;Web;05;05088;US- 000004066408;A nombre propio;MUJER;66;MAYOR DE 63 AÑOS ;No Aplica;Contributivo;No Aplica;No Aplica;05;05088;SURAMERICANA EPS;RÉGIMEN CONTRIBUTIVO;EPS010;EPS SURA;05;05088;01;"BARRERAS EN EL ACCESO A TECNOLOGÍAS Y SERVICIOS DE SALUD; Y OTROS ELEMENTOS COMPLEMENTARIOS PARA LA ATENCIÓN DEL USUARIO";0103;FALTA DE OPORTUNIDAD EN LA AUTORIZACIÓN DE TECNOLOGÍAS EN SALUD Y OTROS ELEMENTOS COMPLEMENTARIOS PARA LA ATENCIÓN DEL USUARIO;010302;FALTA DE OPORTUNIDAD EN LA AUTORIZACIÓN DE CITAS DE CONSULTA;01030213;JUNTA MÉDICA;;;ENFERMEDADES HUÉRFANAS;OTROS;TELANGIECTASIA HEMORRÁGICA HEREDITARIA;No aplica;PRIORIZADO
138;2024;7;Chat;11;11001;US- 000003722128;Madre;HOMBRE;34;DE 30 A 37 AÑOS;Universitario Incompleto;Subsidiado;No Aplica;Persona con discapacidad;11;11001;COMPENSAR;RÉGIMEN CONTRIBUTIVO;EPS008;COMPENSAR;11;11001;01;"BARRERAS EN EL ACCESO A TECNOLOGÍAS Y SERVICIOS DE SALUD; Y OTROS ELEMENTOS COMPLEMENTARIOS PARA LA ATENCIÓN DEL USUARIO";0101;FALTA DE OPORTUNIDAD EN LA PRESTACIÓN DE TECNOLOGÍAS EN SALUD Y OTROS ELEMENTOS COMPLEMENTARIOS PARA LA ATENCIÓN DEL USUARIO;010102;FALTA DE OPORTUNIDAD PARA SERVICIOS DE COMPLEMENTACIÓN TERAPÉUTICA;01010202;TERAPIA RESPIRATORIA;;;ENFERMEDADES CRÓNICAS NO TRASMISIBLES CARDIOVASCULARES;ACV (ACCIDENTE CEREBRO VASCULAR);SECUELAS DE ENFERMEDADES CEREBROVASCULAR;No aplica;PRIORIZADO
139;2024;7;Web;08;08758;US- 000002796208;A nombre propio;MUJER;65;MAYOR DE 63 AÑOS ;No Aplica;Contributivo;No Aplica;No Aplica;08;08758;SALUD TOTAL;RÉGIMEN CONTRIBUTIVO;EPS002;SALUD TOTAL;08;08758;01;"BARRERAS EN EL ACCESO A TECNOLOGÍAS Y SERVICIOS DE SALUD; Y OTROS ELEMENTOS COMPLEMENTARIOS PARA LA ATENCIÓN DEL USUARIO";0101;FALTA DE OPORTUNIDAD EN LA PRESTACIÓN DE TECNOLOGÍAS EN SALUD Y OTROS ELEMENTOS COMPLEMENTARIOS PARA LA ATENCIÓN DEL USUARIO;010105;FALTA DE OPORTUNIDAD EN EL PROCESO DE REFERENCIA Y CONTRARREFERENCIA;;;;;PROBLEMAS RELACIONADOS CON FACILIDADES DE ATENCIÓN MÉDICA U OTROS SERVICIOS DE SALUD;PROBLEMAS RELACIONADOS CON FACILIDADES DE ATENCIÓN MÉDICA U OTROS SERVICIOS DE SALUD;CALCULO DE LAS VÍAS URINARIAS INFERIORES;No aplica;PRIORIZADO
140;2024;7;Telefónico;70;70708;US- 000004066409;A nombre propio;HOMBRE;17;DE 13 A 17 AÑOS;Secundaria;Subsidiado;No Aplica;Persona con discapacidad;70;70708;MUTUAL SER;RÉGIMEN SUBSIDIADO;ESS207;MUTUAL SER;70;70708;01;"BARRERAS EN EL ACCESO A TECNOLOGÍAS Y SERVICIOS DE SALUD; Y OTROS ELEMENTOS COMPLEMENTARIOS PARA LA ATENCIÓN DEL USUARIO";0101;FALTA DE OPORTUNIDAD EN LA PRESTACIÓN DE TECNOLOGÍAS EN SALUD Y OTROS ELEMENTOS COMPLEMENTARIOS PARA LA ATENCIÓN DEL USUARIO;010103;FALTA DE OPORTUNIDAD EN LA ATENCIÓN EN OTROS SERVICIOS DE SALUD;01010305;ATENCIÓN DOMICILIARIA;;;ENFERMEDADES OSTEOARTICULARES;OTROS;OTROS TRAUMATISMO Y LOS NO ESPECIFICADOS DE CABEZA;No aplica;PRIORIZADO
141;2024;7;Personalizado;11;11001;US- 000004066410;Hermano (A);HOMBRE;93;MAYOR DE 63 AÑOS ;Primaria Incompleta;Contributivo;No Aplica;Persona con discapacidad;11;11001;SALUD TOTAL;RÉGIMEN CONTRIBUTIVO;EPS002;SALUD TOTAL;11;11001;01;"BARRERAS EN EL ACCESO A TECNOLOGÍAS Y SERVICIOS DE SALUD; Y OTROS ELEMENTOS COMPLEMENTARIOS PARA LA ATENCIÓN DEL USUARIO";0101;FALTA DE OPORTUNIDAD EN LA PRESTACIÓN DE TECNOLOGÍAS EN SALUD Y OTROS ELEMENTOS COMPLEMENTARIOS PARA LA ATENCIÓN DEL USUARIO;010103;FALTA DE OPORTUNIDAD EN LA ATENCIÓN EN OTROS SERVICIOS DE SALUD;01010302;HOSPITALIZACIÓN;;;ENFERMEDADES CRÓNICAS NO TRANSMISIBLES –RENALES;IRC-ENFERMEDAD RENAL;OTRAS ATENCIONES MEDICAS ESPECIFICADAS;Diálisis peritoneal;PRIORIZADO
142;2024;7;Redes Sociales;86;86865;US- 000003956058;A nombre propio;HOMBRE;64;MAYOR DE 63 AÑOS ;No Aplica;Subsidiado;No Aplica;No Aplica;86;86865;NUEVA EPS;RÉGIMEN SUBSIDIADO;EPSS41;NUEVA EPS;86;86865;01;"BARRERAS EN EL ACCESO A TECNOLOGÍAS Y SERVICIOS DE SALUD; Y OTROS ELEMENTOS COMPLEMENTARIOS PARA LA ATENCIÓN DEL USUARIO";0102;NEGACIÓN DE TECNOLOGÍAS EN SALUD Y OTROS ELEMENTOS COMPLEMENTARIOS PARA LA ATENCIÓN DEL USUARIO;010204;NEGACIÓN PARA LA ENTREGA DE TECNOLOGÍAS EN SALUD Y/O DE OTROS SERVICIOS AUTORIZADOS;01020401;MEDICAMENTOS UPC;;;ENFERMEDADES CRÓNICAS NO TRASMISIBLES CARDIOVASCULARES;HTA (HIPERTENSIÓN ARTERIAL);HIPERTENSIÓN ESENCIAL (PRIMARIA);No aplica;SIMPLE
143;2024;7;Telefónico;11;11001;US- 000000783515;Hermano (A);HOMBRE;26;DE 25 A 29 AÑOS;Secundaria;Subsidiado;No Aplica;No Aplica;11;11001;FAMISANAR;RÉGIMEN CONTRIBUTIVO;EPS017;FAMISANAR;11;11001;01;"BARRERAS EN EL ACCESO A TECNOLOGÍAS Y SERVICIOS DE SALUD; Y OTROS ELEMENTOS COMPLEMENTARIOS PARA LA ATENCIÓN DEL USUARIO";0102;NEGACIÓN DE TECNOLOGÍAS EN SALUD Y OTROS ELEMENTOS COMPLEMENTARIOS PARA LA ATENCIÓN DEL USUARIO;010201;NEGACIÓN EN LA ASIGNACIÓN DE CITAS O CONSULTAS;01020103;ESPECIALIDADES MÉDICAS ;01020103006;CARDIOLOGÍA;ENFERMEDADES CRÓNICAS NO TRASMISIBLES CARDIOVASCULARES;OTROS;OTRAS ARRITMIAS CARDIACAS;No aplica;SIMPLE
144;2024;7;Web;15;15001;US- 000002849815;A nombre propio;MUJER;65;MAYOR DE 63 AÑOS ;No Aplica;Régimen Especial;No Aplica;No Aplica;15;15001;MAGISTERIO;REGÍMENES DE EXCEPCIÓN Y ESPECIALES;REMG01;MAGISTERIO;15;15001;01;"BARRERAS EN EL ACCESO A TECNOLOGÍAS Y SERVICIOS DE SALUD; Y OTROS ELEMENTOS COMPLEMENTARIOS PARA LA ATENCIÓN DEL USUARIO";0101;FALTA DE OPORTUNIDAD EN LA PRESTACIÓN DE TECNOLOGÍAS EN SALUD Y OTROS ELEMENTOS COMPLEMENTARIOS PARA LA ATENCIÓN DEL USUARIO;010104;FALTA DE OPORTUNIDAD EN LA ENTREGA O ENTREGA INCOMPLETA DE TECNOLOGÍAS EN SALUD Y/O PRESTACIÓN DE OTROS SERVICIOS;01010401;MEDICAMENTOS UPC;;;CÁNCER ;OTROS;TUMOR MALIGNO DE LA GLÁNDULA TIROIDES;No aplica;PRIORIZADO
145;2024;7;Telefónico;11;11001;US- 000000802309;A nombre propio;MUJER;34;DE 30 A 37 AÑOS;Universitario;Contributivo;No Aplica;No Aplica;11;11001;FAMISANAR;RÉGIMEN CONTRIBUTIVO;EPS017;FAMISANAR;11;11001;01;"BARRERAS EN EL ACCESO A TECNOLOGÍAS Y SERVICIOS DE SALUD; Y OTROS ELEMENTOS COMPLEMENTARIOS PARA LA ATENCIÓN DEL USUARIO";0102;NEGACIÓN DE TECNOLOGÍAS EN SALUD Y OTROS ELEMENTOS COMPLEMENTARIOS PARA LA ATENCIÓN DEL USUARIO;010201;NEGACIÓN EN LA ASIGNACIÓN DE CITAS O CONSULTAS;01020103;ESPECIALIDADES MÉDICAS ;01020103072;NEUROLOGÍA;ENFERMEDADES OSTEOARTICULARES;OTROS;ESCOLIOSIS;No aplica;SIMPLE
146;2024;7;Web;23;23555;US- 000004066411;Madre;HOMBRE;78;MAYOR DE 63 AÑOS ;No Aplica;Contributivo;No Aplica;No Aplica;23;23555;NUEVA EPS;RÉGIMEN CONTRIBUTIVO;EPS037;NUEVA EPS;23;23555;01;"BARRERAS EN EL ACCESO A TECNOLOGÍAS Y SERVICIOS DE SALUD; Y OTROS ELEMENTOS COMPLEMENTARIOS PARA LA ATENCIÓN DEL USUARIO";0101;FALTA DE OPORTUNIDAD EN LA PRESTACIÓN DE TECNOLOGÍAS EN SALUD Y OTROS ELEMENTOS COMPLEMENTARIOS PARA LA ATENCIÓN DEL USUARIO;010103;FALTA DE OPORTUNIDAD EN LA ATENCIÓN EN OTROS SERVICIOS DE SALUD;01010309;PROCEDIMIENTOS QUIRÚRGICOS;01010309003;OTROS PROCEDIMIENTOS QUIRÚRGICOS;ENFERMEDADES CRÓNICAS NO TRASMISIBLES CARDIOVASCULARES;OTROS;ENFERMEDAD CARDIACA, NO ESPECIFICADA;Manejo quirúrgico para enfermedades del corazón;PRIORIZADO
147;2024;7;Chat;11;11001;US- 000003988814;Hermano (A);MUJER;38;DE 38 A 49 AÑOS;Universitario Incompleto;Contributivo;No Aplica;No Aplica;11;11001;SANITAS;RÉGIMEN CONTRIBUTIVO;EPS005;SANITAS;11;11001;01;"BARRERAS EN EL ACCESO A TECNOLOGÍAS Y SERVICIOS DE SALUD; Y OTROS ELEMENTOS COMPLEMENTARIOS PARA LA ATENCIÓN DEL USUARIO";0101;FALTA DE OPORTUNIDAD EN LA PRESTACIÓN DE TECNOLOGÍAS EN SALUD Y OTROS ELEMENTOS COMPLEMENTARIOS PARA LA ATENCIÓN DEL USUARIO;010101;FALTA DE OPORTUNIDAD EN LAS CITAS O CONSULTAS;01010103;ESPECIALIDADES MÉDICAS ;01010103076;ONCOLOGÍA;CÁNCER ;CÁNCER DE ÚTERO;TUMOR MALIGNO DEL CUELLO DEL ÚTERO;Quimioterapia y radioterapia para el cáncer;PRIORIZADO
148;2024;7;Web;05;05001;US- 000004066412;A nombre propio;HOMBRE;25;DE 25 A 29 AÑOS;No Aplica;Contributivo;No Aplica;No Aplica;05;05001;COOSALUD;RÉGIMEN SUBSIDIADO;ESS024;COOSALUD;05;05001;01;"BARRERAS EN EL ACCESO A TECNOLOGÍAS Y SERVICIOS DE SALUD; Y OTROS ELEMENTOS COMPLEMENTARIOS PARA LA ATENCIÓN DEL USUARIO";0102;NEGACIÓN DE TECNOLOGÍAS EN SALUD Y OTROS ELEMENTOS COMPLEMENTARIOS PARA LA ATENCIÓN DEL USUARIO;010201;NEGACIÓN EN LA ASIGNACIÓN DE CITAS O CONSULTAS;01020103;ESPECIALIDADES MÉDICAS ;01020103010;CIRUGÍA CARDIOVASCULAR;ENFERMEDADES CRÓNICAS NO TRASMISIBLES CARDIOVASCULARES;OTROS;DEFECTO DEL TABIQUE VENTRICULAR;No aplica;PRIORIZADO
149;2024;7;Web;11;11001;US- 000001131702;A nombre propio;MUJER;72;MAYOR DE 63 AÑOS ;No Aplica;Subsidiado;No Aplica;No Aplica;11;11001;CAPITAL SALUD;RÉGIMEN SUBSIDIADO;EPSS34;CAPITAL SALUD;11;11001;01;"BARRERAS EN EL ACCESO A TECNOLOGÍAS Y SERVICIOS DE SALUD; Y OTROS ELEMENTOS COMPLEMENTARIOS PARA LA ATENCIÓN DEL USUARIO";0102;NEGACIÓN DE TECNOLOGÍAS EN SALUD Y OTROS ELEMENTOS COMPLEMENTARIOS PARA LA ATENCIÓN DEL USUARIO;010203;NEGACIÓN EN LA ATENCIÓN EN OTROS SERVICIOS DE SALUD;01020308;PROCEDIMIENTOS NO QUIRÚRGICOS;01020308001;IMAGENOLOGÍA;PROBLEMAS RELACIONADOS CON FACILIDADES DE ATENCIÓN MÉDICA U OTROS SERVICIOS DE SALUD;PROBLEMAS RELACIONADOS CON FACILIDADES DE ATENCIÓN MÉDICA U OTROS SERVICIOS DE SALUD;GLAUCOMA, NO ESPECIFICADO;No aplica;SIMPLE
150;2024;7;Web;11;11001;US- 000004066413;A nombre propio;HOMBRE;86;MAYOR DE 63 AÑOS ;No Aplica;Contributivo;No Aplica;No Aplica;11;11001;COMPENSAR;RÉGIMEN CONTRIBUTIVO;EPS008;COMPENSAR;11;11001;01;"BARRERAS EN EL ACCESO A TECNOLOGÍAS Y SERVICIOS DE SALUD; Y OTROS ELEMENTOS COMPLEMENTARIOS PARA LA ATENCIÓN DEL USUARIO";0101;FALTA DE OPORTUNIDAD EN LA PRESTACIÓN DE TECNOLOGÍAS EN SALUD Y OTROS ELEMENTOS COMPLEMENTARIOS PARA LA ATENCIÓN DEL USUARIO;010104;FALTA DE OPORTUNIDAD EN LA ENTREGA O ENTREGA INCOMPLETA DE TECNOLOGÍAS EN SALUD Y/O PRESTACIÓN DE OTROS SERVICIOS;01010403;DISPOSITIVOS MÉDICOS UPC;;;ENFERMEDADES CRÓNICAS NO TRANSMISIBLES –DIABETES;DIABETES;DIABETES MELLITUS INSULINODEPENDIENTE;No aplica;PRIORIZADO
151;2024;7;Telefónico;66;66001;US- 000000079398;A nombre propio;MUJER;38;DE 38 A 49 AÑOS;Universitario Incompleto;Contributivo;No Aplica;Persona con discapacidad;66;66001;SOS -SERVICIO OCCIDENTAL DE SALUD;RÉGIMEN CONTRIBUTIVO;EPS018;SERVICIO OCCIDENTAL DE SALUD (SOS);66;66001;01;"BARRERAS EN EL ACCESO A TECNOLOGÍAS Y SERVICIOS DE SALUD; Y OTROS ELEMENTOS COMPLEMENTARIOS PARA LA ATENCIÓN DEL USUARIO";0103;FALTA DE OPORTUNIDAD EN LA AUTORIZACIÓN DE TECNOLOGÍAS EN SALUD Y OTROS ELEMENTOS COMPLEMENTARIOS PARA LA ATENCIÓN DEL USUARIO;010301;FALTA DE OPORTUNIDAD EN LA AUTORIZACIÓN DE TECNOLOGÍAS EN SALUD Y/O DE OTROS SERVICIOS;01030101;MEDICAMENTOS UPC;;;ENFERMEDADES CRÓNICAS NO TRANSMISIBLES- FACTORES DE RIESGO;MEDICIÓN DE FACTORES DE RIESGO;OTRAS MIOPATÍAS;No aplica;SIMPLE
152;2024;7;Telefónico;54;54498;US- 000004043170;Madre;HOMBRE;13;DE 13 A 17 AÑOS;Secundaria Incompleta;Subsidiado;No Aplica;Desplazado;54;54498;COOSALUD;RÉGIMEN SUBSIDIADO;ESS024;COOSALUD;54;54498;01;"BARRERAS EN EL ACCESO A TECNOLOGÍAS Y SERVICIOS DE SALUD; Y OTROS ELEMENTOS COMPLEMENTARIOS PARA LA ATENCIÓN DEL USUARIO";0101;FALTA DE OPORTUNIDAD EN LA PRESTACIÓN DE TECNOLOGÍAS EN SALUD Y OTROS ELEMENTOS COMPLEMENTARIOS PARA LA ATENCIÓN DEL USUARIO;010101;FALTA DE OPORTUNIDAD EN LAS CITAS O CONSULTAS;01010103;ESPECIALIDADES MÉDICAS ;01010103033;DERMATOLOGÍA;PROBLEMAS RELACIONADOS CON FACILIDADES DE ATENCIÓN MÉDICA U OTROS SERVICIOS DE SALUD;PROBLEMAS RELACIONADOS CON FACILIDADES DE ATENCIÓN MÉDICA U OTROS SERVICIOS DE SALUD;ALERGIA NO ESPECIFICADA;No aplica;SIMPLE
153;2024;7;Web;11;11001;US- 000004066414;Madre;MUJER;3;DE 0 A 5 AÑOS;No Aplica;Subsidiado;No Aplica;No Aplica;11;11001;CAPITAL SALUD;RÉGIMEN SUBSIDIADO;EPSS34;CAPITAL SALUD;11;11001;01;"BARRERAS EN EL ACCESO A TECNOLOGÍAS Y SERVICIOS DE SALUD; Y OTROS ELEMENTOS COMPLEMENTARIOS PARA LA ATENCIÓN DEL USUARIO";0102;NEGACIÓN DE TECNOLOGÍAS EN SALUD Y OTROS ELEMENTOS COMPLEMENTARIOS PARA LA ATENCIÓN DEL USUARIO;010201;NEGACIÓN EN LA ASIGNACIÓN DE CITAS O CONSULTAS;01020103;ESPECIALIDADES MÉDICAS ;01020103082;PEDIATRÍA;MATERNO INFANTIL;ATENCIÓN NIÑOS MENORES DE 5 AÑOS;LESIÓN DE SITIOS CONTIGUOS DE LA PIEL;No aplica;SIMPLE
154;2024;7;Web;47;47001;US- 000001579862;Hijo (A);MUJER;73;MAYOR DE 63 AÑOS ;No Aplica;Régimen Especial;No Aplica;No Aplica;47;47001;FERROCARRILES;ENTIDADES ADAPTADAS AL SISTEMA;EAS027;FONDO DE PASIVO SOCIAL DE FERROCARRILES NACIONALES DE COLOMBIA.;47;47001;01;"BARRERAS EN EL ACCESO A TECNOLOGÍAS Y SERVICIOS DE SALUD; Y OTROS ELEMENTOS COMPLEMENTARIOS PARA LA ATENCIÓN DEL USUARIO";0102;NEGACIÓN DE TECNOLOGÍAS EN SALUD Y OTROS ELEMENTOS COMPLEMENTARIOS PARA LA ATENCIÓN DEL USUARIO;010202;NEGACIÓN DE SERVICIOS DE COMPLEMENTACIÓN TERAPÉUTICA;01020209;OTRAS TERAPIAS;;;PROBLEMAS RELACIONADOS CON FACILIDADES DE ATENCIÓN MÉDICA U OTROS SERVICIOS DE SALUD;PROBLEMAS RELACIONADOS CON FACILIDADES DE ATENCIÓN MÉDICA U OTROS SERVICIOS DE SALUD;TEMBLOR NO ESPECIFICADO;No aplica;SIMPLE
155;2024;7;Chat;76;76001;US- 000002449843;A nombre propio;HOMBRE;66;MAYOR DE 63 AÑOS ;Universitario;Contributivo;No Aplica;No Aplica;76;76001;SOS -SERVICIO OCCIDENTAL DE SALUD;RÉGIMEN CONTRIBUTIVO;EPS018;SERVICIO OCCIDENTAL DE SALUD (SOS);76;76001;01;"BARRERAS EN EL ACCESO A TECNOLOGÍAS Y SERVICIOS DE SALUD; Y OTROS ELEMENTOS COMPLEMENTARIOS PARA LA ATENCIÓN DEL USUARIO";0101;FALTA DE OPORTUNIDAD EN LA PRESTACIÓN DE TECNOLOGÍAS EN SALUD Y OTROS ELEMENTOS COMPLEMENTARIOS PARA LA ATENCIÓN DEL USUARIO;010101;FALTA DE OPORTUNIDAD EN LAS CITAS O CONSULTAS;01010103;ESPECIALIDADES MÉDICAS ;01010103076;ONCOLOGÍA;CÁNCER ;CÁNCER DE PRÓSTATA;TUMOR MALIGNO DE LA PRÓSTATA;No aplica;PRIORIZADO
156;2024;7;Web;76;76001;US- 000004066415;A nombre propio;MUJER;6;DE 6 A 12 AÑOS;No Aplica;Contributivo;No Aplica;No Aplica;76;76001;SURAMERICANA EPS;RÉGIMEN CONTRIBUTIVO;EPS010;EPS SURA;76;76001;02;INSATISFACCIÓN RELACIONADA CON LA ATENCIÓN EN SALUD;0201;INSATISFACCIÓN RELACIONADA CON LA ATENCIÓN EN SALUD POR FALTA DE OPORTUNIDAD;020101;INSATISFACCIÓN POR FALTA DE OPORTUNIDAD EN LA ATENCIÓN POR PARTE DEL PERSONAL DE SALUD;02010104;SERVICIO DE URGENCIAS;;;ENFERMEDADES CRÓNICAS NO TRANSMISIBLES- FACTORES DE RIESGO;MEDICIÓN DE FACTORES DE RIESGO;OTROS PROBLEMAS RELACIONADOS CON SERVICIOS MÉDICOS Y DE SALUD;No aplica;PRIORIZADO
157;2024;7;Telefónico;47;47551;US- 000003590600;A nombre propio;MUJER;39;DE 38 A 49 AÑOS;Secundaria;Contributivo;No Aplica;Desplazado;47;47551;COOSALUD;RÉGIMEN SUBSIDIADO;ESS024;COOSALUD;47;47551;01;"BARRERAS EN EL ACCESO A TECNOLOGÍAS Y SERVICIOS DE SALUD; Y OTROS ELEMENTOS COMPLEMENTARIOS PARA LA ATENCIÓN DEL USUARIO";0102;NEGACIÓN DE TECNOLOGÍAS EN SALUD Y OTROS ELEMENTOS COMPLEMENTARIOS PARA LA ATENCIÓN DEL USUARIO;010204;NEGACIÓN PARA LA ENTREGA DE TECNOLOGÍAS EN SALUD Y/O DE OTROS SERVICIOS AUTORIZADOS;01020401;MEDICAMENTOS UPC;;;PROBLEMAS RELACIONADOS CON FACILIDADES DE ATENCIÓN MÉDICA U OTROS SERVICIOS DE SALUD;PROBLEMAS RELACIONADOS CON FACILIDADES DE ATENCIÓN MÉDICA U OTROS SERVICIOS DE SALUD;INFECCIÓN DEBIDA A EL VIRUS DEL HERPES, NO ESPECIFICADA;No aplica;SIMPLE
158;2024;7;Web;05;05088;US- 000000330523;A nombre propio;HOMBRE;45;DE 38 A 49 AÑOS;No Aplica;Régimen Especial;No Aplica;No Aplica;05;05088;MAGISTERIO;REGÍMENES DE EXCEPCIÓN Y ESPECIALES;REMG01;MAGISTERIO;05;05001;01;"BARRERAS EN EL ACCESO A TECNOLOGÍAS Y SERVICIOS DE SALUD; Y OTROS ELEMENTOS COMPLEMENTARIOS PARA LA ATENCIÓN DEL USUARIO";0101;FALTA DE OPORTUNIDAD EN LA PRESTACIÓN DE TECNOLOGÍAS EN SALUD Y OTROS ELEMENTOS COMPLEMENTARIOS PARA LA ATENCIÓN DEL USUARIO;010104;FALTA DE OPORTUNIDAD EN LA ENTREGA O ENTREGA INCOMPLETA DE TECNOLOGÍAS EN SALUD Y/O PRESTACIÓN DE OTROS SERVICIOS;01010401;MEDICAMENTOS UPC;;;PROBLEMAS RELACIONADOS CON FACILIDADES DE ATENCIÓN MÉDICA U OTROS SERVICIOS DE SALUD;PROBLEMAS RELACIONADOS CON FACILIDADES DE ATENCIÓN MÉDICA U OTROS SERVICIOS DE SALUD;OTROS PROBLEMAS RELACIONADOS CON SERVICIOS MÉDICOS Y DE SALUD;No aplica;SIMPLE
159;2024;7;Web;50;50001;US- 000002464597;Hijo (A);MUJER;67;MAYOR DE 63 AÑOS ;No Aplica;Contributivo;No Aplica;No Aplica;50;50001;NUEVA EPS;RÉGIMEN CONTRIBUTIVO;EPS037;NUEVA EPS;50;50001;01;"BARRERAS EN EL ACCESO A TECNOLOGÍAS Y SERVICIOS DE SALUD; Y OTROS ELEMENTOS COMPLEMENTARIOS PARA LA ATENCIÓN DEL USUARIO";0102;NEGACIÓN DE TECNOLOGÍAS EN SALUD Y OTROS ELEMENTOS COMPLEMENTARIOS PARA LA ATENCIÓN DEL USUARIO;010201;NEGACIÓN EN LA ASIGNACIÓN DE CITAS O CONSULTAS;01020103;ESPECIALIDADES MÉDICAS ;01020103046;GINECOLOGÍA ONCOLÓGICA;PROBLEMAS RELACIONADOS CON FACILIDADES DE ATENCIÓN MÉDICA U OTROS SERVICIOS DE SALUD;PROBLEMAS RELACIONADOS CON FACILIDADES DE ATENCIÓN MÉDICA U OTROS SERVICIOS DE SALUD;OTROS PROBLEMAS RELACIONADOS CON SERVICIOS MÉDICOS Y DE SALUD;No aplica;SIMPLE
160;2024;7;Telefónico;05;05001;US- 000004066416;Madre;MUJER;87;MAYOR DE 63 AÑOS ;Primaria;Contributivo;No Aplica;Víctima del conflicto armado;05;05001;SURAMERICANA EPS;RÉGIMEN CONTRIBUTIVO;EPS010;EPS SURA;05;05001;01;"BARRERAS EN EL ACCESO A TECNOLOGÍAS Y SERVICIOS DE SALUD; Y OTROS ELEMENTOS COMPLEMENTARIOS PARA LA ATENCIÓN DEL USUARIO";0101;FALTA DE OPORTUNIDAD EN LA PRESTACIÓN DE TECNOLOGÍAS EN SALUD Y OTROS ELEMENTOS COMPLEMENTARIOS PARA LA ATENCIÓN DEL USUARIO;010103;FALTA DE OPORTUNIDAD EN LA ATENCIÓN EN OTROS SERVICIOS DE SALUD;01010305;ATENCIÓN DOMICILIARIA;;;ENFERMEDADES CRÓNICAS NO TRANSMISIBLES RESPIRATORIAS;EPOC (ENFERMEDAD PULMONAR OBSTRUCTIVA CRÓNICA, BRONQUITIS CRÓNICA O ENFISEMA);ENFERMEDAD PULMONAR OBSTRUCTIVA CRÓNICA, NO ESPECIFICADA;No aplica;SIMPLE
161;2024;7;Chat;05;05001;US- 000004066417;Otro;MUJER;28;DE 25 A 29 AÑOS;Universitario Incompleto;No aplica;No Aplica;No Aplica;05;05001;DIRECCIÓN SECCIONAL DE SALUD DE ANTIOQUIA;ENTIDADES TERRITORIALES;999998;DIRECCION SECCIONAL DE SALUD DE ANTIOQUIA;05;05001;01;"BARRERAS EN EL ACCESO A TECNOLOGÍAS Y SERVICIOS DE SALUD; Y OTROS ELEMENTOS COMPLEMENTARIOS PARA LA ATENCIÓN DEL USUARIO";0101;FALTA DE OPORTUNIDAD EN LA PRESTACIÓN DE TECNOLOGÍAS EN SALUD Y OTROS ELEMENTOS COMPLEMENTARIOS PARA LA ATENCIÓN DEL USUARIO;010105;FALTA DE OPORTUNIDAD EN EL PROCESO DE REFERENCIA Y CONTRARREFERENCIA;;;;;ENFERMEDADES OSTEOARTICULARES;OTROS;HERIDA DE LA PIERNA, PARTE NO ESPECIFICADA;No aplica;PRIORIZADO
162;2024;7;Web;11;11001;US- 000004066418;A nombre propio;MUJER;52;DE 50 A 62 AÑOS;No Aplica;Contributivo;No Aplica;No Aplica;11;11001;SANITAS;RÉGIMEN CONTRIBUTIVO;EPS005;SANITAS;11;11001;01;"BARRERAS EN EL ACCESO A TECNOLOGÍAS Y SERVICIOS DE SALUD; Y OTROS ELEMENTOS COMPLEMENTARIOS PARA LA ATENCIÓN DEL USUARIO";0101;FALTA DE OPORTUNIDAD EN LA PRESTACIÓN DE TECNOLOGÍAS EN SALUD Y OTROS ELEMENTOS COMPLEMENTARIOS PARA LA ATENCIÓN DEL USUARIO;010103;FALTA DE OPORTUNIDAD EN LA ATENCIÓN EN OTROS SERVICIOS DE SALUD;01010308;PROCEDIMIENTOS NO QUIRÚRGICOS;01010308006;OTROS PROCEDIMIENTOS NO QUIRÚRGICOS;PROBLEMAS RELACIONADOS CON FACILIDADES DE ATENCIÓN MÉDICA U OTROS SERVICIOS DE SALUD;PROBLEMAS RELACIONADOS CON FACILIDADES DE ATENCIÓN MÉDICA U OTROS SERVICIOS DE SALUD;NEURITIS ÓPTICA;No aplica;SIMPLE
163;2024;7;Telefónico;05;05001;US- 000002981172;Madre;HOMBRE;7;DE 6 A 12 AÑOS;Primaria Incompleta;Subsidiado;No Aplica;No Aplica;05;05001;SURAMERICANA EPS;RÉGIMEN CONTRIBUTIVO;EPS010;EPS SURA;05;05001;01;"BARRERAS EN EL ACCESO A TECNOLOGÍAS Y SERVICIOS DE SALUD; Y OTROS ELEMENTOS COMPLEMENTARIOS PARA LA ATENCIÓN DEL USUARIO";0101;FALTA DE OPORTUNIDAD EN LA PRESTACIÓN DE TECNOLOGÍAS EN SALUD Y OTROS ELEMENTOS COMPLEMENTARIOS PARA LA ATENCIÓN DEL USUARIO;010101;FALTA DE OPORTUNIDAD EN LAS CITAS O CONSULTAS;01010103;ESPECIALIDADES MÉDICAS ;01010103079;ORTOPEDIA Y TRAUMATOLOGÍA PEDIÁTRICA;PROBLEMAS RELACIONADOS CON FACILIDADES DE ATENCIÓN MÉDICA U OTROS SERVICIOS DE SALUD;PROBLEMAS RELACIONADOS CON FACILIDADES DE ATENCIÓN MÉDICA U OTROS SERVICIOS DE SALUD;FRACTURA DE OTRAS PARTES Y DE LAS NO ESPECIFICADAS DE LA MUÑECA Y DE LA MANO;No aplica;SIMPLE
164;2024;7;Web;86;86865;US- 000003054222;Madre;HOMBRE;5;DE 0 A 5 AÑOS;No Aplica;Subsidiado;No Aplica;No Aplica;86;86865;NUEVA EPS;RÉGIMEN SUBSIDIADO;EPSS41;NUEVA EPS;86;86865;01;"BARRERAS EN EL ACCESO A TECNOLOGÍAS Y SERVICIOS DE SALUD; Y OTROS ELEMENTOS COMPLEMENTARIOS PARA LA ATENCIÓN DEL USUARIO";0101;FALTA DE OPORTUNIDAD EN LA PRESTACIÓN DE TECNOLOGÍAS EN SALUD Y OTROS ELEMENTOS COMPLEMENTARIOS PARA LA ATENCIÓN DEL USUARIO;010104;FALTA DE OPORTUNIDAD EN LA ENTREGA O ENTREGA INCOMPLETA DE TECNOLOGÍAS EN SALUD Y/O PRESTACIÓN DE OTROS SERVICIOS;01010401;MEDICAMENTOS UPC;;;PROBLEMAS RELACIONADOS CON FACILIDADES DE ATENCIÓN MÉDICA U OTROS SERVICIOS DE SALUD;PROBLEMAS RELACIONADOS CON FACILIDADES DE ATENCIÓN MÉDICA U OTROS SERVICIOS DE SALUD;OTROS PROBLEMAS RELACIONADOS CON SERVICIOS MÉDICOS Y DE SALUD;No aplica;SIMPLE
165;2024;7;Web;76;76001;US- 000003996576;A nombre propio;MUJER;29;DE 25 A 29 AÑOS;No Aplica;Contributivo;Afrocolombiano o Afrodescendiente;No Aplica;76;76001;NUEVA EPS;RÉGIMEN CONTRIBUTIVO;EPS037;NUEVA EPS;76;76001;01;"BARRERAS EN EL ACCESO A TECNOLOGÍAS Y SERVICIOS DE SALUD; Y OTROS ELEMENTOS COMPLEMENTARIOS PARA LA ATENCIÓN DEL USUARIO";0102;NEGACIÓN DE TECNOLOGÍAS EN SALUD Y OTROS ELEMENTOS COMPLEMENTARIOS PARA LA ATENCIÓN DEL USUARIO;010204;NEGACIÓN PARA LA ENTREGA DE TECNOLOGÍAS EN SALUD Y/O DE OTROS SERVICIOS AUTORIZADOS;01020406;SOPORTE NUTRICIONAL;;;ENFERMEDADES CRÓNICAS NO TRANSMISIBLES- FACTORES DE RIESGO;OBESIDAD;OBESIDAD, NO ESPECIFICADA;No aplica;SIMPLE
166;2024;7;Web;11;11001;US- 000004066419;A nombre propio;HOMBRE;24;DE 18 A 24 AÑOS;No Aplica;Contributivo;No Aplica;No Aplica;11;11001;SANITAS;RÉGIMEN CONTRIBUTIVO;EPS005;SANITAS;11;11001;01;"BARRERAS EN EL ACCESO A TECNOLOGÍAS Y SERVICIOS DE SALUD; Y OTROS ELEMENTOS COMPLEMENTARIOS PARA LA ATENCIÓN DEL USUARIO";0101;FALTA DE OPORTUNIDAD EN LA PRESTACIÓN DE TECNOLOGÍAS EN SALUD Y OTROS ELEMENTOS COMPLEMENTARIOS PARA LA ATENCIÓN DEL USUARIO;010101;FALTA DE OPORTUNIDAD EN LAS CITAS O CONSULTAS;01010103;ESPECIALIDADES MÉDICAS ;01010103094;UROLOGÍA;PROBLEMAS RELACIONADOS CON FACILIDADES DE ATENCIÓN MÉDICA U OTROS SERVICIOS DE SALUD;PROBLEMAS RELACIONADOS CON FACILIDADES DE ATENCIÓN MÉDICA U OTROS SERVICIOS DE SALUD;OTRAS HIDRONEFROSIS Y LAS NO ESPECIFICADAS;No aplica;SIMPLE
167;2024;7;Chat;05;05360;US- 000004066420;Madre;HOMBRE;6;DE 6 A 12 AÑOS;Primaria Incompleta;Contributivo;No Aplica;No Aplica;05;05001;SURAMERICANA EPS;RÉGIMEN CONTRIBUTIVO;EPS010;EPS SURA;05;05360;01;"BARRERAS EN EL ACCESO A TECNOLOGÍAS Y SERVICIOS DE SALUD; Y OTROS ELEMENTOS COMPLEMENTARIOS PARA LA ATENCIÓN DEL USUARIO";0101;FALTA DE OPORTUNIDAD EN LA PRESTACIÓN DE TECNOLOGÍAS EN SALUD Y OTROS ELEMENTOS COMPLEMENTARIOS PARA LA ATENCIÓN DEL USUARIO;010102;FALTA DE OPORTUNIDAD PARA SERVICIOS DE COMPLEMENTACIÓN TERAPÉUTICA;01010209;OTRAS TERAPIAS;;;PROBLEMAS RELACIONADOS CON FACILIDADES DE ATENCIÓN MÉDICA U OTROS SERVICIOS DE SALUD;PROBLEMAS RELACIONADOS CON FACILIDADES DE ATENCIÓN MÉDICA U OTROS SERVICIOS DE SALUD;TRASTORNO DEL DESARROLLO DE LAS HABILIDADES ESCOLARES, NO ESPECIFICADO;No aplica;SIMPLE
168;2024;7;Web;73;73001;US- 000002492857;A nombre propio;MUJER;63;MAYOR DE 63 AÑOS ;No Aplica;Contributivo;No Aplica;Persona con discapacidad;73;73001;NUEVA EPS;RÉGIMEN CONTRIBUTIVO;EPS037;NUEVA EPS;73;73001;01;"BARRERAS EN EL ACCESO A TECNOLOGÍAS Y SERVICIOS DE SALUD; Y OTROS ELEMENTOS COMPLEMENTARIOS PARA LA ATENCIÓN DEL USUARIO";0102;NEGACIÓN DE TECNOLOGÍAS EN SALUD Y OTROS ELEMENTOS COMPLEMENTARIOS PARA LA ATENCIÓN DEL USUARIO;010204;NEGACIÓN PARA LA ENTREGA DE TECNOLOGÍAS EN SALUD Y/O DE OTROS SERVICIOS AUTORIZADOS;01020408;TRANSPORTE, ALOJAMIENTO O ALIMENTACIÓN;;;ENFERMEDADES HUÉRFANAS;DISTROFIA MUSCULAR OCULOFARÍNGEA;DISTROFIA MUSCULAR;No aplica;PRIORIZADO
169;2024;7;Web;05;05088;US- 000003628608;A nombre propio;HOMBRE;53;DE 50 A 62 AÑOS;No Aplica;Contributivo;No Aplica;No Aplica;05;05088;SALUD TOTAL;RÉGIMEN CONTRIBUTIVO;EPS002;SALUD TOTAL;05;05088;01;"BARRERAS EN EL ACCESO A TECNOLOGÍAS Y SERVICIOS DE SALUD; Y OTROS ELEMENTOS COMPLEMENTARIOS PARA LA ATENCIÓN DEL USUARIO";0102;NEGACIÓN DE TECNOLOGÍAS EN SALUD Y OTROS ELEMENTOS COMPLEMENTARIOS PARA LA ATENCIÓN DEL USUARIO;010201;NEGACIÓN EN LA ASIGNACIÓN DE CITAS O CONSULTAS;01020103;ESPECIALIDADES MÉDICAS ;01020103002;ANESTESIOLOGÍA;REEMPLAZOS ARTICULARES PROSTÉTICOS DE CADERA O DE RODILLA;REEMPLAZOS ARTICULARES PROSTÉTICOS DE CADERA O DE RODILLA;OBESIDAD;Reemplazos articulares;SIMPLE
170;2024;7;Web;17;17001;US- 000002784904;Otro;MUJER;73;MAYOR DE 63 AÑOS ;No Aplica;Contributivo;No Aplica;No Aplica;17;17001;SURAMERICANA EPS;RÉGIMEN CONTRIBUTIVO;EPS010;EPS SURA;17;17001;01;"BARRERAS EN EL ACCESO A TECNOLOGÍAS Y SERVICIOS DE SALUD; Y OTROS ELEMENTOS COMPLEMENTARIOS PARA LA ATENCIÓN DEL USUARIO";0102;NEGACIÓN DE TECNOLOGÍAS EN SALUD Y OTROS ELEMENTOS COMPLEMENTARIOS PARA LA ATENCIÓN DEL USUARIO;010204;NEGACIÓN PARA LA ENTREGA DE TECNOLOGÍAS EN SALUD Y/O DE OTROS SERVICIOS AUTORIZADOS;01020401;MEDICAMENTOS UPC;;;PROBLEMAS RELACIONADOS CON FACILIDADES DE ATENCIÓN MÉDICA U OTROS SERVICIOS DE SALUD;PROBLEMAS RELACIONADOS CON FACILIDADES DE ATENCIÓN MÉDICA U OTROS SERVICIOS DE SALUD;OTRO DOLOR CRÓNICO;No aplica;SIMPLE
171;2024;7;Web;11;11001;US- 000004066421;Madre;MUJER;1;DE 0 A 5 AÑOS;No Aplica;Contributivo;No Aplica;No Aplica;11;11001;SURAMERICANA EPS;RÉGIMEN CONTRIBUTIVO;EPS010;EPS SURA;11;11001;04;INSATISFACCIÓN DEL USUARIO CON EL PROCESO ADMINISTRATIVO;0405;PROBLEMAS EN EL RECONOCIMIENTO Y/O PAGO DE PRESTACIONES ECONÓMICAS;040501;NO RECONOCIMIENTO Y/O PAGO DE LAS PRESTACIONES ECONÓMICAS;04050107;INCAPACIDAD DE ENFERMEDAD GENERAL;;;MATERNO INFANTIL;ATENCIÓN NIÑOS MENORES DE 5 AÑOS;NEUMONÍA, NO ESPECIFICADA;No aplica;SIMPLE
172;2024;7;Chat;47;47001;US- 000004066422;A nombre propio;HOMBRE;58;DE 50 A 62 AÑOS;Secundaria;Contributivo;No Aplica;No Aplica;47;47001;SANITAS;RÉGIMEN CONTRIBUTIVO;EPS005;SANITAS;47;47001;01;"BARRERAS EN EL ACCESO A TECNOLOGÍAS Y SERVICIOS DE SALUD; Y OTROS ELEMENTOS COMPLEMENTARIOS PARA LA ATENCIÓN DEL USUARIO";0103;FALTA DE OPORTUNIDAD EN LA AUTORIZACIÓN DE TECNOLOGÍAS EN SALUD Y OTROS ELEMENTOS COMPLEMENTARIOS PARA LA ATENCIÓN DEL USUARIO;010304;FALTA DE OPORTUNIDAD EN LA AUTORIZACIÓN DE OTROS SERVICIOS DE SALUD;01030409;PROCEDIMIENTOS QUIRÚRGICOS;01030409003;OTROS PROCEDIMIENTOS QUIRÚRGICOS;PROBLEMAS RELACIONADOS CON FACILIDADES DE ATENCIÓN MÉDICA U OTROS SERVICIOS DE SALUD;PROBLEMAS RELACIONADOS CON FACILIDADES DE ATENCIÓN MÉDICA U OTROS SERVICIOS DE SALUD;HERNIA INGUINAL BILATERAL, SIN OBSTRUCCIÓN NI GANGRENA;No aplica;SIMPLE
173;2024;7;Web;52;52256;US- 000004066423;A nombre propio;MUJER;42;DE 38 A 49 AÑOS;No Aplica;Contributivo;No Aplica;Desplazado;52;52256;NUEVA EPS;RÉGIMEN CONTRIBUTIVO;EPS037;NUEVA EPS;52;52256;04;INSATISFACCIÓN DEL USUARIO CON EL PROCESO ADMINISTRATIVO;0405;PROBLEMAS EN EL RECONOCIMIENTO Y/O PAGO DE PRESTACIONES ECONÓMICAS;040501;NO RECONOCIMIENTO Y/O PAGO DE LAS PRESTACIONES ECONÓMICAS;04050107;INCAPACIDAD DE ENFERMEDAD GENERAL;;;PROBLEMAS RELACIONADOS CON FACILIDADES DE ATENCIÓN MÉDICA U OTROS SERVICIOS DE SALUD;PROBLEMAS RELACIONADOS CON FACILIDADES DE ATENCIÓN MÉDICA U OTROS SERVICIOS DE SALUD;OTROS PROBLEMAS RELACIONADOS CON SERVICIOS MÉDICOS Y DE SALUD;No aplica;SIMPLE
174;2024;7;Web;05;05615;US- 000004066424;A nombre propio;MUJER;41;DE 38 A 49 AÑOS;No Aplica;Contributivo;No Aplica;No Aplica;05;05615;SURAMERICANA EPS;RÉGIMEN CONTRIBUTIVO;EPS010;EPS SURA;05;05615;01;"BARRERAS EN EL ACCESO A TECNOLOGÍAS Y SERVICIOS DE SALUD; Y OTROS ELEMENTOS COMPLEMENTARIOS PARA LA ATENCIÓN DEL USUARIO";0101;FALTA DE OPORTUNIDAD EN LA PRESTACIÓN DE TECNOLOGÍAS EN SALUD Y OTROS ELEMENTOS COMPLEMENTARIOS PARA LA ATENCIÓN DEL USUARIO;010103;FALTA DE OPORTUNIDAD EN LA ATENCIÓN EN OTROS SERVICIOS DE SALUD;01010309;PROCEDIMIENTOS QUIRÚRGICOS;01010309003;OTROS PROCEDIMIENTOS QUIRÚRGICOS;ENFERMEDADES CRÓNICAS NO TRANSMISIBLES- FACTORES DE RIESGO;MEDICIÓN DE FACTORES DE RIESGO;TUMOR DE COMPORTAMIENTO INCIERTO O DESCONOCIDO DEL OVARIO;No aplica;PRIORIZADO
175;2024;7;Web;86;86573;US- 000002579554;A nombre propio;HOMBRE;59;DE 50 A 62 AÑOS;No Aplica;Subsidiado;No Aplica;Persona con discapacidad;86;86573;EMSSANAR EPS;RÉGIMEN SUBSIDIADO;ESS118;EMSSANAR;86;86573;01;"BARRERAS EN EL ACCESO A TECNOLOGÍAS Y SERVICIOS DE SALUD; Y OTROS ELEMENTOS COMPLEMENTARIOS PARA LA ATENCIÓN DEL USUARIO";0103;FALTA DE OPORTUNIDAD EN LA AUTORIZACIÓN DE TECNOLOGÍAS EN SALUD Y OTROS ELEMENTOS COMPLEMENTARIOS PARA LA ATENCIÓN DEL USUARIO;010301;FALTA DE OPORTUNIDAD EN LA AUTORIZACIÓN DE TECNOLOGÍAS EN SALUD Y/O DE OTROS SERVICIOS;01030101;MEDICAMENTOS UPC;;;SALUD MENTAL;OTROS TRASTORNOS MENTALES;ESQUIZOFRENIA PARANOIDE;No aplica;PRIORIZADO
176;2024;7;Chat;15;15804;US- 000001614022;Hijo (A);HOMBRE;71;MAYOR DE 63 AÑOS ;Primaria;Subsidiado;No Aplica;No Aplica;15;15804;CAJACOPI EPS;RÉGIMEN SUBSIDIADO;CCF055;CAJACOPI EPS;15;15804;01;"BARRERAS EN EL ACCESO A TECNOLOGÍAS Y SERVICIOS DE SALUD; Y OTROS ELEMENTOS COMPLEMENTARIOS PARA LA ATENCIÓN DEL USUARIO";0101;FALTA DE OPORTUNIDAD EN LA PRESTACIÓN DE TECNOLOGÍAS EN SALUD Y OTROS ELEMENTOS COMPLEMENTARIOS PARA LA ATENCIÓN DEL USUARIO;010105;FALTA DE OPORTUNIDAD EN EL PROCESO DE REFERENCIA Y CONTRARREFERENCIA;;;;;ENFERMEDADES OSTEOARTICULARES;OTROS;FRACTURA DEL FÉMUR, PARTE NO ESPECIFICADA;No aplica;PRIORIZADO
177;2024;7;Web;76;76364;US- 000004066425;A nombre propio;HOMBRE;59;DE 50 A 62 AÑOS;No Aplica;Contributivo;No Aplica;No Aplica;76;76364;COMFENALCO VALLE;RÉGIMEN CONTRIBUTIVO;EPS012;COMFENALCO  VALLE;76;76001;01;"BARRERAS EN EL ACCESO A TECNOLOGÍAS Y SERVICIOS DE SALUD; Y OTROS ELEMENTOS COMPLEMENTARIOS PARA LA ATENCIÓN DEL USUARIO";0101;FALTA DE OPORTUNIDAD EN LA PRESTACIÓN DE TECNOLOGÍAS EN SALUD Y OTROS ELEMENTOS COMPLEMENTARIOS PARA LA ATENCIÓN DEL USUARIO;010103;FALTA DE OPORTUNIDAD EN LA ATENCIÓN EN OTROS SERVICIOS DE SALUD;01010308;PROCEDIMIENTOS NO QUIRÚRGICOS;01010308006;OTROS PROCEDIMIENTOS NO QUIRÚRGICOS;PROBLEMAS RELACIONADOS CON FACILIDADES DE ATENCIÓN MÉDICA U OTROS SERVICIOS DE SALUD;PROBLEMAS RELACIONADOS CON FACILIDADES DE ATENCIÓN MÉDICA U OTROS SERVICIOS DE SALUD;SINCOPE Y COLAPSO;No aplica;SIMPLE
178;2024;7;Telefónico;68;68001;US- 000002407166;Tío (A);HOMBRE;40;DE 38 A 49 AÑOS;Ninguno;Subsidiado;No Aplica;Persona con discapacidad;68;68001;NUEVA EPS;RÉGIMEN SUBSIDIADO;EPSS41;NUEVA EPS;68;68001;01;"BARRERAS EN EL ACCESO A TECNOLOGÍAS Y SERVICIOS DE SALUD; Y OTROS ELEMENTOS COMPLEMENTARIOS PARA LA ATENCIÓN DEL USUARIO";0102;NEGACIÓN DE TECNOLOGÍAS EN SALUD Y OTROS ELEMENTOS COMPLEMENTARIOS PARA LA ATENCIÓN DEL USUARIO;010204;NEGACIÓN PARA LA ENTREGA DE TECNOLOGÍAS EN SALUD Y/O DE OTROS SERVICIOS AUTORIZADOS;01020401;MEDICAMENTOS UPC;;;ENFERMEDADES OSTEOARTICULARES;NEUROLÓGICAS;RETRASO MENTAL MODERADO;No aplica;SIMPLE
179;2024;7;Web;76;76001;US- 000003866823;A nombre propio;MUJER;49;DE 38 A 49 AÑOS;No Aplica;Contributivo;No Aplica;No Aplica;76;76001;EMSSANAR EPS;RÉGIMEN SUBSIDIADO;ESS118;EMSSANAR;76;76001;01;"BARRERAS EN EL ACCESO A TECNOLOGÍAS Y SERVICIOS DE SALUD; Y OTROS ELEMENTOS COMPLEMENTARIOS PARA LA ATENCIÓN DEL USUARIO";0102;NEGACIÓN DE TECNOLOGÍAS EN SALUD Y OTROS ELEMENTOS COMPLEMENTARIOS PARA LA ATENCIÓN DEL USUARIO;010201;NEGACIÓN EN LA ASIGNACIÓN DE CITAS O CONSULTAS;01020103;ESPECIALIDADES MÉDICAS ;01020103063;MEDICINA INTERNA;PROBLEMAS RELACIONADOS CON FACILIDADES DE ATENCIÓN MÉDICA U OTROS SERVICIOS DE SALUD;PROBLEMAS RELACIONADOS CON FACILIDADES DE ATENCIÓN MÉDICA U OTROS SERVICIOS DE SALUD;OTROS PROBLEMAS RELACIONADOS CON SERVICIOS MÉDICOS Y DE SALUD;No aplica;SIMPLE
180;2024;7;Web;11;11001;US- 000004066426;A nombre propio;HOMBRE;60;DE 50 A 62 AÑOS;No Aplica;Subsidiado;No Aplica;No Aplica;11;11001;CAPITAL SALUD;RÉGIMEN SUBSIDIADO;EPSS34;CAPITAL SALUD;11;11001;01;"BARRERAS EN EL ACCESO A TECNOLOGÍAS Y SERVICIOS DE SALUD; Y OTROS ELEMENTOS COMPLEMENTARIOS PARA LA ATENCIÓN DEL USUARIO";0102;NEGACIÓN DE TECNOLOGÍAS EN SALUD Y OTROS ELEMENTOS COMPLEMENTARIOS PARA LA ATENCIÓN DEL USUARIO;010201;NEGACIÓN EN LA ASIGNACIÓN DE CITAS O CONSULTAS;01020103;ESPECIALIDADES MÉDICAS ;01020103075;OFTALMOLOGÍA;PROBLEMAS RELACIONADOS CON FACILIDADES DE ATENCIÓN MÉDICA U OTROS SERVICIOS DE SALUD;PROBLEMAS RELACIONADOS CON FACILIDADES DE ATENCIÓN MÉDICA U OTROS SERVICIOS DE SALUD;OTROS DESPRENDIMIENTO DE LA RETINA;No aplica;SIMPLE
181;2024;7;Web;05;05088;US- 000004066427;A nombre propio;MUJER;0;DE 0 A 5 AÑOS;No Aplica;Contributivo;No Aplica;No Aplica;05;05088;SURAMERICANA EPS;RÉGIMEN CONTRIBUTIVO;EPS010;EPS SURA;05;05088;01;"BARRERAS EN EL ACCESO A TECNOLOGÍAS Y SERVICIOS DE SALUD; Y OTROS ELEMENTOS COMPLEMENTARIOS PARA LA ATENCIÓN DEL USUARIO";0102;NEGACIÓN DE TECNOLOGÍAS EN SALUD Y OTROS ELEMENTOS COMPLEMENTARIOS PARA LA ATENCIÓN DEL USUARIO;010201;NEGACIÓN EN LA ASIGNACIÓN DE CITAS O CONSULTAS;01020103;ESPECIALIDADES MÉDICAS ;01020103082;PEDIATRÍA;MATERNO INFANTIL;ATENCIÓN NIÑOS MENORES DE 5 AÑOS;CONTROL DE SALUD DE RUTINA DEL NIÑO;No aplica;SIMPLE
182;2024;7;Redes Sociales;76;76001;US- 000004055133;Hijo (A);MUJER;52;DE 50 A 62 AÑOS;Posgrado;Contributivo;No Aplica;No Aplica;76;76001;SANITAS;RÉGIMEN CONTRIBUTIVO;EPS005;SANITAS;76;76001;01;"BARRERAS EN EL ACCESO A TECNOLOGÍAS Y SERVICIOS DE SALUD; Y OTROS ELEMENTOS COMPLEMENTARIOS PARA LA ATENCIÓN DEL USUARIO";0103;FALTA DE OPORTUNIDAD EN LA AUTORIZACIÓN DE TECNOLOGÍAS EN SALUD Y OTROS ELEMENTOS COMPLEMENTARIOS PARA LA ATENCIÓN DEL USUARIO;010304;FALTA DE OPORTUNIDAD EN LA AUTORIZACIÓN DE OTROS SERVICIOS DE SALUD;01030403;UNIDAD DE CUIDADO INTENSIVO;;;PROBLEMAS RELACIONADOS CON FACILIDADES DE ATENCIÓN MÉDICA U OTROS SERVICIOS DE SALUD;PROBLEMAS RELACIONADOS CON FACILIDADES DE ATENCIÓN MÉDICA U OTROS SERVICIOS DE SALUD;OTROS PROBLEMAS RELACIONADOS CON SERVICIOS MÉDICOS Y DE SALUD;Manejo de pacientes en Unidades de cuidados intensivos;RIESGO VITAL
183;2024;7;Web;11;11001;US- 000000619133;Hijo (A);HOMBRE;68;MAYOR DE 63 AÑOS ;No Aplica;Contributivo;No Aplica;No Aplica;11;11001;SANITAS;RÉGIMEN CONTRIBUTIVO;EPS005;SANITAS;11;11001;01;"BARRERAS EN EL ACCESO A TECNOLOGÍAS Y SERVICIOS DE SALUD; Y OTROS ELEMENTOS COMPLEMENTARIOS PARA LA ATENCIÓN DEL USUARIO";0102;NEGACIÓN DE TECNOLOGÍAS EN SALUD Y OTROS ELEMENTOS COMPLEMENTARIOS PARA LA ATENCIÓN DEL USUARIO;010201;NEGACIÓN EN LA ASIGNACIÓN DE CITAS O CONSULTAS;01020103;ESPECIALIDADES MÉDICAS ;01020103075;OFTALMOLOGÍA;PROBLEMAS RELACIONADOS CON FACILIDADES DE ATENCIÓN MÉDICA U OTROS SERVICIOS DE SALUD;PROBLEMAS RELACIONADOS CON FACILIDADES DE ATENCIÓN MÉDICA U OTROS SERVICIOS DE SALUD;BLEFARITIS;No aplica;SIMPLE
184;2024;7;Chat;25;25754;US- 000002764111;Hijo (A);MUJER;87;MAYOR DE 63 AÑOS ;No Aplica;Contributivo;No Aplica;No Aplica;11;11001;NUEVA EPS;RÉGIMEN CONTRIBUTIVO;EPS037;NUEVA EPS;11;11001;01;"BARRERAS EN EL ACCESO A TECNOLOGÍAS Y SERVICIOS DE SALUD; Y OTROS ELEMENTOS COMPLEMENTARIOS PARA LA ATENCIÓN DEL USUARIO";0101;FALTA DE OPORTUNIDAD EN LA PRESTACIÓN DE TECNOLOGÍAS EN SALUD Y OTROS ELEMENTOS COMPLEMENTARIOS PARA LA ATENCIÓN DEL USUARIO;010101;FALTA DE OPORTUNIDAD EN LAS CITAS O CONSULTAS;01010103;ESPECIALIDADES MÉDICAS ;01010103048;HEMATOLOGÍA;ENFERMEDADES CRÓNICAS NO TRASMISIBLES CARDIOVASCULARES;OTROS;ENFERMEDAD MIELOPROLIFERATIVA CRÓNICA;No aplica;PRIORIZADO
185;2024;7;Web;11;11001;US- 000004066428;A nombre propio;HOMBRE;63;MAYOR DE 63 AÑOS ;No Aplica;Contributivo;No Aplica;No Aplica;11;11001;NUEVA EPS;RÉGIMEN CONTRIBUTIVO;EPS037;NUEVA EPS;11;11001;01;"BARRERAS EN EL ACCESO A TECNOLOGÍAS Y SERVICIOS DE SALUD; Y OTROS ELEMENTOS COMPLEMENTARIOS PARA LA ATENCIÓN DEL USUARIO";0102;NEGACIÓN DE TECNOLOGÍAS EN SALUD Y OTROS ELEMENTOS COMPLEMENTARIOS PARA LA ATENCIÓN DEL USUARIO;010204;NEGACIÓN PARA LA ENTREGA DE TECNOLOGÍAS EN SALUD Y/O DE OTROS SERVICIOS AUTORIZADOS;01020401;MEDICAMENTOS UPC;;;ENFERMEDADES CRÓNICAS NO TRASMISIBLES CARDIOVASCULARES;OTROS;ENFERMEDAD CARDIOVASCULAR ATEROSCLERÓTICA, ASÍ DESCRITA;No aplica;SIMPLE
186;2024;7;Web;08;08001;US- 000001814895;A nombre propio;MUJER;27;DE 25 A 29 AÑOS;No Aplica;Contributivo;No Aplica;No Aplica;08;08001;SURAMERICANA EPS;RÉGIMEN CONTRIBUTIVO;EPS010;EPS SURA;08;08001;04;INSATISFACCIÓN DEL USUARIO CON EL PROCESO ADMINISTRATIVO;0404;INSATISFACCIÓN RELACIONADA CON TRÁMITES ADMINISTRATIVOS;040403;INCONSISTENCIAS EN LA AFILIACIÓN;04040303;SUSPENSIÓN POR MORA ;;;PROBLEMAS RELACIONADOS CON FACILIDADES DE ATENCIÓN MÉDICA U OTROS SERVICIOS DE SALUD;PROBLEMAS RELACIONADOS CON FACILIDADES DE ATENCIÓN MÉDICA U OTROS SERVICIOS DE SALUD;OTROS PROBLEMAS RELACIONADOS CON SERVICIOS MÉDICOS Y DE SALUD;No aplica;SIMPLE
187;2024;7;Web;11;11001;US- 000003263097;A nombre propio;HOMBRE;29;DE 25 A 29 AÑOS;No Aplica;Contributivo;No Aplica;No Aplica;11;11001;FAMISANAR;RÉGIMEN CONTRIBUTIVO;EPS017;FAMISANAR;11;11001;01;"BARRERAS EN EL ACCESO A TECNOLOGÍAS Y SERVICIOS DE SALUD; Y OTROS ELEMENTOS COMPLEMENTARIOS PARA LA ATENCIÓN DEL USUARIO";0102;NEGACIÓN DE TECNOLOGÍAS EN SALUD Y OTROS ELEMENTOS COMPLEMENTARIOS PARA LA ATENCIÓN DEL USUARIO;010201;NEGACIÓN EN LA ASIGNACIÓN DE CITAS O CONSULTAS;01020103;ESPECIALIDADES MÉDICAS ;01020103065;MIEMBRO SUPERIOR - ORTOPEDIA;PROBLEMAS RELACIONADOS CON FACILIDADES DE ATENCIÓN MÉDICA U OTROS SERVICIOS DE SALUD;PROBLEMAS RELACIONADOS CON FACILIDADES DE ATENCIÓN MÉDICA U OTROS SERVICIOS DE SALUD;LESIONES DEL HOMBRO;No aplica;SIMPLE
188;2024;7;Chat;73;73168;US- 000003085178;A nombre propio;HOMBRE;79;MAYOR DE 63 AÑOS ;Primaria Incompleta;Subsidiado;Indígena;No Aplica;73;73168;PIJAOS SALUD -EPSI;RÉGIMEN SUBSIDIADO;EPSI06;PIJAOS SALUD (EPS-I);73;73168;01;"BARRERAS EN EL ACCESO A TECNOLOGÍAS Y SERVICIOS DE SALUD; Y OTROS ELEMENTOS COMPLEMENTARIOS PARA LA ATENCIÓN DEL USUARIO";0101;FALTA DE OPORTUNIDAD EN LA PRESTACIÓN DE TECNOLOGÍAS EN SALUD Y OTROS ELEMENTOS COMPLEMENTARIOS PARA LA ATENCIÓN DEL USUARIO;010103;FALTA DE OPORTUNIDAD EN LA ATENCIÓN EN OTROS SERVICIOS DE SALUD;01010308;PROCEDIMIENTOS NO QUIRÚRGICOS;01010308005;DIÁLISIS ;ENFERMEDADES CRÓNICAS NO TRANSMISIBLES –RENALES;IRC-ENFERMEDAD RENAL;INSUFICIENCIA RENAL CRÓNICA, NO ESPECIFICADA;Diálisis peritoneal;PRIORIZADO
189;2024;7;Personalizado;76;76834;US- 000003840183;A nombre propio;MUJER;36;DE 30 A 37 AÑOS;Universitario;Subsidiado;No Aplica;Mujer en estado de gestación;76;76834;SOS -SERVICIO OCCIDENTAL DE SALUD;RÉGIMEN CONTRIBUTIVO;EPS018;SERVICIO OCCIDENTAL DE SALUD (SOS);76;76834;01;"BARRERAS EN EL ACCESO A TECNOLOGÍAS Y SERVICIOS DE SALUD; Y OTROS ELEMENTOS COMPLEMENTARIOS PARA LA ATENCIÓN DEL USUARIO";0101;FALTA DE OPORTUNIDAD EN LA PRESTACIÓN DE TECNOLOGÍAS EN SALUD Y OTROS ELEMENTOS COMPLEMENTARIOS PARA LA ATENCIÓN DEL USUARIO;010101;FALTA DE OPORTUNIDAD EN LAS CITAS O CONSULTAS;01010103;ESPECIALIDADES MÉDICAS ;01010103047;GINECOLOGÍA Y OBSTETRICIA;MATERNO INFANTIL;ATENCIÓN EN EL EMBARAZO;EMBARAZO CONFIRMADO;No aplica;PRIORIZADO
190;2024;7;Web;08;08758;US- 000004066429;A nombre propio;HOMBRE;32;DE 30 A 37 AÑOS;No Aplica;Contributivo;No Aplica;No Aplica;08;08758;SANITAS;RÉGIMEN CONTRIBUTIVO;EPS005;SANITAS;25;25754;04;INSATISFACCIÓN DEL USUARIO CON EL PROCESO ADMINISTRATIVO;0404;INSATISFACCIÓN RELACIONADA CON TRÁMITES ADMINISTRATIVOS;040403;INCONSISTENCIAS EN LA AFILIACIÓN;04040309;OTRAS INCONSISTENCIAS;;;PROBLEMAS RELACIONADOS CON FACILIDADES DE ATENCIÓN MÉDICA U OTROS SERVICIOS DE SALUD;PROBLEMAS RELACIONADOS CON FACILIDADES DE ATENCIÓN MÉDICA U OTROS SERVICIOS DE SALUD;OTROS PROBLEMAS RELACIONADOS CON SERVICIOS MÉDICOS Y DE SALUD;No aplica;SIMPLE
191;2024;7;Web;11;11001;US- 000002629641;A nombre propio;HOMBRE;29;DE 25 A 29 AÑOS;No Aplica;Contributivo;No Aplica;No Aplica;11;11001;SANITAS;RÉGIMEN CONTRIBUTIVO;EPS005;SANITAS;11;11001;01;"BARRERAS EN EL ACCESO A TECNOLOGÍAS Y SERVICIOS DE SALUD; Y OTROS ELEMENTOS COMPLEMENTARIOS PARA LA ATENCIÓN DEL USUARIO";0101;FALTA DE OPORTUNIDAD EN LA PRESTACIÓN DE TECNOLOGÍAS EN SALUD Y OTROS ELEMENTOS COMPLEMENTARIOS PARA LA ATENCIÓN DEL USUARIO;010104;FALTA DE OPORTUNIDAD EN LA ENTREGA O ENTREGA INCOMPLETA DE TECNOLOGÍAS EN SALUD Y/O PRESTACIÓN DE OTROS SERVICIOS;01010401;MEDICAMENTOS UPC;;;PROBLEMAS RELACIONADOS CON FACILIDADES DE ATENCIÓN MÉDICA U OTROS SERVICIOS DE SALUD;PROBLEMAS RELACIONADOS CON FACILIDADES DE ATENCIÓN MÉDICA U OTROS SERVICIOS DE SALUD;OTROS PROBLEMAS RELACIONADOS CON SERVICIOS MÉDICOS Y DE SALUD;No aplica;SIMPLE
192;2024;7;Web;11;11001;US- 000001289897;A nombre propio;MUJER;21;DE 18 A 24 AÑOS;No Aplica;Contributivo;No Aplica;Desplazado;11;11001;SANITAS;RÉGIMEN CONTRIBUTIVO;EPS005;SANITAS;11;11001;01;"BARRERAS EN EL ACCESO A TECNOLOGÍAS Y SERVICIOS DE SALUD; Y OTROS ELEMENTOS COMPLEMENTARIOS PARA LA ATENCIÓN DEL USUARIO";0101;FALTA DE OPORTUNIDAD EN LA PRESTACIÓN DE TECNOLOGÍAS EN SALUD Y OTROS ELEMENTOS COMPLEMENTARIOS PARA LA ATENCIÓN DEL USUARIO;010103;FALTA DE OPORTUNIDAD EN LA ATENCIÓN EN OTROS SERVICIOS DE SALUD;01010301;URGENCIAS;;;PROBLEMAS RELACIONADOS CON FACILIDADES DE ATENCIÓN MÉDICA U OTROS SERVICIOS DE SALUD;PROBLEMAS RELACIONADOS CON FACILIDADES DE ATENCIÓN MÉDICA U OTROS SERVICIOS DE SALUD;OTROS PROBLEMAS RELACIONADOS CON SERVICIOS MÉDICOS Y DE SALUD;No aplica;SIMPLE
193;2024;7;Web;05;05380;US- 000004066430;A nombre propio;MUJER;54;DE 50 A 62 AÑOS;No Aplica;Contributivo;No Aplica;No Aplica;05;05380;SURAMERICANA EPS;RÉGIMEN CONTRIBUTIVO;EPS010;EPS SURA;05;05380;01;"BARRERAS EN EL ACCESO A TECNOLOGÍAS Y SERVICIOS DE SALUD; Y OTROS ELEMENTOS COMPLEMENTARIOS PARA LA ATENCIÓN DEL USUARIO";0102;NEGACIÓN DE TECNOLOGÍAS EN SALUD Y OTROS ELEMENTOS COMPLEMENTARIOS PARA LA ATENCIÓN DEL USUARIO;010204;NEGACIÓN PARA LA ENTREGA DE TECNOLOGÍAS EN SALUD Y/O DE OTROS SERVICIOS AUTORIZADOS;01020401;MEDICAMENTOS UPC;;;PROBLEMAS RELACIONADOS CON FACILIDADES DE ATENCIÓN MÉDICA U OTROS SERVICIOS DE SALUD;PROBLEMAS RELACIONADOS CON FACILIDADES DE ATENCIÓN MÉDICA U OTROS SERVICIOS DE SALUD;OTROS PROBLEMAS RELACIONADOS CON SERVICIOS MÉDICOS Y DE SALUD;No aplica;SIMPLE
194;2024;7;Web;41;41551;US- 000004027964;A nombre propio;MUJER;72;MAYOR DE 63 AÑOS ;No Aplica;Subsidiado;No Aplica;No Aplica;41;41551;ASOCIACIÓN INDÍGENA DEL CAUCA (AIC) -EPSI;RÉGIMEN SUBSIDIADO;EPSI03;AIC - ASOCIACIÓN INDÍGENA DEL CAUCA (EPS-I CAUCA);41;41319;04;INSATISFACCIÓN DEL USUARIO CON EL PROCESO ADMINISTRATIVO;0404;INSATISFACCIÓN RELACIONADA CON TRÁMITES ADMINISTRATIVOS;040405;INCONSISTENCIA CON TRASLADOS DEL MUNICIPIO DE LA AFILIACIÓN Y SOLICITUDES DE MOVILIDAD O PORTABILIDAD;04040501;DEMORA EN EL TRASLADO A OTRO MUNICIPIO;;;PROBLEMAS RELACIONADOS CON FACILIDADES DE ATENCIÓN MÉDICA U OTROS SERVICIOS DE SALUD;PROBLEMAS RELACIONADOS CON FACILIDADES DE ATENCIÓN MÉDICA U OTROS SERVICIOS DE SALUD;OTROS PROBLEMAS RELACIONADOS CON SERVICIOS MÉDICOS Y DE SALUD;No aplica;SIMPLE
195;2024;7;Web;11;11001;US- 000001786308;A nombre propio;MUJER;34;DE 30 A 37 AÑOS;No Aplica;Contributivo;No Aplica;No Aplica;11;11001;SANITAS;RÉGIMEN CONTRIBUTIVO;EPS005;SANITAS;11;11001;01;"BARRERAS EN EL ACCESO A TECNOLOGÍAS Y SERVICIOS DE SALUD; Y OTROS ELEMENTOS COMPLEMENTARIOS PARA LA ATENCIÓN DEL USUARIO";0102;NEGACIÓN DE TECNOLOGÍAS EN SALUD Y OTROS ELEMENTOS COMPLEMENTARIOS PARA LA ATENCIÓN DEL USUARIO;010201;NEGACIÓN EN LA ASIGNACIÓN DE CITAS O CONSULTAS;01020103;ESPECIALIDADES MÉDICAS ;01020103075;OFTALMOLOGÍA;PROBLEMAS RELACIONADOS CON FACILIDADES DE ATENCIÓN MÉDICA U OTROS SERVICIOS DE SALUD;PROBLEMAS RELACIONADOS CON FACILIDADES DE ATENCIÓN MÉDICA U OTROS SERVICIOS DE SALUD;GLAUCOMA;No aplica;SIMPLE
196;2024;7;Personalizado;11;11001;US- 000004066431;Cónyuge;MUJER;31;DE 30 A 37 AÑOS;Universitario;Contributivo;No Aplica;No Aplica;11;11001;SANITAS;RÉGIMEN CONTRIBUTIVO;EPS005;SANITAS;11;11001;01;"BARRERAS EN EL ACCESO A TECNOLOGÍAS Y SERVICIOS DE SALUD; Y OTROS ELEMENTOS COMPLEMENTARIOS PARA LA ATENCIÓN DEL USUARIO";0101;FALTA DE OPORTUNIDAD EN LA PRESTACIÓN DE TECNOLOGÍAS EN SALUD Y OTROS ELEMENTOS COMPLEMENTARIOS PARA LA ATENCIÓN DEL USUARIO;010103;FALTA DE OPORTUNIDAD EN LA ATENCIÓN EN OTROS SERVICIOS DE SALUD;01010302;HOSPITALIZACIÓN;;;PROBLEMAS RELACIONADOS CON FACILIDADES DE ATENCIÓN MÉDICA U OTROS SERVICIOS DE SALUD;PROBLEMAS RELACIONADOS CON FACILIDADES DE ATENCIÓN MÉDICA U OTROS SERVICIOS DE SALUD;PROBLEMA NO ESPECIFICADO RELACIONADO CON SERVICIOS MÉDICOS Y DE SALUD;No aplica;PRIORIZADO
197;2024;7;Web;76;76001;US- 000004066432;A nombre propio;MUJER;3;DE 0 A 5 AÑOS;No Aplica;Contributivo;No Aplica;No Aplica;76;76001;SANITAS;RÉGIMEN CONTRIBUTIVO;EPS005;SANITAS;76;76001;01;"BARRERAS EN EL ACCESO A TECNOLOGÍAS Y SERVICIOS DE SALUD; Y OTROS ELEMENTOS COMPLEMENTARIOS PARA LA ATENCIÓN DEL USUARIO";0102;NEGACIÓN DE TECNOLOGÍAS EN SALUD Y OTROS ELEMENTOS COMPLEMENTARIOS PARA LA ATENCIÓN DEL USUARIO;010201;NEGACIÓN EN LA ASIGNACIÓN DE CITAS O CONSULTAS;01020103;ESPECIALIDADES MÉDICAS ;01020103073;NEUROLOGÍA PEDIÁTRICA - NEUROPEDIATRÍA;MATERNO INFANTIL;ATENCIÓN NIÑOS MENORES DE 5 AÑOS;CONTROL DE SALUD DE RUTINA DEL NIÑO;No aplica;SIMPLE
198;2024;7;Telefónico;05;05129;US- 000004066433;A nombre propio;MUJER;50;DE 50 A 62 AÑOS;Universitario Incompleto;Contributivo;No Aplica;No Aplica;05;05129;SURAMERICANA EPS;RÉGIMEN CONTRIBUTIVO;EPS010;EPS SURA;05;05129;01;"BARRERAS EN EL ACCESO A TECNOLOGÍAS Y SERVICIOS DE SALUD; Y OTROS ELEMENTOS COMPLEMENTARIOS PARA LA ATENCIÓN DEL USUARIO";0101;FALTA DE OPORTUNIDAD EN LA PRESTACIÓN DE TECNOLOGÍAS EN SALUD Y OTROS ELEMENTOS COMPLEMENTARIOS PARA LA ATENCIÓN DEL USUARIO;010103;FALTA DE OPORTUNIDAD EN LA ATENCIÓN EN OTROS SERVICIOS DE SALUD;01010308;PROCEDIMIENTOS NO QUIRÚRGICOS;01010308006;OTROS PROCEDIMIENTOS NO QUIRÚRGICOS;PROBLEMAS RELACIONADOS CON FACILIDADES DE ATENCIÓN MÉDICA U OTROS SERVICIOS DE SALUD;PROBLEMAS RELACIONADOS CON FACILIDADES DE ATENCIÓN MÉDICA U OTROS SERVICIOS DE SALUD;DOLOR ABDOMINAL LOCALIZADO EN PARTE SUPERIOR;No aplica;SIMPLE
199;2024;7;Redes Sociales;54;54498;US- 000003636244;Hijo (A);HOMBRE;71;MAYOR DE 63 AÑOS ;Primaria;Contributivo;No Aplica;No Aplica;54;54498;SANITAS;RÉGIMEN CONTRIBUTIVO;EPS005;SANITAS;54;54498;01;"BARRERAS EN EL ACCESO A TECNOLOGÍAS Y SERVICIOS DE SALUD; Y OTROS ELEMENTOS COMPLEMENTARIOS PARA LA ATENCIÓN DEL USUARIO";0102;NEGACIÓN DE TECNOLOGÍAS EN SALUD Y OTROS ELEMENTOS COMPLEMENTARIOS PARA LA ATENCIÓN DEL USUARIO;010202;NEGACIÓN DE SERVICIOS DE COMPLEMENTACIÓN TERAPÉUTICA;01020201;TERAPIA FÍSICA;;;ENFERMEDADES CRÓNICAS NO TRASMISIBLES CARDIOVASCULARES;HTA (HIPERTENSIÓN ARTERIAL);FRACTURA DEL FÉMUR;No aplica;PRIORIZADO
200;2024;7;Web;25;25175;US- 000004066434;A nombre propio;HOMBRE;59;DE 50 A 62 AÑOS;No Aplica;Contributivo;No Aplica;No Aplica;25;25175;FAMISANAR;RÉGIMEN CONTRIBUTIVO;EPS017;FAMISANAR;25;25175;01;"BARRERAS EN EL ACCESO A TECNOLOGÍAS Y SERVICIOS DE SALUD; Y OTROS ELEMENTOS COMPLEMENTARIOS PARA LA ATENCIÓN DEL USUARIO";0102;NEGACIÓN DE TECNOLOGÍAS EN SALUD Y OTROS ELEMENTOS COMPLEMENTARIOS PARA LA ATENCIÓN DEL USUARIO;010201;NEGACIÓN EN LA ASIGNACIÓN DE CITAS O CONSULTAS;01020103;ESPECIALIDADES MÉDICAS ;01020103094;UROLOGÍA;PROBLEMAS RELACIONADOS CON FACILIDADES DE ATENCIÓN MÉDICA U OTROS SERVICIOS DE SALUD;PROBLEMAS RELACIONADOS CON FACILIDADES DE ATENCIÓN MÉDICA U OTROS SERVICIOS DE SALUD;OTROS PROBLEMAS RELACIONADOS CON SERVICIOS MÉDICOS Y DE SALUD;No aplica;SIMPLE
201;2024;7;Web;41;41551;US- 000004027964;A nombre propio;MUJER;72;MAYOR DE 63 AÑOS ;No Aplica;Subsidiado;No Aplica;No Aplica;41;41551;ASOCIACIÓN INDÍGENA DEL CAUCA (AIC) -EPSI;RÉGIMEN SUBSIDIADO;EPSI03;AIC - ASOCIACIÓN INDÍGENA DEL CAUCA (EPS-I CAUCA);41;41319;01;"BARRERAS EN EL ACCESO A TECNOLOGÍAS Y SERVICIOS DE SALUD; Y OTROS ELEMENTOS COMPLEMENTARIOS PARA LA ATENCIÓN DEL USUARIO";0102;NEGACIÓN DE TECNOLOGÍAS EN SALUD Y OTROS ELEMENTOS COMPLEMENTARIOS PARA LA ATENCIÓN DEL USUARIO;010204;NEGACIÓN PARA LA ENTREGA DE TECNOLOGÍAS EN SALUD Y/O DE OTROS SERVICIOS AUTORIZADOS;01020401;MEDICAMENTOS UPC;;;ENFERMEDADES CRÓNICAS NO TRANSMISIBLES- FACTORES DE RIESGO;MEDICIÓN DE FACTORES DE RIESGO;TUMOR MALIGNO DE LA VESÍCULA BILIAR;No aplica;PRIORIZADO
202;2024;7;Web;05;05001;US- 000001932234;A nombre propio;HOMBRE;27;DE 25 A 29 AÑOS;No Aplica;Contributivo;No Aplica;No Aplica;05;05001;SURAMERICANA EPS;RÉGIMEN CONTRIBUTIVO;EPS010;EPS SURA;05;05001;01;"BARRERAS EN EL ACCESO A TECNOLOGÍAS Y SERVICIOS DE SALUD; Y OTROS ELEMENTOS COMPLEMENTARIOS PARA LA ATENCIÓN DEL USUARIO";0102;NEGACIÓN DE TECNOLOGÍAS EN SALUD Y OTROS ELEMENTOS COMPLEMENTARIOS PARA LA ATENCIÓN DEL USUARIO;010204;NEGACIÓN PARA LA ENTREGA DE TECNOLOGÍAS EN SALUD Y/O DE OTROS SERVICIOS AUTORIZADOS;01020401;MEDICAMENTOS UPC;;;PROBLEMAS RELACIONADOS CON FACILIDADES DE ATENCIÓN MÉDICA U OTROS SERVICIOS DE SALUD;PROBLEMAS RELACIONADOS CON FACILIDADES DE ATENCIÓN MÉDICA U OTROS SERVICIOS DE SALUD;OTROS PROBLEMAS RELACIONADOS CON SERVICIOS MÉDICOS Y DE SALUD;No aplica;SIMPLE
203;2024;7;Telefónico;47;47001;US- 000004066435;A nombre propio;MUJER;28;DE 25 A 29 AÑOS;Universitario;Contributivo;Indígena;No Aplica;47;47001;SANITAS;RÉGIMEN CONTRIBUTIVO;EPS005;SANITAS;47;47001;04;INSATISFACCIÓN DEL USUARIO CON EL PROCESO ADMINISTRATIVO;0405;PROBLEMAS EN EL RECONOCIMIENTO Y/O PAGO DE PRESTACIONES ECONÓMICAS;040501;NO RECONOCIMIENTO Y/O PAGO DE LAS PRESTACIONES ECONÓMICAS;04050101;LICENCIA DE MATERNIDAD;;;PROBLEMAS RELACIONADOS CON FACILIDADES DE ATENCIÓN MÉDICA U OTROS SERVICIOS DE SALUD;PROBLEMAS RELACIONADOS CON FACILIDADES DE ATENCIÓN MÉDICA U OTROS SERVICIOS DE SALUD;OTROS PROBLEMAS RELACIONADOS CON SERVICIOS MÉDICOS Y DE SALUD;No aplica;SIMPLE
204;2024;7;Web;66;66170;US- 000004066436;Otro;HOMBRE;1;DE 0 A 5 AÑOS;No Aplica;Contributivo;No Aplica;No Aplica;66;66170;NUEVA EPS;RÉGIMEN CONTRIBUTIVO;EPS037;NUEVA EPS;66;66170;02;INSATISFACCIÓN RELACIONADA CON LA ATENCIÓN EN SALUD;0201;INSATISFACCIÓN RELACIONADA CON LA ATENCIÓN EN SALUD POR FALTA DE OPORTUNIDAD;020102;INSATISFACCIÓN POR FALTA DE OPORTUNIDAD EN LA ENTREGA DE RESULTADOS DE AYUDAS DIAGNÓSTICAS;;;;;MATERNO INFANTIL;ATENCIÓN NIÑOS MENORES DE 5 AÑOS;CONVULSIONES NO CLASIFICADAS EN OTRA PARTE;No aplica;PRIORIZADO
205;2024;7;Web;05;05001;US- 000001932234;A nombre propio;HOMBRE;27;DE 25 A 29 AÑOS;No Aplica;Contributivo;No Aplica;No Aplica;05;05001;SURAMERICANA EPS;RÉGIMEN CONTRIBUTIVO;EPS010;EPS SURA;05;05001;01;"BARRERAS EN EL ACCESO A TECNOLOGÍAS Y SERVICIOS DE SALUD; Y OTROS ELEMENTOS COMPLEMENTARIOS PARA LA ATENCIÓN DEL USUARIO";0102;NEGACIÓN DE TECNOLOGÍAS EN SALUD Y OTROS ELEMENTOS COMPLEMENTARIOS PARA LA ATENCIÓN DEL USUARIO;010201;NEGACIÓN EN LA ASIGNACIÓN DE CITAS O CONSULTAS;01020105;PSICOLOGÍA;;;PROBLEMAS RELACIONADOS CON FACILIDADES DE ATENCIÓN MÉDICA U OTROS SERVICIOS DE SALUD;PROBLEMAS RELACIONADOS CON FACILIDADES DE ATENCIÓN MÉDICA U OTROS SERVICIOS DE SALUD;OTROS PROBLEMAS RELACIONADOS CON SERVICIOS MÉDICOS Y DE SALUD;No aplica;SIMPLE
206;2024;7;Web;11;11001;US- 000003790482;Otro;MUJER;81;MAYOR DE 63 AÑOS ;No Aplica;Subsidiado;No Aplica;No Aplica;25;25297;FAMISANAR;RÉGIMEN CONTRIBUTIVO;EPS017;FAMISANAR;25;25297;01;"BARRERAS EN EL ACCESO A TECNOLOGÍAS Y SERVICIOS DE SALUD; Y OTROS ELEMENTOS COMPLEMENTARIOS PARA LA ATENCIÓN DEL USUARIO";0101;FALTA DE OPORTUNIDAD EN LA PRESTACIÓN DE TECNOLOGÍAS EN SALUD Y OTROS ELEMENTOS COMPLEMENTARIOS PARA LA ATENCIÓN DEL USUARIO;010105;FALTA DE OPORTUNIDAD EN EL PROCESO DE REFERENCIA Y CONTRARREFERENCIA;;;;;ENFERMEDADES CRÓNICAS NO TRANSMISIBLES- FACTORES DE RIESGO;MEDICIÓN DE FACTORES DE RIESGO;OTROS PROBLEMAS RELACIONADOS CON SERVICIOS MÉDICOS Y DE SALUD;No aplica;PRIORIZADO
207;2024;7;Web;11;11001;US- 000004066437;Otro;HOMBRE;0;DE 0 A 5 AÑOS;No Aplica;Régimen Especial;No Aplica;No Aplica;11;11001;MAGISTERIO;REGÍMENES DE EXCEPCIÓN Y ESPECIALES;REMG01;MAGISTERIO;11;11001;01;"BARRERAS EN EL ACCESO A TECNOLOGÍAS Y SERVICIOS DE SALUD; Y OTROS ELEMENTOS COMPLEMENTARIOS PARA LA ATENCIÓN DEL USUARIO";0101;FALTA DE OPORTUNIDAD EN LA PRESTACIÓN DE TECNOLOGÍAS EN SALUD Y OTROS ELEMENTOS COMPLEMENTARIOS PARA LA ATENCIÓN DEL USUARIO;010105;FALTA DE OPORTUNIDAD EN EL PROCESO DE REFERENCIA Y CONTRARREFERENCIA;;;;;MATERNO INFANTIL;ATENCIÓN NIÑOS MENORES DE 5 AÑOS;OTROS PROBLEMAS RELACIONADOS CON SERVICIOS MÉDICOS Y DE SALUD;No aplica;PRIORIZADO
208;2024;7;Web;11;11001;US- 000004066438;Otro;MUJER;67;MAYOR DE 63 AÑOS ;No Aplica;Contributivo;No Aplica;No Aplica;11;11001;SANITAS;RÉGIMEN CONTRIBUTIVO;EPS005;SANITAS;11;11001;01;"BARRERAS EN EL ACCESO A TECNOLOGÍAS Y SERVICIOS DE SALUD; Y OTROS ELEMENTOS COMPLEMENTARIOS PARA LA ATENCIÓN DEL USUARIO";0101;FALTA DE OPORTUNIDAD EN LA PRESTACIÓN DE TECNOLOGÍAS EN SALUD Y OTROS ELEMENTOS COMPLEMENTARIOS PARA LA ATENCIÓN DEL USUARIO;010105;FALTA DE OPORTUNIDAD EN EL PROCESO DE REFERENCIA Y CONTRARREFERENCIA;;;;;PROBLEMAS RELACIONADOS CON FACILIDADES DE ATENCIÓN MÉDICA U OTROS SERVICIOS DE SALUD;PROBLEMAS RELACIONADOS CON FACILIDADES DE ATENCIÓN MÉDICA U OTROS SERVICIOS DE SALUD;OTROS PROBLEMAS RELACIONADOS CON SERVICIOS MÉDICOS Y DE SALUD;No aplica;PRIORIZADO
209;2024;7;Web;68;68001;US- 000001950473;A nombre propio;HOMBRE;72;MAYOR DE 63 AÑOS ;No Aplica;Contributivo;No Aplica;No Aplica;68;68001;SALUD TOTAL;RÉGIMEN CONTRIBUTIVO;EPS002;SALUD TOTAL;68;68001;01;"BARRERAS EN EL ACCESO A TECNOLOGÍAS Y SERVICIOS DE SALUD; Y OTROS ELEMENTOS COMPLEMENTARIOS PARA LA ATENCIÓN DEL USUARIO";0102;NEGACIÓN DE TECNOLOGÍAS EN SALUD Y OTROS ELEMENTOS COMPLEMENTARIOS PARA LA ATENCIÓN DEL USUARIO;010201;NEGACIÓN EN LA ASIGNACIÓN DE CITAS O CONSULTAS;01020103;ESPECIALIDADES MÉDICAS ;01020103006;CARDIOLOGÍA;ENFERMEDADES CRÓNICAS NO TRANSMISIBLES- FACTORES DE RIESGO;MEDICIÓN DE FACTORES DE RIESGO;ASISTENCIA Y AJUSTE DE MARCAPASO CARDIACO;No aplica;PRIORIZADO
210;2024;7;Chat;11;11001;US- 000001327767;A nombre propio;HOMBRE;28;DE 25 A 29 AÑOS;Universitario Incompleto;Contributivo;No Aplica;No Aplica;11;11001;SURAMERICANA EPS;RÉGIMEN CONTRIBUTIVO;EPS010;EPS SURA;11;11001;01;"BARRERAS EN EL ACCESO A TECNOLOGÍAS Y SERVICIOS DE SALUD; Y OTROS ELEMENTOS COMPLEMENTARIOS PARA LA ATENCIÓN DEL USUARIO";0101;FALTA DE OPORTUNIDAD EN LA PRESTACIÓN DE TECNOLOGÍAS EN SALUD Y OTROS ELEMENTOS COMPLEMENTARIOS PARA LA ATENCIÓN DEL USUARIO;010101;FALTA DE OPORTUNIDAD EN LAS CITAS O CONSULTAS;01010103;ESPECIALIDADES MÉDICAS ;01010103063;MEDICINA INTERNA;VIH SIDA Y OTRAS ET SEXUAL;VIH SIDA;ENFERMEDAD POR VIRUS DE LA INMUNODEFICIENCIA HUMANA (VIH), SIN OTRA ESPECIFICACIÓN;Diagnóstico y manejo del paciente infectado por VIH;PRIORIZADO
211;2024;7;Personalizado;19;19780;US- 000004066439;Otro;MUJER;30;DE 30 A 37 AÑOS;Secundaria;Subsidiado;Afrocolombiano o Afrodescendiente;Mujer en estado de gestación;19;19780;ASMET SALUD EPS;RÉGIMEN SUBSIDIADO;ESS062;ASMET SALUD;19;19780;01;"BARRERAS EN EL ACCESO A TECNOLOGÍAS Y SERVICIOS DE SALUD; Y OTROS ELEMENTOS COMPLEMENTARIOS PARA LA ATENCIÓN DEL USUARIO";0101;FALTA DE OPORTUNIDAD EN LA PRESTACIÓN DE TECNOLOGÍAS EN SALUD Y OTROS ELEMENTOS COMPLEMENTARIOS PARA LA ATENCIÓN DEL USUARIO;010105;FALTA DE OPORTUNIDAD EN EL PROCESO DE REFERENCIA Y CONTRARREFERENCIA;;;;;MATERNO INFANTIL;ATENCIÓN EN EL EMBARAZO;SUPERVISIÓN DE EMBARAZO DE ALTO RIESGO;No aplica;RIESGO VITAL
212;2024;7;Chat;11;11001;US- 000002962321;A nombre propio;MUJER;18;DE 18 A 24 AÑOS;Secundaria Incompleta;Contributivo;No Aplica;No Aplica;11;11001;SALUD TOTAL;RÉGIMEN CONTRIBUTIVO;EPS002;SALUD TOTAL;11;11001;01;"BARRERAS EN EL ACCESO A TECNOLOGÍAS Y SERVICIOS DE SALUD; Y OTROS ELEMENTOS COMPLEMENTARIOS PARA LA ATENCIÓN DEL USUARIO";0101;FALTA DE OPORTUNIDAD EN LA PRESTACIÓN DE TECNOLOGÍAS EN SALUD Y OTROS ELEMENTOS COMPLEMENTARIOS PARA LA ATENCIÓN DEL USUARIO;010101;FALTA DE OPORTUNIDAD EN LAS CITAS O CONSULTAS;01010103;ESPECIALIDADES MÉDICAS ;01010103083;PSIQUIATRÍA;SALUD MENTAL;OTROS TRASTORNOS MENTALES;TRASTORNO DEPRESIVO RECURRENTE;No aplica;PRIORIZADO
213;2024;7;Web;15;15189;US- 000004066440;A nombre propio;MUJER;56;DE 50 A 62 AÑOS;No Aplica;Subsidiado;No Aplica;No Aplica;15;15189;NUEVA EPS;RÉGIMEN SUBSIDIADO;EPSS41;NUEVA EPS;15;15189;01;"BARRERAS EN EL ACCESO A TECNOLOGÍAS Y SERVICIOS DE SALUD; Y OTROS ELEMENTOS COMPLEMENTARIOS PARA LA ATENCIÓN DEL USUARIO";0101;FALTA DE OPORTUNIDAD EN LA PRESTACIÓN DE TECNOLOGÍAS EN SALUD Y OTROS ELEMENTOS COMPLEMENTARIOS PARA LA ATENCIÓN DEL USUARIO;010101;FALTA DE OPORTUNIDAD EN LAS CITAS O CONSULTAS;01010103;ESPECIALIDADES MÉDICAS ;01010103006;CARDIOLOGÍA;ENFERMEDADES CRÓNICAS NO TRANSMISIBLES- FACTORES DE RIESGO;MEDICIÓN DE FACTORES DE RIESGO;ARRITMIA CARDIACA, NO ESPECIFICADA;No aplica;SIMPLE
214;2024;7;Telefónico;05;05001;US- 000002282059;A nombre propio;HOMBRE;51;DE 50 A 62 AÑOS;Universitario Incompleto;Contributivo;No Aplica;No Aplica;05;05001;FAMISANAR;RÉGIMEN CONTRIBUTIVO;EPS017;FAMISANAR;11;11001;01;"BARRERAS EN EL ACCESO A TECNOLOGÍAS Y SERVICIOS DE SALUD; Y OTROS ELEMENTOS COMPLEMENTARIOS PARA LA ATENCIÓN DEL USUARIO";0101;FALTA DE OPORTUNIDAD EN LA PRESTACIÓN DE TECNOLOGÍAS EN SALUD Y OTROS ELEMENTOS COMPLEMENTARIOS PARA LA ATENCIÓN DEL USUARIO;010103;FALTA DE OPORTUNIDAD EN LA ATENCIÓN EN OTROS SERVICIOS DE SALUD;01010309;PROCEDIMIENTOS QUIRÚRGICOS;01010309003;OTROS PROCEDIMIENTOS QUIRÚRGICOS;PROBLEMAS RELACIONADOS CON FACILIDADES DE ATENCIÓN MÉDICA U OTROS SERVICIOS DE SALUD;PROBLEMAS RELACIONADOS CON FACILIDADES DE ATENCIÓN MÉDICA U OTROS SERVICIOS DE SALUD;HERNIA INGUINAL BILATERAL, SIN OBSTRUCCIÓN NI GANGRENA;No aplica;SIMPLE
215;2024;7;Web;13;13001;US- 000003629790;A nombre propio;MUJER;67;MAYOR DE 63 AÑOS ;No Aplica;Subsidiado;No Aplica;No Aplica;13;13001;SURAMERICANA EPS;RÉGIMEN CONTRIBUTIVO;EPS010;EPS SURA;13;13001;01;"BARRERAS EN EL ACCESO A TECNOLOGÍAS Y SERVICIOS DE SALUD; Y OTROS ELEMENTOS COMPLEMENTARIOS PARA LA ATENCIÓN DEL USUARIO";0101;FALTA DE OPORTUNIDAD EN LA PRESTACIÓN DE TECNOLOGÍAS EN SALUD Y OTROS ELEMENTOS COMPLEMENTARIOS PARA LA ATENCIÓN DEL USUARIO;010101;FALTA DE OPORTUNIDAD EN LAS CITAS O CONSULTAS;01010103;ESPECIALIDADES MÉDICAS ;01010103063;MEDICINA INTERNA;ENFERMEDADES CRÓNICAS NO TRANSMISIBLES –DIABETES;DIABETES;DIABETES MELLITUS INSULINODEPENDIENTE CON COMPLICACIONES MÚLTIPLES;No aplica;SIMPLE
216;2024;7;Web;41;41396;US- 000003158224;A nombre propio;MUJER;76;MAYOR DE 63 AÑOS ;No Aplica;Contributivo;No Aplica;No Aplica;41;41396;SANITAS;RÉGIMEN CONTRIBUTIVO;EPS005;SANITAS;41;41396;01;"BARRERAS EN EL ACCESO A TECNOLOGÍAS Y SERVICIOS DE SALUD; Y OTROS ELEMENTOS COMPLEMENTARIOS PARA LA ATENCIÓN DEL USUARIO";0101;FALTA DE OPORTUNIDAD EN LA PRESTACIÓN DE TECNOLOGÍAS EN SALUD Y OTROS ELEMENTOS COMPLEMENTARIOS PARA LA ATENCIÓN DEL USUARIO;010105;FALTA DE OPORTUNIDAD EN EL PROCESO DE REFERENCIA Y CONTRARREFERENCIA;;;;;ENFERMEDADES CRÓNICAS NO TRANSMISIBLES- FACTORES DE RIESGO;MEDICIÓN DE FACTORES DE RIESGO;INFARTO CEREBRAL;No aplica;PRIORIZADO
217;2024;7;Chat;11;11001;US- 000004066441;A nombre propio;MUJER;42;DE 38 A 49 AÑOS;Secundaria;Contributivo;No Aplica;No Aplica;11;11001;NUEVA EPS;RÉGIMEN CONTRIBUTIVO;EPS037;NUEVA EPS;11;11001;01;"BARRERAS EN EL ACCESO A TECNOLOGÍAS Y SERVICIOS DE SALUD; Y OTROS ELEMENTOS COMPLEMENTARIOS PARA LA ATENCIÓN DEL USUARIO";0102;NEGACIÓN DE TECNOLOGÍAS EN SALUD Y OTROS ELEMENTOS COMPLEMENTARIOS PARA LA ATENCIÓN DEL USUARIO;010201;NEGACIÓN EN LA ASIGNACIÓN DE CITAS O CONSULTAS;01020103;ESPECIALIDADES MÉDICAS ;01020103080;OTORRINOLARINGOLOGÍA;PROBLEMAS RELACIONADOS CON FACILIDADES DE ATENCIÓN MÉDICA U OTROS SERVICIOS DE SALUD;PROBLEMAS RELACIONADOS CON FACILIDADES DE ATENCIÓN MÉDICA U OTROS SERVICIOS DE SALUD;HIPOTIROIDISMO, NO ESPECIFICADO;No aplica;SIMPLE
218;2024;7;Web;08;08436;US- 000004066442;A nombre propio;HOMBRE;22;DE 18 A 24 AÑOS;No Aplica;Subsidiado;No Aplica;No Aplica;08;08436;COOSALUD;RÉGIMEN SUBSIDIADO;ESS024;COOSALUD;08;08436;01;"BARRERAS EN EL ACCESO A TECNOLOGÍAS Y SERVICIOS DE SALUD; Y OTROS ELEMENTOS COMPLEMENTARIOS PARA LA ATENCIÓN DEL USUARIO";0101;FALTA DE OPORTUNIDAD EN LA PRESTACIÓN DE TECNOLOGÍAS EN SALUD Y OTROS ELEMENTOS COMPLEMENTARIOS PARA LA ATENCIÓN DEL USUARIO;010101;FALTA DE OPORTUNIDAD EN LAS CITAS O CONSULTAS;01010103;ESPECIALIDADES MÉDICAS ;01010103022;CIRUGÍA GENERAL;PROBLEMAS RELACIONADOS CON FACILIDADES DE ATENCIÓN MÉDICA U OTROS SERVICIOS DE SALUD;PROBLEMAS RELACIONADOS CON FACILIDADES DE ATENCIÓN MÉDICA U OTROS SERVICIOS DE SALUD;HEMORRAGIA GASTROINTESTINAL, NO ESPECIFICADA;No aplica;PRIORIZADO
219;2024;7;Web;70;70001;US- 000004066443;A nombre propio;HOMBRE;11;DE 6 A 12 AÑOS;No Aplica;Contributivo;No Aplica;No Aplica;70;70001;SANITAS;RÉGIMEN CONTRIBUTIVO;EPS005;SANITAS;70;70001;02;INSATISFACCIÓN RELACIONADA CON LA ATENCIÓN EN SALUD;0202;INSATISFACCIÓN RELACIONADA CON LA ATENCIÓN DEL PERSONAL EN SALUD;020201;INSATISFACCIÓN RELACIONADA CON LA ATENCIÓN DEL PERSONAL EN SALUD;02020103;FALTA DE IDONEIDAD EN EL TALENTO HUMANO EN SALUD;;;PROBLEMAS RELACIONADOS CON FACILIDADES DE ATENCIÓN MÉDICA U OTROS SERVICIOS DE SALUD;PROBLEMAS RELACIONADOS CON FACILIDADES DE ATENCIÓN MÉDICA U OTROS SERVICIOS DE SALUD;OTROS PROBLEMAS RELACIONADOS CON SERVICIOS MÉDICOS Y DE SALUD;No aplica;SIMPLE
220;2024;7;Web;76;76520;US- 000000693633;A nombre propio;MUJER;40;DE 38 A 49 AÑOS;No Aplica;Subsidiado;No Aplica;No Aplica;76;76520;SALUD TOTAL;RÉGIMEN CONTRIBUTIVO;EPS002;SALUD TOTAL;76;76520;01;"BARRERAS EN EL ACCESO A TECNOLOGÍAS Y SERVICIOS DE SALUD; Y OTROS ELEMENTOS COMPLEMENTARIOS PARA LA ATENCIÓN DEL USUARIO";0101;FALTA DE OPORTUNIDAD EN LA PRESTACIÓN DE TECNOLOGÍAS EN SALUD Y OTROS ELEMENTOS COMPLEMENTARIOS PARA LA ATENCIÓN DEL USUARIO;010103;FALTA DE OPORTUNIDAD EN LA ATENCIÓN EN OTROS SERVICIOS DE SALUD;01010308;PROCEDIMIENTOS NO QUIRÚRGICOS;01010308001;IMAGENOLOGÍA;ENFERMEDADES CRÓNICAS NO TRANSMISIBLES- FACTORES DE RIESGO;OBESIDAD;OBESIDAD;No aplica;SIMPLE
221;2024;7;Web;47;47288;US- 000004066444;A nombre propio;MUJER;33;DE 30 A 37 AÑOS;No Aplica;Subsidiado;No Aplica;Desplazado;47;47288;COOSALUD;RÉGIMEN SUBSIDIADO;ESS024;COOSALUD;47;47288;01;"BARRERAS EN EL ACCESO A TECNOLOGÍAS Y SERVICIOS DE SALUD; Y OTROS ELEMENTOS COMPLEMENTARIOS PARA LA ATENCIÓN DEL USUARIO";0102;NEGACIÓN DE TECNOLOGÍAS EN SALUD Y OTROS ELEMENTOS COMPLEMENTARIOS PARA LA ATENCIÓN DEL USUARIO;010204;NEGACIÓN PARA LA ENTREGA DE TECNOLOGÍAS EN SALUD Y/O DE OTROS SERVICIOS AUTORIZADOS;01020401;MEDICAMENTOS UPC;;;ENFERMEDADES CRÓNICAS NO TRASMISIBLES CARDIOVASCULARES;HTA (HIPERTENSIÓN ARTERIAL);HIPERTENSIÓN ESENCIAL (PRIMARIA);No aplica;SIMPLE
222;2024;7;Telefónico;76;76001;US- 000002245037;A nombre propio;MUJER;52;DE 50 A 62 AÑOS;Universitario Incompleto;Contributivo;No Aplica;Persona con discapacidad;76;76001;SOS -SERVICIO OCCIDENTAL DE SALUD;RÉGIMEN CONTRIBUTIVO;EPS018;SERVICIO OCCIDENTAL DE SALUD (SOS);76;76001;01;"BARRERAS EN EL ACCESO A TECNOLOGÍAS Y SERVICIOS DE SALUD; Y OTROS ELEMENTOS COMPLEMENTARIOS PARA LA ATENCIÓN DEL USUARIO";0103;FALTA DE OPORTUNIDAD EN LA AUTORIZACIÓN DE TECNOLOGÍAS EN SALUD Y OTROS ELEMENTOS COMPLEMENTARIOS PARA LA ATENCIÓN DEL USUARIO;010304;FALTA DE OPORTUNIDAD EN LA AUTORIZACIÓN DE OTROS SERVICIOS DE SALUD;01030408;PROCEDIMIENTOS NO QUIRÚRGICOS;01030408006;OTROS PROCEDIMIENTOS NO QUIRÚRGICOS;PROBLEMAS RELACIONADOS CON FACILIDADES DE ATENCIÓN MÉDICA U OTROS SERVICIOS DE SALUD;PROBLEMAS RELACIONADOS CON FACILIDADES DE ATENCIÓN MÉDICA U OTROS SERVICIOS DE SALUD;MIOPÍA DEGENERATIVA;No aplica;SIMPLE
223;2024;7;Web;13;13001;US- 000004066445;A nombre propio;MUJER;20;DE 18 A 24 AÑOS;No Aplica;Contributivo;Afrocolombiano o Afrodescendiente;Desplazado;13;13001;SALUD TOTAL;RÉGIMEN CONTRIBUTIVO;EPS002;SALUD TOTAL;13;13001;04;INSATISFACCIÓN DEL USUARIO CON EL PROCESO ADMINISTRATIVO;0404;INSATISFACCIÓN RELACIONADA CON TRÁMITES ADMINISTRATIVOS;040403;INCONSISTENCIAS EN LA AFILIACIÓN;04040308;TRASLADO NO SOLICITADO POR EL USUARIO;;;PROBLEMAS RELACIONADOS CON FACILIDADES DE ATENCIÓN MÉDICA U OTROS SERVICIOS DE SALUD;PROBLEMAS RELACIONADOS CON FACILIDADES DE ATENCIÓN MÉDICA U OTROS SERVICIOS DE SALUD;OTROS PROBLEMAS RELACIONADOS CON SERVICIOS MÉDICOS Y DE SALUD;No aplica;SIMPLE
224;2024;7;Web;25;25899;US- 000003294392;A nombre propio;MUJER;69;MAYOR DE 63 AÑOS ;No Aplica;Subsidiado;No Aplica;Persona con discapacidad;25;25899;SANITAS;RÉGIMEN CONTRIBUTIVO;EPS005;SANITAS;25;25899;01;"BARRERAS EN EL ACCESO A TECNOLOGÍAS Y SERVICIOS DE SALUD; Y OTROS ELEMENTOS COMPLEMENTARIOS PARA LA ATENCIÓN DEL USUARIO";0101;FALTA DE OPORTUNIDAD EN LA PRESTACIÓN DE TECNOLOGÍAS EN SALUD Y OTROS ELEMENTOS COMPLEMENTARIOS PARA LA ATENCIÓN DEL USUARIO;010103;FALTA DE OPORTUNIDAD EN LA ATENCIÓN EN OTROS SERVICIOS DE SALUD;01010308;PROCEDIMIENTOS NO QUIRÚRGICOS;01010308006;OTROS PROCEDIMIENTOS NO QUIRÚRGICOS;PROBLEMAS RELACIONADOS CON FACILIDADES DE ATENCIÓN MÉDICA U OTROS SERVICIOS DE SALUD;PROBLEMAS RELACIONADOS CON FACILIDADES DE ATENCIÓN MÉDICA U OTROS SERVICIOS DE SALUD;RETINOPATÍA DIABÉTICA (E10-E14† CON CUARTO CARÁCTER COMÚN .3);No aplica;SIMPLE
225;2024;7;Web;11;11001;US- 000003632065;A nombre propio;HOMBRE;28;DE 25 A 29 AÑOS;No Aplica;Contributivo;No Aplica;No Aplica;11;11001;SANITAS;RÉGIMEN CONTRIBUTIVO;EPS005;SANITAS;11;11001;01;"BARRERAS EN EL ACCESO A TECNOLOGÍAS Y SERVICIOS DE SALUD; Y OTROS ELEMENTOS COMPLEMENTARIOS PARA LA ATENCIÓN DEL USUARIO";0101;FALTA DE OPORTUNIDAD EN LA PRESTACIÓN DE TECNOLOGÍAS EN SALUD Y OTROS ELEMENTOS COMPLEMENTARIOS PARA LA ATENCIÓN DEL USUARIO;010101;FALTA DE OPORTUNIDAD EN LAS CITAS O CONSULTAS;01010101;MEDICINA GENERAL;;;PROBLEMAS RELACIONADOS CON FACILIDADES DE ATENCIÓN MÉDICA U OTROS SERVICIOS DE SALUD;PROBLEMAS RELACIONADOS CON FACILIDADES DE ATENCIÓN MÉDICA U OTROS SERVICIOS DE SALUD;OTROS PROBLEMAS RELACIONADOS CON SERVICIOS MÉDICOS Y DE SALUD;No aplica;SIMPLE
226;2024;7;Telefónico;76;76520;US- 000004066446;Hijo (A);MUJER;85;MAYOR DE 63 AÑOS ;Primaria;Contributivo;No Aplica;No Aplica;76;76520;COMFENALCO VALLE;RÉGIMEN CONTRIBUTIVO;EPS012;COMFENALCO  VALLE;76;76520;01;"BARRERAS EN EL ACCESO A TECNOLOGÍAS Y SERVICIOS DE SALUD; Y OTROS ELEMENTOS COMPLEMENTARIOS PARA LA ATENCIÓN DEL USUARIO";0101;FALTA DE OPORTUNIDAD EN LA PRESTACIÓN DE TECNOLOGÍAS EN SALUD Y OTROS ELEMENTOS COMPLEMENTARIOS PARA LA ATENCIÓN DEL USUARIO;010101;FALTA DE OPORTUNIDAD EN LAS CITAS O CONSULTAS;01010103;ESPECIALIDADES MÉDICAS ;01010103083;PSIQUIATRÍA;SALUD MENTAL;OTROS TRASTORNOS MENTALES;TRASTORNO DE ANSIEDAD , NO ESPECIFICADO;No aplica;SIMPLE
227;2024;7;Chat;76;76001;US- 000004066447;A nombre propio;HOMBRE;71;MAYOR DE 63 AÑOS ;Primaria;Contributivo;Mulato ;No Aplica;76;76001;NUEVA EPS;RÉGIMEN CONTRIBUTIVO;EPS037;NUEVA EPS;76;76001;01;"BARRERAS EN EL ACCESO A TECNOLOGÍAS Y SERVICIOS DE SALUD; Y OTROS ELEMENTOS COMPLEMENTARIOS PARA LA ATENCIÓN DEL USUARIO";0102;NEGACIÓN DE TECNOLOGÍAS EN SALUD Y OTROS ELEMENTOS COMPLEMENTARIOS PARA LA ATENCIÓN DEL USUARIO;010204;NEGACIÓN PARA LA ENTREGA DE TECNOLOGÍAS EN SALUD Y/O DE OTROS SERVICIOS AUTORIZADOS;01020401;MEDICAMENTOS UPC;;;ENFERMEDADES NEUROLÓGICAS;EPILEPSIA;OTRAS EPILEPSIAS Y SÍNDROMES EPILÉPTICOS GENERALIZADOS;No aplica;SIMPLE
228;2024;7;Web;76;76001;US- 000003308088;Otro;HOMBRE;11;DE 6 A 12 AÑOS;No Aplica;Subsidiado;No Aplica;Persona con discapacidad;76;76001;EMSSANAR EPS;RÉGIMEN SUBSIDIADO;ESS118;EMSSANAR;76;76001;01;"BARRERAS EN EL ACCESO A TECNOLOGÍAS Y SERVICIOS DE SALUD; Y OTROS ELEMENTOS COMPLEMENTARIOS PARA LA ATENCIÓN DEL USUARIO";0101;FALTA DE OPORTUNIDAD EN LA PRESTACIÓN DE TECNOLOGÍAS EN SALUD Y OTROS ELEMENTOS COMPLEMENTARIOS PARA LA ATENCIÓN DEL USUARIO;010101;FALTA DE OPORTUNIDAD EN LAS CITAS O CONSULTAS;01010109;FONOAUDIOLOGÍA;;;PROBLEMAS RELACIONADOS CON FACILIDADES DE ATENCIÓN MÉDICA U OTROS SERVICIOS DE SALUD;PROBLEMAS RELACIONADOS CON FACILIDADES DE ATENCIÓN MÉDICA U OTROS SERVICIOS DE SALUD;OTROS PROBLEMAS RELACIONADOS CON SERVICIOS MÉDICOS Y DE SALUD;No aplica;SIMPLE
229;2024;7;Telefónico;76;76520;US- 000003966432;A nombre propio;HOMBRE;81;MAYOR DE 63 AÑOS ;Universitario Incompleto;Contributivo;No Aplica;No Aplica;76;76520;NUEVA EPS;RÉGIMEN CONTRIBUTIVO;EPS037;NUEVA EPS;76;76520;01;"BARRERAS EN EL ACCESO A TECNOLOGÍAS Y SERVICIOS DE SALUD; Y OTROS ELEMENTOS COMPLEMENTARIOS PARA LA ATENCIÓN DEL USUARIO";0102;NEGACIÓN DE TECNOLOGÍAS EN SALUD Y OTROS ELEMENTOS COMPLEMENTARIOS PARA LA ATENCIÓN DEL USUARIO;010204;NEGACIÓN PARA LA ENTREGA DE TECNOLOGÍAS EN SALUD Y/O DE OTROS SERVICIOS AUTORIZADOS;01020401;MEDICAMENTOS UPC;;;ENFERMEDADES CRÓNICAS NO TRASMISIBLES CARDIOVASCULARES;OTROS;ARRITMIA CARDIACA, NO ESPECIFICADA;No aplica;SIMPLE
230;2024;7;Telefónico;05;05266;US- 000001347039;Madre;HOMBRE;6;DE 6 A 12 AÑOS;Primaria Incompleta;Contributivo;No Aplica;Desplazado;05;05266;SURAMERICANA EPS;RÉGIMEN CONTRIBUTIVO;EPS010;EPS SURA;05;05266;01;"BARRERAS EN EL ACCESO A TECNOLOGÍAS Y SERVICIOS DE SALUD; Y OTROS ELEMENTOS COMPLEMENTARIOS PARA LA ATENCIÓN DEL USUARIO";0101;FALTA DE OPORTUNIDAD EN LA PRESTACIÓN DE TECNOLOGÍAS EN SALUD Y OTROS ELEMENTOS COMPLEMENTARIOS PARA LA ATENCIÓN DEL USUARIO;010104;FALTA DE OPORTUNIDAD EN LA ENTREGA O ENTREGA INCOMPLETA DE TECNOLOGÍAS EN SALUD Y/O PRESTACIÓN DE OTROS SERVICIOS;01010401;MEDICAMENTOS UPC;;;PROBLEMAS RELACIONADOS CON FACILIDADES DE ATENCIÓN MÉDICA U OTROS SERVICIOS DE SALUD;PROBLEMAS RELACIONADOS CON FACILIDADES DE ATENCIÓN MÉDICA U OTROS SERVICIOS DE SALUD;ACIDOSIS;No aplica;SIMPLE
231;2024;7;Telefónico;05;05266;US- 000000915460;Madre;HOMBRE;11;DE 6 A 12 AÑOS;Secundaria Incompleta;Contributivo;No Aplica;Desplazado;05;05266;SURAMERICANA EPS;RÉGIMEN CONTRIBUTIVO;EPS010;EPS SURA;05;05266;01;"BARRERAS EN EL ACCESO A TECNOLOGÍAS Y SERVICIOS DE SALUD; Y OTROS ELEMENTOS COMPLEMENTARIOS PARA LA ATENCIÓN DEL USUARIO";0101;FALTA DE OPORTUNIDAD EN LA PRESTACIÓN DE TECNOLOGÍAS EN SALUD Y OTROS ELEMENTOS COMPLEMENTARIOS PARA LA ATENCIÓN DEL USUARIO;010101;FALTA DE OPORTUNIDAD EN LAS CITAS O CONSULTAS;01010103;ESPECIALIDADES MÉDICAS ;01010103082;PEDIATRÍA;ENFERMEDADES CRÓNICAS NO TRANSMISIBLES- FACTORES DE RIESGO;OBESIDAD;OBESIDAD;No aplica;SIMPLE
232;2024;7;Web;76;76001;US- 000003924704;Hijo (A);MUJER;68;MAYOR DE 63 AÑOS ;No Aplica;Subsidiado;Afrocolombiano o Afrodescendiente;Desplazado;76;76001;EMSSANAR EPS;RÉGIMEN SUBSIDIADO;ESS118;EMSSANAR;76;76001;01;"BARRERAS EN EL ACCESO A TECNOLOGÍAS Y SERVICIOS DE SALUD; Y OTROS ELEMENTOS COMPLEMENTARIOS PARA LA ATENCIÓN DEL USUARIO";0101;FALTA DE OPORTUNIDAD EN LA PRESTACIÓN DE TECNOLOGÍAS EN SALUD Y OTROS ELEMENTOS COMPLEMENTARIOS PARA LA ATENCIÓN DEL USUARIO;010105;FALTA DE OPORTUNIDAD EN EL PROCESO DE REFERENCIA Y CONTRARREFERENCIA;;;;;CÁNCER ;OTROS;TUMOR MALIGNO DE LA COLUMNA VERTEBRAL;No aplica;PRIORIZADO
233;2024;7;Web;76;76001;US- 000000467585;Otro;MUJER;17;DE 13 A 17 AÑOS;No Aplica;Contributivo;No Aplica;No Aplica;76;76001;SURAMERICANA EPS;RÉGIMEN CONTRIBUTIVO;EPS010;EPS SURA;76;76001;01;"BARRERAS EN EL ACCESO A TECNOLOGÍAS Y SERVICIOS DE SALUD; Y OTROS ELEMENTOS COMPLEMENTARIOS PARA LA ATENCIÓN DEL USUARIO";0103;FALTA DE OPORTUNIDAD EN LA AUTORIZACIÓN DE TECNOLOGÍAS EN SALUD Y OTROS ELEMENTOS COMPLEMENTARIOS PARA LA ATENCIÓN DEL USUARIO;010301;FALTA DE OPORTUNIDAD EN LA AUTORIZACIÓN DE TECNOLOGÍAS EN SALUD Y/O DE OTROS SERVICIOS;01030101;MEDICAMENTOS UPC;;;PROBLEMAS RELACIONADOS CON FACILIDADES DE ATENCIÓN MÉDICA U OTROS SERVICIOS DE SALUD;PROBLEMAS RELACIONADOS CON FACILIDADES DE ATENCIÓN MÉDICA U OTROS SERVICIOS DE SALUD;OTROS PROBLEMAS RELACIONADOS CON SERVICIOS MÉDICOS Y DE SALUD;No aplica;SIMPLE
234;2024;7;Web;68;68276;US- 000003934073;A nombre propio;HOMBRE;57;DE 50 A 62 AÑOS;No Aplica;Contributivo;No Aplica;No Aplica;68;68276;SALUD TOTAL;RÉGIMEN CONTRIBUTIVO;EPS002;SALUD TOTAL;68;68276;04;INSATISFACCIÓN DEL USUARIO CON EL PROCESO ADMINISTRATIVO;0405;PROBLEMAS EN EL RECONOCIMIENTO Y/O PAGO DE PRESTACIONES ECONÓMICAS;040501;NO RECONOCIMIENTO Y/O PAGO DE LAS PRESTACIONES ECONÓMICAS;04050107;INCAPACIDAD DE ENFERMEDAD GENERAL;;;PROBLEMAS RELACIONADOS CON FACILIDADES DE ATENCIÓN MÉDICA U OTROS SERVICIOS DE SALUD;PROBLEMAS RELACIONADOS CON FACILIDADES DE ATENCIÓN MÉDICA U OTROS SERVICIOS DE SALUD;OTROS PROBLEMAS RELACIONADOS CON SERVICIOS MÉDICOS Y DE SALUD;No aplica;SIMPLE
235;2024;7;Chat;11;11001;US- 000001978398;A nombre propio;HOMBRE;77;MAYOR DE 63 AÑOS ;Primaria;Contributivo;No Aplica;No Aplica;11;11001;COMPENSAR;RÉGIMEN CONTRIBUTIVO;EPS008;COMPENSAR;11;11001;01;"BARRERAS EN EL ACCESO A TECNOLOGÍAS Y SERVICIOS DE SALUD; Y OTROS ELEMENTOS COMPLEMENTARIOS PARA LA ATENCIÓN DEL USUARIO";0101;FALTA DE OPORTUNIDAD EN LA PRESTACIÓN DE TECNOLOGÍAS EN SALUD Y OTROS ELEMENTOS COMPLEMENTARIOS PARA LA ATENCIÓN DEL USUARIO;010101;FALTA DE OPORTUNIDAD EN LAS CITAS O CONSULTAS;01010103;ESPECIALIDADES MÉDICAS ;01010103075;OFTALMOLOGÍA;PROBLEMAS RELACIONADOS CON FACILIDADES DE ATENCIÓN MÉDICA U OTROS SERVICIOS DE SALUD;PROBLEMAS RELACIONADOS CON FACILIDADES DE ATENCIÓN MÉDICA U OTROS SERVICIOS DE SALUD;GLAUCOMA;No aplica;SIMPLE
236;2024;7;Web;76;76001;US- 000004066448;Otro;MUJER;85;MAYOR DE 63 AÑOS ;No Aplica;Contributivo;No Aplica;No Aplica;76;76001;SANITAS;RÉGIMEN CONTRIBUTIVO;EPS005;SANITAS;76;76001;01;"BARRERAS EN EL ACCESO A TECNOLOGÍAS Y SERVICIOS DE SALUD; Y OTROS ELEMENTOS COMPLEMENTARIOS PARA LA ATENCIÓN DEL USUARIO";0101;FALTA DE OPORTUNIDAD EN LA PRESTACIÓN DE TECNOLOGÍAS EN SALUD Y OTROS ELEMENTOS COMPLEMENTARIOS PARA LA ATENCIÓN DEL USUARIO;010105;FALTA DE OPORTUNIDAD EN EL PROCESO DE REFERENCIA Y CONTRARREFERENCIA;;;;;ENFERMEDADES CRÓNICAS NO TRANSMISIBLES- FACTORES DE RIESGO;MEDICIÓN DE FACTORES DE RIESGO;OTROS PROBLEMAS RELACIONADOS CON SERVICIOS MÉDICOS Y DE SALUD;No aplica;PRIORIZADO
237;2024;7;Chat;25;25758;US- 000003612513;A nombre propio;MUJER;59;DE 50 A 62 AÑOS;Secundaria;Contributivo;No Aplica;No Aplica;25;25758;FAMISANAR;RÉGIMEN CONTRIBUTIVO;EPS017;FAMISANAR;25;25758;01;"BARRERAS EN EL ACCESO A TECNOLOGÍAS Y SERVICIOS DE SALUD; Y OTROS ELEMENTOS COMPLEMENTARIOS PARA LA ATENCIÓN DEL USUARIO";0103;FALTA DE OPORTUNIDAD EN LA AUTORIZACIÓN DE TECNOLOGÍAS EN SALUD Y OTROS ELEMENTOS COMPLEMENTARIOS PARA LA ATENCIÓN DEL USUARIO;010304;FALTA DE OPORTUNIDAD EN LA AUTORIZACIÓN DE OTROS SERVICIOS DE SALUD;01030409;PROCEDIMIENTOS QUIRÚRGICOS;01030409003;OTROS PROCEDIMIENTOS QUIRÚRGICOS;ENFERMEDADES OSTEOARTICULARES;OTROS;FRACTURA DE LA DIÁFISIS DEL RADIO;No aplica;PRIORIZADO
238;2024;7;Web;66;66170;US- 000000079162;A nombre propio;MUJER;35;DE 30 A 37 AÑOS;No Aplica;Contributivo;No Aplica;No Aplica;66;66170;SURAMERICANA EPS;RÉGIMEN CONTRIBUTIVO;EPS010;EPS SURA;66;66170;01;"BARRERAS EN EL ACCESO A TECNOLOGÍAS Y SERVICIOS DE SALUD; Y OTROS ELEMENTOS COMPLEMENTARIOS PARA LA ATENCIÓN DEL USUARIO";0103;FALTA DE OPORTUNIDAD EN LA AUTORIZACIÓN DE TECNOLOGÍAS EN SALUD Y OTROS ELEMENTOS COMPLEMENTARIOS PARA LA ATENCIÓN DEL USUARIO;010302;FALTA DE OPORTUNIDAD EN LA AUTORIZACIÓN DE CITAS DE CONSULTA;01030203;ESPECIALIDADES MÉDICAS ;01030203086;RADIOLOGÍA E IMÁGENES DIAGNÓSTICAS;PROBLEMAS RELACIONADOS CON FACILIDADES DE ATENCIÓN MÉDICA U OTROS SERVICIOS DE SALUD;PROBLEMAS RELACIONADOS CON FACILIDADES DE ATENCIÓN MÉDICA U OTROS SERVICIOS DE SALUD;OTROS PROBLEMAS RELACIONADOS CON SERVICIOS MÉDICOS Y DE SALUD;No aplica;SIMPLE
239;2024;7;Web;11;11001;US- 000004066449;A nombre propio;MUJER;68;MAYOR DE 63 AÑOS ;No Aplica;Contributivo;No Aplica;No Aplica;11;11001;NUEVA EPS;RÉGIMEN CONTRIBUTIVO;EPS037;NUEVA EPS;11;11001;01;"BARRERAS EN EL ACCESO A TECNOLOGÍAS Y SERVICIOS DE SALUD; Y OTROS ELEMENTOS COMPLEMENTARIOS PARA LA ATENCIÓN DEL USUARIO";0101;FALTA DE OPORTUNIDAD EN LA PRESTACIÓN DE TECNOLOGÍAS EN SALUD Y OTROS ELEMENTOS COMPLEMENTARIOS PARA LA ATENCIÓN DEL USUARIO;010101;FALTA DE OPORTUNIDAD EN LAS CITAS O CONSULTAS;01010101;MEDICINA GENERAL;;;PROBLEMAS RELACIONADOS CON FACILIDADES DE ATENCIÓN MÉDICA U OTROS SERVICIOS DE SALUD;PROBLEMAS RELACIONADOS CON FACILIDADES DE ATENCIÓN MÉDICA U OTROS SERVICIOS DE SALUD;OTROS PROBLEMAS RELACIONADOS CON SERVICIOS MÉDICOS Y DE SALUD;No aplica;SIMPLE
240;2024;7;Web;76;76001;US- 000001439671;A nombre propio;HOMBRE;26;DE 25 A 29 AÑOS;No Aplica;Subsidiado;No Aplica;No Aplica;76;76001;EMSSANAR EPS;RÉGIMEN SUBSIDIADO;ESS118;EMSSANAR;76;76001;01;"BARRERAS EN EL ACCESO A TECNOLOGÍAS Y SERVICIOS DE SALUD; Y OTROS ELEMENTOS COMPLEMENTARIOS PARA LA ATENCIÓN DEL USUARIO";0103;FALTA DE OPORTUNIDAD EN LA AUTORIZACIÓN DE TECNOLOGÍAS EN SALUD Y OTROS ELEMENTOS COMPLEMENTARIOS PARA LA ATENCIÓN DEL USUARIO;010302;FALTA DE OPORTUNIDAD EN LA AUTORIZACIÓN DE CITAS DE CONSULTA;01030203;ESPECIALIDADES MÉDICAS ;01030203080;OTORRINOLARINGOLOGÍA;PROBLEMAS RELACIONADOS CON FACILIDADES DE ATENCIÓN MÉDICA U OTROS SERVICIOS DE SALUD;PROBLEMAS RELACIONADOS CON FACILIDADES DE ATENCIÓN MÉDICA U OTROS SERVICIOS DE SALUD;CONSULTA, NO ESPECIFICADA;No aplica;SIMPLE
241;2024;7;Web;13;13001;US- 000004066450;A nombre propio;HOMBRE;26;DE 25 A 29 AÑOS;No Aplica;Contributivo;No Aplica;No Aplica;13;13001;CCF DE SUCRE;RÉGIMEN SUBSIDIADO;CCF033;CCF DE SUCRE Y/O FAMILIAR DE COLOMBIA;13;13001;04;INSATISFACCIÓN DEL USUARIO CON EL PROCESO ADMINISTRATIVO;0404;INSATISFACCIÓN RELACIONADA CON TRÁMITES ADMINISTRATIVOS;040403;INCONSISTENCIAS EN LA AFILIACIÓN;04040308;TRASLADO NO SOLICITADO POR EL USUARIO;;;PROBLEMAS RELACIONADOS CON FACILIDADES DE ATENCIÓN MÉDICA U OTROS SERVICIOS DE SALUD;PROBLEMAS RELACIONADOS CON FACILIDADES DE ATENCIÓN MÉDICA U OTROS SERVICIOS DE SALUD;OTROS PROBLEMAS RELACIONADOS CON SERVICIOS MÉDICOS Y DE SALUD;No aplica;SIMPLE
242;2024;7;Personalizado;11;11001;US- 000000723241;Hermano (A);HOMBRE;39;DE 38 A 49 AÑOS;Secundaria;Contributivo;No Aplica;Persona con discapacidad;11;11001;ALIANSALUD;RÉGIMEN CONTRIBUTIVO;EPS001;ALIANSALUD;11;11001;01;"BARRERAS EN EL ACCESO A TECNOLOGÍAS Y SERVICIOS DE SALUD; Y OTROS ELEMENTOS COMPLEMENTARIOS PARA LA ATENCIÓN DEL USUARIO";0101;FALTA DE OPORTUNIDAD EN LA PRESTACIÓN DE TECNOLOGÍAS EN SALUD Y OTROS ELEMENTOS COMPLEMENTARIOS PARA LA ATENCIÓN DEL USUARIO;010101;FALTA DE OPORTUNIDAD EN LAS CITAS O CONSULTAS;01010103;ESPECIALIDADES MÉDICAS ;01010103072;NEUROLOGÍA;ENFERMEDADES NEUROLÓGICAS;EPILEPSIA;RETRASO MENTAL LEVE;No aplica;SIMPLE
243;2024;7;Web;11;11001;US- 000004066451;A nombre propio;HOMBRE;32;DE 30 A 37 AÑOS;No Aplica;Contributivo;No Aplica;No Aplica;11;11001;COMPENSAR;RÉGIMEN CONTRIBUTIVO;EPS008;COMPENSAR;11;11001;01;"BARRERAS EN EL ACCESO A TECNOLOGÍAS Y SERVICIOS DE SALUD; Y OTROS ELEMENTOS COMPLEMENTARIOS PARA LA ATENCIÓN DEL USUARIO";0101;FALTA DE OPORTUNIDAD EN LA PRESTACIÓN DE TECNOLOGÍAS EN SALUD Y OTROS ELEMENTOS COMPLEMENTARIOS PARA LA ATENCIÓN DEL USUARIO;010103;FALTA DE OPORTUNIDAD EN LA ATENCIÓN EN OTROS SERVICIOS DE SALUD;01010308;PROCEDIMIENTOS NO QUIRÚRGICOS;01010308006;OTROS PROCEDIMIENTOS NO QUIRÚRGICOS;ENFERMEDADES HUÉRFANAS;OTROS;ESCLEROSIS MÚLTIPLE;No aplica;PRIORIZADO
244;2024;7;Web;76;76001;US- 000003308088;Madre;HOMBRE;11;DE 6 A 12 AÑOS;No Aplica;Subsidiado;No Aplica;Persona con discapacidad;76;76001;EMSSANAR EPS;RÉGIMEN SUBSIDIADO;ESS118;EMSSANAR;76;76001;01;"BARRERAS EN EL ACCESO A TECNOLOGÍAS Y SERVICIOS DE SALUD; Y OTROS ELEMENTOS COMPLEMENTARIOS PARA LA ATENCIÓN DEL USUARIO";0101;FALTA DE OPORTUNIDAD EN LA PRESTACIÓN DE TECNOLOGÍAS EN SALUD Y OTROS ELEMENTOS COMPLEMENTARIOS PARA LA ATENCIÓN DEL USUARIO;010104;FALTA DE OPORTUNIDAD EN LA ENTREGA O ENTREGA INCOMPLETA DE TECNOLOGÍAS EN SALUD Y/O PRESTACIÓN DE OTROS SERVICIOS;01010401;MEDICAMENTOS UPC;;;PROBLEMAS RELACIONADOS CON FACILIDADES DE ATENCIÓN MÉDICA U OTROS SERVICIOS DE SALUD;PROBLEMAS RELACIONADOS CON FACILIDADES DE ATENCIÓN MÉDICA U OTROS SERVICIOS DE SALUD;OTROS PROBLEMAS RELACIONADOS CON SERVICIOS MÉDICOS Y DE SALUD;No aplica;SIMPLE
245;2024;7;Telefónico;05;05631;US- 000001158200;A nombre propio;MUJER;39;DE 38 A 49 AÑOS;Universitario;Contributivo;No Aplica;No Aplica;05;05631;SURAMERICANA EPS;RÉGIMEN CONTRIBUTIVO;EPS010;EPS SURA;05;05631;01;"BARRERAS EN EL ACCESO A TECNOLOGÍAS Y SERVICIOS DE SALUD; Y OTROS ELEMENTOS COMPLEMENTARIOS PARA LA ATENCIÓN DEL USUARIO";0103;FALTA DE OPORTUNIDAD EN LA AUTORIZACIÓN DE TECNOLOGÍAS EN SALUD Y OTROS ELEMENTOS COMPLEMENTARIOS PARA LA ATENCIÓN DEL USUARIO;010304;FALTA DE OPORTUNIDAD EN LA AUTORIZACIÓN DE OTROS SERVICIOS DE SALUD;01030409;PROCEDIMIENTOS QUIRÚRGICOS;01030409003;OTROS PROCEDIMIENTOS QUIRÚRGICOS;ENFERMEDADES CRÓNICAS NO TRANSMISIBLES- FACTORES DE RIESGO;OBESIDAD;OBESIDAD;No aplica;SIMPLE
246;2024;7;Web;25;25181;US- 000004066452;A nombre propio;HOMBRE;37;DE 30 A 37 AÑOS;No Aplica;Contributivo;Afrocolombiano o Afrodescendiente;No Aplica;25;25181;SALUD TOTAL;RÉGIMEN CONTRIBUTIVO;EPS002;SALUD TOTAL;25;25754;04;INSATISFACCIÓN DEL USUARIO CON EL PROCESO ADMINISTRATIVO;0404;INSATISFACCIÓN RELACIONADA CON TRÁMITES ADMINISTRATIVOS;040403;INCONSISTENCIAS EN LA AFILIACIÓN;04040308;TRASLADO NO SOLICITADO POR EL USUARIO;;;PROBLEMAS RELACIONADOS CON FACILIDADES DE ATENCIÓN MÉDICA U OTROS SERVICIOS DE SALUD;PROBLEMAS RELACIONADOS CON FACILIDADES DE ATENCIÓN MÉDICA U OTROS SERVICIOS DE SALUD;HIPOTIROIDISMO, NO ESPECIFICADO;No aplica;SIMPLE
247;2024;7;Web;50;50001;US- 000000142555;A nombre propio;HOMBRE;71;MAYOR DE 63 AÑOS ;No Aplica;Subsidiado;Afrocolombiano o Afrodescendiente;Persona con discapacidad;50;50001;CAPITAL SALUD;RÉGIMEN SUBSIDIADO;EPSS34;CAPITAL SALUD;50;50001;01;"BARRERAS EN EL ACCESO A TECNOLOGÍAS Y SERVICIOS DE SALUD; Y OTROS ELEMENTOS COMPLEMENTARIOS PARA LA ATENCIÓN DEL USUARIO";0102;NEGACIÓN DE TECNOLOGÍAS EN SALUD Y OTROS ELEMENTOS COMPLEMENTARIOS PARA LA ATENCIÓN DEL USUARIO;010204;NEGACIÓN PARA LA ENTREGA DE TECNOLOGÍAS EN SALUD Y/O DE OTROS SERVICIOS AUTORIZADOS;01020406;SOPORTE NUTRICIONAL;;;ENFERMEDADES CRÓNICAS NO TRANSMISIBLES- FACTORES DE RIESGO;MEDICIÓN DE FACTORES DE RIESGO;DESNUTRICIÓN PROTEICOCALORICA MODERADA;No aplica;PRIORIZADO
248;2024;7;Web;17;17380;US- 000000652986;Hijo (A);HOMBRE;65;MAYOR DE 63 AÑOS ;No Aplica;Contributivo;No Aplica;No Aplica;17;17088;NUEVA EPS;RÉGIMEN CONTRIBUTIVO;EPS037;NUEVA EPS;17;17088;01;"BARRERAS EN EL ACCESO A TECNOLOGÍAS Y SERVICIOS DE SALUD; Y OTROS ELEMENTOS COMPLEMENTARIOS PARA LA ATENCIÓN DEL USUARIO";0101;FALTA DE OPORTUNIDAD EN LA PRESTACIÓN DE TECNOLOGÍAS EN SALUD Y OTROS ELEMENTOS COMPLEMENTARIOS PARA LA ATENCIÓN DEL USUARIO;010101;FALTA DE OPORTUNIDAD EN LAS CITAS O CONSULTAS;01010103;ESPECIALIDADES MÉDICAS ;01010103086;RADIOLOGÍA E IMÁGENES DIAGNÓSTICAS;PROBLEMAS RELACIONADOS CON FACILIDADES DE ATENCIÓN MÉDICA U OTROS SERVICIOS DE SALUD;PROBLEMAS RELACIONADOS CON FACILIDADES DE ATENCIÓN MÉDICA U OTROS SERVICIOS DE SALUD;OTROS PROBLEMAS RELACIONADOS CON SERVICIOS MÉDICOS Y DE SALUD;No aplica;SIMPLE
249;2024;7;Web;11;11001;US- 000004066453;A nombre propio;MUJER;80;MAYOR DE 63 AÑOS ;No Aplica;Subsidiado;No Aplica;No Aplica;11;11001;CAPITAL SALUD;RÉGIMEN SUBSIDIADO;EPSS34;CAPITAL SALUD;11;11001;01;"BARRERAS EN EL ACCESO A TECNOLOGÍAS Y SERVICIOS DE SALUD; Y OTROS ELEMENTOS COMPLEMENTARIOS PARA LA ATENCIÓN DEL USUARIO";0101;FALTA DE OPORTUNIDAD EN LA PRESTACIÓN DE TECNOLOGÍAS EN SALUD Y OTROS ELEMENTOS COMPLEMENTARIOS PARA LA ATENCIÓN DEL USUARIO;010103;FALTA DE OPORTUNIDAD EN LA ATENCIÓN EN OTROS SERVICIOS DE SALUD;01010309;PROCEDIMIENTOS QUIRÚRGICOS;01010309003;OTROS PROCEDIMIENTOS QUIRÚRGICOS;ENFERMEDADES CRÓNICAS NO TRANSMISIBLES- FACTORES DE RIESGO;MEDICIÓN DE FACTORES DE RIESGO;ASISTENCIA Y AJUSTE DE MARCAPASO CARDIACO;No aplica;PRIORIZADO
250;2024;7;Web;17;17486;US- 000004066454;Otro;MUJER;10;DE 6 A 12 AÑOS;No Aplica;Contributivo;No Aplica;No Aplica;17;17486;NUEVA EPS;RÉGIMEN CONTRIBUTIVO;EPS037;NUEVA EPS;17;17486;01;"BARRERAS EN EL ACCESO A TECNOLOGÍAS Y SERVICIOS DE SALUD; Y OTROS ELEMENTOS COMPLEMENTARIOS PARA LA ATENCIÓN DEL USUARIO";0102;NEGACIÓN DE TECNOLOGÍAS EN SALUD Y OTROS ELEMENTOS COMPLEMENTARIOS PARA LA ATENCIÓN DEL USUARIO;010204;NEGACIÓN PARA LA ENTREGA DE TECNOLOGÍAS EN SALUD Y/O DE OTROS SERVICIOS AUTORIZADOS;01020401;MEDICAMENTOS UPC;;;PROBLEMAS RELACIONADOS CON FACILIDADES DE ATENCIÓN MÉDICA U OTROS SERVICIOS DE SALUD;PROBLEMAS RELACIONADOS CON FACILIDADES DE ATENCIÓN MÉDICA U OTROS SERVICIOS DE SALUD;PERTURBACIÓN DE LA ACTIVIDAD Y DE LA ATENCIÓN;No aplica;SIMPLE
251;2024;7;Chat;25;25769;US- 000004066455;A nombre propio;MUJER;22;DE 18 A 24 AÑOS;Universitario Incompleto;Contributivo;No Aplica;No Aplica;25;25769;FAMISANAR;RÉGIMEN CONTRIBUTIVO;EPS017;FAMISANAR;25;25175;01;"BARRERAS EN EL ACCESO A TECNOLOGÍAS Y SERVICIOS DE SALUD; Y OTROS ELEMENTOS COMPLEMENTARIOS PARA LA ATENCIÓN DEL USUARIO";0103;FALTA DE OPORTUNIDAD EN LA AUTORIZACIÓN DE TECNOLOGÍAS EN SALUD Y OTROS ELEMENTOS COMPLEMENTARIOS PARA LA ATENCIÓN DEL USUARIO;010302;FALTA DE OPORTUNIDAD EN LA AUTORIZACIÓN DE CITAS DE CONSULTA;01030203;ESPECIALIDADES MÉDICAS ;01030203047;GINECOLOGÍA Y OBSTETRICIA;PROBLEMAS RELACIONADOS CON FACILIDADES DE ATENCIÓN MÉDICA U OTROS SERVICIOS DE SALUD;PROBLEMAS RELACIONADOS CON FACILIDADES DE ATENCIÓN MÉDICA U OTROS SERVICIOS DE SALUD;DOLOR PÉLVICO Y PERINEAL;No aplica;SIMPLE
252;2024;7;Telefónico;54;54518;US- 000003615079;A nombre propio;MUJER;19;DE 18 A 24 AÑOS;Universitario Incompleto;Régimen Especial;ROM- Gitano;Víctima del conflicto armado;54;54518;MAGISTERIO;REGÍMENES DE EXCEPCIÓN Y ESPECIALES;REMG01;MAGISTERIO;54;54518;02;INSATISFACCIÓN RELACIONADA CON LA ATENCIÓN EN SALUD;0201;INSATISFACCIÓN RELACIONADA CON LA ATENCIÓN EN SALUD POR FALTA DE OPORTUNIDAD;020102;INSATISFACCIÓN POR FALTA DE OPORTUNIDAD EN LA ENTREGA DE RESULTADOS DE AYUDAS DIAGNÓSTICAS;;;;;PROBLEMAS RELACIONADOS CON FACILIDADES DE ATENCIÓN MÉDICA U OTROS SERVICIOS DE SALUD;PROBLEMAS RELACIONADOS CON FACILIDADES DE ATENCIÓN MÉDICA U OTROS SERVICIOS DE SALUD;OTROS PROBLEMAS RELACIONADOS CON SERVICIOS MÉDICOS Y DE SALUD;No aplica;SIMPLE
253;2024;7;Web;11;11001;US- 000001782021;A nombre propio;MUJER;29;DE 25 A 29 AÑOS;No Aplica;Contributivo;No Aplica;No Aplica;11;11001;SALUD TOTAL;RÉGIMEN CONTRIBUTIVO;EPS002;SALUD TOTAL;11;11001;01;"BARRERAS EN EL ACCESO A TECNOLOGÍAS Y SERVICIOS DE SALUD; Y OTROS ELEMENTOS COMPLEMENTARIOS PARA LA ATENCIÓN DEL USUARIO";0101;FALTA DE OPORTUNIDAD EN LA PRESTACIÓN DE TECNOLOGÍAS EN SALUD Y OTROS ELEMENTOS COMPLEMENTARIOS PARA LA ATENCIÓN DEL USUARIO;010103;FALTA DE OPORTUNIDAD EN LA ATENCIÓN EN OTROS SERVICIOS DE SALUD;01010301;URGENCIAS;;;COVID -19;SOSPECHA COVID -19;OBSERVACIÓN POR SOSPECHA DE ENFERMEDAD O AFECCIÓN NO ESPECIFICADA;No aplica;PRIORIZADO
254;2024;7;Chat;11;11001;US- 000002213139;A nombre propio;MUJER;43;DE 38 A 49 AÑOS;Secundaria;Contributivo;No Aplica;No Aplica;11;11001;FAMISANAR;RÉGIMEN CONTRIBUTIVO;EPS017;FAMISANAR;11;11001;01;"BARRERAS EN EL ACCESO A TECNOLOGÍAS Y SERVICIOS DE SALUD; Y OTROS ELEMENTOS COMPLEMENTARIOS PARA LA ATENCIÓN DEL USUARIO";0102;NEGACIÓN DE TECNOLOGÍAS EN SALUD Y OTROS ELEMENTOS COMPLEMENTARIOS PARA LA ATENCIÓN DEL USUARIO;010201;NEGACIÓN EN LA ASIGNACIÓN DE CITAS O CONSULTAS;01020103;ESPECIALIDADES MÉDICAS ;01020103078;ORTOPEDIA Y TRAUMATOLOGÍA;ENFERMEDADES OSTEOARTICULARES;OTROS;CONDROMALACIA DE LA ROTULA;No aplica;SIMPLE
255;2024;7;Telefónico;08;08001;US- 000000602935;Otro;MUJER;53;DE 50 A 62 AÑOS;Universitario Incompleto;Contributivo;No Aplica;No Aplica;08;08001;SURAMERICANA EPS;RÉGIMEN CONTRIBUTIVO;EPS010;EPS SURA;08;08001;01;"BARRERAS EN EL ACCESO A TECNOLOGÍAS Y SERVICIOS DE SALUD; Y OTROS ELEMENTOS COMPLEMENTARIOS PARA LA ATENCIÓN DEL USUARIO";0103;FALTA DE OPORTUNIDAD EN LA AUTORIZACIÓN DE TECNOLOGÍAS EN SALUD Y OTROS ELEMENTOS COMPLEMENTARIOS PARA LA ATENCIÓN DEL USUARIO;010304;FALTA DE OPORTUNIDAD EN LA AUTORIZACIÓN DE OTROS SERVICIOS DE SALUD;01030408;PROCEDIMIENTOS NO QUIRÚRGICOS;01030408006;OTROS PROCEDIMIENTOS NO QUIRÚRGICOS;ENFERMEDADES CRÓNICAS NO TRANSMISIBLES –RENALES;IRC-ENFERMEDAD RENAL;INSUFICIENCIA RENAL CRÓNICA;Hemodiálisis;PRIORIZADO
256;2024;7;Telefónico;15;15001;US- 000004066456;Hijo (A);MUJER;64;MAYOR DE 63 AÑOS ;Primaria;Subsidiado;No Aplica;No Aplica;15;15001;SANITAS;RÉGIMEN CONTRIBUTIVO;EPS005;SANITAS;15;15001;01;"BARRERAS EN EL ACCESO A TECNOLOGÍAS Y SERVICIOS DE SALUD; Y OTROS ELEMENTOS COMPLEMENTARIOS PARA LA ATENCIÓN DEL USUARIO";0103;FALTA DE OPORTUNIDAD EN LA AUTORIZACIÓN DE TECNOLOGÍAS EN SALUD Y OTROS ELEMENTOS COMPLEMENTARIOS PARA LA ATENCIÓN DEL USUARIO;010301;FALTA DE OPORTUNIDAD EN LA AUTORIZACIÓN DE TECNOLOGÍAS EN SALUD Y/O DE OTROS SERVICIOS;01030107;ELEMENTOS COMPLEMENTARIOS PARA LA ATENCIÓN DEL USUARIO (PAÑALES, PAÑITOS, ETC.);;;PROBLEMAS RELACIONADOS CON FACILIDADES DE ATENCIÓN MÉDICA U OTROS SERVICIOS DE SALUD;PROBLEMAS RELACIONADOS CON FACILIDADES DE ATENCIÓN MÉDICA U OTROS SERVICIOS DE SALUD;INSUFICIENCIA RESPIRATORIA AGUDA;No aplica;PRIORIZADO
257;2024;7;Web;05;05001;US- 000003595671;A nombre propio;MUJER;7;DE 6 A 12 AÑOS;No Aplica;Subsidiado;No Aplica;No Aplica;05;05001;SAVIA SALUD;RÉGIMEN SUBSIDIADO;EPSS40;SAVIA SALUD EPS;05;05001;01;"BARRERAS EN EL ACCESO A TECNOLOGÍAS Y SERVICIOS DE SALUD; Y OTROS ELEMENTOS COMPLEMENTARIOS PARA LA ATENCIÓN DEL USUARIO";0102;NEGACIÓN DE TECNOLOGÍAS EN SALUD Y OTROS ELEMENTOS COMPLEMENTARIOS PARA LA ATENCIÓN DEL USUARIO;010201;NEGACIÓN EN LA ASIGNACIÓN DE CITAS O CONSULTAS;01020103;ESPECIALIDADES MÉDICAS ;01020103082;PEDIATRÍA;PROBLEMAS RELACIONADOS CON FACILIDADES DE ATENCIÓN MÉDICA U OTROS SERVICIOS DE SALUD;PROBLEMAS RELACIONADOS CON FACILIDADES DE ATENCIÓN MÉDICA U OTROS SERVICIOS DE SALUD;OTROS PROBLEMAS RELACIONADOS CON SERVICIOS MÉDICOS Y DE SALUD;No aplica;SIMPLE
258;2024;7;Web;05;05001;US- 000004066457;A nombre propio;MUJER;58;DE 50 A 62 AÑOS;No Aplica;Subsidiado;No Aplica;No Aplica;05;05001;SAVIA SALUD;RÉGIMEN SUBSIDIADO;EPSS40;SAVIA SALUD EPS;05;05001;01;"BARRERAS EN EL ACCESO A TECNOLOGÍAS Y SERVICIOS DE SALUD; Y OTROS ELEMENTOS COMPLEMENTARIOS PARA LA ATENCIÓN DEL USUARIO";0101;FALTA DE OPORTUNIDAD EN LA PRESTACIÓN DE TECNOLOGÍAS EN SALUD Y OTROS ELEMENTOS COMPLEMENTARIOS PARA LA ATENCIÓN DEL USUARIO;010101;FALTA DE OPORTUNIDAD EN LAS CITAS O CONSULTAS;01010101;MEDICINA GENERAL;;;PROBLEMAS RELACIONADOS CON FACILIDADES DE ATENCIÓN MÉDICA U OTROS SERVICIOS DE SALUD;PROBLEMAS RELACIONADOS CON FACILIDADES DE ATENCIÓN MÉDICA U OTROS SERVICIOS DE SALUD;OTROS PROBLEMAS RELACIONADOS CON SERVICIOS MÉDICOS Y DE SALUD;No aplica;SIMPLE
259;2024;7;Web;05;05001;US- 000004066458;A nombre propio;MUJER;31;DE 30 A 37 AÑOS;No Aplica;Subsidiado;No Aplica;No Aplica;05;05001;SAVIA SALUD;RÉGIMEN SUBSIDIADO;EPSS40;SAVIA SALUD EPS;05;05001;01;"BARRERAS EN EL ACCESO A TECNOLOGÍAS Y SERVICIOS DE SALUD; Y OTROS ELEMENTOS COMPLEMENTARIOS PARA LA ATENCIÓN DEL USUARIO";0101;FALTA DE OPORTUNIDAD EN LA PRESTACIÓN DE TECNOLOGÍAS EN SALUD Y OTROS ELEMENTOS COMPLEMENTARIOS PARA LA ATENCIÓN DEL USUARIO;010101;FALTA DE OPORTUNIDAD EN LAS CITAS O CONSULTAS;01010101;MEDICINA GENERAL;;;ENFERMEDADES OSTEOARTICULARES;NEUROLÓGICAS;OTROS VÉRTIGOS PERIFÉRICOS;No aplica;SIMPLE
260;2024;7;Web;73;73675;US- 000004066459;Madre;MUJER;17;DE 13 A 17 AÑOS;No Aplica;Contributivo;Indígena;No Aplica;73;73675;PIJAOS SALUD -EPSI;RÉGIMEN SUBSIDIADO;EPSI06;PIJAOS SALUD (EPS-I);73;73675;01;"BARRERAS EN EL ACCESO A TECNOLOGÍAS Y SERVICIOS DE SALUD; Y OTROS ELEMENTOS COMPLEMENTARIOS PARA LA ATENCIÓN DEL USUARIO";0101;FALTA DE OPORTUNIDAD EN LA PRESTACIÓN DE TECNOLOGÍAS EN SALUD Y OTROS ELEMENTOS COMPLEMENTARIOS PARA LA ATENCIÓN DEL USUARIO;010103;FALTA DE OPORTUNIDAD EN LA ATENCIÓN EN OTROS SERVICIOS DE SALUD;01010308;PROCEDIMIENTOS NO QUIRÚRGICOS;01010308001;IMAGENOLOGÍA;PROBLEMAS RELACIONADOS CON FACILIDADES DE ATENCIÓN MÉDICA U OTROS SERVICIOS DE SALUD;PROBLEMAS RELACIONADOS CON FACILIDADES DE ATENCIÓN MÉDICA U OTROS SERVICIOS DE SALUD;OTROS PROBLEMAS RELACIONADOS CON SERVICIOS MÉDICOS Y DE SALUD;No aplica;PRIORIZADO
261;2024;7;Web;05;05001;US- 000003544331;A nombre propio;MUJER;48;DE 38 A 49 AÑOS;No Aplica;Subsidiado;No Aplica;No Aplica;05;05001;SAVIA SALUD;RÉGIMEN SUBSIDIADO;EPSS40;SAVIA SALUD EPS;05;05001;01;"BARRERAS EN EL ACCESO A TECNOLOGÍAS Y SERVICIOS DE SALUD; Y OTROS ELEMENTOS COMPLEMENTARIOS PARA LA ATENCIÓN DEL USUARIO";0101;FALTA DE OPORTUNIDAD EN LA PRESTACIÓN DE TECNOLOGÍAS EN SALUD Y OTROS ELEMENTOS COMPLEMENTARIOS PARA LA ATENCIÓN DEL USUARIO;010101;FALTA DE OPORTUNIDAD EN LAS CITAS O CONSULTAS;01010103;ESPECIALIDADES MÉDICAS ;01010103039;ENDOCRINOLOGÍA;PROBLEMAS RELACIONADOS CON FACILIDADES DE ATENCIÓN MÉDICA U OTROS SERVICIOS DE SALUD;PROBLEMAS RELACIONADOS CON FACILIDADES DE ATENCIÓN MÉDICA U OTROS SERVICIOS DE SALUD;OTROS PROBLEMAS RELACIONADOS CON SERVICIOS MÉDICOS Y DE SALUD;No aplica;SIMPLE
262;2024;7;Web;11;11001;US- 000000766942;A nombre propio;HOMBRE;34;DE 30 A 37 AÑOS;No Aplica;Régimen Especial;No Aplica;No Aplica;11;11001;MAGISTERIO;REGÍMENES DE EXCEPCIÓN Y ESPECIALES;REMG01;MAGISTERIO;25;25151;01;"BARRERAS EN EL ACCESO A TECNOLOGÍAS Y SERVICIOS DE SALUD; Y OTROS ELEMENTOS COMPLEMENTARIOS PARA LA ATENCIÓN DEL USUARIO";0103;FALTA DE OPORTUNIDAD EN LA AUTORIZACIÓN DE TECNOLOGÍAS EN SALUD Y OTROS ELEMENTOS COMPLEMENTARIOS PARA LA ATENCIÓN DEL USUARIO;010302;FALTA DE OPORTUNIDAD EN LA AUTORIZACIÓN DE CITAS DE CONSULTA;01030203;ESPECIALIDADES MÉDICAS ;01030203075;OFTALMOLOGÍA;CÁNCER ;OTROS;ASTIGMATISMO;No aplica;PRIORIZADO
263;2024;7;Web;05;05001;US- 000003544331;A nombre propio;MUJER;48;DE 38 A 49 AÑOS;No Aplica;Subsidiado;No Aplica;No Aplica;05;05001;SAVIA SALUD;RÉGIMEN SUBSIDIADO;EPSS40;SAVIA SALUD EPS;05;05001;01;"BARRERAS EN EL ACCESO A TECNOLOGÍAS Y SERVICIOS DE SALUD; Y OTROS ELEMENTOS COMPLEMENTARIOS PARA LA ATENCIÓN DEL USUARIO";0101;FALTA DE OPORTUNIDAD EN LA PRESTACIÓN DE TECNOLOGÍAS EN SALUD Y OTROS ELEMENTOS COMPLEMENTARIOS PARA LA ATENCIÓN DEL USUARIO;010101;FALTA DE OPORTUNIDAD EN LAS CITAS O CONSULTAS;01010103;ESPECIALIDADES MÉDICAS ;01010103042;GASTROENTEROLOGÍA;PROBLEMAS RELACIONADOS CON FACILIDADES DE ATENCIÓN MÉDICA U OTROS SERVICIOS DE SALUD;PROBLEMAS RELACIONADOS CON FACILIDADES DE ATENCIÓN MÉDICA U OTROS SERVICIOS DE SALUD;OTROS PROBLEMAS RELACIONADOS CON SERVICIOS MÉDICOS Y DE SALUD;No aplica;SIMPLE
264;2024;7;Web;08;08758;US- 000000225358;A nombre propio;MUJER;69;MAYOR DE 63 AÑOS ;No Aplica;Subsidiado;No Aplica;No Aplica;08;08758;SALUD TOTAL;RÉGIMEN CONTRIBUTIVO;EPS002;SALUD TOTAL;08;08758;01;"BARRERAS EN EL ACCESO A TECNOLOGÍAS Y SERVICIOS DE SALUD; Y OTROS ELEMENTOS COMPLEMENTARIOS PARA LA ATENCIÓN DEL USUARIO";0101;FALTA DE OPORTUNIDAD EN LA PRESTACIÓN DE TECNOLOGÍAS EN SALUD Y OTROS ELEMENTOS COMPLEMENTARIOS PARA LA ATENCIÓN DEL USUARIO;010101;FALTA DE OPORTUNIDAD EN LAS CITAS O CONSULTAS;01010103;ESPECIALIDADES MÉDICAS ;01010103072;NEUROLOGÍA;PROBLEMAS RELACIONADOS CON FACILIDADES DE ATENCIÓN MÉDICA U OTROS SERVICIOS DE SALUD;PROBLEMAS RELACIONADOS CON FACILIDADES DE ATENCIÓN MÉDICA U OTROS SERVICIOS DE SALUD;OTROS PROBLEMAS RELACIONADOS CON SERVICIOS MÉDICOS Y DE SALUD;No aplica;SIMPLE
265;2024;7;Web;13;13001;US- 000004066460;A nombre propio;HOMBRE;69;MAYOR DE 63 AÑOS ;No Aplica;Contributivo;No Aplica;No Aplica;13;13001;SALUD TOTAL;RÉGIMEN CONTRIBUTIVO;EPS002;SALUD TOTAL;13;13001;01;"BARRERAS EN EL ACCESO A TECNOLOGÍAS Y SERVICIOS DE SALUD; Y OTROS ELEMENTOS COMPLEMENTARIOS PARA LA ATENCIÓN DEL USUARIO";0103;FALTA DE OPORTUNIDAD EN LA AUTORIZACIÓN DE TECNOLOGÍAS EN SALUD Y OTROS ELEMENTOS COMPLEMENTARIOS PARA LA ATENCIÓN DEL USUARIO;010304;FALTA DE OPORTUNIDAD EN LA AUTORIZACIÓN DE OTROS SERVICIOS DE SALUD;01030402;HOSPITALIZACIÓN;;;PROBLEMAS RELACIONADOS CON FACILIDADES DE ATENCIÓN MÉDICA U OTROS SERVICIOS DE SALUD;PROBLEMAS RELACIONADOS CON FACILIDADES DE ATENCIÓN MÉDICA U OTROS SERVICIOS DE SALUD;OTROS PROBLEMAS RELACIONADOS CON SERVICIOS MÉDICOS Y DE SALUD;No aplica;PRIORIZADO
266;2024;7;Telefónico;05;05034;US- 000000941351;A nombre propio;HOMBRE;59;DE 50 A 62 AÑOS;Ninguno;Contributivo;No Aplica;No Aplica;05;05034;SURAMERICANA EPS;RÉGIMEN CONTRIBUTIVO;EPS010;EPS SURA;05;05034;01;"BARRERAS EN EL ACCESO A TECNOLOGÍAS Y SERVICIOS DE SALUD; Y OTROS ELEMENTOS COMPLEMENTARIOS PARA LA ATENCIÓN DEL USUARIO";0101;FALTA DE OPORTUNIDAD EN LA PRESTACIÓN DE TECNOLOGÍAS EN SALUD Y OTROS ELEMENTOS COMPLEMENTARIOS PARA LA ATENCIÓN DEL USUARIO;010101;FALTA DE OPORTUNIDAD EN LAS CITAS O CONSULTAS;01010103;ESPECIALIDADES MÉDICAS ;01010103072;NEUROLOGÍA;ENFERMEDADES OSTEOARTICULARES;NEUROLÓGICAS;ENFERMEDAD DE PARKINSON;No aplica;SIMPLE
267;2024;7;Web;05;05001;US- 000004066461;A nombre propio;MUJER;9;DE 6 A 12 AÑOS;No Aplica;Subsidiado;No Aplica;No Aplica;05;05001;SAVIA SALUD;RÉGIMEN SUBSIDIADO;EPSS40;SAVIA SALUD EPS;05;05001;01;"BARRERAS EN EL ACCESO A TECNOLOGÍAS Y SERVICIOS DE SALUD; Y OTROS ELEMENTOS COMPLEMENTARIOS PARA LA ATENCIÓN DEL USUARIO";0102;NEGACIÓN DE TECNOLOGÍAS EN SALUD Y OTROS ELEMENTOS COMPLEMENTARIOS PARA LA ATENCIÓN DEL USUARIO;010201;NEGACIÓN EN LA ASIGNACIÓN DE CITAS O CONSULTAS;01020103;ESPECIALIDADES MÉDICAS ;01020103093;TRASPLANTES;PROBLEMAS RELACIONADOS CON FACILIDADES DE ATENCIÓN MÉDICA U OTROS SERVICIOS DE SALUD;PROBLEMAS RELACIONADOS CON FACILIDADES DE ATENCIÓN MÉDICA U OTROS SERVICIOS DE SALUD;OTROS PROBLEMAS RELACIONADOS CON SERVICIOS MÉDICOS Y DE SALUD;No aplica;PRIORIZADO
268;2024;7;Web;13;13001;US- 000003682980;A nombre propio;HOMBRE;51;DE 50 A 62 AÑOS;No Aplica;Contributivo;No Aplica;No Aplica;13;13001;SANITAS;RÉGIMEN CONTRIBUTIVO;EPS005;SANITAS;13;13001;01;"BARRERAS EN EL ACCESO A TECNOLOGÍAS Y SERVICIOS DE SALUD; Y OTROS ELEMENTOS COMPLEMENTARIOS PARA LA ATENCIÓN DEL USUARIO";0103;FALTA DE OPORTUNIDAD EN LA AUTORIZACIÓN DE TECNOLOGÍAS EN SALUD Y OTROS ELEMENTOS COMPLEMENTARIOS PARA LA ATENCIÓN DEL USUARIO;010304;FALTA DE OPORTUNIDAD EN LA AUTORIZACIÓN DE OTROS SERVICIOS DE SALUD;01030408;PROCEDIMIENTOS NO QUIRÚRGICOS;01030408001;IMAGENOLOGÍA;ENFERMEDADES CRÓNICAS NO TRASMISIBLES CARDIOVASCULARES;HTA (HIPERTENSIÓN ARTERIAL);GASTRITIS, NO ESPECIFICADA;No aplica;SIMPLE
269;2024;7;Telefónico;66;66001;US- 000004066462;Otro;MUJER;28;DE 25 A 29 AÑOS;Secundaria Incompleta;Subsidiado;No Aplica;No Aplica;66;66001;SANITAS;RÉGIMEN CONTRIBUTIVO;EPS005;SANITAS;66;66001;01;"BARRERAS EN EL ACCESO A TECNOLOGÍAS Y SERVICIOS DE SALUD; Y OTROS ELEMENTOS COMPLEMENTARIOS PARA LA ATENCIÓN DEL USUARIO";0101;FALTA DE OPORTUNIDAD EN LA PRESTACIÓN DE TECNOLOGÍAS EN SALUD Y OTROS ELEMENTOS COMPLEMENTARIOS PARA LA ATENCIÓN DEL USUARIO;010101;FALTA DE OPORTUNIDAD EN LAS CITAS O CONSULTAS;01010105;PSICOLOGÍA;;;SALUD MENTAL;OTROS TRASTORNOS MENTALES;TRASTORNO MIXTO DE ANSIEDAD Y DEPRESIÓN;No aplica;PRIORIZADO
270;2024;7;Chat;66;66001;US- 000000859451;Madre;MUJER;6;DE 6 A 12 AÑOS;Primaria Incompleta;Subsidiado;No Aplica;No Aplica;66;66001;SOS -SERVICIO OCCIDENTAL DE SALUD;RÉGIMEN CONTRIBUTIVO;EPS018;SERVICIO OCCIDENTAL DE SALUD (SOS);66;66001;01;"BARRERAS EN EL ACCESO A TECNOLOGÍAS Y SERVICIOS DE SALUD; Y OTROS ELEMENTOS COMPLEMENTARIOS PARA LA ATENCIÓN DEL USUARIO";0103;FALTA DE OPORTUNIDAD EN LA AUTORIZACIÓN DE TECNOLOGÍAS EN SALUD Y OTROS ELEMENTOS COMPLEMENTARIOS PARA LA ATENCIÓN DEL USUARIO;010304;FALTA DE OPORTUNIDAD EN LA AUTORIZACIÓN DE OTROS SERVICIOS DE SALUD;01030408;PROCEDIMIENTOS NO QUIRÚRGICOS;01030408006;OTROS PROCEDIMIENTOS NO QUIRÚRGICOS;PROBLEMAS RELACIONADOS CON FACILIDADES DE ATENCIÓN MÉDICA U OTROS SERVICIOS DE SALUD;PROBLEMAS RELACIONADOS CON FACILIDADES DE ATENCIÓN MÉDICA U OTROS SERVICIOS DE SALUD;HIPERTROFIA DE LOS CORNETES NASALES;No aplica;SIMPLE
271;2024;7;Web;17;17001;US- 000000825460;A nombre propio;MUJER;35;DE 30 A 37 AÑOS;No Aplica;Régimen Especial;No Aplica;No Aplica;17;17001;MAGISTERIO;REGÍMENES DE EXCEPCIÓN Y ESPECIALES;REMG01;MAGISTERIO;17;17001;01;"BARRERAS EN EL ACCESO A TECNOLOGÍAS Y SERVICIOS DE SALUD; Y OTROS ELEMENTOS COMPLEMENTARIOS PARA LA ATENCIÓN DEL USUARIO";0102;NEGACIÓN DE TECNOLOGÍAS EN SALUD Y OTROS ELEMENTOS COMPLEMENTARIOS PARA LA ATENCIÓN DEL USUARIO;010204;NEGACIÓN PARA LA ENTREGA DE TECNOLOGÍAS EN SALUD Y/O DE OTROS SERVICIOS AUTORIZADOS;01020401;MEDICAMENTOS UPC;;;PROBLEMAS RELACIONADOS CON FACILIDADES DE ATENCIÓN MÉDICA U OTROS SERVICIOS DE SALUD;PROBLEMAS RELACIONADOS CON FACILIDADES DE ATENCIÓN MÉDICA U OTROS SERVICIOS DE SALUD;OTROS PROBLEMAS RELACIONADOS CON SERVICIOS MÉDICOS Y DE SALUD;No aplica;SIMPLE
272;2024;7;Chat;76;76111;US- 000004066463;Nieto (A);MUJER;79;MAYOR DE 63 AÑOS ;No Aplica;Contributivo;No Aplica;No Aplica;76;76111;NUEVA EPS;RÉGIMEN CONTRIBUTIVO;EPS037;NUEVA EPS;76;76111;01;"BARRERAS EN EL ACCESO A TECNOLOGÍAS Y SERVICIOS DE SALUD; Y OTROS ELEMENTOS COMPLEMENTARIOS PARA LA ATENCIÓN DEL USUARIO";0101;FALTA DE OPORTUNIDAD EN LA PRESTACIÓN DE TECNOLOGÍAS EN SALUD Y OTROS ELEMENTOS COMPLEMENTARIOS PARA LA ATENCIÓN DEL USUARIO;010104;FALTA DE OPORTUNIDAD EN LA ENTREGA O ENTREGA INCOMPLETA DE TECNOLOGÍAS EN SALUD Y/O PRESTACIÓN DE OTROS SERVICIOS;01010401;MEDICAMENTOS UPC;;;ENFERMEDADES CRÓNICAS NO TRANSMISIBLES –DIABETES;DIABETES;DIABETES MELLITUS INSULINODEPENDIENTE;No aplica;PRIORIZADO
273;2024;7;Web;05;05001;US- 000004066461;A nombre propio;MUJER;9;DE 6 A 12 AÑOS;No Aplica;Subsidiado;No Aplica;No Aplica;05;05001;SAVIA SALUD;RÉGIMEN SUBSIDIADO;EPSS40;SAVIA SALUD EPS;05;05001;01;"BARRERAS EN EL ACCESO A TECNOLOGÍAS Y SERVICIOS DE SALUD; Y OTROS ELEMENTOS COMPLEMENTARIOS PARA LA ATENCIÓN DEL USUARIO";0102;NEGACIÓN DE TECNOLOGÍAS EN SALUD Y OTROS ELEMENTOS COMPLEMENTARIOS PARA LA ATENCIÓN DEL USUARIO;010203;NEGACIÓN EN LA ATENCIÓN EN OTROS SERVICIOS DE SALUD;01020308;PROCEDIMIENTOS NO QUIRÚRGICOS;01020308006;OTROS PROCEDIMIENTOS NO QUIRÚRGICOS;PROBLEMAS RELACIONADOS CON FACILIDADES DE ATENCIÓN MÉDICA U OTROS SERVICIOS DE SALUD;PROBLEMAS RELACIONADOS CON FACILIDADES DE ATENCIÓN MÉDICA U OTROS SERVICIOS DE SALUD;OTROS PROBLEMAS RELACIONADOS CON SERVICIOS MÉDICOS Y DE SALUD;No aplica;PRIORIZADO
274;2024;7;Web;47;47001;US- 000001434304;Madre;MUJER;26;DE 25 A 29 AÑOS;No Aplica;Contributivo;No Aplica;Persona con discapacidad;47;47001;SALUD TOTAL;RÉGIMEN CONTRIBUTIVO;EPS002;SALUD TOTAL;47;47001;01;"BARRERAS EN EL ACCESO A TECNOLOGÍAS Y SERVICIOS DE SALUD; Y OTROS ELEMENTOS COMPLEMENTARIOS PARA LA ATENCIÓN DEL USUARIO";0102;NEGACIÓN DE TECNOLOGÍAS EN SALUD Y OTROS ELEMENTOS COMPLEMENTARIOS PARA LA ATENCIÓN DEL USUARIO;010204;NEGACIÓN PARA LA ENTREGA DE TECNOLOGÍAS EN SALUD Y/O DE OTROS SERVICIOS AUTORIZADOS;01020401;MEDICAMENTOS UPC;;;ENFERMEDADES NEUROLÓGICAS;EPILEPSIA;EPILEPSIA;No aplica;PRIORIZADO
275;2024;7;Web;05;05318;US- 000003577309;A nombre propio;HOMBRE;64;MAYOR DE 63 AÑOS ;No Aplica;Contributivo;No Aplica;No Aplica;05;05318;SURAMERICANA EPS;RÉGIMEN CONTRIBUTIVO;EPS010;EPS SURA;05;05318;01;"BARRERAS EN EL ACCESO A TECNOLOGÍAS Y SERVICIOS DE SALUD; Y OTROS ELEMENTOS COMPLEMENTARIOS PARA LA ATENCIÓN DEL USUARIO";0101;FALTA DE OPORTUNIDAD EN LA PRESTACIÓN DE TECNOLOGÍAS EN SALUD Y OTROS ELEMENTOS COMPLEMENTARIOS PARA LA ATENCIÓN DEL USUARIO;010101;FALTA DE OPORTUNIDAD EN LAS CITAS O CONSULTAS;01010103;ESPECIALIDADES MÉDICAS ;01010103078;ORTOPEDIA Y TRAUMATOLOGÍA;PROBLEMAS RELACIONADOS CON FACILIDADES DE ATENCIÓN MÉDICA U OTROS SERVICIOS DE SALUD;PROBLEMAS RELACIONADOS CON FACILIDADES DE ATENCIÓN MÉDICA U OTROS SERVICIOS DE SALUD;OTROS PROBLEMAS RELACIONADOS CON SERVICIOS MÉDICOS Y DE SALUD;No aplica;SIMPLE
276;2024;7;Web;66;66001;US- 000003932064;A nombre propio;MUJER;37;DE 30 A 37 AÑOS;No Aplica;Contributivo;No Aplica;Desplazado;66;66001;SALUD TOTAL;RÉGIMEN CONTRIBUTIVO;EPS002;SALUD TOTAL;66;66001;01;"BARRERAS EN EL ACCESO A TECNOLOGÍAS Y SERVICIOS DE SALUD; Y OTROS ELEMENTOS COMPLEMENTARIOS PARA LA ATENCIÓN DEL USUARIO";0103;FALTA DE OPORTUNIDAD EN LA AUTORIZACIÓN DE TECNOLOGÍAS EN SALUD Y OTROS ELEMENTOS COMPLEMENTARIOS PARA LA ATENCIÓN DEL USUARIO;010302;FALTA DE OPORTUNIDAD EN LA AUTORIZACIÓN DE CITAS DE CONSULTA;01030203;ESPECIALIDADES MÉDICAS ;01030203058;MEDICINA DEL TRABAJO O SEGURIDAD Y SALUD EN EL TRABAJO;PROBLEMAS RELACIONADOS CON FACILIDADES DE ATENCIÓN MÉDICA U OTROS SERVICIOS DE SALUD;PROBLEMAS RELACIONADOS CON FACILIDADES DE ATENCIÓN MÉDICA U OTROS SERVICIOS DE SALUD;OTROS PROBLEMAS RELACIONADOS CON SERVICIOS MÉDICOS Y DE SALUD;No aplica;SIMPLE
277;2024;7;Web;11;11001;US- 000004066465;A nombre propio;MUJER;55;DE 50 A 62 AÑOS;No Aplica;Subsidiado;No Aplica;No Aplica;11;11001;SALUD TOTAL;RÉGIMEN CONTRIBUTIVO;EPS002;SALUD TOTAL;11;11001;01;"BARRERAS EN EL ACCESO A TECNOLOGÍAS Y SERVICIOS DE SALUD; Y OTROS ELEMENTOS COMPLEMENTARIOS PARA LA ATENCIÓN DEL USUARIO";0101;FALTA DE OPORTUNIDAD EN LA PRESTACIÓN DE TECNOLOGÍAS EN SALUD Y OTROS ELEMENTOS COMPLEMENTARIOS PARA LA ATENCIÓN DEL USUARIO;010103;FALTA DE OPORTUNIDAD EN LA ATENCIÓN EN OTROS SERVICIOS DE SALUD;01010308;PROCEDIMIENTOS NO QUIRÚRGICOS;01010308001;IMAGENOLOGÍA;PROBLEMAS RELACIONADOS CON FACILIDADES DE ATENCIÓN MÉDICA U OTROS SERVICIOS DE SALUD;PROBLEMAS RELACIONADOS CON FACILIDADES DE ATENCIÓN MÉDICA U OTROS SERVICIOS DE SALUD;OTROS PROBLEMAS RELACIONADOS CON SERVICIOS MÉDICOS Y DE SALUD;No aplica;SIMPLE
278;2024;7;Web;11;11001;US- 000004066466;A nombre propio;MUJER;53;DE 50 A 62 AÑOS;No Aplica;Contributivo;No Aplica;No Aplica;11;11001;SANITAS;RÉGIMEN CONTRIBUTIVO;EPS005;SANITAS;11;11001;01;"BARRERAS EN EL ACCESO A TECNOLOGÍAS Y SERVICIOS DE SALUD; Y OTROS ELEMENTOS COMPLEMENTARIOS PARA LA ATENCIÓN DEL USUARIO";0103;FALTA DE OPORTUNIDAD EN LA AUTORIZACIÓN DE TECNOLOGÍAS EN SALUD Y OTROS ELEMENTOS COMPLEMENTARIOS PARA LA ATENCIÓN DEL USUARIO;010301;FALTA DE OPORTUNIDAD EN LA AUTORIZACIÓN DE TECNOLOGÍAS EN SALUD Y/O DE OTROS SERVICIOS;01030101;MEDICAMENTOS UPC;;;ENFERMEDADES CRÓNICAS NO TRASMISIBLES CARDIOVASCULARES;HTA (HIPERTENSIÓN ARTERIAL);HIPERTENSIÓN ESENCIAL (PRIMARIA);No aplica;SIMPLE
279;2024;7;Web;11;11001;US- 000004066467;Padre;MUJER;6;DE 6 A 12 AÑOS;No Aplica;Contributivo;No Aplica;No Aplica;13;13001;SALUD TOTAL;RÉGIMEN CONTRIBUTIVO;EPS002;SALUD TOTAL;13;13001;01;"BARRERAS EN EL ACCESO A TECNOLOGÍAS Y SERVICIOS DE SALUD; Y OTROS ELEMENTOS COMPLEMENTARIOS PARA LA ATENCIÓN DEL USUARIO";0102;NEGACIÓN DE TECNOLOGÍAS EN SALUD Y OTROS ELEMENTOS COMPLEMENTARIOS PARA LA ATENCIÓN DEL USUARIO;010204;NEGACIÓN PARA LA ENTREGA DE TECNOLOGÍAS EN SALUD Y/O DE OTROS SERVICIOS AUTORIZADOS;01020401;MEDICAMENTOS UPC;;;PROBLEMAS RELACIONADOS CON FACILIDADES DE ATENCIÓN MÉDICA U OTROS SERVICIOS DE SALUD;PROBLEMAS RELACIONADOS CON FACILIDADES DE ATENCIÓN MÉDICA U OTROS SERVICIOS DE SALUD;OTITIS MEDIA SUPURATIVA AGUDA;No aplica;SIMPLE
280;2024;7;Telefónico;05;05001;US- 000000329748;A nombre propio;HOMBRE;58;DE 50 A 62 AÑOS;Universitario;Contributivo;No Aplica;No Aplica;05;05001;NUEVA EPS;RÉGIMEN CONTRIBUTIVO;EPS037;NUEVA EPS;05;05001;04;INSATISFACCIÓN DEL USUARIO CON EL PROCESO ADMINISTRATIVO;0404;INSATISFACCIÓN RELACIONADA CON TRÁMITES ADMINISTRATIVOS;040404;INCONSISTENCIA RELACIONADA CON COBROS Y/O APORTES;04040403;COBRO COPAGO;;;ENFERMEDADES CRÓNICAS NO TRANSMISIBLES –DIABETES;DIABETES;DIABETES MELLITUS INSULINODEPENDIENTE;No aplica;SIMPLE
281;2024;7;Chat;11;11001;US- 000004066468;A nombre propio;MUJER;42;DE 38 A 49 AÑOS;Universitario;Contributivo;No Aplica;No Aplica;11;11001;COMPENSAR;RÉGIMEN CONTRIBUTIVO;EPS008;COMPENSAR;11;11001;01;"BARRERAS EN EL ACCESO A TECNOLOGÍAS Y SERVICIOS DE SALUD; Y OTROS ELEMENTOS COMPLEMENTARIOS PARA LA ATENCIÓN DEL USUARIO";0102;NEGACIÓN DE TECNOLOGÍAS EN SALUD Y OTROS ELEMENTOS COMPLEMENTARIOS PARA LA ATENCIÓN DEL USUARIO;010201;NEGACIÓN EN LA ASIGNACIÓN DE CITAS O CONSULTAS;01020103;ESPECIALIDADES MÉDICAS ;01020103075;OFTALMOLOGÍA;PROBLEMAS RELACIONADOS CON FACILIDADES DE ATENCIÓN MÉDICA U OTROS SERVICIOS DE SALUD;PROBLEMAS RELACIONADOS CON FACILIDADES DE ATENCIÓN MÉDICA U OTROS SERVICIOS DE SALUD;VISION SUBNORMAL DE AMBOS OJOS;No aplica;SIMPLE
282;2024;7;Chat;76;76001;US- 000004066469;A nombre propio;HOMBRE;64;MAYOR DE 63 AÑOS ;Primaria;Subsidiado;No Aplica;No Aplica;76;76001;EMSSANAR EPS;RÉGIMEN SUBSIDIADO;ESS118;EMSSANAR;76;76001;01;"BARRERAS EN EL ACCESO A TECNOLOGÍAS Y SERVICIOS DE SALUD; Y OTROS ELEMENTOS COMPLEMENTARIOS PARA LA ATENCIÓN DEL USUARIO";0102;NEGACIÓN DE TECNOLOGÍAS EN SALUD Y OTROS ELEMENTOS COMPLEMENTARIOS PARA LA ATENCIÓN DEL USUARIO;010201;NEGACIÓN EN LA ASIGNACIÓN DE CITAS O CONSULTAS;01020103;ESPECIALIDADES MÉDICAS ;01020103069;NEUMOLOGÍA;ENFERMEDADES CRÓNICAS NO TRANSMISIBLES RESPIRATORIAS;EPOC (ENFERMEDAD PULMONAR OBSTRUCTIVA CRÓNICA, BRONQUITIS CRÓNICA O ENFISEMA);ENFERMEDAD PULMONAR OBSTRUCTIVA CRÓNICA, NO ESPECIFICADA;No aplica;PRIORIZADO
283;2024;7;Web;11;11001;US- 000004066470;A nombre propio;MUJER;45;DE 38 A 49 AÑOS;No Aplica;Subsidiado;No Aplica;No Aplica;11;11001;CAPITAL SALUD;RÉGIMEN SUBSIDIADO;EPSS34;CAPITAL SALUD;11;11001;01;"BARRERAS EN EL ACCESO A TECNOLOGÍAS Y SERVICIOS DE SALUD; Y OTROS ELEMENTOS COMPLEMENTARIOS PARA LA ATENCIÓN DEL USUARIO";0102;NEGACIÓN DE TECNOLOGÍAS EN SALUD Y OTROS ELEMENTOS COMPLEMENTARIOS PARA LA ATENCIÓN DEL USUARIO;010201;NEGACIÓN EN LA ASIGNACIÓN DE CITAS O CONSULTAS;01020102;ODONTOLOGÍA GENERAL;;;SALUD ORAL;SALUD ORAL;EXAMEN ODONTOLÓGICO;No aplica;SIMPLE
284;2024;7;Web;73;73001;US- 000004066471;A nombre propio;MUJER;55;DE 50 A 62 AÑOS;No Aplica;Contributivo;No Aplica;No Aplica;73;73001;SANITAS;RÉGIMEN CONTRIBUTIVO;EPS005;SANITAS;73;73001;01;"BARRERAS EN EL ACCESO A TECNOLOGÍAS Y SERVICIOS DE SALUD; Y OTROS ELEMENTOS COMPLEMENTARIOS PARA LA ATENCIÓN DEL USUARIO";0101;FALTA DE OPORTUNIDAD EN LA PRESTACIÓN DE TECNOLOGÍAS EN SALUD Y OTROS ELEMENTOS COMPLEMENTARIOS PARA LA ATENCIÓN DEL USUARIO;010101;FALTA DE OPORTUNIDAD EN LAS CITAS O CONSULTAS;01010103;ESPECIALIDADES MÉDICAS ;01010103033;DERMATOLOGÍA;PROBLEMAS RELACIONADOS CON FACILIDADES DE ATENCIÓN MÉDICA U OTROS SERVICIOS DE SALUD;PROBLEMAS RELACIONADOS CON FACILIDADES DE ATENCIÓN MÉDICA U OTROS SERVICIOS DE SALUD;LESIÓN DE SITIOS CONTIGUOS DE LA PIEL;No aplica;SIMPLE
285;2024;7;Web;76;76001;US- 000003141408;A nombre propio;MUJER;72;MAYOR DE 63 AÑOS ;No Aplica;Subsidiado;No Aplica;Persona con discapacidad;76;76001;EMSSANAR EPS;RÉGIMEN SUBSIDIADO;ESS118;EMSSANAR;76;76001;01;"BARRERAS EN EL ACCESO A TECNOLOGÍAS Y SERVICIOS DE SALUD; Y OTROS ELEMENTOS COMPLEMENTARIOS PARA LA ATENCIÓN DEL USUARIO";0102;NEGACIÓN DE TECNOLOGÍAS EN SALUD Y OTROS ELEMENTOS COMPLEMENTARIOS PARA LA ATENCIÓN DEL USUARIO;010204;NEGACIÓN PARA LA ENTREGA DE TECNOLOGÍAS EN SALUD Y/O DE OTROS SERVICIOS AUTORIZADOS;01020406;SOPORTE NUTRICIONAL;;;PROBLEMAS RELACIONADOS CON FACILIDADES DE ATENCIÓN MÉDICA U OTROS SERVICIOS DE SALUD;PROBLEMAS RELACIONADOS CON FACILIDADES DE ATENCIÓN MÉDICA U OTROS SERVICIOS DE SALUD;OTROS PROBLEMAS RELACIONADOS CON SERVICIOS MÉDICOS Y DE SALUD;No aplica;PRIORIZADO
286;2024;7;Web;08;08001;US- 000004066472;Madre;HOMBRE;3;DE 0 A 5 AÑOS;No Aplica;Contributivo;No Aplica;No Aplica;08;08001;SALUD TOTAL;RÉGIMEN CONTRIBUTIVO;EPS002;SALUD TOTAL;08;08001;01;"BARRERAS EN EL ACCESO A TECNOLOGÍAS Y SERVICIOS DE SALUD; Y OTROS ELEMENTOS COMPLEMENTARIOS PARA LA ATENCIÓN DEL USUARIO";0102;NEGACIÓN DE TECNOLOGÍAS EN SALUD Y OTROS ELEMENTOS COMPLEMENTARIOS PARA LA ATENCIÓN DEL USUARIO;010204;NEGACIÓN PARA LA ENTREGA DE TECNOLOGÍAS EN SALUD Y/O DE OTROS SERVICIOS AUTORIZADOS;01020401;MEDICAMENTOS UPC;;;MATERNO INFANTIL;ATENCIÓN NIÑOS MENORES DE 5 AÑOS;CONSULTA PARA ATENCIÓN Y SUPERVISIÓN DE LA SALUD DEL NIÑO;No aplica;SIMPLE
287;2024;7;Web;11;11001;US- 000004066473;A nombre propio;HOMBRE;36;DE 30 A 37 AÑOS;No Aplica;Contributivo;No Aplica;No Aplica;11;11001;SALUD TOTAL;RÉGIMEN CONTRIBUTIVO;EPS002;SALUD TOTAL;11;11001;01;"BARRERAS EN EL ACCESO A TECNOLOGÍAS Y SERVICIOS DE SALUD; Y OTROS ELEMENTOS COMPLEMENTARIOS PARA LA ATENCIÓN DEL USUARIO";0102;NEGACIÓN DE TECNOLOGÍAS EN SALUD Y OTROS ELEMENTOS COMPLEMENTARIOS PARA LA ATENCIÓN DEL USUARIO;010201;NEGACIÓN EN LA ASIGNACIÓN DE CITAS O CONSULTAS;01020103;ESPECIALIDADES MÉDICAS ;01020103078;ORTOPEDIA Y TRAUMATOLOGÍA;ENFERMEDADES OSTEOARTICULARES;OTROS;OTROS ESTADOS POSTQUIRÚRGICOS ESPECIFICADOS;No aplica;SIMPLE
288;2024;7;Web;05;05001;US- 000003911237;A nombre propio;HOMBRE;36;DE 30 A 37 AÑOS;No Aplica;Régimen Especial;Afrocolombiano o Afrodescendiente;No Aplica;05;05001;POLICIA NACIONAL;REGÍMENES DE EXCEPCIÓN Y ESPECIALES;REPN01;POLICIA NACIONAL;05;05001;01;"BARRERAS EN EL ACCESO A TECNOLOGÍAS Y SERVICIOS DE SALUD; Y OTROS ELEMENTOS COMPLEMENTARIOS PARA LA ATENCIÓN DEL USUARIO";0103;FALTA DE OPORTUNIDAD EN LA AUTORIZACIÓN DE TECNOLOGÍAS EN SALUD Y OTROS ELEMENTOS COMPLEMENTARIOS PARA LA ATENCIÓN DEL USUARIO;010304;FALTA DE OPORTUNIDAD EN LA AUTORIZACIÓN DE OTROS SERVICIOS DE SALUD;01030408;PROCEDIMIENTOS NO QUIRÚRGICOS;01030408006;OTROS PROCEDIMIENTOS NO QUIRÚRGICOS;ENFERMEDADES OSTEOARTICULARES;NEUROLÓGICAS;MIGRAÑA, NO ESPECIFICADA;No aplica;SIMPLE
289;2024;7;Telefónico;05;05001;US- 000003573041;Otro;MUJER;72;MAYOR DE 63 AÑOS ;Primaria;Subsidiado;No Aplica;No Aplica;05;05001;SAVIA SALUD;RÉGIMEN SUBSIDIADO;EPSS40;SAVIA SALUD EPS;05;05001;01;"BARRERAS EN EL ACCESO A TECNOLOGÍAS Y SERVICIOS DE SALUD; Y OTROS ELEMENTOS COMPLEMENTARIOS PARA LA ATENCIÓN DEL USUARIO";0102;NEGACIÓN DE TECNOLOGÍAS EN SALUD Y OTROS ELEMENTOS COMPLEMENTARIOS PARA LA ATENCIÓN DEL USUARIO;010203;NEGACIÓN EN LA ATENCIÓN EN OTROS SERVICIOS DE SALUD;01020308;PROCEDIMIENTOS NO QUIRÚRGICOS;01020308006;OTROS PROCEDIMIENTOS NO QUIRÚRGICOS;ENFERMEDADES CRÓNICAS NO TRASMISIBLES CARDIOVASCULARES;HTA (HIPERTENSIÓN ARTERIAL);PURPURA TROMBOCITOPÉNICA IDIOPÁTICA;No aplica;SIMPLE
290;2024;7;Web;05;05001;US- 000003544331;A nombre propio;MUJER;48;DE 38 A 49 AÑOS;No Aplica;Subsidiado;No Aplica;No Aplica;05;05001;SAVIA SALUD;RÉGIMEN SUBSIDIADO;EPSS40;SAVIA SALUD EPS;05;05001;01;"BARRERAS EN EL ACCESO A TECNOLOGÍAS Y SERVICIOS DE SALUD; Y OTROS ELEMENTOS COMPLEMENTARIOS PARA LA ATENCIÓN DEL USUARIO";0102;NEGACIÓN DE TECNOLOGÍAS EN SALUD Y OTROS ELEMENTOS COMPLEMENTARIOS PARA LA ATENCIÓN DEL USUARIO;010201;NEGACIÓN EN LA ASIGNACIÓN DE CITAS O CONSULTAS;01020101;MEDICINA GENERAL;;;PROBLEMAS RELACIONADOS CON FACILIDADES DE ATENCIÓN MÉDICA U OTROS SERVICIOS DE SALUD;PROBLEMAS RELACIONADOS CON FACILIDADES DE ATENCIÓN MÉDICA U OTROS SERVICIOS DE SALUD;OTROS PROBLEMAS RELACIONADOS CON SERVICIOS MÉDICOS Y DE SALUD;No aplica;SIMPLE
291;2024;7;Web;05;05001;US- 000004066474;A nombre propio;HOMBRE;59;DE 50 A 62 AÑOS;No Aplica;Régimen Especial;Afrocolombiano o Afrodescendiente;No Aplica;05;05001;MAGISTERIO;REGÍMENES DE EXCEPCIÓN Y ESPECIALES;REMG01;MAGISTERIO;05;05001;01;"BARRERAS EN EL ACCESO A TECNOLOGÍAS Y SERVICIOS DE SALUD; Y OTROS ELEMENTOS COMPLEMENTARIOS PARA LA ATENCIÓN DEL USUARIO";0101;FALTA DE OPORTUNIDAD EN LA PRESTACIÓN DE TECNOLOGÍAS EN SALUD Y OTROS ELEMENTOS COMPLEMENTARIOS PARA LA ATENCIÓN DEL USUARIO;010101;FALTA DE OPORTUNIDAD EN LAS CITAS O CONSULTAS;01010103;ESPECIALIDADES MÉDICAS ;01010103072;NEUROLOGÍA;ENFERMEDADES NEUROLÓGICAS;EPILEPSIA;EPILEPSIA;No aplica;PRIORIZADO
292;2024;7;Web;05;05001;US- 000003595671;A nombre propio;MUJER;7;DE 6 A 12 AÑOS;No Aplica;Subsidiado;No Aplica;No Aplica;05;05001;SAVIA SALUD;RÉGIMEN SUBSIDIADO;EPSS40;SAVIA SALUD EPS;05;05001;01;"BARRERAS EN EL ACCESO A TECNOLOGÍAS Y SERVICIOS DE SALUD; Y OTROS ELEMENTOS COMPLEMENTARIOS PARA LA ATENCIÓN DEL USUARIO";0101;FALTA DE OPORTUNIDAD EN LA PRESTACIÓN DE TECNOLOGÍAS EN SALUD Y OTROS ELEMENTOS COMPLEMENTARIOS PARA LA ATENCIÓN DEL USUARIO;010103;FALTA DE OPORTUNIDAD EN LA ATENCIÓN EN OTROS SERVICIOS DE SALUD;01010308;PROCEDIMIENTOS NO QUIRÚRGICOS;01010308006;OTROS PROCEDIMIENTOS NO QUIRÚRGICOS;PROBLEMAS RELACIONADOS CON FACILIDADES DE ATENCIÓN MÉDICA U OTROS SERVICIOS DE SALUD;PROBLEMAS RELACIONADOS CON FACILIDADES DE ATENCIÓN MÉDICA U OTROS SERVICIOS DE SALUD;OTROS PROBLEMAS RELACIONADOS CON SERVICIOS MÉDICOS Y DE SALUD;No aplica;SIMPLE
293;2024;7;Web;05;05001;US- 000004066461;A nombre propio;MUJER;9;DE 6 A 12 AÑOS;No Aplica;Subsidiado;No Aplica;No Aplica;05;05001;SAVIA SALUD;RÉGIMEN SUBSIDIADO;EPSS40;SAVIA SALUD EPS;05;05001;01;"BARRERAS EN EL ACCESO A TECNOLOGÍAS Y SERVICIOS DE SALUD; Y OTROS ELEMENTOS COMPLEMENTARIOS PARA LA ATENCIÓN DEL USUARIO";0102;NEGACIÓN DE TECNOLOGÍAS EN SALUD Y OTROS ELEMENTOS COMPLEMENTARIOS PARA LA ATENCIÓN DEL USUARIO;010203;NEGACIÓN EN LA ATENCIÓN EN OTROS SERVICIOS DE SALUD;01020308;PROCEDIMIENTOS NO QUIRÚRGICOS;01020308006;OTROS PROCEDIMIENTOS NO QUIRÚRGICOS;PROBLEMAS RELACIONADOS CON FACILIDADES DE ATENCIÓN MÉDICA U OTROS SERVICIOS DE SALUD;PROBLEMAS RELACIONADOS CON FACILIDADES DE ATENCIÓN MÉDICA U OTROS SERVICIOS DE SALUD;OTROS PROBLEMAS RELACIONADOS CON SERVICIOS MÉDICOS Y DE SALUD;No aplica;SIMPLE
294;2024;7;Web;11;11001;US- 000004066476;A nombre propio;HOMBRE;78;MAYOR DE 63 AÑOS ;No Aplica;Contributivo;No Aplica;No Aplica;11;11001;COMPENSAR;RÉGIMEN CONTRIBUTIVO;EPS008;COMPENSAR;11;11001;01;"BARRERAS EN EL ACCESO A TECNOLOGÍAS Y SERVICIOS DE SALUD; Y OTROS ELEMENTOS COMPLEMENTARIOS PARA LA ATENCIÓN DEL USUARIO";0102;NEGACIÓN DE TECNOLOGÍAS EN SALUD Y OTROS ELEMENTOS COMPLEMENTARIOS PARA LA ATENCIÓN DEL USUARIO;010201;NEGACIÓN EN LA ASIGNACIÓN DE CITAS O CONSULTAS;01020103;ESPECIALIDADES MÉDICAS ;01020103075;OFTALMOLOGÍA;PROBLEMAS RELACIONADOS CON FACILIDADES DE ATENCIÓN MÉDICA U OTROS SERVICIOS DE SALUD;PROBLEMAS RELACIONADOS CON FACILIDADES DE ATENCIÓN MÉDICA U OTROS SERVICIOS DE SALUD;ALTERACIONES DE LA VISION;No aplica;SIMPLE
295;2024;7;Web;05;05001;US- 000003595671;A nombre propio;MUJER;7;DE 6 A 12 AÑOS;No Aplica;Subsidiado;No Aplica;No Aplica;05;05001;SAVIA SALUD;RÉGIMEN SUBSIDIADO;EPSS40;SAVIA SALUD EPS;05;05001;01;"BARRERAS EN EL ACCESO A TECNOLOGÍAS Y SERVICIOS DE SALUD; Y OTROS ELEMENTOS COMPLEMENTARIOS PARA LA ATENCIÓN DEL USUARIO";0101;FALTA DE OPORTUNIDAD EN LA PRESTACIÓN DE TECNOLOGÍAS EN SALUD Y OTROS ELEMENTOS COMPLEMENTARIOS PARA LA ATENCIÓN DEL USUARIO;010101;FALTA DE OPORTUNIDAD EN LAS CITAS O CONSULTAS;01010103;ESPECIALIDADES MÉDICAS ;01010103079;ORTOPEDIA Y TRAUMATOLOGÍA PEDIÁTRICA;PROBLEMAS RELACIONADOS CON FACILIDADES DE ATENCIÓN MÉDICA U OTROS SERVICIOS DE SALUD;PROBLEMAS RELACIONADOS CON FACILIDADES DE ATENCIÓN MÉDICA U OTROS SERVICIOS DE SALUD;OTROS PROBLEMAS RELACIONADOS CON SERVICIOS MÉDICOS Y DE SALUD;No aplica;SIMPLE
296;2024;7;Telefónico;05;05001;US- 000003922247;A nombre propio;HOMBRE;65;MAYOR DE 63 AÑOS ;Primaria Incompleta;Subsidiado;No Aplica;No Aplica;05;05001;SAVIA SALUD;RÉGIMEN SUBSIDIADO;EPSS40;SAVIA SALUD EPS;05;05001;01;"BARRERAS EN EL ACCESO A TECNOLOGÍAS Y SERVICIOS DE SALUD; Y OTROS ELEMENTOS COMPLEMENTARIOS PARA LA ATENCIÓN DEL USUARIO";0101;FALTA DE OPORTUNIDAD EN LA PRESTACIÓN DE TECNOLOGÍAS EN SALUD Y OTROS ELEMENTOS COMPLEMENTARIOS PARA LA ATENCIÓN DEL USUARIO;010104;FALTA DE OPORTUNIDAD EN LA ENTREGA O ENTREGA INCOMPLETA DE TECNOLOGÍAS EN SALUD Y/O PRESTACIÓN DE OTROS SERVICIOS;01010403;DISPOSITIVOS MÉDICOS UPC;;;CÁNCER ;OTROS;TUMOR MALIGNO DE LA VEJIGA URINARIA;Quimioterapia y radioterapia para el cáncer;PRIORIZADO
297;2024;7;Web;08;08001;US- 000004066477;A nombre propio;HOMBRE;30;DE 30 A 37 AÑOS;No Aplica;Contributivo;No Aplica;No Aplica;08;08001;SALUD TOTAL;RÉGIMEN CONTRIBUTIVO;EPS002;SALUD TOTAL;08;08001;04;INSATISFACCIÓN DEL USUARIO CON EL PROCESO ADMINISTRATIVO;0404;INSATISFACCIÓN RELACIONADA CON TRÁMITES ADMINISTRATIVOS;040403;INCONSISTENCIAS EN LA AFILIACIÓN;04040308;TRASLADO NO SOLICITADO POR EL USUARIO;;;PROBLEMAS RELACIONADOS CON FACILIDADES DE ATENCIÓN MÉDICA U OTROS SERVICIOS DE SALUD;PROBLEMAS RELACIONADOS CON FACILIDADES DE ATENCIÓN MÉDICA U OTROS SERVICIOS DE SALUD;OTROS PROBLEMAS RELACIONADOS CON SERVICIOS MÉDICOS Y DE SALUD;No aplica;SIMPLE
298;2024;7;Web;47;47001;US- 000003022913;A nombre propio;MUJER;14;DE 13 A 17 AÑOS;No Aplica;Contributivo;No Aplica;No Aplica;47;47001;SALUD TOTAL;RÉGIMEN CONTRIBUTIVO;EPS002;SALUD TOTAL;47;47001;01;"BARRERAS EN EL ACCESO A TECNOLOGÍAS Y SERVICIOS DE SALUD; Y OTROS ELEMENTOS COMPLEMENTARIOS PARA LA ATENCIÓN DEL USUARIO";0101;FALTA DE OPORTUNIDAD EN LA PRESTACIÓN DE TECNOLOGÍAS EN SALUD Y OTROS ELEMENTOS COMPLEMENTARIOS PARA LA ATENCIÓN DEL USUARIO;010104;FALTA DE OPORTUNIDAD EN LA ENTREGA O ENTREGA INCOMPLETA DE TECNOLOGÍAS EN SALUD Y/O PRESTACIÓN DE OTROS SERVICIOS;01010401;MEDICAMENTOS UPC;;;PROBLEMAS RELACIONADOS CON FACILIDADES DE ATENCIÓN MÉDICA U OTROS SERVICIOS DE SALUD;PROBLEMAS RELACIONADOS CON FACILIDADES DE ATENCIÓN MÉDICA U OTROS SERVICIOS DE SALUD;DOLOR, NO ESPECIFICADO;No aplica;SIMPLE
299;2024;7;Web;11;11001;US- 000004066478;A nombre propio;HOMBRE;81;MAYOR DE 63 AÑOS ;No Aplica;Subsidiado;No Aplica;No Aplica;11;11001;CAPITAL SALUD;RÉGIMEN SUBSIDIADO;EPSS34;CAPITAL SALUD;11;11001;01;"BARRERAS EN EL ACCESO A TECNOLOGÍAS Y SERVICIOS DE SALUD; Y OTROS ELEMENTOS COMPLEMENTARIOS PARA LA ATENCIÓN DEL USUARIO";0102;NEGACIÓN DE TECNOLOGÍAS EN SALUD Y OTROS ELEMENTOS COMPLEMENTARIOS PARA LA ATENCIÓN DEL USUARIO;010201;NEGACIÓN EN LA ASIGNACIÓN DE CITAS O CONSULTAS;01020103;ESPECIALIDADES MÉDICAS ;01020103063;MEDICINA INTERNA;ENFERMEDADES CRÓNICAS NO TRANSMISIBLES RESPIRATORIAS;EPOC (ENFERMEDAD PULMONAR OBSTRUCTIVA CRÓNICA, BRONQUITIS CRÓNICA O ENFISEMA);INFECCIÓN DE VÍAS URINARIAS, SITIO NO ESPECIFICADO;No aplica;SIMPLE
300;2024;7;Telefónico;76;76001;US- 000001070226;A nombre propio;MUJER;62;DE 50 A 62 AÑOS;Universitario;Contributivo;No Aplica;No Aplica;76;76001;SOS -SERVICIO OCCIDENTAL DE SALUD;RÉGIMEN CONTRIBUTIVO;EPS018;SERVICIO OCCIDENTAL DE SALUD (SOS);76;76001;04;INSATISFACCIÓN DEL USUARIO CON EL PROCESO ADMINISTRATIVO;0404;INSATISFACCIÓN RELACIONADA CON TRÁMITES ADMINISTRATIVOS;040401;RESTRICCIÓN EN LA LIBRE ESCOGENCIA;04040102;PRESTADOR DE SERVICIO DE SALUD;;;PROBLEMAS RELACIONADOS CON FACILIDADES DE ATENCIÓN MÉDICA U OTROS SERVICIOS DE SALUD;PROBLEMAS RELACIONADOS CON FACILIDADES DE ATENCIÓN MÉDICA U OTROS SERVICIOS DE SALUD;ARTRITIS REUMATOIDE SEROPOSITIVA;No aplica;SIMPLE
301;2024;7;Web;11;11001;US- 000004066479;A nombre propio;MUJER;55;DE 50 A 62 AÑOS;No Aplica;Contributivo;No Aplica;No Aplica;11;11001;FAMISANAR;RÉGIMEN CONTRIBUTIVO;EPS017;FAMISANAR;11;11001;01;"BARRERAS EN EL ACCESO A TECNOLOGÍAS Y SERVICIOS DE SALUD; Y OTROS ELEMENTOS COMPLEMENTARIOS PARA LA ATENCIÓN DEL USUARIO";0101;FALTA DE OPORTUNIDAD EN LA PRESTACIÓN DE TECNOLOGÍAS EN SALUD Y OTROS ELEMENTOS COMPLEMENTARIOS PARA LA ATENCIÓN DEL USUARIO;010104;FALTA DE OPORTUNIDAD EN LA ENTREGA O ENTREGA INCOMPLETA DE TECNOLOGÍAS EN SALUD Y/O PRESTACIÓN DE OTROS SERVICIOS;01010401;MEDICAMENTOS UPC;;;PROBLEMAS RELACIONADOS CON FACILIDADES DE ATENCIÓN MÉDICA U OTROS SERVICIOS DE SALUD;PROBLEMAS RELACIONADOS CON FACILIDADES DE ATENCIÓN MÉDICA U OTROS SERVICIOS DE SALUD;DIARREA Y GASTROENTERITIS DE PRESUNTO ORIGEN INFECCIOSO;No aplica;SIMPLE
302;2024;7;Web;25;25286;US- 000003665867;A nombre propio;MUJER;6;DE 6 A 12 AÑOS;No Aplica;Contributivo;No Aplica;No Aplica;25;25286;FAMISANAR;RÉGIMEN CONTRIBUTIVO;EPS017;FAMISANAR;25;25286;01;"BARRERAS EN EL ACCESO A TECNOLOGÍAS Y SERVICIOS DE SALUD; Y OTROS ELEMENTOS COMPLEMENTARIOS PARA LA ATENCIÓN DEL USUARIO";0101;FALTA DE OPORTUNIDAD EN LA PRESTACIÓN DE TECNOLOGÍAS EN SALUD Y OTROS ELEMENTOS COMPLEMENTARIOS PARA LA ATENCIÓN DEL USUARIO;010105;FALTA DE OPORTUNIDAD EN EL PROCESO DE REFERENCIA Y CONTRARREFERENCIA;;;;;PROBLEMAS RELACIONADOS CON FACILIDADES DE ATENCIÓN MÉDICA U OTROS SERVICIOS DE SALUD;PROBLEMAS RELACIONADOS CON FACILIDADES DE ATENCIÓN MÉDICA U OTROS SERVICIOS DE SALUD;ASMA, NO ESPECIFICADA;No aplica;PRIORIZADO
303;2024;7;Web;76;76001;US- 000003066229;A nombre propio;MUJER;25;DE 25 A 29 AÑOS;No Aplica;Contributivo;No Aplica;No Aplica;76;76001;COOSALUD;RÉGIMEN SUBSIDIADO;ESS024;COOSALUD;76;76001;01;"BARRERAS EN EL ACCESO A TECNOLOGÍAS Y SERVICIOS DE SALUD; Y OTROS ELEMENTOS COMPLEMENTARIOS PARA LA ATENCIÓN DEL USUARIO";0101;FALTA DE OPORTUNIDAD EN LA PRESTACIÓN DE TECNOLOGÍAS EN SALUD Y OTROS ELEMENTOS COMPLEMENTARIOS PARA LA ATENCIÓN DEL USUARIO;010101;FALTA DE OPORTUNIDAD EN LAS CITAS O CONSULTAS;01010101;MEDICINA GENERAL;;;PROBLEMAS RELACIONADOS CON FACILIDADES DE ATENCIÓN MÉDICA U OTROS SERVICIOS DE SALUD;PROBLEMAS RELACIONADOS CON FACILIDADES DE ATENCIÓN MÉDICA U OTROS SERVICIOS DE SALUD;INFECCIÓN DE VÍAS URINARIAS, SITIO NO ESPECIFICADO;No aplica;SIMPLE
304;2024;7;Web;11;11001;US- 000002052843;A nombre propio;MUJER;91;MAYOR DE 63 AÑOS ;No Aplica;Contributivo;No Aplica;No Aplica;11;11001;COMPENSAR;RÉGIMEN CONTRIBUTIVO;EPS008;COMPENSAR;11;11001;01;"BARRERAS EN EL ACCESO A TECNOLOGÍAS Y SERVICIOS DE SALUD; Y OTROS ELEMENTOS COMPLEMENTARIOS PARA LA ATENCIÓN DEL USUARIO";0101;FALTA DE OPORTUNIDAD EN LA PRESTACIÓN DE TECNOLOGÍAS EN SALUD Y OTROS ELEMENTOS COMPLEMENTARIOS PARA LA ATENCIÓN DEL USUARIO;010105;FALTA DE OPORTUNIDAD EN EL PROCESO DE REFERENCIA Y CONTRARREFERENCIA;;;;;ENFERMEDADES CRÓNICAS NO TRASMISIBLES CARDIOVASCULARES;OTROS;INFECCIÓN DE VÍAS URINARIAS, SITIO NO ESPECIFICADO;No aplica;PRIORIZADO
305;2024;7;Web;05;05001;US- 000004066480;A nombre propio;HOMBRE;40;DE 38 A 49 AÑOS;No Aplica;Contributivo;No Aplica;No Aplica;05;05001;SANITAS;RÉGIMEN CONTRIBUTIVO;EPS005;SANITAS;05;05001;02;INSATISFACCIÓN RELACIONADA CON LA ATENCIÓN EN SALUD;0201;INSATISFACCIÓN RELACIONADA CON LA ATENCIÓN EN SALUD POR FALTA DE OPORTUNIDAD;020101;INSATISFACCIÓN POR FALTA DE OPORTUNIDAD EN LA ATENCIÓN POR PARTE DEL PERSONAL DE SALUD;02010104;SERVICIO DE URGENCIAS;;;ENFERMEDADES OSTEOARTICULARES;OTROS;DOLOR, NO ESPECIFICADO;No aplica;SIMPLE
306;2024;7;Web;76;76001;US- 000003133350;Nieto (A);MUJER;78;MAYOR DE 63 AÑOS ;No Aplica;Subsidiado;No Aplica;No Aplica;76;76001;EMSSANAR EPS;RÉGIMEN SUBSIDIADO;ESS118;EMSSANAR;76;76001;01;"BARRERAS EN EL ACCESO A TECNOLOGÍAS Y SERVICIOS DE SALUD; Y OTROS ELEMENTOS COMPLEMENTARIOS PARA LA ATENCIÓN DEL USUARIO";0101;FALTA DE OPORTUNIDAD EN LA PRESTACIÓN DE TECNOLOGÍAS EN SALUD Y OTROS ELEMENTOS COMPLEMENTARIOS PARA LA ATENCIÓN DEL USUARIO;010103;FALTA DE OPORTUNIDAD EN LA ATENCIÓN EN OTROS SERVICIOS DE SALUD;01010309;PROCEDIMIENTOS QUIRÚRGICOS;01010309003;OTROS PROCEDIMIENTOS QUIRÚRGICOS;PROBLEMAS RELACIONADOS CON FACILIDADES DE ATENCIÓN MÉDICA U OTROS SERVICIOS DE SALUD;PROBLEMAS RELACIONADOS CON FACILIDADES DE ATENCIÓN MÉDICA U OTROS SERVICIOS DE SALUD;DOLOR, NO ESPECIFICADO;No aplica;SIMPLE
307;2024;7;Web;11;11001;US- 000004066481;A nombre propio;MUJER;36;DE 30 A 37 AÑOS;No Aplica;Contributivo;No Aplica;No Aplica;11;11001;SANITAS;RÉGIMEN CONTRIBUTIVO;EPS005;SANITAS;11;11001;01;"BARRERAS EN EL ACCESO A TECNOLOGÍAS Y SERVICIOS DE SALUD; Y OTROS ELEMENTOS COMPLEMENTARIOS PARA LA ATENCIÓN DEL USUARIO";0103;FALTA DE OPORTUNIDAD EN LA AUTORIZACIÓN DE TECNOLOGÍAS EN SALUD Y OTROS ELEMENTOS COMPLEMENTARIOS PARA LA ATENCIÓN DEL USUARIO;010304;FALTA DE OPORTUNIDAD EN LA AUTORIZACIÓN DE OTROS SERVICIOS DE SALUD;01030409;PROCEDIMIENTOS QUIRÚRGICOS;01030409003;OTROS PROCEDIMIENTOS QUIRÚRGICOS;PROBLEMAS RELACIONADOS CON FACILIDADES DE ATENCIÓN MÉDICA U OTROS SERVICIOS DE SALUD;PROBLEMAS RELACIONADOS CON FACILIDADES DE ATENCIÓN MÉDICA U OTROS SERVICIOS DE SALUD;LEIOMIOMA SUBMUCOSO DEL ÚTERO;No aplica;SIMPLE
308;2024;7;Web;76;76147;US- 000002648879;A nombre propio;MUJER;16;DE 13 A 17 AÑOS;No Aplica;Contributivo;No Aplica;No Aplica;76;76147;ALIANSALUD;RÉGIMEN CONTRIBUTIVO;EPS001;ALIANSALUD;11;11001;01;"BARRERAS EN EL ACCESO A TECNOLOGÍAS Y SERVICIOS DE SALUD; Y OTROS ELEMENTOS COMPLEMENTARIOS PARA LA ATENCIÓN DEL USUARIO";0101;FALTA DE OPORTUNIDAD EN LA PRESTACIÓN DE TECNOLOGÍAS EN SALUD Y OTROS ELEMENTOS COMPLEMENTARIOS PARA LA ATENCIÓN DEL USUARIO;010105;FALTA DE OPORTUNIDAD EN EL PROCESO DE REFERENCIA Y CONTRARREFERENCIA;;;;;SALUD MENTAL;OTROS TRASTORNOS MENTALES;TRASTORNO DE ANSIEDAD , NO ESPECIFICADO;No aplica;PRIORIZADO
309;2024;7;Web;76;76520;US- 000004066482;Otro;HOMBRE;41;DE 38 A 49 AÑOS;No Aplica;Subsidiado;No Aplica;Persona con discapacidad;76;76563;EMSSANAR EPS;RÉGIMEN SUBSIDIADO;ESS118;EMSSANAR;76;76563;01;"BARRERAS EN EL ACCESO A TECNOLOGÍAS Y SERVICIOS DE SALUD; Y OTROS ELEMENTOS COMPLEMENTARIOS PARA LA ATENCIÓN DEL USUARIO";0103;FALTA DE OPORTUNIDAD EN LA AUTORIZACIÓN DE TECNOLOGÍAS EN SALUD Y OTROS ELEMENTOS COMPLEMENTARIOS PARA LA ATENCIÓN DEL USUARIO;010304;FALTA DE OPORTUNIDAD EN LA AUTORIZACIÓN DE OTROS SERVICIOS DE SALUD;01030409;PROCEDIMIENTOS QUIRÚRGICOS;01030409003;OTROS PROCEDIMIENTOS QUIRÚRGICOS;ENFERMEDADES CRÓNICAS NO TRANSMISIBLES –RENALES;IRC-ENFERMEDAD RENAL;OTRAS HIDRONEFROSIS Y LAS NO ESPECIFICADAS;No aplica;PRIORIZADO
310;2024;7;Web;05;05266;US- 000000047221;A nombre propio;MUJER;30;DE 30 A 37 AÑOS;No Aplica;Contributivo;No Aplica;No Aplica;05;05266;SURAMERICANA EPS;RÉGIMEN CONTRIBUTIVO;EPS010;EPS SURA;05;05266;01;"BARRERAS EN EL ACCESO A TECNOLOGÍAS Y SERVICIOS DE SALUD; Y OTROS ELEMENTOS COMPLEMENTARIOS PARA LA ATENCIÓN DEL USUARIO";0103;FALTA DE OPORTUNIDAD EN LA AUTORIZACIÓN DE TECNOLOGÍAS EN SALUD Y OTROS ELEMENTOS COMPLEMENTARIOS PARA LA ATENCIÓN DEL USUARIO;010304;FALTA DE OPORTUNIDAD EN LA AUTORIZACIÓN DE OTROS SERVICIOS DE SALUD;01030409;PROCEDIMIENTOS QUIRÚRGICOS;01030409003;OTROS PROCEDIMIENTOS QUIRÚRGICOS;PROBLEMAS RELACIONADOS CON FACILIDADES DE ATENCIÓN MÉDICA U OTROS SERVICIOS DE SALUD;PROBLEMAS RELACIONADOS CON FACILIDADES DE ATENCIÓN MÉDICA U OTROS SERVICIOS DE SALUD;OTOSCLEROSIS QUE AFECTA LA VENTANA OVAL, NO OBLITERANTE;No aplica;SIMPLE
311;2024;7;Web;08;08001;US- 000004066483;A nombre propio;MUJER;54;DE 50 A 62 AÑOS;No Aplica;Contributivo;No Aplica;No Aplica;08;08001;SANITAS;RÉGIMEN CONTRIBUTIVO;EPS005;SANITAS;08;08001;01;"BARRERAS EN EL ACCESO A TECNOLOGÍAS Y SERVICIOS DE SALUD; Y OTROS ELEMENTOS COMPLEMENTARIOS PARA LA ATENCIÓN DEL USUARIO";0102;NEGACIÓN DE TECNOLOGÍAS EN SALUD Y OTROS ELEMENTOS COMPLEMENTARIOS PARA LA ATENCIÓN DEL USUARIO;010201;NEGACIÓN EN LA ASIGNACIÓN DE CITAS O CONSULTAS;01020103;ESPECIALIDADES MÉDICAS ;01020103078;ORTOPEDIA Y TRAUMATOLOGÍA;ENFERMEDADES OSTEOARTICULARES;OTROS;OTROS SÍNTOMAS Y SIGNOS GENERALES ESPECIFICADOS;No aplica;SIMPLE
312;2024;7;Web;11;11001;US- 000004066484;A nombre propio;MUJER;49;DE 38 A 49 AÑOS;No Aplica;Contributivo;No Aplica;No Aplica;11;11001;FAMISANAR;RÉGIMEN CONTRIBUTIVO;EPS017;FAMISANAR;11;11001;01;"BARRERAS EN EL ACCESO A TECNOLOGÍAS Y SERVICIOS DE SALUD; Y OTROS ELEMENTOS COMPLEMENTARIOS PARA LA ATENCIÓN DEL USUARIO";0101;FALTA DE OPORTUNIDAD EN LA PRESTACIÓN DE TECNOLOGÍAS EN SALUD Y OTROS ELEMENTOS COMPLEMENTARIOS PARA LA ATENCIÓN DEL USUARIO;010101;FALTA DE OPORTUNIDAD EN LAS CITAS O CONSULTAS;01010103;ESPECIALIDADES MÉDICAS ;01010103078;ORTOPEDIA Y TRAUMATOLOGÍA;ENFERMEDADES OSTEOARTICULARES;OTROS;SÍNDROME DEL TÚNEL CARPIANO;No aplica;SIMPLE
313;2024;7;Web;11;11001;US- 000004066485;A nombre propio;HOMBRE;90;MAYOR DE 63 AÑOS ;No Aplica;Contributivo;No Aplica;No Aplica;11;11001;FAMISANAR;RÉGIMEN CONTRIBUTIVO;EPS017;FAMISANAR;11;11001;01;"BARRERAS EN EL ACCESO A TECNOLOGÍAS Y SERVICIOS DE SALUD; Y OTROS ELEMENTOS COMPLEMENTARIOS PARA LA ATENCIÓN DEL USUARIO";0102;NEGACIÓN DE TECNOLOGÍAS EN SALUD Y OTROS ELEMENTOS COMPLEMENTARIOS PARA LA ATENCIÓN DEL USUARIO;010203;NEGACIÓN EN LA ATENCIÓN EN OTROS SERVICIOS DE SALUD;01020309;PROCEDIMIENTOS QUIRÚRGICOS;01020309003;OTROS PROCEDIMIENTOS QUIRÚRGICOS;ENFERMEDADES CRÓNICAS NO TRASMISIBLES CARDIOVASCULARES;OTROS;OTRAS CATARATAS SENILES;No aplica;SIMPLE
314;2024;7;Web;76;76001;US- 000004066486;A nombre propio;MUJER;74;MAYOR DE 63 AÑOS ;No Aplica;Contributivo;No Aplica;No Aplica;76;76001;NUEVA EPS;RÉGIMEN CONTRIBUTIVO;EPS037;NUEVA EPS;76;76001;01;"BARRERAS EN EL ACCESO A TECNOLOGÍAS Y SERVICIOS DE SALUD; Y OTROS ELEMENTOS COMPLEMENTARIOS PARA LA ATENCIÓN DEL USUARIO";0101;FALTA DE OPORTUNIDAD EN LA PRESTACIÓN DE TECNOLOGÍAS EN SALUD Y OTROS ELEMENTOS COMPLEMENTARIOS PARA LA ATENCIÓN DEL USUARIO;010104;FALTA DE OPORTUNIDAD EN LA ENTREGA O ENTREGA INCOMPLETA DE TECNOLOGÍAS EN SALUD Y/O PRESTACIÓN DE OTROS SERVICIOS;01010401;MEDICAMENTOS UPC;;;ENFERMEDADES CRÓNICAS NO TRASMISIBLES CARDIOVASCULARES;HTA (HIPERTENSIÓN ARTERIAL);FIBRILACIÓN Y ALETEO AURICULAR;No aplica;PRIORIZADO
315;2024;7;Web;11;11001;US- 000001317620;Madre;HOMBRE;5;DE 0 A 5 AÑOS;No Aplica;Contributivo;No Aplica;No Aplica;11;11001;SANITAS;RÉGIMEN CONTRIBUTIVO;EPS005;SANITAS;11;11001;01;"BARRERAS EN EL ACCESO A TECNOLOGÍAS Y SERVICIOS DE SALUD; Y OTROS ELEMENTOS COMPLEMENTARIOS PARA LA ATENCIÓN DEL USUARIO";0103;FALTA DE OPORTUNIDAD EN LA AUTORIZACIÓN DE TECNOLOGÍAS EN SALUD Y OTROS ELEMENTOS COMPLEMENTARIOS PARA LA ATENCIÓN DEL USUARIO;010301;FALTA DE OPORTUNIDAD EN LA AUTORIZACIÓN DE TECNOLOGÍAS EN SALUD Y/O DE OTROS SERVICIOS;01030107;ELEMENTOS COMPLEMENTARIOS PARA LA ATENCIÓN DEL USUARIO (PAÑALES, PAÑITOS, ETC.);;;MATERNO INFANTIL;ATENCIÓN NIÑOS MENORES DE 5 AÑOS;AUTISMO EN LA NIÑEZ;No aplica;SIMPLE
316;2024;7;Web;11;11001;US- 000004066487;Madre;HOMBRE;12;DE 6 A 12 AÑOS;No Aplica;Contributivo;No Aplica;No Aplica;11;11001;COMPENSAR;RÉGIMEN CONTRIBUTIVO;EPS008;COMPENSAR;11;11001;01;"BARRERAS EN EL ACCESO A TECNOLOGÍAS Y SERVICIOS DE SALUD; Y OTROS ELEMENTOS COMPLEMENTARIOS PARA LA ATENCIÓN DEL USUARIO";0101;FALTA DE OPORTUNIDAD EN LA PRESTACIÓN DE TECNOLOGÍAS EN SALUD Y OTROS ELEMENTOS COMPLEMENTARIOS PARA LA ATENCIÓN DEL USUARIO;010101;FALTA DE OPORTUNIDAD EN LAS CITAS O CONSULTAS;01010103;ESPECIALIDADES MÉDICAS ;01010103037;ELECTROFISIOLOGÍA CARDÍACA;ENFERMEDADES CRÓNICAS NO TRASMISIBLES CARDIOVASCULARES;OTROS;SÍNDROME DE PREEXCITACIÓN;No aplica;PRIORIZADO
317;2024;7;Web;05;05088;US- 000003632900;A nombre propio;MUJER;44;DE 38 A 49 AÑOS;No Aplica;Contributivo;No Aplica;No Aplica;05;05088;SURAMERICANA EPS;RÉGIMEN CONTRIBUTIVO;EPS010;EPS SURA;05;05088;01;"BARRERAS EN EL ACCESO A TECNOLOGÍAS Y SERVICIOS DE SALUD; Y OTROS ELEMENTOS COMPLEMENTARIOS PARA LA ATENCIÓN DEL USUARIO";0101;FALTA DE OPORTUNIDAD EN LA PRESTACIÓN DE TECNOLOGÍAS EN SALUD Y OTROS ELEMENTOS COMPLEMENTARIOS PARA LA ATENCIÓN DEL USUARIO;010101;FALTA DE OPORTUNIDAD EN LAS CITAS O CONSULTAS;01010103;ESPECIALIDADES MÉDICAS ;01010103078;ORTOPEDIA Y TRAUMATOLOGÍA;ENFERMEDADES OSTEOARTICULARES;OTROS;SÍNDROME DEL TÚNEL CARPIANO;No aplica;SIMPLE
318;2024;7;Web;05;05040;US- 000004066488;A nombre propio;MUJER;29;DE 25 A 29 AÑOS;No Aplica;Contributivo;No Aplica;No Aplica;05;05040;NUEVA EPS;RÉGIMEN CONTRIBUTIVO;EPS037;NUEVA EPS;05;05040;01;"BARRERAS EN EL ACCESO A TECNOLOGÍAS Y SERVICIOS DE SALUD; Y OTROS ELEMENTOS COMPLEMENTARIOS PARA LA ATENCIÓN DEL USUARIO";0102;NEGACIÓN DE TECNOLOGÍAS EN SALUD Y OTROS ELEMENTOS COMPLEMENTARIOS PARA LA ATENCIÓN DEL USUARIO;010203;NEGACIÓN EN LA ATENCIÓN EN OTROS SERVICIOS DE SALUD;01020309;PROCEDIMIENTOS QUIRÚRGICOS;01020309003;OTROS PROCEDIMIENTOS QUIRÚRGICOS;PROBLEMAS RELACIONADOS CON FACILIDADES DE ATENCIÓN MÉDICA U OTROS SERVICIOS DE SALUD;PROBLEMAS RELACIONADOS CON FACILIDADES DE ATENCIÓN MÉDICA U OTROS SERVICIOS DE SALUD;CALCULO DE LA VESÍCULA BILIAR SIN COLECISTITIS;No aplica;SIMPLE
319;2024;7;Web;05;05209;US- 000003231453;Hermano (A);HOMBRE;46;DE 38 A 49 AÑOS;No Aplica;Subsidiado;No Aplica;Persona con discapacidad;05;05209;SAVIA SALUD;RÉGIMEN SUBSIDIADO;EPSS40;SAVIA SALUD EPS;05;05209;01;"BARRERAS EN EL ACCESO A TECNOLOGÍAS Y SERVICIOS DE SALUD; Y OTROS ELEMENTOS COMPLEMENTARIOS PARA LA ATENCIÓN DEL USUARIO";0101;FALTA DE OPORTUNIDAD EN LA PRESTACIÓN DE TECNOLOGÍAS EN SALUD Y OTROS ELEMENTOS COMPLEMENTARIOS PARA LA ATENCIÓN DEL USUARIO;010104;FALTA DE OPORTUNIDAD EN LA ENTREGA O ENTREGA INCOMPLETA DE TECNOLOGÍAS EN SALUD Y/O PRESTACIÓN DE OTROS SERVICIOS;01010401;MEDICAMENTOS UPC;;;ENFERMEDADES NEUROLÓGICAS;EPILEPSIA;ESCLEROSIS TUBEROSA;No aplica;PRIORIZADO
320;2024;7;Web;25;25899;US- 000004066489;A nombre propio;MUJER;82;MAYOR DE 63 AÑOS ;No Aplica;Contributivo;No Aplica;Persona con discapacidad;25;25899;COMPENSAR;RÉGIMEN CONTRIBUTIVO;EPS008;COMPENSAR;25;25899;01;"BARRERAS EN EL ACCESO A TECNOLOGÍAS Y SERVICIOS DE SALUD; Y OTROS ELEMENTOS COMPLEMENTARIOS PARA LA ATENCIÓN DEL USUARIO";0103;FALTA DE OPORTUNIDAD EN LA AUTORIZACIÓN DE TECNOLOGÍAS EN SALUD Y OTROS ELEMENTOS COMPLEMENTARIOS PARA LA ATENCIÓN DEL USUARIO;010302;FALTA DE OPORTUNIDAD EN LA AUTORIZACIÓN DE CITAS DE CONSULTA;01030213;JUNTA MÉDICA;;;ENFERMEDADES CRÓNICAS NO TRASMISIBLES CARDIOVASCULARES;HTA (HIPERTENSIÓN ARTERIAL);COXARTROSIS, NO ESPECIFICADA;Reemplazos articulares;PRIORIZADO
321;2024;7;Web;08;08758;US- 000003992691;A nombre propio;HOMBRE;44;DE 38 A 49 AÑOS;No Aplica;Contributivo;No Aplica;No Aplica;08;08758;SALUD TOTAL;RÉGIMEN CONTRIBUTIVO;EPS002;SALUD TOTAL;08;08758;01;"BARRERAS EN EL ACCESO A TECNOLOGÍAS Y SERVICIOS DE SALUD; Y OTROS ELEMENTOS COMPLEMENTARIOS PARA LA ATENCIÓN DEL USUARIO";0101;FALTA DE OPORTUNIDAD EN LA PRESTACIÓN DE TECNOLOGÍAS EN SALUD Y OTROS ELEMENTOS COMPLEMENTARIOS PARA LA ATENCIÓN DEL USUARIO;010103;FALTA DE OPORTUNIDAD EN LA ATENCIÓN EN OTROS SERVICIOS DE SALUD;01010308;PROCEDIMIENTOS NO QUIRÚRGICOS;01010308001;IMAGENOLOGÍA;PROBLEMAS RELACIONADOS CON FACILIDADES DE ATENCIÓN MÉDICA U OTROS SERVICIOS DE SALUD;PROBLEMAS RELACIONADOS CON FACILIDADES DE ATENCIÓN MÉDICA U OTROS SERVICIOS DE SALUD;ALTERACIONES DE LA VISION;No aplica;SIMPLE
322;2024;7;Telefónico;19;19001;US- 000000186318;A nombre propio;MUJER;47;DE 38 A 49 AÑOS;Secundaria;Subsidiado;No Aplica;No Aplica;19;19001;SANITAS;RÉGIMEN CONTRIBUTIVO;EPS005;SANITAS;19;19001;01;"BARRERAS EN EL ACCESO A TECNOLOGÍAS Y SERVICIOS DE SALUD; Y OTROS ELEMENTOS COMPLEMENTARIOS PARA LA ATENCIÓN DEL USUARIO";0101;FALTA DE OPORTUNIDAD EN LA PRESTACIÓN DE TECNOLOGÍAS EN SALUD Y OTROS ELEMENTOS COMPLEMENTARIOS PARA LA ATENCIÓN DEL USUARIO;010104;FALTA DE OPORTUNIDAD EN LA ENTREGA O ENTREGA INCOMPLETA DE TECNOLOGÍAS EN SALUD Y/O PRESTACIÓN DE OTROS SERVICIOS;01010408;TRANSPORTE, ALOJAMIENTO O ALIMENTACIÓN;;;ENFERMEDADES CRÓNICAS NO TRANSMISIBLES –DIABETES;DIABETES;DIABETES MELLITUS INSULINODEPENDIENTE;No aplica;SIMPLE
323;2024;7;Web;11;11001;US- 000001606055;A nombre propio;MUJER;70;MAYOR DE 63 AÑOS ;No Aplica;Régimen Especial;No Aplica;No Aplica;11;11001;POLICIA NACIONAL;REGÍMENES DE EXCEPCIÓN Y ESPECIALES;REPN01;POLICIA NACIONAL;11;11001;01;"BARRERAS EN EL ACCESO A TECNOLOGÍAS Y SERVICIOS DE SALUD; Y OTROS ELEMENTOS COMPLEMENTARIOS PARA LA ATENCIÓN DEL USUARIO";0101;FALTA DE OPORTUNIDAD EN LA PRESTACIÓN DE TECNOLOGÍAS EN SALUD Y OTROS ELEMENTOS COMPLEMENTARIOS PARA LA ATENCIÓN DEL USUARIO;010101;FALTA DE OPORTUNIDAD EN LAS CITAS O CONSULTAS;01010103;ESPECIALIDADES MÉDICAS ;01010103078;ORTOPEDIA Y TRAUMATOLOGÍA;ENFERMEDADES CRÓNICAS NO TRASMISIBLES CARDIOVASCULARES;HTA (HIPERTENSIÓN ARTERIAL);LUMBAGO NO ESPECIFICADO;No aplica;SIMPLE
324;2024;7;Web;76;76001;US- 000002505765;Hijo (A);MUJER;59;DE 50 A 62 AÑOS;No Aplica;Subsidiado;No Aplica;No Aplica;76;76001;EMSSANAR EPS;RÉGIMEN SUBSIDIADO;ESS118;EMSSANAR;76;76001;01;"BARRERAS EN EL ACCESO A TECNOLOGÍAS Y SERVICIOS DE SALUD; Y OTROS ELEMENTOS COMPLEMENTARIOS PARA LA ATENCIÓN DEL USUARIO";0103;FALTA DE OPORTUNIDAD EN LA AUTORIZACIÓN DE TECNOLOGÍAS EN SALUD Y OTROS ELEMENTOS COMPLEMENTARIOS PARA LA ATENCIÓN DEL USUARIO;010304;FALTA DE OPORTUNIDAD EN LA AUTORIZACIÓN DE OTROS SERVICIOS DE SALUD;01030408;PROCEDIMIENTOS NO QUIRÚRGICOS;01030408001;IMAGENOLOGÍA;PROBLEMAS RELACIONADOS CON FACILIDADES DE ATENCIÓN MÉDICA U OTROS SERVICIOS DE SALUD;PROBLEMAS RELACIONADOS CON FACILIDADES DE ATENCIÓN MÉDICA U OTROS SERVICIOS DE SALUD;DOLOR, NO ESPECIFICADO;No aplica;SIMPLE
325;2024;7;Chat;41;41001;US- 000003068309;A nombre propio;HOMBRE;64;MAYOR DE 63 AÑOS ;Secundaria;Subsidiado;No Aplica;Víctima del conflicto armado;41;41001;SANITAS;RÉGIMEN CONTRIBUTIVO;EPS005;SANITAS;41;41001;01;"BARRERAS EN EL ACCESO A TECNOLOGÍAS Y SERVICIOS DE SALUD; Y OTROS ELEMENTOS COMPLEMENTARIOS PARA LA ATENCIÓN DEL USUARIO";0103;FALTA DE OPORTUNIDAD EN LA AUTORIZACIÓN DE TECNOLOGÍAS EN SALUD Y OTROS ELEMENTOS COMPLEMENTARIOS PARA LA ATENCIÓN DEL USUARIO;010301;FALTA DE OPORTUNIDAD EN LA AUTORIZACIÓN DE TECNOLOGÍAS EN SALUD Y/O DE OTROS SERVICIOS;01030101;MEDICAMENTOS UPC;;;ENFERMEDADES CRÓNICAS NO TRANSMISIBLES –DIABETES;DIABETES;DIABETES MELLITUS INSULINODEPENDIENTE;No aplica;PRIORIZADO
326;2024;7;Web;05;05440;US- 000002373351;A nombre propio;MUJER;30;DE 30 A 37 AÑOS;No Aplica;Contributivo;No Aplica;No Aplica;05;05440;SURAMERICANA EPS;RÉGIMEN CONTRIBUTIVO;EPS010;EPS SURA;05;05440;01;"BARRERAS EN EL ACCESO A TECNOLOGÍAS Y SERVICIOS DE SALUD; Y OTROS ELEMENTOS COMPLEMENTARIOS PARA LA ATENCIÓN DEL USUARIO";0101;FALTA DE OPORTUNIDAD EN LA PRESTACIÓN DE TECNOLOGÍAS EN SALUD Y OTROS ELEMENTOS COMPLEMENTARIOS PARA LA ATENCIÓN DEL USUARIO;010103;FALTA DE OPORTUNIDAD EN LA ATENCIÓN EN OTROS SERVICIOS DE SALUD;01010308;PROCEDIMIENTOS NO QUIRÚRGICOS;01010308006;OTROS PROCEDIMIENTOS NO QUIRÚRGICOS;ENFERMEDADES OSTEOARTICULARES;OTROS;SACROILIITIS, NO CLASIFICADA EN OTRA PARTE;No aplica;SIMPLE
327;2024;7;Web;47;47189;US- 000004053909;A nombre propio;MUJER;43;DE 38 A 49 AÑOS;No Aplica;Contributivo;No Aplica;No Aplica;47;47189;MUTUAL SER;RÉGIMEN SUBSIDIADO;ESS207;MUTUAL SER;47;47189;01;"BARRERAS EN EL ACCESO A TECNOLOGÍAS Y SERVICIOS DE SALUD; Y OTROS ELEMENTOS COMPLEMENTARIOS PARA LA ATENCIÓN DEL USUARIO";0101;FALTA DE OPORTUNIDAD EN LA PRESTACIÓN DE TECNOLOGÍAS EN SALUD Y OTROS ELEMENTOS COMPLEMENTARIOS PARA LA ATENCIÓN DEL USUARIO;010101;FALTA DE OPORTUNIDAD EN LAS CITAS O CONSULTAS;01010103;ESPECIALIDADES MÉDICAS ;01010103042;GASTROENTEROLOGÍA;PROBLEMAS RELACIONADOS CON FACILIDADES DE ATENCIÓN MÉDICA U OTROS SERVICIOS DE SALUD;PROBLEMAS RELACIONADOS CON FACILIDADES DE ATENCIÓN MÉDICA U OTROS SERVICIOS DE SALUD;MENSTRUACIÓN IRREGULAR, NO ESPECIFICADA;No aplica;SIMPLE
328;2024;7;Telefónico;05;05001;US- 000000367808;A nombre propio;HOMBRE;55;DE 50 A 62 AÑOS;Secundaria;Contributivo;No Aplica;No Aplica;05;05001;SURAMERICANA EPS;RÉGIMEN CONTRIBUTIVO;EPS010;EPS SURA;05;05001;01;"BARRERAS EN EL ACCESO A TECNOLOGÍAS Y SERVICIOS DE SALUD; Y OTROS ELEMENTOS COMPLEMENTARIOS PARA LA ATENCIÓN DEL USUARIO";0102;NEGACIÓN DE TECNOLOGÍAS EN SALUD Y OTROS ELEMENTOS COMPLEMENTARIOS PARA LA ATENCIÓN DEL USUARIO;010201;NEGACIÓN EN LA ASIGNACIÓN DE CITAS O CONSULTAS;01020103;ESPECIALIDADES MÉDICAS ;01020103035;DOLOR Y CUIDADOS PALIATIVOS;PROBLEMAS RELACIONADOS CON FACILIDADES DE ATENCIÓN MÉDICA U OTROS SERVICIOS DE SALUD;PROBLEMAS RELACIONADOS CON FACILIDADES DE ATENCIÓN MÉDICA U OTROS SERVICIOS DE SALUD;OTRAS COXARTROSIS PRIMARIAS;No aplica;SIMPLE
329;2024;7;Web;54;54405;US- 000004066490;A nombre propio;MUJER;73;MAYOR DE 63 AÑOS ;No Aplica;Contributivo;No Aplica;No Aplica;54;54405;NUEVA EPS;RÉGIMEN CONTRIBUTIVO;EPS037;NUEVA EPS;54;54405;01;"BARRERAS EN EL ACCESO A TECNOLOGÍAS Y SERVICIOS DE SALUD; Y OTROS ELEMENTOS COMPLEMENTARIOS PARA LA ATENCIÓN DEL USUARIO";0103;FALTA DE OPORTUNIDAD EN LA AUTORIZACIÓN DE TECNOLOGÍAS EN SALUD Y OTROS ELEMENTOS COMPLEMENTARIOS PARA LA ATENCIÓN DEL USUARIO;010301;FALTA DE OPORTUNIDAD EN LA AUTORIZACIÓN DE TECNOLOGÍAS EN SALUD Y/O DE OTROS SERVICIOS;01030108;TRANSPORTE, ALOJAMIENTO O ALIMENTACIÓN;;;ENFERMEDADES CRÓNICAS NO TRASMISIBLES CARDIOVASCULARES;HTA (HIPERTENSIÓN ARTERIAL);HIPOACUSIA CONDUCTIVA, UNILATERAL CON AUDICIÓN IRRESTRICTA CONTRALATERAL;No aplica;SIMPLE
330;2024;7;Telefónico;54;54498;US- 000004066491;Otro;MUJER;39;DE 38 A 49 AÑOS;Ninguno;Subsidiado;No Aplica;No Aplica;54;54206;SANITAS;RÉGIMEN CONTRIBUTIVO;EPS005;SANITAS;54;54498;01;"BARRERAS EN EL ACCESO A TECNOLOGÍAS Y SERVICIOS DE SALUD; Y OTROS ELEMENTOS COMPLEMENTARIOS PARA LA ATENCIÓN DEL USUARIO";0102;NEGACIÓN DE TECNOLOGÍAS EN SALUD Y OTROS ELEMENTOS COMPLEMENTARIOS PARA LA ATENCIÓN DEL USUARIO;010201;NEGACIÓN EN LA ASIGNACIÓN DE CITAS O CONSULTAS;01020103;ESPECIALIDADES MÉDICAS ;01020103047;GINECOLOGÍA Y OBSTETRICIA;PROBLEMAS RELACIONADOS CON FACILIDADES DE ATENCIÓN MÉDICA U OTROS SERVICIOS DE SALUD;PROBLEMAS RELACIONADOS CON FACILIDADES DE ATENCIÓN MÉDICA U OTROS SERVICIOS DE SALUD;PÓLIPO DEL CUELLO DEL ÚTERO;No aplica;SIMPLE
331;2024;7;Web;19;19533;US- 000004066492;A nombre propio;HOMBRE;93;MAYOR DE 63 AÑOS ;No Aplica;Subsidiado;No Aplica;No Aplica;19;19533;ASOCIACIÓN INDÍGENA DEL CAUCA (AIC) -EPSI;RÉGIMEN SUBSIDIADO;EPSI03;AIC - ASOCIACIÓN INDÍGENA DEL CAUCA (EPS-I CAUCA);19;19533;01;"BARRERAS EN EL ACCESO A TECNOLOGÍAS Y SERVICIOS DE SALUD; Y OTROS ELEMENTOS COMPLEMENTARIOS PARA LA ATENCIÓN DEL USUARIO";0101;FALTA DE OPORTUNIDAD EN LA PRESTACIÓN DE TECNOLOGÍAS EN SALUD Y OTROS ELEMENTOS COMPLEMENTARIOS PARA LA ATENCIÓN DEL USUARIO;010105;FALTA DE OPORTUNIDAD EN EL PROCESO DE REFERENCIA Y CONTRARREFERENCIA;;;;;PROBLEMAS RELACIONADOS CON FACILIDADES DE ATENCIÓN MÉDICA U OTROS SERVICIOS DE SALUD;PROBLEMAS RELACIONADOS CON FACILIDADES DE ATENCIÓN MÉDICA U OTROS SERVICIOS DE SALUD;OTROS PROBLEMAS RELACIONADOS CON SERVICIOS MÉDICOS Y DE SALUD;No aplica;PRIORIZADO
332;2024;7;Telefónico;54;54498;US- 000004066493;Otro;HOMBRE;39;DE 38 A 49 AÑOS;Ninguno;Subsidiado;No Aplica;No Aplica;54;54206;SANITAS;RÉGIMEN CONTRIBUTIVO;EPS005;SANITAS;54;54498;01;"BARRERAS EN EL ACCESO A TECNOLOGÍAS Y SERVICIOS DE SALUD; Y OTROS ELEMENTOS COMPLEMENTARIOS PARA LA ATENCIÓN DEL USUARIO";0102;NEGACIÓN DE TECNOLOGÍAS EN SALUD Y OTROS ELEMENTOS COMPLEMENTARIOS PARA LA ATENCIÓN DEL USUARIO;010201;NEGACIÓN EN LA ASIGNACIÓN DE CITAS O CONSULTAS;01020106;NUTRICIÓN;;;PROBLEMAS RELACIONADOS CON FACILIDADES DE ATENCIÓN MÉDICA U OTROS SERVICIOS DE SALUD;PROBLEMAS RELACIONADOS CON FACILIDADES DE ATENCIÓN MÉDICA U OTROS SERVICIOS DE SALUD;HIPERLIPIDEMIA NO ESPECIFICADA;No aplica;SIMPLE
333;2024;7;Web;70;70670;US- 000002472939;A nombre propio;MUJER;64;MAYOR DE 63 AÑOS ;No Aplica;Subsidiado;No Aplica;No Aplica;70;70670;MUTUAL SER;RÉGIMEN SUBSIDIADO;ESS207;MUTUAL SER;70;70670;04;INSATISFACCIÓN DEL USUARIO CON EL PROCESO ADMINISTRATIVO;0405;PROBLEMAS EN EL RECONOCIMIENTO Y/O PAGO DE PRESTACIONES ECONÓMICAS;040502;NEGACIÓN Y/O FALTA DE OPORTUNIDAD EN EL RECONOCIMIENTO DE REEMBOLSOS;04050201;PRODUCTOS MÉDICOS (MEDICAMENTOS Y DISPOSITIVOS MÉDICOS);;;ENFERMEDADES NEUROLÓGICAS;EPILEPSIA;EPILEPSIA, TIPO NO ESPECIFICADO;No aplica;SIMPLE
334;2024;7;Telefónico;11;11001;US- 000000017732;Madre;MUJER;8;DE 6 A 12 AÑOS;Ninguno;Subsidiado;No Aplica;Persona con discapacidad;11;11001;SALUD TOTAL;RÉGIMEN CONTRIBUTIVO;EPS002;SALUD TOTAL;11;11001;01;"BARRERAS EN EL ACCESO A TECNOLOGÍAS Y SERVICIOS DE SALUD; Y OTROS ELEMENTOS COMPLEMENTARIOS PARA LA ATENCIÓN DEL USUARIO";0101;FALTA DE OPORTUNIDAD EN LA PRESTACIÓN DE TECNOLOGÍAS EN SALUD Y OTROS ELEMENTOS COMPLEMENTARIOS PARA LA ATENCIÓN DEL USUARIO;010104;FALTA DE OPORTUNIDAD EN LA ENTREGA O ENTREGA INCOMPLETA DE TECNOLOGÍAS EN SALUD Y/O PRESTACIÓN DE OTROS SERVICIOS;01010407;ELEMENTOS COMPLEMENTARIOS PARA LA ATENCIÓN DEL USUARIO (PAÑALES, PAÑITOS, ETC.);;;ENFERMEDADES NEUROLÓGICAS;EPILEPSIA;PARÁLISIS CEREBRAL ESPÁSTICA;No aplica;PRIORIZADO
335;2024;7;Web;11;11001;US- 000003746393;A nombre propio;HOMBRE;57;DE 50 A 62 AÑOS;No Aplica;Contributivo;No Aplica;No Aplica;11;11001;SALUD TOTAL;RÉGIMEN CONTRIBUTIVO;EPS002;SALUD TOTAL;11;11001;01;"BARRERAS EN EL ACCESO A TECNOLOGÍAS Y SERVICIOS DE SALUD; Y OTROS ELEMENTOS COMPLEMENTARIOS PARA LA ATENCIÓN DEL USUARIO";0101;FALTA DE OPORTUNIDAD EN LA PRESTACIÓN DE TECNOLOGÍAS EN SALUD Y OTROS ELEMENTOS COMPLEMENTARIOS PARA LA ATENCIÓN DEL USUARIO;010103;FALTA DE OPORTUNIDAD EN LA ATENCIÓN EN OTROS SERVICIOS DE SALUD;01010309;PROCEDIMIENTOS QUIRÚRGICOS;01010309003;OTROS PROCEDIMIENTOS QUIRÚRGICOS;PROBLEMAS RELACIONADOS CON FACILIDADES DE ATENCIÓN MÉDICA U OTROS SERVICIOS DE SALUD;PROBLEMAS RELACIONADOS CON FACILIDADES DE ATENCIÓN MÉDICA U OTROS SERVICIOS DE SALUD;OTROS PROBLEMAS RELACIONADOS CON SERVICIOS MÉDICOS Y DE SALUD;No aplica;PRIORIZADO
336;2024;7;Telefónico;11;11001;US- 000004066494;Otro;HOMBRE;67;MAYOR DE 63 AÑOS ;Primaria Incompleta;Contributivo;No Aplica;No Aplica;08;08758;NUEVA EPS;RÉGIMEN CONTRIBUTIVO;EPS037;NUEVA EPS;08;08758;01;"BARRERAS EN EL ACCESO A TECNOLOGÍAS Y SERVICIOS DE SALUD; Y OTROS ELEMENTOS COMPLEMENTARIOS PARA LA ATENCIÓN DEL USUARIO";0101;FALTA DE OPORTUNIDAD EN LA PRESTACIÓN DE TECNOLOGÍAS EN SALUD Y OTROS ELEMENTOS COMPLEMENTARIOS PARA LA ATENCIÓN DEL USUARIO;010101;FALTA DE OPORTUNIDAD EN LAS CITAS O CONSULTAS;01010103;ESPECIALIDADES MÉDICAS ;01010103053;HEPATOLOGÍA;PROBLEMAS RELACIONADOS CON FACILIDADES DE ATENCIÓN MÉDICA U OTROS SERVICIOS DE SALUD;PROBLEMAS RELACIONADOS CON FACILIDADES DE ATENCIÓN MÉDICA U OTROS SERVICIOS DE SALUD;CIRROSIS HEPÁTICA ALCOHÓLICA;No aplica;PRIORIZADO
337;2024;7;Chat;11;11001;US- 000002849892;A nombre propio;MUJER;61;DE 50 A 62 AÑOS;Secundaria;Contributivo;No Aplica;No Aplica;11;11001;SURAMERICANA EPS;RÉGIMEN CONTRIBUTIVO;EPS010;EPS SURA;11;11001;01;"BARRERAS EN EL ACCESO A TECNOLOGÍAS Y SERVICIOS DE SALUD; Y OTROS ELEMENTOS COMPLEMENTARIOS PARA LA ATENCIÓN DEL USUARIO";0101;FALTA DE OPORTUNIDAD EN LA PRESTACIÓN DE TECNOLOGÍAS EN SALUD Y OTROS ELEMENTOS COMPLEMENTARIOS PARA LA ATENCIÓN DEL USUARIO;010103;FALTA DE OPORTUNIDAD EN LA ATENCIÓN EN OTROS SERVICIOS DE SALUD;01010308;PROCEDIMIENTOS NO QUIRÚRGICOS;01010308001;IMAGENOLOGÍA;ENFERMEDADES OSTEOARTICULARES;OTROS;ARTRITIS, NO ESPECIFICADA;No aplica;SIMPLE
338;2024;7;Telefónico;05;05088;US- 000001625189;A nombre propio;MUJER;47;DE 38 A 49 AÑOS;Secundaria;Subsidiado;No Aplica;No Aplica;05;05088;SAVIA SALUD;RÉGIMEN SUBSIDIADO;EPSS40;SAVIA SALUD EPS;05;05088;01;"BARRERAS EN EL ACCESO A TECNOLOGÍAS Y SERVICIOS DE SALUD; Y OTROS ELEMENTOS COMPLEMENTARIOS PARA LA ATENCIÓN DEL USUARIO";0102;NEGACIÓN DE TECNOLOGÍAS EN SALUD Y OTROS ELEMENTOS COMPLEMENTARIOS PARA LA ATENCIÓN DEL USUARIO;010201;NEGACIÓN EN LA ASIGNACIÓN DE CITAS O CONSULTAS;01020103;ESPECIALIDADES MÉDICAS ;01020103069;NEUMOLOGÍA;CÁNCER ;OTROS;CARCINOMA IN SITU DE LA GLÁNDULA TIROIDES Y DE OTRAS GLÁNDULAS ENDOCRINAS;No aplica;PRIORIZADO
339;2024;7;Telefónico;47;47058;US- 000004066495;Madre;HOMBRE;12;DE 6 A 12 AÑOS;Secundaria Incompleta;Subsidiado;No Aplica;No Aplica;47;47058;CAJACOPI EPS;RÉGIMEN SUBSIDIADO;CCF055;CAJACOPI EPS;47;47058;01;"BARRERAS EN EL ACCESO A TECNOLOGÍAS Y SERVICIOS DE SALUD; Y OTROS ELEMENTOS COMPLEMENTARIOS PARA LA ATENCIÓN DEL USUARIO";0103;FALTA DE OPORTUNIDAD EN LA AUTORIZACIÓN DE TECNOLOGÍAS EN SALUD Y OTROS ELEMENTOS COMPLEMENTARIOS PARA LA ATENCIÓN DEL USUARIO;010301;FALTA DE OPORTUNIDAD EN LA AUTORIZACIÓN DE TECNOLOGÍAS EN SALUD Y/O DE OTROS SERVICIOS;01030108;TRANSPORTE, ALOJAMIENTO O ALIMENTACIÓN;;;PROBLEMAS RELACIONADOS CON FACILIDADES DE ATENCIÓN MÉDICA U OTROS SERVICIOS DE SALUD;PROBLEMAS RELACIONADOS CON FACILIDADES DE ATENCIÓN MÉDICA U OTROS SERVICIOS DE SALUD;FRACTURA DE LA EPÍFISIS INFERIOR DEL HUMERO;No aplica;SIMPLE
340;2024;7;Telefónico;05;05001;US- 000001231392;A nombre propio;HOMBRE;59;DE 50 A 62 AÑOS;Universitario Incompleto;Subsidiado;No Aplica;No Aplica;05;05001;SALUD TOTAL;RÉGIMEN CONTRIBUTIVO;EPS002;SALUD TOTAL;05;05001;01;"BARRERAS EN EL ACCESO A TECNOLOGÍAS Y SERVICIOS DE SALUD; Y OTROS ELEMENTOS COMPLEMENTARIOS PARA LA ATENCIÓN DEL USUARIO";0101;FALTA DE OPORTUNIDAD EN LA PRESTACIÓN DE TECNOLOGÍAS EN SALUD Y OTROS ELEMENTOS COMPLEMENTARIOS PARA LA ATENCIÓN DEL USUARIO;010101;FALTA DE OPORTUNIDAD EN LAS CITAS O CONSULTAS;01010103;ESPECIALIDADES MÉDICAS ;01010103078;ORTOPEDIA Y TRAUMATOLOGÍA;ENFERMEDADES CRÓNICAS NO TRANSMISIBLES –DIABETES;DIABETES;DIABETES MELLITUS INSULINODEPENDIENTE;No aplica;PRIORIZADO
341;2024;7;Telefónico;05;05631;US- 000001558942;Hijo (A);MUJER;79;MAYOR DE 63 AÑOS ;Primaria;Contributivo;No Aplica;No Aplica;05;05631;SAVIA SALUD;RÉGIMEN SUBSIDIADO;EPSS40;SAVIA SALUD EPS;05;05631;01;"BARRERAS EN EL ACCESO A TECNOLOGÍAS Y SERVICIOS DE SALUD; Y OTROS ELEMENTOS COMPLEMENTARIOS PARA LA ATENCIÓN DEL USUARIO";0102;NEGACIÓN DE TECNOLOGÍAS EN SALUD Y OTROS ELEMENTOS COMPLEMENTARIOS PARA LA ATENCIÓN DEL USUARIO;010204;NEGACIÓN PARA LA ENTREGA DE TECNOLOGÍAS EN SALUD Y/O DE OTROS SERVICIOS AUTORIZADOS;01020401;MEDICAMENTOS UPC;;;ENFERMEDADES CRÓNICAS NO TRANSMISIBLES RESPIRATORIAS;EPOC (ENFERMEDAD PULMONAR OBSTRUCTIVA CRÓNICA, BRONQUITIS CRÓNICA O ENFISEMA);HIPERTENSIÓN ESENCIAL (PRIMARIA);No aplica;SIMPLE
342;2024;7;Telefónico;19;19001;US- 000004066496;Otro;MUJER;89;MAYOR DE 63 AÑOS ;No Aplica;Contributivo;No Aplica;No Aplica;19;19001;NUEVA EPS;RÉGIMEN CONTRIBUTIVO;EPS037;NUEVA EPS;19;19001;01;"BARRERAS EN EL ACCESO A TECNOLOGÍAS Y SERVICIOS DE SALUD; Y OTROS ELEMENTOS COMPLEMENTARIOS PARA LA ATENCIÓN DEL USUARIO";0102;NEGACIÓN DE TECNOLOGÍAS EN SALUD Y OTROS ELEMENTOS COMPLEMENTARIOS PARA LA ATENCIÓN DEL USUARIO;010201;NEGACIÓN EN LA ASIGNACIÓN DE CITAS O CONSULTAS;01020103;ESPECIALIDADES MÉDICAS ;01020103002;ANESTESIOLOGÍA;PROBLEMAS RELACIONADOS CON FACILIDADES DE ATENCIÓN MÉDICA U OTROS SERVICIOS DE SALUD;PROBLEMAS RELACIONADOS CON FACILIDADES DE ATENCIÓN MÉDICA U OTROS SERVICIOS DE SALUD;OTRAS CATARATAS;No aplica;SIMPLE
343;2024;7;Web;15;15176;US- 000004066497;A nombre propio;MUJER;60;DE 50 A 62 AÑOS;No Aplica;Subsidiado;No Aplica;No Aplica;15;15176;NUEVA EPS;RÉGIMEN SUBSIDIADO;EPSS41;NUEVA EPS;15;15176;01;"BARRERAS EN EL ACCESO A TECNOLOGÍAS Y SERVICIOS DE SALUD; Y OTROS ELEMENTOS COMPLEMENTARIOS PARA LA ATENCIÓN DEL USUARIO";0102;NEGACIÓN DE TECNOLOGÍAS EN SALUD Y OTROS ELEMENTOS COMPLEMENTARIOS PARA LA ATENCIÓN DEL USUARIO;010201;NEGACIÓN EN LA ASIGNACIÓN DE CITAS O CONSULTAS;01020103;ESPECIALIDADES MÉDICAS ;01020103071;NEUROCIRUGÍA;ENFERMEDADES OSTEOARTICULARES;NEUROLÓGICAS;TUMOR BENIGNO DE LA HIPÓFISIS;No aplica;SIMPLE
344;2024;7;Web;05;05360;US- 000003711834;Madre;MUJER;45;DE 38 A 49 AÑOS;No Aplica;Contributivo;No Aplica;No Aplica;05;05631;SURAMERICANA EPS;RÉGIMEN CONTRIBUTIVO;EPS010;EPS SURA;05;05360;01;"BARRERAS EN EL ACCESO A TECNOLOGÍAS Y SERVICIOS DE SALUD; Y OTROS ELEMENTOS COMPLEMENTARIOS PARA LA ATENCIÓN DEL USUARIO";0103;FALTA DE OPORTUNIDAD EN LA AUTORIZACIÓN DE TECNOLOGÍAS EN SALUD Y OTROS ELEMENTOS COMPLEMENTARIOS PARA LA ATENCIÓN DEL USUARIO;010304;FALTA DE OPORTUNIDAD EN LA AUTORIZACIÓN DE OTROS SERVICIOS DE SALUD;01030409;PROCEDIMIENTOS QUIRÚRGICOS;01030409003;OTROS PROCEDIMIENTOS QUIRÚRGICOS;ENFERMEDADES OSTEOARTICULARES;NEUROLÓGICAS;SÍNDROME DE DOWN;No aplica;SIMPLE
345;2024;7;Telefónico;50;50001;US- 000001499404;Cónyuge;MUJER;59;DE 50 A 62 AÑOS;Universitario;Contributivo;No Aplica;No Aplica;50;50001;CAJACOPI EPS;RÉGIMEN SUBSIDIADO;CCF055;CAJACOPI EPS;50;50001;01;"BARRERAS EN EL ACCESO A TECNOLOGÍAS Y SERVICIOS DE SALUD; Y OTROS ELEMENTOS COMPLEMENTARIOS PARA LA ATENCIÓN DEL USUARIO";0103;FALTA DE OPORTUNIDAD EN LA AUTORIZACIÓN DE TECNOLOGÍAS EN SALUD Y OTROS ELEMENTOS COMPLEMENTARIOS PARA LA ATENCIÓN DEL USUARIO;010304;FALTA DE OPORTUNIDAD EN LA AUTORIZACIÓN DE OTROS SERVICIOS DE SALUD;01030408;PROCEDIMIENTOS NO QUIRÚRGICOS;01030408001;IMAGENOLOGÍA;PROBLEMAS RELACIONADOS CON FACILIDADES DE ATENCIÓN MÉDICA U OTROS SERVICIOS DE SALUD;PROBLEMAS RELACIONADOS CON FACILIDADES DE ATENCIÓN MÉDICA U OTROS SERVICIOS DE SALUD;CALCULO DEL RIÑÓN;No aplica;SIMPLE
346;2024;7;Telefónico;11;11001;US- 000003696111;Madre;MUJER;29;DE 25 A 29 AÑOS;Universitario;Contributivo;No Aplica;No Aplica;11;11001;SANITAS;RÉGIMEN CONTRIBUTIVO;EPS005;SANITAS;11;11001;01;"BARRERAS EN EL ACCESO A TECNOLOGÍAS Y SERVICIOS DE SALUD; Y OTROS ELEMENTOS COMPLEMENTARIOS PARA LA ATENCIÓN DEL USUARIO";0103;FALTA DE OPORTUNIDAD EN LA AUTORIZACIÓN DE TECNOLOGÍAS EN SALUD Y OTROS ELEMENTOS COMPLEMENTARIOS PARA LA ATENCIÓN DEL USUARIO;010302;FALTA DE OPORTUNIDAD EN LA AUTORIZACIÓN DE CITAS DE CONSULTA;01030203;ESPECIALIDADES MÉDICAS ;01030203037;ELECTROFISIOLOGÍA CARDÍACA;ENFERMEDADES CRÓNICAS NO TRASMISIBLES CARDIOVASCULARES;OTROS;ENFERMEDAD CARDIOVASCULAR, NO ESPECIFICADA;No aplica;SIMPLE
347;2024;7;Web;05;05310;US- 000002466781;A nombre propio;MUJER;74;MAYOR DE 63 AÑOS ;No Aplica;Subsidiado;No Aplica;No Aplica;05;05310;SAVIA SALUD;RÉGIMEN SUBSIDIADO;EPSS40;SAVIA SALUD EPS;05;05310;01;"BARRERAS EN EL ACCESO A TECNOLOGÍAS Y SERVICIOS DE SALUD; Y OTROS ELEMENTOS COMPLEMENTARIOS PARA LA ATENCIÓN DEL USUARIO";0102;NEGACIÓN DE TECNOLOGÍAS EN SALUD Y OTROS ELEMENTOS COMPLEMENTARIOS PARA LA ATENCIÓN DEL USUARIO;010203;NEGACIÓN EN LA ATENCIÓN EN OTROS SERVICIOS DE SALUD;01020308;PROCEDIMIENTOS NO QUIRÚRGICOS;01020308001;IMAGENOLOGÍA;PROBLEMAS RELACIONADOS CON FACILIDADES DE ATENCIÓN MÉDICA U OTROS SERVICIOS DE SALUD;PROBLEMAS RELACIONADOS CON FACILIDADES DE ATENCIÓN MÉDICA U OTROS SERVICIOS DE SALUD;OTROS PROBLEMAS RELACIONADOS CON SERVICIOS MÉDICOS Y DE SALUD;No aplica;SIMPLE
348;2024;7;Telefónico;76;76001;US- 000004066498;Hijo (A);MUJER;53;DE 50 A 62 AÑOS;Primaria;Contributivo;No Aplica;No Aplica;76;76001;SURAMERICANA EPS;RÉGIMEN CONTRIBUTIVO;EPS010;EPS SURA;76;76001;04;INSATISFACCIÓN DEL USUARIO CON EL PROCESO ADMINISTRATIVO;0401;INSATISFACCIÓN CON LA COMUNICACIÓN O INFORMACIÓN ENTREGADA POR PARTE DEL PERSONAL ADMINISTRATIVO;040101;INSATISFACCIÓN RELACIONADA CON INSUFICIENCIA O DEFICIENCIAS EN LA CALIDAD DE LA INFORMACIÓN BRINDADA AL USUARIO;;;;;SALUD MENTAL;OTROS TRASTORNOS MENTALES;FIEBRE RECURRENTE, NO ESPECIFICADA;No aplica;PRIORIZADO
349;2024;7;Web;68;68679;US- 000004066499;A nombre propio;MUJER;22;DE 18 A 24 AÑOS;No Aplica;Subsidiado;No Aplica;Mujer en estado de gestación;68;68679;NUEVA EPS;RÉGIMEN SUBSIDIADO;EPSS41;NUEVA EPS;68;68679;01;"BARRERAS EN EL ACCESO A TECNOLOGÍAS Y SERVICIOS DE SALUD; Y OTROS ELEMENTOS COMPLEMENTARIOS PARA LA ATENCIÓN DEL USUARIO";0101;FALTA DE OPORTUNIDAD EN LA PRESTACIÓN DE TECNOLOGÍAS EN SALUD Y OTROS ELEMENTOS COMPLEMENTARIOS PARA LA ATENCIÓN DEL USUARIO;010101;FALTA DE OPORTUNIDAD EN LAS CITAS O CONSULTAS;01010101;MEDICINA GENERAL;;;MATERNO INFANTIL;ATENCIÓN EN EL EMBARAZO;EMBARAZO CONFIRMADO;No aplica;PRIORIZADO
350;2024;7;Telefónico;11;11001;US- 000000713547;A nombre propio;HOMBRE;60;DE 50 A 62 AÑOS;Primaria;Subsidiado;No Aplica;No Aplica;11;11001;CAPITAL SALUD;RÉGIMEN SUBSIDIADO;EPSS34;CAPITAL SALUD;11;11001;01;"BARRERAS EN EL ACCESO A TECNOLOGÍAS Y SERVICIOS DE SALUD; Y OTROS ELEMENTOS COMPLEMENTARIOS PARA LA ATENCIÓN DEL USUARIO";0102;NEGACIÓN DE TECNOLOGÍAS EN SALUD Y OTROS ELEMENTOS COMPLEMENTARIOS PARA LA ATENCIÓN DEL USUARIO;010204;NEGACIÓN PARA LA ENTREGA DE TECNOLOGÍAS EN SALUD Y/O DE OTROS SERVICIOS AUTORIZADOS;01020401;MEDICAMENTOS UPC;;;ENFERMEDADES OSTEOARTICULARES;NEUROLÓGICAS;CEFALEA;No aplica;SIMPLE
351;2024;7;Telefónico;19;19001;US- 000002671494;Padre;HOMBRE;25;DE 25 A 29 AÑOS;Universitario;Subsidiado;No Aplica;Persona con discapacidad;19;19001;NUEVA EPS;RÉGIMEN CONTRIBUTIVO;EPS037;NUEVA EPS;19;19001;01;"BARRERAS EN EL ACCESO A TECNOLOGÍAS Y SERVICIOS DE SALUD; Y OTROS ELEMENTOS COMPLEMENTARIOS PARA LA ATENCIÓN DEL USUARIO";0103;FALTA DE OPORTUNIDAD EN LA AUTORIZACIÓN DE TECNOLOGÍAS EN SALUD Y OTROS ELEMENTOS COMPLEMENTARIOS PARA LA ATENCIÓN DEL USUARIO;010301;FALTA DE OPORTUNIDAD EN LA AUTORIZACIÓN DE TECNOLOGÍAS EN SALUD Y/O DE OTROS SERVICIOS;01030107;ELEMENTOS COMPLEMENTARIOS PARA LA ATENCIÓN DEL USUARIO (PAÑALES, PAÑITOS, ETC.);;;PROBLEMAS RELACIONADOS CON FACILIDADES DE ATENCIÓN MÉDICA U OTROS SERVICIOS DE SALUD;PROBLEMAS RELACIONADOS CON FACILIDADES DE ATENCIÓN MÉDICA U OTROS SERVICIOS DE SALUD;OTROS TRAUMATISMOS INTRACRANEALES;No aplica;SIMPLE
352;2024;7;Web;73;73001;US- 000002549749;A nombre propio;MUJER;61;DE 50 A 62 AÑOS;No Aplica;Régimen Especial;No Aplica;No Aplica;73;73001;ECOPETROL;REGÍMENES DE EXCEPCIÓN Y ESPECIALES;REEC01;ECOPETROL;73;73001;02;INSATISFACCIÓN RELACIONADA CON LA ATENCIÓN EN SALUD;0202;INSATISFACCIÓN RELACIONADA CON LA ATENCIÓN DEL PERSONAL EN SALUD;020201;INSATISFACCIÓN RELACIONADA CON LA ATENCIÓN DEL PERSONAL EN SALUD;02020103;FALTA DE IDONEIDAD EN EL TALENTO HUMANO EN SALUD;;;PROBLEMAS RELACIONADOS CON FACILIDADES DE ATENCIÓN MÉDICA U OTROS SERVICIOS DE SALUD;PROBLEMAS RELACIONADOS CON FACILIDADES DE ATENCIÓN MÉDICA U OTROS SERVICIOS DE SALUD;OTROS PROBLEMAS RELACIONADOS CON SERVICIOS MÉDICOS Y DE SALUD;No aplica;SIMPLE
353;2024;7;Web;05;05034;US- 000002447101;A nombre propio;HOMBRE;71;MAYOR DE 63 AÑOS ;No Aplica;Contributivo;No Aplica;Desplazado;05;05034;NUEVA EPS;RÉGIMEN CONTRIBUTIVO;EPS037;NUEVA EPS;05;05034;01;"BARRERAS EN EL ACCESO A TECNOLOGÍAS Y SERVICIOS DE SALUD; Y OTROS ELEMENTOS COMPLEMENTARIOS PARA LA ATENCIÓN DEL USUARIO";0101;FALTA DE OPORTUNIDAD EN LA PRESTACIÓN DE TECNOLOGÍAS EN SALUD Y OTROS ELEMENTOS COMPLEMENTARIOS PARA LA ATENCIÓN DEL USUARIO;010103;FALTA DE OPORTUNIDAD EN LA ATENCIÓN EN OTROS SERVICIOS DE SALUD;01010308;PROCEDIMIENTOS NO QUIRÚRGICOS;01010308006;OTROS PROCEDIMIENTOS NO QUIRÚRGICOS;PROBLEMAS RELACIONADOS CON FACILIDADES DE ATENCIÓN MÉDICA U OTROS SERVICIOS DE SALUD;PROBLEMAS RELACIONADOS CON FACILIDADES DE ATENCIÓN MÉDICA U OTROS SERVICIOS DE SALUD;EMBOLIA Y TROMBOSIS DE VENA NO ESPECIFICADA;No aplica;PRIORIZADO
354;2024;7;Telefónico;73;73001;US- 000003130004;A nombre propio;MUJER;66;MAYOR DE 63 AÑOS ;Universitario;Contributivo;No Aplica;No Aplica;73;73001;SANITAS;RÉGIMEN CONTRIBUTIVO;EPS005;SANITAS;73;73001;01;"BARRERAS EN EL ACCESO A TECNOLOGÍAS Y SERVICIOS DE SALUD; Y OTROS ELEMENTOS COMPLEMENTARIOS PARA LA ATENCIÓN DEL USUARIO";0101;FALTA DE OPORTUNIDAD EN LA PRESTACIÓN DE TECNOLOGÍAS EN SALUD Y OTROS ELEMENTOS COMPLEMENTARIOS PARA LA ATENCIÓN DEL USUARIO;010101;FALTA DE OPORTUNIDAD EN LAS CITAS O CONSULTAS;01010103;ESPECIALIDADES MÉDICAS ;01010103042;GASTROENTEROLOGÍA;PROBLEMAS RELACIONADOS CON FACILIDADES DE ATENCIÓN MÉDICA U OTROS SERVICIOS DE SALUD;PROBLEMAS RELACIONADOS CON FACILIDADES DE ATENCIÓN MÉDICA U OTROS SERVICIOS DE SALUD;ENFERMEDAD DEL REFLUJO GASTROESOFÁGICO;No aplica;SIMPLE
355;2024;7;Personalizado;76;76001;US- 000001601365;Hijo (A);MUJER;78;MAYOR DE 63 AÑOS ;Primaria;Contributivo;No Aplica;Desplazado;76;76001;SURAMERICANA EPS;RÉGIMEN CONTRIBUTIVO;EPS010;EPS SURA;76;76001;01;"BARRERAS EN EL ACCESO A TECNOLOGÍAS Y SERVICIOS DE SALUD; Y OTROS ELEMENTOS COMPLEMENTARIOS PARA LA ATENCIÓN DEL USUARIO";0101;FALTA DE OPORTUNIDAD EN LA PRESTACIÓN DE TECNOLOGÍAS EN SALUD Y OTROS ELEMENTOS COMPLEMENTARIOS PARA LA ATENCIÓN DEL USUARIO;010103;FALTA DE OPORTUNIDAD EN LA ATENCIÓN EN OTROS SERVICIOS DE SALUD;01010302;HOSPITALIZACIÓN;;;PROBLEMAS RELACIONADOS CON FACILIDADES DE ATENCIÓN MÉDICA U OTROS SERVICIOS DE SALUD;PROBLEMAS RELACIONADOS CON FACILIDADES DE ATENCIÓN MÉDICA U OTROS SERVICIOS DE SALUD;FRACTURA DE LA CLAVÍCULA;No aplica;PRIORIZADO
356;2024;7;Telefónico;11;11001;US- 000002296088;Hermano (A);HOMBRE;58;DE 50 A 62 AÑOS;Primaria Incompleta;No aplica;No Aplica;Persona con discapacidad;11;11001;SECRETARÍA DISTRITAL DE SALUD  DE BOGOTA;ENTIDADES TERRITORIALES;999998;SECRETARIA DISTRITAL DE SALUD  DE BOGOTA;11;11001;01;"BARRERAS EN EL ACCESO A TECNOLOGÍAS Y SERVICIOS DE SALUD; Y OTROS ELEMENTOS COMPLEMENTARIOS PARA LA ATENCIÓN DEL USUARIO";0101;FALTA DE OPORTUNIDAD EN LA PRESTACIÓN DE TECNOLOGÍAS EN SALUD Y OTROS ELEMENTOS COMPLEMENTARIOS PARA LA ATENCIÓN DEL USUARIO;010103;FALTA DE OPORTUNIDAD EN LA ATENCIÓN EN OTROS SERVICIOS DE SALUD;01010308;PROCEDIMIENTOS NO QUIRÚRGICOS;01010308006;OTROS PROCEDIMIENTOS NO QUIRÚRGICOS;PROBLEMAS RELACIONADOS CON FACILIDADES DE ATENCIÓN MÉDICA U OTROS SERVICIOS DE SALUD;PROBLEMAS RELACIONADOS CON FACILIDADES DE ATENCIÓN MÉDICA U OTROS SERVICIOS DE SALUD;FRACTURA DE LA DIÁFISIS DE LA TIBIA;No aplica;SIMPLE
357;2024;7;Telefónico;05;05001;US- 000004066500;A nombre propio;MUJER;52;DE 50 A 62 AÑOS;Secundaria;Contributivo;No Aplica;No Aplica;05;05001;SURAMERICANA EPS;RÉGIMEN CONTRIBUTIVO;EPS010;EPS SURA;05;05001;01;"BARRERAS EN EL ACCESO A TECNOLOGÍAS Y SERVICIOS DE SALUD; Y OTROS ELEMENTOS COMPLEMENTARIOS PARA LA ATENCIÓN DEL USUARIO";0101;FALTA DE OPORTUNIDAD EN LA PRESTACIÓN DE TECNOLOGÍAS EN SALUD Y OTROS ELEMENTOS COMPLEMENTARIOS PARA LA ATENCIÓN DEL USUARIO;010103;FALTA DE OPORTUNIDAD EN LA ATENCIÓN EN OTROS SERVICIOS DE SALUD;01010309;PROCEDIMIENTOS QUIRÚRGICOS;01010309003;OTROS PROCEDIMIENTOS QUIRÚRGICOS;ENFERMEDADES OSTEOARTICULARES;OTROS;SÍNDROME DEL TÚNEL CARPIANO;No aplica;SIMPLE
358;2024;7;Web;73;73001;US- 000003637508;Madre;MUJER;18;DE 18 A 24 AÑOS;No Aplica;Contributivo;No Aplica;No Aplica;73;73001;SALUD TOTAL;RÉGIMEN CONTRIBUTIVO;EPS002;SALUD TOTAL;73;73001;01;"BARRERAS EN EL ACCESO A TECNOLOGÍAS Y SERVICIOS DE SALUD; Y OTROS ELEMENTOS COMPLEMENTARIOS PARA LA ATENCIÓN DEL USUARIO";0102;NEGACIÓN DE TECNOLOGÍAS EN SALUD Y OTROS ELEMENTOS COMPLEMENTARIOS PARA LA ATENCIÓN DEL USUARIO;010204;NEGACIÓN PARA LA ENTREGA DE TECNOLOGÍAS EN SALUD Y/O DE OTROS SERVICIOS AUTORIZADOS;01020401;MEDICAMENTOS UPC;;;PROBLEMAS RELACIONADOS CON FACILIDADES DE ATENCIÓN MÉDICA U OTROS SERVICIOS DE SALUD;PROBLEMAS RELACIONADOS CON FACILIDADES DE ATENCIÓN MÉDICA U OTROS SERVICIOS DE SALUD;ALTERACIONES DE LA VISION;No aplica;SIMPLE
359;2024;7;Web;11;11001;US- 000001764833;A nombre propio;MUJER;31;DE 30 A 37 AÑOS;No Aplica;Contributivo;No Aplica;No Aplica;11;11001;SURAMERICANA EPS;RÉGIMEN CONTRIBUTIVO;EPS010;EPS SURA;11;11001;01;"BARRERAS EN EL ACCESO A TECNOLOGÍAS Y SERVICIOS DE SALUD; Y OTROS ELEMENTOS COMPLEMENTARIOS PARA LA ATENCIÓN DEL USUARIO";0102;NEGACIÓN DE TECNOLOGÍAS EN SALUD Y OTROS ELEMENTOS COMPLEMENTARIOS PARA LA ATENCIÓN DEL USUARIO;010201;NEGACIÓN EN LA ASIGNACIÓN DE CITAS O CONSULTAS;01020103;ESPECIALIDADES MÉDICAS ;01020103080;OTORRINOLARINGOLOGÍA;PROBLEMAS RELACIONADOS CON FACILIDADES DE ATENCIÓN MÉDICA U OTROS SERVICIOS DE SALUD;PROBLEMAS RELACIONADOS CON FACILIDADES DE ATENCIÓN MÉDICA U OTROS SERVICIOS DE SALUD;HIPOACUSIA, NO ESPECIFICADA;No aplica;SIMPLE
360;2024;7;Web;50;50001;US- 000003501450;A nombre propio;MUJER;47;DE 38 A 49 AÑOS;No Aplica;Contributivo;No Aplica;No Aplica;50;50001;NUEVA EPS;RÉGIMEN CONTRIBUTIVO;EPS037;NUEVA EPS;50;50001;01;"BARRERAS EN EL ACCESO A TECNOLOGÍAS Y SERVICIOS DE SALUD; Y OTROS ELEMENTOS COMPLEMENTARIOS PARA LA ATENCIÓN DEL USUARIO";0102;NEGACIÓN DE TECNOLOGÍAS EN SALUD Y OTROS ELEMENTOS COMPLEMENTARIOS PARA LA ATENCIÓN DEL USUARIO;010201;NEGACIÓN EN LA ASIGNACIÓN DE CITAS O CONSULTAS;01020103;ESPECIALIDADES MÉDICAS ;01020103047;GINECOLOGÍA Y OBSTETRICIA;PROBLEMAS RELACIONADOS CON FACILIDADES DE ATENCIÓN MÉDICA U OTROS SERVICIOS DE SALUD;PROBLEMAS RELACIONADOS CON FACILIDADES DE ATENCIÓN MÉDICA U OTROS SERVICIOS DE SALUD;INCONTINENCIA URINARIA, NO ESPECIFICADA;No aplica;SIMPLE
361;2024;7;Telefónico;05;05001;US- 000004066501;Otro;HOMBRE;93;MAYOR DE 63 AÑOS ;Primaria;Subsidiado;No Aplica;No Aplica;05;05001;SAVIA SALUD;RÉGIMEN SUBSIDIADO;EPSS40;SAVIA SALUD EPS;05;05001;01;"BARRERAS EN EL ACCESO A TECNOLOGÍAS Y SERVICIOS DE SALUD; Y OTROS ELEMENTOS COMPLEMENTARIOS PARA LA ATENCIÓN DEL USUARIO";0102;NEGACIÓN DE TECNOLOGÍAS EN SALUD Y OTROS ELEMENTOS COMPLEMENTARIOS PARA LA ATENCIÓN DEL USUARIO;010203;NEGACIÓN EN LA ATENCIÓN EN OTROS SERVICIOS DE SALUD;01020308;PROCEDIMIENTOS NO QUIRÚRGICOS;01020308006;OTROS PROCEDIMIENTOS NO QUIRÚRGICOS;PROBLEMAS RELACIONADOS CON FACILIDADES DE ATENCIÓN MÉDICA U OTROS SERVICIOS DE SALUD;PROBLEMAS RELACIONADOS CON FACILIDADES DE ATENCIÓN MÉDICA U OTROS SERVICIOS DE SALUD;OTRAS HIPOACUSIAS;No aplica;SIMPLE
362;2024;7;Web;11;11001;US- 000004066502;A nombre propio;HOMBRE;18;DE 18 A 24 AÑOS;No Aplica;Contributivo;No Aplica;No Aplica;11;11001;FAMISANAR;RÉGIMEN CONTRIBUTIVO;EPS017;FAMISANAR;11;11001;01;"BARRERAS EN EL ACCESO A TECNOLOGÍAS Y SERVICIOS DE SALUD; Y OTROS ELEMENTOS COMPLEMENTARIOS PARA LA ATENCIÓN DEL USUARIO";0102;NEGACIÓN DE TECNOLOGÍAS EN SALUD Y OTROS ELEMENTOS COMPLEMENTARIOS PARA LA ATENCIÓN DEL USUARIO;010203;NEGACIÓN EN LA ATENCIÓN EN OTROS SERVICIOS DE SALUD;01020308;PROCEDIMIENTOS NO QUIRÚRGICOS;01020308001;IMAGENOLOGÍA;PROBLEMAS RELACIONADOS CON FACILIDADES DE ATENCIÓN MÉDICA U OTROS SERVICIOS DE SALUD;PROBLEMAS RELACIONADOS CON FACILIDADES DE ATENCIÓN MÉDICA U OTROS SERVICIOS DE SALUD;OTROS PROBLEMAS RELACIONADOS CON SERVICIOS MÉDICOS Y DE SALUD;No aplica;SIMPLE
363;2024;7;Escrito;66;66001;US- 000004066503;A nombre propio;MUJER;22;DE 18 A 24 AÑOS;No Aplica;Contributivo;No Aplica;No Aplica;66;66001;SOS -SERVICIO OCCIDENTAL DE SALUD;RÉGIMEN CONTRIBUTIVO;EPS018;SERVICIO OCCIDENTAL DE SALUD (SOS);66;66001;01;"BARRERAS EN EL ACCESO A TECNOLOGÍAS Y SERVICIOS DE SALUD; Y OTROS ELEMENTOS COMPLEMENTARIOS PARA LA ATENCIÓN DEL USUARIO";0102;NEGACIÓN DE TECNOLOGÍAS EN SALUD Y OTROS ELEMENTOS COMPLEMENTARIOS PARA LA ATENCIÓN DEL USUARIO;010201;NEGACIÓN EN LA ASIGNACIÓN DE CITAS O CONSULTAS;01020103;ESPECIALIDADES MÉDICAS ;01020103080;OTORRINOLARINGOLOGÍA;PROBLEMAS RELACIONADOS CON FACILIDADES DE ATENCIÓN MÉDICA U OTROS SERVICIOS DE SALUD;PROBLEMAS RELACIONADOS CON FACILIDADES DE ATENCIÓN MÉDICA U OTROS SERVICIOS DE SALUD;PERFORACIÓN ÁTICA DE LA MEMBRANA TIMPÁNICA;No aplica;SIMPLE
364;2024;7;Telefónico;11;11001;US- 000001598668;Hijo (A);HOMBRE;61;DE 50 A 62 AÑOS;Secundaria Incompleta;Contributivo;No Aplica;No Aplica;11;11001;COMPENSAR;RÉGIMEN CONTRIBUTIVO;EPS008;COMPENSAR;11;11001;01;"BARRERAS EN EL ACCESO A TECNOLOGÍAS Y SERVICIOS DE SALUD; Y OTROS ELEMENTOS COMPLEMENTARIOS PARA LA ATENCIÓN DEL USUARIO";0102;NEGACIÓN DE TECNOLOGÍAS EN SALUD Y OTROS ELEMENTOS COMPLEMENTARIOS PARA LA ATENCIÓN DEL USUARIO;010201;NEGACIÓN EN LA ASIGNACIÓN DE CITAS O CONSULTAS;01020103;ESPECIALIDADES MÉDICAS ;01020103075;OFTALMOLOGÍA;PROBLEMAS RELACIONADOS CON FACILIDADES DE ATENCIÓN MÉDICA U OTROS SERVICIOS DE SALUD;PROBLEMAS RELACIONADOS CON FACILIDADES DE ATENCIÓN MÉDICA U OTROS SERVICIOS DE SALUD;TRASTORNO DE LA RETINA, NO ESPECIFICADO;No aplica;SIMPLE
365;2024;7;Web;81;81001;US- 000004066504;Otro;MUJER;20;DE 18 A 24 AÑOS;No Aplica;Subsidiado;No Aplica;No Aplica;81;81001;NUEVA EPS;RÉGIMEN SUBSIDIADO;EPSS41;NUEVA EPS;81;81001;01;"BARRERAS EN EL ACCESO A TECNOLOGÍAS Y SERVICIOS DE SALUD; Y OTROS ELEMENTOS COMPLEMENTARIOS PARA LA ATENCIÓN DEL USUARIO";0101;FALTA DE OPORTUNIDAD EN LA PRESTACIÓN DE TECNOLOGÍAS EN SALUD Y OTROS ELEMENTOS COMPLEMENTARIOS PARA LA ATENCIÓN DEL USUARIO;010105;FALTA DE OPORTUNIDAD EN EL PROCESO DE REFERENCIA Y CONTRARREFERENCIA;;;;;PROBLEMAS RELACIONADOS CON FACILIDADES DE ATENCIÓN MÉDICA U OTROS SERVICIOS DE SALUD;PROBLEMAS RELACIONADOS CON FACILIDADES DE ATENCIÓN MÉDICA U OTROS SERVICIOS DE SALUD;OTROS PROBLEMAS RELACIONADOS CON SERVICIOS MÉDICOS Y DE SALUD;No aplica;PRIORIZADO
366;2024;7;Telefónico;05;05001;US- 000000326374;Hijo (A);HOMBRE;73;MAYOR DE 63 AÑOS ;Primaria;Contributivo;No Aplica;No Aplica;05;05001;SURAMERICANA EPS;RÉGIMEN CONTRIBUTIVO;EPS010;EPS SURA;05;05001;01;"BARRERAS EN EL ACCESO A TECNOLOGÍAS Y SERVICIOS DE SALUD; Y OTROS ELEMENTOS COMPLEMENTARIOS PARA LA ATENCIÓN DEL USUARIO";0101;FALTA DE OPORTUNIDAD EN LA PRESTACIÓN DE TECNOLOGÍAS EN SALUD Y OTROS ELEMENTOS COMPLEMENTARIOS PARA LA ATENCIÓN DEL USUARIO;010103;FALTA DE OPORTUNIDAD EN LA ATENCIÓN EN OTROS SERVICIOS DE SALUD;01010308;PROCEDIMIENTOS NO QUIRÚRGICOS;01010308006;OTROS PROCEDIMIENTOS NO QUIRÚRGICOS;CÁNCER ;OTROS;CARCINOMA IN SITU DE LA GLÁNDULA TIROIDES Y DE OTRAS GLÁNDULAS ENDOCRINAS;No aplica;PRIORIZADO
367;2024;7;Web;52;52838;US- 000002441326;A nombre propio;HOMBRE;69;MAYOR DE 63 AÑOS ;No Aplica;Subsidiado;No Aplica;Persona con discapacidad;52;52838;EMSSANAR EPS;RÉGIMEN SUBSIDIADO;ESS118;EMSSANAR;52;52838;01;"BARRERAS EN EL ACCESO A TECNOLOGÍAS Y SERVICIOS DE SALUD; Y OTROS ELEMENTOS COMPLEMENTARIOS PARA LA ATENCIÓN DEL USUARIO";0101;FALTA DE OPORTUNIDAD EN LA PRESTACIÓN DE TECNOLOGÍAS EN SALUD Y OTROS ELEMENTOS COMPLEMENTARIOS PARA LA ATENCIÓN DEL USUARIO;010104;FALTA DE OPORTUNIDAD EN LA ENTREGA O ENTREGA INCOMPLETA DE TECNOLOGÍAS EN SALUD Y/O PRESTACIÓN DE OTROS SERVICIOS;01010401;MEDICAMENTOS UPC;;;ENFERMEDADES CRÓNICAS NO TRANSMISIBLES –RENALES;IRC-ENFERMEDAD RENAL;INSUFICIENCIA RENAL NO ESPECIFICADA;No aplica;PRIORIZADO
368;2024;7;Web;05;05001;US- 000004066505;A nombre propio;HOMBRE;15;DE 13 A 17 AÑOS;No Aplica;Contributivo;No Aplica;Persona con discapacidad;05;05001;SANITAS;RÉGIMEN CONTRIBUTIVO;EPS005;SANITAS;05;05001;01;"BARRERAS EN EL ACCESO A TECNOLOGÍAS Y SERVICIOS DE SALUD; Y OTROS ELEMENTOS COMPLEMENTARIOS PARA LA ATENCIÓN DEL USUARIO";0101;FALTA DE OPORTUNIDAD EN LA PRESTACIÓN DE TECNOLOGÍAS EN SALUD Y OTROS ELEMENTOS COMPLEMENTARIOS PARA LA ATENCIÓN DEL USUARIO;010104;FALTA DE OPORTUNIDAD EN LA ENTREGA O ENTREGA INCOMPLETA DE TECNOLOGÍAS EN SALUD Y/O PRESTACIÓN DE OTROS SERVICIOS;01010401;MEDICAMENTOS UPC;;;ENFERMEDADES OSTEOARTICULARES;NEUROLÓGICAS;SÍNDROME DE DOWN;No aplica;PRIORIZADO
369;2024;7;Web;85;85015;US- 000003702330;Otro;HOMBRE;86;MAYOR DE 63 AÑOS ;No Aplica;Subsidiado;No Aplica;Desplazado;85;85015;CAPRESOCA;RÉGIMEN SUBSIDIADO;EPS025;CAPRESOCA;85;85015;01;"BARRERAS EN EL ACCESO A TECNOLOGÍAS Y SERVICIOS DE SALUD; Y OTROS ELEMENTOS COMPLEMENTARIOS PARA LA ATENCIÓN DEL USUARIO";0102;NEGACIÓN DE TECNOLOGÍAS EN SALUD Y OTROS ELEMENTOS COMPLEMENTARIOS PARA LA ATENCIÓN DEL USUARIO;010204;NEGACIÓN PARA LA ENTREGA DE TECNOLOGÍAS EN SALUD Y/O DE OTROS SERVICIOS AUTORIZADOS;01020401;MEDICAMENTOS UPC;;;ENFERMEDADES CRÓNICAS NO TRASMISIBLES CARDIOVASCULARES;HTA (HIPERTENSIÓN ARTERIAL);INSUFICIENCIA CARDIACA CONGESTIVA;No aplica;PRIORIZADO
370;2024;7;Web;11;11001;US- 000004066506;A nombre propio;MUJER;90;MAYOR DE 63 AÑOS ;No Aplica;Contributivo;No Aplica;No Aplica;11;11001;COMPENSAR;RÉGIMEN CONTRIBUTIVO;EPS008;COMPENSAR;11;11001;01;"BARRERAS EN EL ACCESO A TECNOLOGÍAS Y SERVICIOS DE SALUD; Y OTROS ELEMENTOS COMPLEMENTARIOS PARA LA ATENCIÓN DEL USUARIO";0102;NEGACIÓN DE TECNOLOGÍAS EN SALUD Y OTROS ELEMENTOS COMPLEMENTARIOS PARA LA ATENCIÓN DEL USUARIO;010201;NEGACIÓN EN LA ASIGNACIÓN DE CITAS O CONSULTAS;01020101;MEDICINA GENERAL;;;PROBLEMAS RELACIONADOS CON FACILIDADES DE ATENCIÓN MÉDICA U OTROS SERVICIOS DE SALUD;PROBLEMAS RELACIONADOS CON FACILIDADES DE ATENCIÓN MÉDICA U OTROS SERVICIOS DE SALUD;HIPOTIROIDISMO, NO ESPECIFICADO;No aplica;SIMPLE
371;2024;7;Web;11;11001;US- 000004054196;A nombre propio;MUJER;26;DE 25 A 29 AÑOS;No Aplica;Subsidiado;No Aplica;Mujer en estado de gestación;11;11001;FAMISANAR;RÉGIMEN CONTRIBUTIVO;EPS017;FAMISANAR;11;11001;01;"BARRERAS EN EL ACCESO A TECNOLOGÍAS Y SERVICIOS DE SALUD; Y OTROS ELEMENTOS COMPLEMENTARIOS PARA LA ATENCIÓN DEL USUARIO";0101;FALTA DE OPORTUNIDAD EN LA PRESTACIÓN DE TECNOLOGÍAS EN SALUD Y OTROS ELEMENTOS COMPLEMENTARIOS PARA LA ATENCIÓN DEL USUARIO;010101;FALTA DE OPORTUNIDAD EN LAS CITAS O CONSULTAS;01010103;ESPECIALIDADES MÉDICAS ;01010103047;GINECOLOGÍA Y OBSTETRICIA;MATERNO INFANTIL;ATENCIÓN EN EL EMBARAZO;SUPERVISIÓN DE EMBARAZO DE ALTO RIESGO, SIN OTRA ESPECIFICACIÓN;No aplica;PRIORIZADO
372;2024;7;Web;11;11001;US- 000003710528;A nombre propio;MUJER;36;DE 30 A 37 AÑOS;No Aplica;Subsidiado;No Aplica;No Aplica;11;11001;CAPITAL SALUD;RÉGIMEN SUBSIDIADO;EPSS34;CAPITAL SALUD;11;11001;01;"BARRERAS EN EL ACCESO A TECNOLOGÍAS Y SERVICIOS DE SALUD; Y OTROS ELEMENTOS COMPLEMENTARIOS PARA LA ATENCIÓN DEL USUARIO";0102;NEGACIÓN DE TECNOLOGÍAS EN SALUD Y OTROS ELEMENTOS COMPLEMENTARIOS PARA LA ATENCIÓN DEL USUARIO;010204;NEGACIÓN PARA LA ENTREGA DE TECNOLOGÍAS EN SALUD Y/O DE OTROS SERVICIOS AUTORIZADOS;01020401;MEDICAMENTOS UPC;;;SALUD MENTAL;OTROS TRASTORNOS MENTALES;TRASTORNO MENTAL, NO ESPECIFICADO;No aplica;PRIORIZADO
373;2024;7;Web;73;73001;US- 000004066507;Otro;HOMBRE;93;MAYOR DE 63 AÑOS ;No Aplica;Subsidiado;No Aplica;Persona con discapacidad;73;73001;NUEVA EPS;RÉGIMEN SUBSIDIADO;EPSS41;NUEVA EPS;73;73001;01;"BARRERAS EN EL ACCESO A TECNOLOGÍAS Y SERVICIOS DE SALUD; Y OTROS ELEMENTOS COMPLEMENTARIOS PARA LA ATENCIÓN DEL USUARIO";0102;NEGACIÓN DE TECNOLOGÍAS EN SALUD Y OTROS ELEMENTOS COMPLEMENTARIOS PARA LA ATENCIÓN DEL USUARIO;010203;NEGACIÓN EN LA ATENCIÓN EN OTROS SERVICIOS DE SALUD;01020309;PROCEDIMIENTOS QUIRÚRGICOS;01020309003;OTROS PROCEDIMIENTOS QUIRÚRGICOS;ENFERMEDADES OSTEOARTICULARES;OTROS;CONTUSIÓN DE LA REGIÓN LUMBOSACRA Y DE LA PELVIS;No aplica;PRIORIZADO
374;2024;7;Telefónico;05;05001;US- 000001145940;A nombre propio;MUJER;74;MAYOR DE 63 AÑOS ;Secundaria Incompleta;Contributivo;No Aplica;Desplazado;05;05001;SURAMERICANA EPS;RÉGIMEN CONTRIBUTIVO;EPS010;EPS SURA;05;05001;01;"BARRERAS EN EL ACCESO A TECNOLOGÍAS Y SERVICIOS DE SALUD; Y OTROS ELEMENTOS COMPLEMENTARIOS PARA LA ATENCIÓN DEL USUARIO";0101;FALTA DE OPORTUNIDAD EN LA PRESTACIÓN DE TECNOLOGÍAS EN SALUD Y OTROS ELEMENTOS COMPLEMENTARIOS PARA LA ATENCIÓN DEL USUARIO;010101;FALTA DE OPORTUNIDAD EN LAS CITAS O CONSULTAS;01010103;ESPECIALIDADES MÉDICAS ;01010103078;ORTOPEDIA Y TRAUMATOLOGÍA;ENFERMEDADES OSTEOARTICULARES;OTROS;INESTABILIDAD CRÓNICA DE LA RODILLA;No aplica;SIMPLE
375;2024;7;Escrito;25;25754;US- 000004066508;A nombre propio;MUJER;48;DE 38 A 49 AÑOS;No Aplica;Contributivo;No Aplica;No Aplica;25;25754;FAMISANAR;RÉGIMEN CONTRIBUTIVO;EPS017;FAMISANAR;25;25754;01;"BARRERAS EN EL ACCESO A TECNOLOGÍAS Y SERVICIOS DE SALUD; Y OTROS ELEMENTOS COMPLEMENTARIOS PARA LA ATENCIÓN DEL USUARIO";0101;FALTA DE OPORTUNIDAD EN LA PRESTACIÓN DE TECNOLOGÍAS EN SALUD Y OTROS ELEMENTOS COMPLEMENTARIOS PARA LA ATENCIÓN DEL USUARIO;010103;FALTA DE OPORTUNIDAD EN LA ATENCIÓN EN OTROS SERVICIOS DE SALUD;01010308;PROCEDIMIENTOS NO QUIRÚRGICOS;01010308001;IMAGENOLOGÍA;PROBLEMAS RELACIONADOS CON FACILIDADES DE ATENCIÓN MÉDICA U OTROS SERVICIOS DE SALUD;PROBLEMAS RELACIONADOS CON FACILIDADES DE ATENCIÓN MÉDICA U OTROS SERVICIOS DE SALUD;OTROS PROBLEMAS RELACIONADOS CON SERVICIOS MÉDICOS Y DE SALUD;No aplica;SIMPLE
376;2024;7;Web;76;76001;US- 000000946375;A nombre propio;HOMBRE;68;MAYOR DE 63 AÑOS ;No Aplica;Contributivo;No Aplica;No Aplica;76;76001;COMPENSAR;RÉGIMEN CONTRIBUTIVO;EPS008;COMPENSAR;76;76001;01;"BARRERAS EN EL ACCESO A TECNOLOGÍAS Y SERVICIOS DE SALUD; Y OTROS ELEMENTOS COMPLEMENTARIOS PARA LA ATENCIÓN DEL USUARIO";0101;FALTA DE OPORTUNIDAD EN LA PRESTACIÓN DE TECNOLOGÍAS EN SALUD Y OTROS ELEMENTOS COMPLEMENTARIOS PARA LA ATENCIÓN DEL USUARIO;010104;FALTA DE OPORTUNIDAD EN LA ENTREGA O ENTREGA INCOMPLETA DE TECNOLOGÍAS EN SALUD Y/O PRESTACIÓN DE OTROS SERVICIOS;01010401;MEDICAMENTOS UPC;;;ENFERMEDADES CRÓNICAS NO TRASMISIBLES CARDIOVASCULARES;HTA (HIPERTENSIÓN ARTERIAL);HIPERTENSIÓN ESENCIAL (PRIMARIA);No aplica;SIMPLE
377;2024;7;Telefónico;05;05088;US- 000003881338;Hijo (A);MUJER;57;DE 50 A 62 AÑOS;Primaria;Contributivo;No Aplica;No Aplica;05;05088;SURAMERICANA EPS;RÉGIMEN CONTRIBUTIVO;EPS010;EPS SURA;05;05088;01;"BARRERAS EN EL ACCESO A TECNOLOGÍAS Y SERVICIOS DE SALUD; Y OTROS ELEMENTOS COMPLEMENTARIOS PARA LA ATENCIÓN DEL USUARIO";0101;FALTA DE OPORTUNIDAD EN LA PRESTACIÓN DE TECNOLOGÍAS EN SALUD Y OTROS ELEMENTOS COMPLEMENTARIOS PARA LA ATENCIÓN DEL USUARIO;010101;FALTA DE OPORTUNIDAD EN LAS CITAS O CONSULTAS;01010101;MEDICINA GENERAL;;;PROBLEMAS RELACIONADOS CON FACILIDADES DE ATENCIÓN MÉDICA U OTROS SERVICIOS DE SALUD;PROBLEMAS RELACIONADOS CON FACILIDADES DE ATENCIÓN MÉDICA U OTROS SERVICIOS DE SALUD;HERNIA INGUINAL;No aplica;SIMPLE
378;2024;7;Web;05;05001;US- 000004066509;Otro;MUJER;80;MAYOR DE 63 AÑOS ;No Aplica;Subsidiado;No Aplica;No Aplica;63;63130;NUEVA EPS;RÉGIMEN SUBSIDIADO;EPSS41;NUEVA EPS;63;63130;01;"BARRERAS EN EL ACCESO A TECNOLOGÍAS Y SERVICIOS DE SALUD; Y OTROS ELEMENTOS COMPLEMENTARIOS PARA LA ATENCIÓN DEL USUARIO";0101;FALTA DE OPORTUNIDAD EN LA PRESTACIÓN DE TECNOLOGÍAS EN SALUD Y OTROS ELEMENTOS COMPLEMENTARIOS PARA LA ATENCIÓN DEL USUARIO;010101;FALTA DE OPORTUNIDAD EN LAS CITAS O CONSULTAS;01010103;ESPECIALIDADES MÉDICAS ;01010103078;ORTOPEDIA Y TRAUMATOLOGÍA;ENFERMEDADES OSTEOARTICULARES;OTROS;FRACTURA DE OTRO(S) HUESO(S) DEL CARPO;No aplica;SIMPLE
379;2024;7;Telefónico;66;66001;US- 000001304316;A nombre propio;HOMBRE;61;DE 50 A 62 AÑOS;Secundaria Incompleta;Contributivo;Indígena;Persona con discapacidad;66;66001;NUEVA EPS;RÉGIMEN CONTRIBUTIVO;EPS037;NUEVA EPS;66;66001;01;"BARRERAS EN EL ACCESO A TECNOLOGÍAS Y SERVICIOS DE SALUD; Y OTROS ELEMENTOS COMPLEMENTARIOS PARA LA ATENCIÓN DEL USUARIO";0101;FALTA DE OPORTUNIDAD EN LA PRESTACIÓN DE TECNOLOGÍAS EN SALUD Y OTROS ELEMENTOS COMPLEMENTARIOS PARA LA ATENCIÓN DEL USUARIO;010104;FALTA DE OPORTUNIDAD EN LA ENTREGA O ENTREGA INCOMPLETA DE TECNOLOGÍAS EN SALUD Y/O PRESTACIÓN DE OTROS SERVICIOS;01010401;MEDICAMENTOS UPC;;;ENFERMEDADES NEUROLÓGICAS;EPILEPSIA;EPILEPSIA;No aplica;PRIORIZADO
380;2024;7;Web;50;50006;US- 000004066510;A nombre propio;MUJER;65;MAYOR DE 63 AÑOS ;Primaria;Régimen Especial;No Aplica;No Aplica;50;50006;POLICIA NACIONAL;REGÍMENES DE EXCEPCIÓN Y ESPECIALES;REPN01;POLICIA NACIONAL;50;50006;01;"BARRERAS EN EL ACCESO A TECNOLOGÍAS Y SERVICIOS DE SALUD; Y OTROS ELEMENTOS COMPLEMENTARIOS PARA LA ATENCIÓN DEL USUARIO";0103;FALTA DE OPORTUNIDAD EN LA AUTORIZACIÓN DE TECNOLOGÍAS EN SALUD Y OTROS ELEMENTOS COMPLEMENTARIOS PARA LA ATENCIÓN DEL USUARIO;010302;FALTA DE OPORTUNIDAD EN LA AUTORIZACIÓN DE CITAS DE CONSULTA;01030203;ESPECIALIDADES MÉDICAS ;01030203078;ORTOPEDIA Y TRAUMATOLOGÍA;ENFERMEDADES OSTEOARTICULARES;OTROS;OTROS PROBLEMAS RELACIONADOS CON SERVICIOS MÉDICOS Y DE SALUD;No aplica;SIMPLE
381;2024;7;Web;76;76147;US- 000004066511;A nombre propio;HOMBRE;77;MAYOR DE 63 AÑOS ;No Aplica;Régimen Especial;No Aplica;No Aplica;76;76147;MAGISTERIO;REGÍMENES DE EXCEPCIÓN Y ESPECIALES;REMG01;MAGISTERIO;76;76147;01;"BARRERAS EN EL ACCESO A TECNOLOGÍAS Y SERVICIOS DE SALUD; Y OTROS ELEMENTOS COMPLEMENTARIOS PARA LA ATENCIÓN DEL USUARIO";0101;FALTA DE OPORTUNIDAD EN LA PRESTACIÓN DE TECNOLOGÍAS EN SALUD Y OTROS ELEMENTOS COMPLEMENTARIOS PARA LA ATENCIÓN DEL USUARIO;010101;FALTA DE OPORTUNIDAD EN LAS CITAS O CONSULTAS;01010103;ESPECIALIDADES MÉDICAS ;01010103080;OTORRINOLARINGOLOGÍA;PROBLEMAS RELACIONADOS CON FACILIDADES DE ATENCIÓN MÉDICA U OTROS SERVICIOS DE SALUD;PROBLEMAS RELACIONADOS CON FACILIDADES DE ATENCIÓN MÉDICA U OTROS SERVICIOS DE SALUD;OTRAS HIPOACUSIAS;No aplica;SIMPLE
382;2024;7;Web;05;05001;US- 000004066512;Madre;MUJER;0;DE 0 A 5 AÑOS;No Aplica;Contributivo;No Aplica;No Aplica;05;05001;SAVIA SALUD;RÉGIMEN SUBSIDIADO;EPSS40;SAVIA SALUD EPS;05;05001;01;"BARRERAS EN EL ACCESO A TECNOLOGÍAS Y SERVICIOS DE SALUD; Y OTROS ELEMENTOS COMPLEMENTARIOS PARA LA ATENCIÓN DEL USUARIO";0101;FALTA DE OPORTUNIDAD EN LA PRESTACIÓN DE TECNOLOGÍAS EN SALUD Y OTROS ELEMENTOS COMPLEMENTARIOS PARA LA ATENCIÓN DEL USUARIO;010101;FALTA DE OPORTUNIDAD EN LAS CITAS O CONSULTAS;01010103;ESPECIALIDADES MÉDICAS ;01010103073;NEUROLOGÍA PEDIÁTRICA - NEUROPEDIATRÍA;MATERNO INFANTIL;ATENCIÓN NIÑOS MENORES DE 5 AÑOS;PEQUEÑO PARA EDAD GESTACIONAL;No aplica;SIMPLE
383;2024;7;Telefónico;11;11001;US- 000001776461;Padre;HOMBRE;7;DE 6 A 12 AÑOS;No Aplica;Contributivo;Indígena;Persona con discapacidad;11;11001;SANITAS;RÉGIMEN CONTRIBUTIVO;EPS005;SANITAS;11;11001;01;"BARRERAS EN EL ACCESO A TECNOLOGÍAS Y SERVICIOS DE SALUD; Y OTROS ELEMENTOS COMPLEMENTARIOS PARA LA ATENCIÓN DEL USUARIO";0103;FALTA DE OPORTUNIDAD EN LA AUTORIZACIÓN DE TECNOLOGÍAS EN SALUD Y OTROS ELEMENTOS COMPLEMENTARIOS PARA LA ATENCIÓN DEL USUARIO;010301;FALTA DE OPORTUNIDAD EN LA AUTORIZACIÓN DE TECNOLOGÍAS EN SALUD Y/O DE OTROS SERVICIOS;01030108;TRANSPORTE, ALOJAMIENTO O ALIMENTACIÓN;;;SALUD MENTAL;OTROS TRASTORNOS MENTALES;AUTISMO EN LA NIÑEZ;No aplica;SIMPLE
384;2024;7;Web;11;11001;US- 000003575597;A nombre propio;HOMBRE;68;MAYOR DE 63 AÑOS ;No Aplica;Contributivo;No Aplica;No Aplica;11;11001;ALIANSALUD;RÉGIMEN CONTRIBUTIVO;EPS001;ALIANSALUD;11;11001;01;"BARRERAS EN EL ACCESO A TECNOLOGÍAS Y SERVICIOS DE SALUD; Y OTROS ELEMENTOS COMPLEMENTARIOS PARA LA ATENCIÓN DEL USUARIO";0101;FALTA DE OPORTUNIDAD EN LA PRESTACIÓN DE TECNOLOGÍAS EN SALUD Y OTROS ELEMENTOS COMPLEMENTARIOS PARA LA ATENCIÓN DEL USUARIO;010101;FALTA DE OPORTUNIDAD EN LAS CITAS O CONSULTAS;01010103;ESPECIALIDADES MÉDICAS ;01010103048;HEMATOLOGÍA;PROBLEMAS RELACIONADOS CON FACILIDADES DE ATENCIÓN MÉDICA U OTROS SERVICIOS DE SALUD;PROBLEMAS RELACIONADOS CON FACILIDADES DE ATENCIÓN MÉDICA U OTROS SERVICIOS DE SALUD;OTROS PROBLEMAS RELACIONADOS CON SERVICIOS MÉDICOS Y DE SALUD;No aplica;SIMPLE
385;2024;7;Web;73;73001;US- 000002576026;A nombre propio;MUJER;60;DE 50 A 62 AÑOS;No Aplica;Régimen Especial;No Aplica;No Aplica;73;73001;POLICIA NACIONAL;REGÍMENES DE EXCEPCIÓN Y ESPECIALES;REPN01;POLICIA NACIONAL;73;73001;01;"BARRERAS EN EL ACCESO A TECNOLOGÍAS Y SERVICIOS DE SALUD; Y OTROS ELEMENTOS COMPLEMENTARIOS PARA LA ATENCIÓN DEL USUARIO";0103;FALTA DE OPORTUNIDAD EN LA AUTORIZACIÓN DE TECNOLOGÍAS EN SALUD Y OTROS ELEMENTOS COMPLEMENTARIOS PARA LA ATENCIÓN DEL USUARIO;010302;FALTA DE OPORTUNIDAD EN LA AUTORIZACIÓN DE CITAS DE CONSULTA;01030203;ESPECIALIDADES MÉDICAS ;01030203075;OFTALMOLOGÍA;ENFERMEDADES OSTEOARTICULARES;OTROS;PRESBICIA;No aplica;SIMPLE
386;2024;7;Web;50;50001;US- 000001632086;A nombre propio;HOMBRE;68;MAYOR DE 63 AÑOS ;No Aplica;Subsidiado;No Aplica;Persona con discapacidad;50;50001;SALUD TOTAL;RÉGIMEN CONTRIBUTIVO;EPS002;SALUD TOTAL;50;50001;01;"BARRERAS EN EL ACCESO A TECNOLOGÍAS Y SERVICIOS DE SALUD; Y OTROS ELEMENTOS COMPLEMENTARIOS PARA LA ATENCIÓN DEL USUARIO";0101;FALTA DE OPORTUNIDAD EN LA PRESTACIÓN DE TECNOLOGÍAS EN SALUD Y OTROS ELEMENTOS COMPLEMENTARIOS PARA LA ATENCIÓN DEL USUARIO;010103;FALTA DE OPORTUNIDAD EN LA ATENCIÓN EN OTROS SERVICIOS DE SALUD;01010308;PROCEDIMIENTOS NO QUIRÚRGICOS;01010308006;OTROS PROCEDIMIENTOS NO QUIRÚRGICOS;PROBLEMAS RELACIONADOS CON FACILIDADES DE ATENCIÓN MÉDICA U OTROS SERVICIOS DE SALUD;PROBLEMAS RELACIONADOS CON FACILIDADES DE ATENCIÓN MÉDICA U OTROS SERVICIOS DE SALUD;OTROS PROBLEMAS RELACIONADOS CON SERVICIOS MÉDICOS Y DE SALUD;No aplica;SIMPLE
387;2024;7;Web;05;05001;US- 000004066513;A nombre propio;MUJER;31;DE 30 A 37 AÑOS;No Aplica;Subsidiado;No Aplica;No Aplica;05;05001;SAVIA SALUD;RÉGIMEN SUBSIDIADO;EPSS40;SAVIA SALUD EPS;05;05001;01;"BARRERAS EN EL ACCESO A TECNOLOGÍAS Y SERVICIOS DE SALUD; Y OTROS ELEMENTOS COMPLEMENTARIOS PARA LA ATENCIÓN DEL USUARIO";0101;FALTA DE OPORTUNIDAD EN LA PRESTACIÓN DE TECNOLOGÍAS EN SALUD Y OTROS ELEMENTOS COMPLEMENTARIOS PARA LA ATENCIÓN DEL USUARIO;010101;FALTA DE OPORTUNIDAD EN LAS CITAS O CONSULTAS;01010101;MEDICINA GENERAL;;;PROBLEMAS RELACIONADOS CON FACILIDADES DE ATENCIÓN MÉDICA U OTROS SERVICIOS DE SALUD;PROBLEMAS RELACIONADOS CON FACILIDADES DE ATENCIÓN MÉDICA U OTROS SERVICIOS DE SALUD;PROBLEMAS RELACIONADOS CON FACILIDADES DE ATENCIÓN MEDICA U OTROS SERVICIOS DE SALUD;No aplica;SIMPLE
388;2024;7;Web;08;08001;US- 000001717908;A nombre propio;HOMBRE;63;MAYOR DE 63 AÑOS ;No Aplica;Contributivo;No Aplica;No Aplica;08;08001;MUTUAL SER;RÉGIMEN CONTRIBUTIVO;EPS048;MUTUAL SER;08;08001;01;"BARRERAS EN EL ACCESO A TECNOLOGÍAS Y SERVICIOS DE SALUD; Y OTROS ELEMENTOS COMPLEMENTARIOS PARA LA ATENCIÓN DEL USUARIO";0102;NEGACIÓN DE TECNOLOGÍAS EN SALUD Y OTROS ELEMENTOS COMPLEMENTARIOS PARA LA ATENCIÓN DEL USUARIO;010204;NEGACIÓN PARA LA ENTREGA DE TECNOLOGÍAS EN SALUD Y/O DE OTROS SERVICIOS AUTORIZADOS;01020401;MEDICAMENTOS UPC;;;PROBLEMAS RELACIONADOS CON FACILIDADES DE ATENCIÓN MÉDICA U OTROS SERVICIOS DE SALUD;PROBLEMAS RELACIONADOS CON FACILIDADES DE ATENCIÓN MÉDICA U OTROS SERVICIOS DE SALUD;PROBLEMAS RELACIONADOS CON FACILIDADES DE ATENCIÓN MEDICA U OTROS SERVICIOS DE SALUD;No aplica;SIMPLE
389;2024;7;Web;08;08001;US- 000002489366;Hijo (A);MUJER;88;MAYOR DE 63 AÑOS ;Ninguno;Contributivo;No Aplica;No Aplica;68;68001;SALUD TOTAL;RÉGIMEN CONTRIBUTIVO;EPS002;SALUD TOTAL;68;68001;01;"BARRERAS EN EL ACCESO A TECNOLOGÍAS Y SERVICIOS DE SALUD; Y OTROS ELEMENTOS COMPLEMENTARIOS PARA LA ATENCIÓN DEL USUARIO";0101;FALTA DE OPORTUNIDAD EN LA PRESTACIÓN DE TECNOLOGÍAS EN SALUD Y OTROS ELEMENTOS COMPLEMENTARIOS PARA LA ATENCIÓN DEL USUARIO;010103;FALTA DE OPORTUNIDAD EN LA ATENCIÓN EN OTROS SERVICIOS DE SALUD;01010305;ATENCIÓN DOMICILIARIA;;;ENFERMEDADES OSTEOARTICULARES;OTROS;CADERA INESTABLE;No aplica;SIMPLE
390;2024;7;Telefónico;11;11001;US- 000001128551;A nombre propio;MUJER;76;MAYOR DE 63 AÑOS ;Secundaria;Contributivo;No Aplica;No Aplica;11;11001;SALUD TOTAL;RÉGIMEN CONTRIBUTIVO;EPS002;SALUD TOTAL;11;11001;01;"BARRERAS EN EL ACCESO A TECNOLOGÍAS Y SERVICIOS DE SALUD; Y OTROS ELEMENTOS COMPLEMENTARIOS PARA LA ATENCIÓN DEL USUARIO";0102;NEGACIÓN DE TECNOLOGÍAS EN SALUD Y OTROS ELEMENTOS COMPLEMENTARIOS PARA LA ATENCIÓN DEL USUARIO;010201;NEGACIÓN EN LA ASIGNACIÓN DE CITAS O CONSULTAS;01020103;ESPECIALIDADES MÉDICAS ;01020103072;NEUROLOGÍA;ENFERMEDADES CRÓNICAS NO TRANSMISIBLES –DIABETES;DIABETES;HIPERTENSIÓN ESENCIAL (PRIMARIA);No aplica;SIMPLE
391;2024;7;Web;05;05001;US- 000004066514;A nombre propio;MUJER;55;DE 50 A 62 AÑOS;No Aplica;Contributivo;No Aplica;No Aplica;05;05001;SALUD TOTAL;RÉGIMEN CONTRIBUTIVO;EPS002;SALUD TOTAL;05;05001;01;"BARRERAS EN EL ACCESO A TECNOLOGÍAS Y SERVICIOS DE SALUD; Y OTROS ELEMENTOS COMPLEMENTARIOS PARA LA ATENCIÓN DEL USUARIO";0101;FALTA DE OPORTUNIDAD EN LA PRESTACIÓN DE TECNOLOGÍAS EN SALUD Y OTROS ELEMENTOS COMPLEMENTARIOS PARA LA ATENCIÓN DEL USUARIO;010103;FALTA DE OPORTUNIDAD EN LA ATENCIÓN EN OTROS SERVICIOS DE SALUD;01010308;PROCEDIMIENTOS NO QUIRÚRGICOS;01010308006;OTROS PROCEDIMIENTOS NO QUIRÚRGICOS;ENFERMEDADES OSTEOARTICULARES;OTROS;CEFALEA;No aplica;SIMPLE
392;2024;7;Web;81;81001;US- 000004066515;Otro;HOMBRE;56;DE 50 A 62 AÑOS;No Aplica;Subsidiado;No Aplica;No Aplica;81;81001;NUEVA EPS;RÉGIMEN SUBSIDIADO;EPSS41;NUEVA EPS;81;81001;01;"BARRERAS EN EL ACCESO A TECNOLOGÍAS Y SERVICIOS DE SALUD; Y OTROS ELEMENTOS COMPLEMENTARIOS PARA LA ATENCIÓN DEL USUARIO";0101;FALTA DE OPORTUNIDAD EN LA PRESTACIÓN DE TECNOLOGÍAS EN SALUD Y OTROS ELEMENTOS COMPLEMENTARIOS PARA LA ATENCIÓN DEL USUARIO;010105;FALTA DE OPORTUNIDAD EN EL PROCESO DE REFERENCIA Y CONTRARREFERENCIA;;;;;PROBLEMAS RELACIONADOS CON FACILIDADES DE ATENCIÓN MÉDICA U OTROS SERVICIOS DE SALUD;PROBLEMAS RELACIONADOS CON FACILIDADES DE ATENCIÓN MÉDICA U OTROS SERVICIOS DE SALUD;OTROS PROBLEMAS RELACIONADOS CON SERVICIOS MÉDICOS Y DE SALUD;No aplica;PRIORIZADO
393;2024;7;Web;50;50226;US- 000004066516;A nombre propio;MUJER;43;DE 38 A 49 AÑOS;No Aplica;Contributivo;No Aplica;No Aplica;50;50226;SALUD TOTAL;RÉGIMEN CONTRIBUTIVO;EPS002;SALUD TOTAL;50;50226;01;"BARRERAS EN EL ACCESO A TECNOLOGÍAS Y SERVICIOS DE SALUD; Y OTROS ELEMENTOS COMPLEMENTARIOS PARA LA ATENCIÓN DEL USUARIO";0102;NEGACIÓN DE TECNOLOGÍAS EN SALUD Y OTROS ELEMENTOS COMPLEMENTARIOS PARA LA ATENCIÓN DEL USUARIO;010201;NEGACIÓN EN LA ASIGNACIÓN DE CITAS O CONSULTAS;01020103;ESPECIALIDADES MÉDICAS ;01020103075;OFTALMOLOGÍA;PROBLEMAS RELACIONADOS CON FACILIDADES DE ATENCIÓN MÉDICA U OTROS SERVICIOS DE SALUD;PROBLEMAS RELACIONADOS CON FACILIDADES DE ATENCIÓN MÉDICA U OTROS SERVICIOS DE SALUD;OTROS PROBLEMAS RELACIONADOS CON SERVICIOS MÉDICOS Y DE SALUD;No aplica;SIMPLE
394;2024;7;Web;11;11001;US- 000001182762;A nombre propio;MUJER;45;DE 38 A 49 AÑOS;No Aplica;Subsidiado;No Aplica;No Aplica;11;11001;CAPITAL SALUD;RÉGIMEN SUBSIDIADO;EPSS34;CAPITAL SALUD;11;11001;01;"BARRERAS EN EL ACCESO A TECNOLOGÍAS Y SERVICIOS DE SALUD; Y OTROS ELEMENTOS COMPLEMENTARIOS PARA LA ATENCIÓN DEL USUARIO";0101;FALTA DE OPORTUNIDAD EN LA PRESTACIÓN DE TECNOLOGÍAS EN SALUD Y OTROS ELEMENTOS COMPLEMENTARIOS PARA LA ATENCIÓN DEL USUARIO;010104;FALTA DE OPORTUNIDAD EN LA ENTREGA O ENTREGA INCOMPLETA DE TECNOLOGÍAS EN SALUD Y/O PRESTACIÓN DE OTROS SERVICIOS;01010401;MEDICAMENTOS UPC;;;ENFERMEDADES OSTEOARTICULARES;OTROS;FIBROMIALGIA;No aplica;SIMPLE
395;2024;7;Web;05;05001;US- 000004066517;A nombre propio;MUJER;28;DE 25 A 29 AÑOS;No Aplica;Contributivo;No Aplica;No Aplica;05;05001;SURAMERICANA EPS;RÉGIMEN CONTRIBUTIVO;EPS010;EPS SURA;05;05001;02;INSATISFACCIÓN RELACIONADA CON LA ATENCIÓN EN SALUD;0201;INSATISFACCIÓN RELACIONADA CON LA ATENCIÓN EN SALUD POR FALTA DE OPORTUNIDAD;020101;INSATISFACCIÓN POR FALTA DE OPORTUNIDAD EN LA ATENCIÓN POR PARTE DEL PERSONAL DE SALUD;02010104;SERVICIO DE URGENCIAS;;;PROBLEMAS RELACIONADOS CON FACILIDADES DE ATENCIÓN MÉDICA U OTROS SERVICIOS DE SALUD;PROBLEMAS RELACIONADOS CON FACILIDADES DE ATENCIÓN MÉDICA U OTROS SERVICIOS DE SALUD;OTROS PROBLEMAS RELACIONADOS CON SERVICIOS MÉDICOS Y DE SALUD;No aplica;SIMPLE
396;2024;7;Telefónico;11;11001;US- 000004066518;A nombre propio;MUJER;44;DE 38 A 49 AÑOS;Secundaria;Contributivo;No Aplica;No Aplica;11;11001;FAMISANAR;RÉGIMEN CONTRIBUTIVO;EPS017;FAMISANAR;11;11001;01;"BARRERAS EN EL ACCESO A TECNOLOGÍAS Y SERVICIOS DE SALUD; Y OTROS ELEMENTOS COMPLEMENTARIOS PARA LA ATENCIÓN DEL USUARIO";0102;NEGACIÓN DE TECNOLOGÍAS EN SALUD Y OTROS ELEMENTOS COMPLEMENTARIOS PARA LA ATENCIÓN DEL USUARIO;010201;NEGACIÓN EN LA ASIGNACIÓN DE CITAS O CONSULTAS;01020103;ESPECIALIDADES MÉDICAS ;01020103094;UROLOGÍA;ENFERMEDADES CRÓNICAS NO TRASMISIBLES CARDIOVASCULARES;HTA (HIPERTENSIÓN ARTERIAL);SÍNDROME DEL TÚNEL CARPIANO;No aplica;SIMPLE
397;2024;7;Web;25;25754;US- 000003510476;A nombre propio;MUJER;37;DE 30 A 37 AÑOS;No Aplica;Contributivo;No Aplica;No Aplica;25;25754;NUEVA EPS;RÉGIMEN CONTRIBUTIVO;EPS037;NUEVA EPS;25;25754;01;"BARRERAS EN EL ACCESO A TECNOLOGÍAS Y SERVICIOS DE SALUD; Y OTROS ELEMENTOS COMPLEMENTARIOS PARA LA ATENCIÓN DEL USUARIO";0101;FALTA DE OPORTUNIDAD EN LA PRESTACIÓN DE TECNOLOGÍAS EN SALUD Y OTROS ELEMENTOS COMPLEMENTARIOS PARA LA ATENCIÓN DEL USUARIO;010101;FALTA DE OPORTUNIDAD EN LAS CITAS O CONSULTAS;01010103;ESPECIALIDADES MÉDICAS ;01010103039;ENDOCRINOLOGÍA;ENFERMEDADES CRÓNICAS NO TRANSMISIBLES- FACTORES DE RIESGO;OBESIDAD;OBESIDAD;No aplica;SIMPLE
398;2024;7;Web;76;76001;US- 000000945228;A nombre propio;HOMBRE;69;MAYOR DE 63 AÑOS ;Ninguno;Contributivo;No Aplica;Persona con discapacidad;76;76001;SANITAS;RÉGIMEN CONTRIBUTIVO;EPS005;SANITAS;19;19001;01;"BARRERAS EN EL ACCESO A TECNOLOGÍAS Y SERVICIOS DE SALUD; Y OTROS ELEMENTOS COMPLEMENTARIOS PARA LA ATENCIÓN DEL USUARIO";0101;FALTA DE OPORTUNIDAD EN LA PRESTACIÓN DE TECNOLOGÍAS EN SALUD Y OTROS ELEMENTOS COMPLEMENTARIOS PARA LA ATENCIÓN DEL USUARIO;010101;FALTA DE OPORTUNIDAD EN LAS CITAS O CONSULTAS;01010110;VACUNACIÓN;;;PROBLEMAS RELACIONADOS CON FACILIDADES DE ATENCIÓN MÉDICA U OTROS SERVICIOS DE SALUD;PROBLEMAS RELACIONADOS CON FACILIDADES DE ATENCIÓN MÉDICA U OTROS SERVICIOS DE SALUD;COLANGITIS;No aplica;SIMPLE
399;2024;7;Web;15;15001;US- 000003856372;A nombre propio;HOMBRE;16;DE 13 A 17 AÑOS;No Aplica;Subsidiado;No Aplica;No Aplica;15;15001;NUEVA EPS;RÉGIMEN SUBSIDIADO;EPSS41;NUEVA EPS;15;15238;01;"BARRERAS EN EL ACCESO A TECNOLOGÍAS Y SERVICIOS DE SALUD; Y OTROS ELEMENTOS COMPLEMENTARIOS PARA LA ATENCIÓN DEL USUARIO";0101;FALTA DE OPORTUNIDAD EN LA PRESTACIÓN DE TECNOLOGÍAS EN SALUD Y OTROS ELEMENTOS COMPLEMENTARIOS PARA LA ATENCIÓN DEL USUARIO;010101;FALTA DE OPORTUNIDAD EN LAS CITAS O CONSULTAS;01010103;ESPECIALIDADES MÉDICAS ;01010103006;CARDIOLOGÍA;ENFERMEDADES CRÓNICAS NO TRASMISIBLES CARDIOVASCULARES;OTROS;OTROS PROBLEMAS RELACIONADOS CON SERVICIOS MÉDICOS Y DE SALUD;No aplica;SIMPLE
400;2024;7;Web;52;52001;US- 000002318397;A nombre propio;HOMBRE;48;DE 38 A 49 AÑOS;No Aplica;Régimen Especial;No Aplica;No Aplica;52;52001;POLICIA NACIONAL;REGÍMENES DE EXCEPCIÓN Y ESPECIALES;REPN01;POLICIA NACIONAL;52;52001;01;"BARRERAS EN EL ACCESO A TECNOLOGÍAS Y SERVICIOS DE SALUD; Y OTROS ELEMENTOS COMPLEMENTARIOS PARA LA ATENCIÓN DEL USUARIO";0103;FALTA DE OPORTUNIDAD EN LA AUTORIZACIÓN DE TECNOLOGÍAS EN SALUD Y OTROS ELEMENTOS COMPLEMENTARIOS PARA LA ATENCIÓN DEL USUARIO;010302;FALTA DE OPORTUNIDAD EN LA AUTORIZACIÓN DE CITAS DE CONSULTA;01030203;ESPECIALIDADES MÉDICAS ;01030203088;REUMATOLOGÍA;PROBLEMAS RELACIONADOS CON FACILIDADES DE ATENCIÓN MÉDICA U OTROS SERVICIOS DE SALUD;PROBLEMAS RELACIONADOS CON FACILIDADES DE ATENCIÓN MÉDICA U OTROS SERVICIOS DE SALUD;OTROS PROBLEMAS RELACIONADOS CON SERVICIOS MÉDICOS Y DE SALUD;No aplica;SIMPLE
401;2024;7;Web;05;05001;US- 000002465398;A nombre propio;MUJER;92;MAYOR DE 63 AÑOS ;No Aplica;Contributivo;No Aplica;No Aplica;05;05001;NUEVA EPS;RÉGIMEN CONTRIBUTIVO;EPS037;NUEVA EPS;05;05001;01;"BARRERAS EN EL ACCESO A TECNOLOGÍAS Y SERVICIOS DE SALUD; Y OTROS ELEMENTOS COMPLEMENTARIOS PARA LA ATENCIÓN DEL USUARIO";0102;NEGACIÓN DE TECNOLOGÍAS EN SALUD Y OTROS ELEMENTOS COMPLEMENTARIOS PARA LA ATENCIÓN DEL USUARIO;010201;NEGACIÓN EN LA ASIGNACIÓN DE CITAS O CONSULTAS;01020101;MEDICINA GENERAL;;;ENFERMEDADES CRÓNICAS NO TRASMISIBLES CARDIOVASCULARES;OTROS;DOLOR AGUDO;Manejo quirúrgico para enfermedades del corazón;PRIORIZADO
402;2024;7;Web;68;68276;US- 000003961161;A nombre propio;MUJER;51;DE 50 A 62 AÑOS;No Aplica;Contributivo;No Aplica;No Aplica;68;68276;NUEVA EPS;RÉGIMEN CONTRIBUTIVO;EPS037;NUEVA EPS;68;68276;01;"BARRERAS EN EL ACCESO A TECNOLOGÍAS Y SERVICIOS DE SALUD; Y OTROS ELEMENTOS COMPLEMENTARIOS PARA LA ATENCIÓN DEL USUARIO";0101;FALTA DE OPORTUNIDAD EN LA PRESTACIÓN DE TECNOLOGÍAS EN SALUD Y OTROS ELEMENTOS COMPLEMENTARIOS PARA LA ATENCIÓN DEL USUARIO;010101;FALTA DE OPORTUNIDAD EN LAS CITAS O CONSULTAS;01010103;ESPECIALIDADES MÉDICAS ;01010103042;GASTROENTEROLOGÍA;PROBLEMAS RELACIONADOS CON FACILIDADES DE ATENCIÓN MÉDICA U OTROS SERVICIOS DE SALUD;PROBLEMAS RELACIONADOS CON FACILIDADES DE ATENCIÓN MÉDICA U OTROS SERVICIOS DE SALUD;CONSTIPACIÓN;No aplica;SIMPLE
403;2024;7;Web;81;81001;US- 000004066519;Otro;MUJER;84;MAYOR DE 63 AÑOS ;No Aplica;Subsidiado;No Aplica;No Aplica;81;81001;NUEVA EPS;RÉGIMEN SUBSIDIADO;EPSS41;NUEVA EPS;81;81001;01;"BARRERAS EN EL ACCESO A TECNOLOGÍAS Y SERVICIOS DE SALUD; Y OTROS ELEMENTOS COMPLEMENTARIOS PARA LA ATENCIÓN DEL USUARIO";0101;FALTA DE OPORTUNIDAD EN LA PRESTACIÓN DE TECNOLOGÍAS EN SALUD Y OTROS ELEMENTOS COMPLEMENTARIOS PARA LA ATENCIÓN DEL USUARIO;010101;FALTA DE OPORTUNIDAD EN LAS CITAS O CONSULTAS;01010103;ESPECIALIDADES MÉDICAS ;01010103063;MEDICINA INTERNA;PROBLEMAS RELACIONADOS CON FACILIDADES DE ATENCIÓN MÉDICA U OTROS SERVICIOS DE SALUD;PROBLEMAS RELACIONADOS CON FACILIDADES DE ATENCIÓN MÉDICA U OTROS SERVICIOS DE SALUD;OTROS PROBLEMAS RELACIONADOS CON SERVICIOS MÉDICOS Y DE SALUD;No aplica;SIMPLE
404;2024;7;Web;11;11001;US- 000004021965;A nombre propio;HOMBRE;59;DE 50 A 62 AÑOS;No Aplica;Contributivo;No Aplica;No Aplica;11;11001;SANITAS;RÉGIMEN CONTRIBUTIVO;EPS005;SANITAS;11;11001;01;"BARRERAS EN EL ACCESO A TECNOLOGÍAS Y SERVICIOS DE SALUD; Y OTROS ELEMENTOS COMPLEMENTARIOS PARA LA ATENCIÓN DEL USUARIO";0101;FALTA DE OPORTUNIDAD EN LA PRESTACIÓN DE TECNOLOGÍAS EN SALUD Y OTROS ELEMENTOS COMPLEMENTARIOS PARA LA ATENCIÓN DEL USUARIO;010103;FALTA DE OPORTUNIDAD EN LA ATENCIÓN EN OTROS SERVICIOS DE SALUD;01010308;PROCEDIMIENTOS NO QUIRÚRGICOS;01010308001;IMAGENOLOGÍA;ENFERMEDADES OSTEOARTICULARES;OTROS;OTRAS GONARTROSIS PRIMARIAS;No aplica;SIMPLE
405;2024;7;Telefónico;25;25754;US- 000001314271;Madre;MUJER;3;DE 0 A 5 AÑOS;Ninguno;Contributivo;No Aplica;No Aplica;25;25754;SANITAS;RÉGIMEN CONTRIBUTIVO;EPS005;SANITAS;25;25754;01;"BARRERAS EN EL ACCESO A TECNOLOGÍAS Y SERVICIOS DE SALUD; Y OTROS ELEMENTOS COMPLEMENTARIOS PARA LA ATENCIÓN DEL USUARIO";0103;FALTA DE OPORTUNIDAD EN LA AUTORIZACIÓN DE TECNOLOGÍAS EN SALUD Y OTROS ELEMENTOS COMPLEMENTARIOS PARA LA ATENCIÓN DEL USUARIO;010302;FALTA DE OPORTUNIDAD EN LA AUTORIZACIÓN DE CITAS DE CONSULTA;01030203;ESPECIALIDADES MÉDICAS ;01030203044;GENÉTICA MÉDICA;MATERNO INFANTIL;ATENCIÓN NIÑOS MENORES DE 5 AÑOS;OTROS DESPRENDIMIENTO DE LA RETINA;No aplica;SIMPLE
406;2024;7;Escrito;76;76520;US- 000000944192;A nombre propio;HOMBRE;63;MAYOR DE 63 AÑOS ;No Aplica;Subsidiado;No Aplica;No Aplica;76;76520;SANITAS;RÉGIMEN CONTRIBUTIVO;EPS005;SANITAS;76;76520;01;"BARRERAS EN EL ACCESO A TECNOLOGÍAS Y SERVICIOS DE SALUD; Y OTROS ELEMENTOS COMPLEMENTARIOS PARA LA ATENCIÓN DEL USUARIO";0101;FALTA DE OPORTUNIDAD EN LA PRESTACIÓN DE TECNOLOGÍAS EN SALUD Y OTROS ELEMENTOS COMPLEMENTARIOS PARA LA ATENCIÓN DEL USUARIO;010101;FALTA DE OPORTUNIDAD EN LAS CITAS O CONSULTAS;01010103;ESPECIALIDADES MÉDICAS ;01010103094;UROLOGÍA;PROBLEMAS RELACIONADOS CON FACILIDADES DE ATENCIÓN MÉDICA U OTROS SERVICIOS DE SALUD;PROBLEMAS RELACIONADOS CON FACILIDADES DE ATENCIÓN MÉDICA U OTROS SERVICIOS DE SALUD;OTRAS ESTRECHECES URETRALES;No aplica;SIMPLE
407;2024;7;Escrito;85;85001;US- 000000629215;Otro;MUJER;64;MAYOR DE 63 AÑOS ;No Aplica;Contributivo;No Aplica;No Aplica;85;85001;SANITAS;RÉGIMEN CONTRIBUTIVO;EPS005;SANITAS;85;85001;01;"BARRERAS EN EL ACCESO A TECNOLOGÍAS Y SERVICIOS DE SALUD; Y OTROS ELEMENTOS COMPLEMENTARIOS PARA LA ATENCIÓN DEL USUARIO";0101;FALTA DE OPORTUNIDAD EN LA PRESTACIÓN DE TECNOLOGÍAS EN SALUD Y OTROS ELEMENTOS COMPLEMENTARIOS PARA LA ATENCIÓN DEL USUARIO;010104;FALTA DE OPORTUNIDAD EN LA ENTREGA O ENTREGA INCOMPLETA DE TECNOLOGÍAS EN SALUD Y/O PRESTACIÓN DE OTROS SERVICIOS;01010408;TRANSPORTE, ALOJAMIENTO O ALIMENTACIÓN;;;PROBLEMAS RELACIONADOS CON FACILIDADES DE ATENCIÓN MÉDICA U OTROS SERVICIOS DE SALUD;PROBLEMAS RELACIONADOS CON FACILIDADES DE ATENCIÓN MÉDICA U OTROS SERVICIOS DE SALUD;OTROS PROBLEMAS RELACIONADOS CON SERVICIOS MÉDICOS Y DE SALUD;No aplica;SIMPLE
408;2024;7;Web;05;05001;US- 000004066520;A nombre propio;MUJER;72;MAYOR DE 63 AÑOS ;No Aplica;Contributivo;No Aplica;No Aplica;05;05001;SURAMERICANA EPS;RÉGIMEN CONTRIBUTIVO;EPS010;EPS SURA;05;05001;04;INSATISFACCIÓN DEL USUARIO CON EL PROCESO ADMINISTRATIVO;0402;DIFICULTAD EN LA COMUNICACIÓN CON LAS LÍNEAS Y/O CANALES DE ATENCIÓN;040202;DIFICULTAD DE COMUNICACIÓN CON LOS CANALES DE ATENCIÓN PARA PROGRAMACIÓN DE CITAS O PROCEDIMIENTOS DE LOS PRESTADORES DE SERVICIOS DE SALUD;04020201;TELEFÓNICO;;;ENFERMEDADES OSTEOARTICULARES;OTROS;GONARTROSIS, NO ESPECIFICADA;No aplica;SIMPLE
409;2024;7;Web;11;11001;US- 000000176341;Hijo (A);MUJER;68;MAYOR DE 63 AÑOS ;Ninguno;Contributivo;No Aplica;Persona con discapacidad;11;11001;NUEVA EPS;RÉGIMEN CONTRIBUTIVO;EPS037;NUEVA EPS;11;11001;01;"BARRERAS EN EL ACCESO A TECNOLOGÍAS Y SERVICIOS DE SALUD; Y OTROS ELEMENTOS COMPLEMENTARIOS PARA LA ATENCIÓN DEL USUARIO";0101;FALTA DE OPORTUNIDAD EN LA PRESTACIÓN DE TECNOLOGÍAS EN SALUD Y OTROS ELEMENTOS COMPLEMENTARIOS PARA LA ATENCIÓN DEL USUARIO;010103;FALTA DE OPORTUNIDAD EN LA ATENCIÓN EN OTROS SERVICIOS DE SALUD;01010308;PROCEDIMIENTOS NO QUIRÚRGICOS;01010308006;OTROS PROCEDIMIENTOS NO QUIRÚRGICOS;PROBLEMAS RELACIONADOS CON FACILIDADES DE ATENCIÓN MÉDICA U OTROS SERVICIOS DE SALUD;PROBLEMAS RELACIONADOS CON FACILIDADES DE ATENCIÓN MÉDICA U OTROS SERVICIOS DE SALUD;CEFALEA;No aplica;SIMPLE
410;2024;7;Telefónico;68;68001;US- 000001878985;A nombre propio;MUJER;30;DE 30 A 37 AÑOS;Secundaria Incompleta;Contributivo;No Aplica;No Aplica;68;68001;SANITAS;RÉGIMEN CONTRIBUTIVO;EPS005;SANITAS;68;68001;01;"BARRERAS EN EL ACCESO A TECNOLOGÍAS Y SERVICIOS DE SALUD; Y OTROS ELEMENTOS COMPLEMENTARIOS PARA LA ATENCIÓN DEL USUARIO";0101;FALTA DE OPORTUNIDAD EN LA PRESTACIÓN DE TECNOLOGÍAS EN SALUD Y OTROS ELEMENTOS COMPLEMENTARIOS PARA LA ATENCIÓN DEL USUARIO;010101;FALTA DE OPORTUNIDAD EN LAS CITAS O CONSULTAS;01010103;ESPECIALIDADES MÉDICAS ;01010103028;CIRUGÍA PLÁSTICA, ESTÉTICA Y RECONSTRUCTIVA;PROBLEMAS RELACIONADOS CON FACILIDADES DE ATENCIÓN MÉDICA U OTROS SERVICIOS DE SALUD;PROBLEMAS RELACIONADOS CON FACILIDADES DE ATENCIÓN MÉDICA U OTROS SERVICIOS DE SALUD;TRASTORNO HIPERTRÓFICO DE LA PIEL, NO ESPECIFICADO;No aplica;SIMPLE
411;2024;7;Web;41;41001;US- 000003347483;Otro;MUJER;70;MAYOR DE 63 AÑOS ;No Aplica;Contributivo;No Aplica;No Aplica;41;41001;SANITAS;RÉGIMEN CONTRIBUTIVO;EPS005;SANITAS;41;41001;01;"BARRERAS EN EL ACCESO A TECNOLOGÍAS Y SERVICIOS DE SALUD; Y OTROS ELEMENTOS COMPLEMENTARIOS PARA LA ATENCIÓN DEL USUARIO";0101;FALTA DE OPORTUNIDAD EN LA PRESTACIÓN DE TECNOLOGÍAS EN SALUD Y OTROS ELEMENTOS COMPLEMENTARIOS PARA LA ATENCIÓN DEL USUARIO;010103;FALTA DE OPORTUNIDAD EN LA ATENCIÓN EN OTROS SERVICIOS DE SALUD;01010308;PROCEDIMIENTOS NO QUIRÚRGICOS;01010308003;QUIMIOTERAPIA;CÁNCER ;OTROS;TUMOR MALIGNO DEL OVARIO;Quimioterapia y radioterapia para el cáncer;PRIORIZADO
412;2024;7;Telefónico;05;05360;US- 000004066521;Hijo (A);MUJER;78;MAYOR DE 63 AÑOS ;Primaria Incompleta;Subsidiado;No Aplica;No Aplica;05;05353;COOSALUD;RÉGIMEN SUBSIDIADO;ESS024;COOSALUD;05;05353;01;"BARRERAS EN EL ACCESO A TECNOLOGÍAS Y SERVICIOS DE SALUD; Y OTROS ELEMENTOS COMPLEMENTARIOS PARA LA ATENCIÓN DEL USUARIO";0101;FALTA DE OPORTUNIDAD EN LA PRESTACIÓN DE TECNOLOGÍAS EN SALUD Y OTROS ELEMENTOS COMPLEMENTARIOS PARA LA ATENCIÓN DEL USUARIO;010105;FALTA DE OPORTUNIDAD EN EL PROCESO DE REFERENCIA Y CONTRARREFERENCIA;;;;;PROBLEMAS RELACIONADOS CON FACILIDADES DE ATENCIÓN MÉDICA U OTROS SERVICIOS DE SALUD;PROBLEMAS RELACIONADOS CON FACILIDADES DE ATENCIÓN MÉDICA U OTROS SERVICIOS DE SALUD;CALCULO DE LA VESÍCULA BILIAR SIN COLECISTITIS;No aplica;PRIORIZADO
413;2024;7;Escrito;11;11001;US- 000004066522;A nombre propio;MUJER;46;DE 38 A 49 AÑOS;No Aplica;Contributivo;No Aplica;No Aplica;11;11001;SALUD TOTAL;RÉGIMEN CONTRIBUTIVO;EPS002;SALUD TOTAL;11;11001;01;"BARRERAS EN EL ACCESO A TECNOLOGÍAS Y SERVICIOS DE SALUD; Y OTROS ELEMENTOS COMPLEMENTARIOS PARA LA ATENCIÓN DEL USUARIO";0102;NEGACIÓN DE TECNOLOGÍAS EN SALUD Y OTROS ELEMENTOS COMPLEMENTARIOS PARA LA ATENCIÓN DEL USUARIO;010201;NEGACIÓN EN LA ASIGNACIÓN DE CITAS O CONSULTAS;01020103;ESPECIALIDADES MÉDICAS ;01020103058;MEDICINA DEL TRABAJO O SEGURIDAD Y SALUD EN EL TRABAJO;SALUD MENTAL;OTROS TRASTORNOS MENTALES;TRASTORNO DEPRESIVO RECURRENTE, EPISODIO MODERADO PRESENTE;No aplica;SIMPLE
414;2024;7;Web;85;85001;US- 000004066523;Otro;MUJER;32;DE 30 A 37 AÑOS;No Aplica;Contributivo;No Aplica;No Aplica;85;85001;SANITAS;RÉGIMEN CONTRIBUTIVO;EPS005;SANITAS;85;85001;01;"BARRERAS EN EL ACCESO A TECNOLOGÍAS Y SERVICIOS DE SALUD; Y OTROS ELEMENTOS COMPLEMENTARIOS PARA LA ATENCIÓN DEL USUARIO";0102;NEGACIÓN DE TECNOLOGÍAS EN SALUD Y OTROS ELEMENTOS COMPLEMENTARIOS PARA LA ATENCIÓN DEL USUARIO;010203;NEGACIÓN EN LA ATENCIÓN EN OTROS SERVICIOS DE SALUD;01020309;PROCEDIMIENTOS QUIRÚRGICOS;01020309003;OTROS PROCEDIMIENTOS QUIRÚRGICOS;ENFERMEDADES CRÓNICAS NO TRANSMISIBLES- FACTORES DE RIESGO;MEDICIÓN DE FACTORES DE RIESGO;TRASTORNOS DE LOS DISCOS INTERVERTEBRALES, NO ESPECIFICADO;No aplica;PRIORIZADO
415;2024;7;Personalizado;66;66001;US- 000003955768;A nombre propio;HOMBRE;50;DE 50 A 62 AÑOS;Secundaria;Subsidiado;No Aplica;No Aplica;66;66001;ASMET SALUD EPS;RÉGIMEN SUBSIDIADO;ESS062;ASMET SALUD;66;66001;01;"BARRERAS EN EL ACCESO A TECNOLOGÍAS Y SERVICIOS DE SALUD; Y OTROS ELEMENTOS COMPLEMENTARIOS PARA LA ATENCIÓN DEL USUARIO";0102;NEGACIÓN DE TECNOLOGÍAS EN SALUD Y OTROS ELEMENTOS COMPLEMENTARIOS PARA LA ATENCIÓN DEL USUARIO;010201;NEGACIÓN EN LA ASIGNACIÓN DE CITAS O CONSULTAS;01020101;MEDICINA GENERAL;;;PROBLEMAS RELACIONADOS CON FACILIDADES DE ATENCIÓN MÉDICA U OTROS SERVICIOS DE SALUD;PROBLEMAS RELACIONADOS CON FACILIDADES DE ATENCIÓN MÉDICA U OTROS SERVICIOS DE SALUD;FIEBRE, NO ESPECIFICADA;No aplica;SIMPLE
416;2024;7;Web;68;68255;US- 000001583318;A nombre propio;MUJER;49;DE 38 A 49 AÑOS;No Aplica;Contributivo;No Aplica;No Aplica;68;68255;NUEVA EPS;RÉGIMEN CONTRIBUTIVO;EPS037;NUEVA EPS;68;68255;01;"BARRERAS EN EL ACCESO A TECNOLOGÍAS Y SERVICIOS DE SALUD; Y OTROS ELEMENTOS COMPLEMENTARIOS PARA LA ATENCIÓN DEL USUARIO";0101;FALTA DE OPORTUNIDAD EN LA PRESTACIÓN DE TECNOLOGÍAS EN SALUD Y OTROS ELEMENTOS COMPLEMENTARIOS PARA LA ATENCIÓN DEL USUARIO;010101;FALTA DE OPORTUNIDAD EN LAS CITAS O CONSULTAS;01010103;ESPECIALIDADES MÉDICAS ;01010103047;GINECOLOGÍA Y OBSTETRICIA;PROBLEMAS RELACIONADOS CON FACILIDADES DE ATENCIÓN MÉDICA U OTROS SERVICIOS DE SALUD;PROBLEMAS RELACIONADOS CON FACILIDADES DE ATENCIÓN MÉDICA U OTROS SERVICIOS DE SALUD;OTRAS ATENCIONES MEDICAS ESPECIFICADAS;No aplica;SIMPLE
417;2024;7;Escrito;25;25899;US- 000004028913;A nombre propio;MUJER;47;DE 38 A 49 AÑOS;No Aplica;Contributivo;No Aplica;No Aplica;25;25899;SALUD TOTAL;RÉGIMEN CONTRIBUTIVO;EPS002;SALUD TOTAL;25;25899;04;INSATISFACCIÓN DEL USUARIO CON EL PROCESO ADMINISTRATIVO;0404;INSATISFACCIÓN RELACIONADA CON TRÁMITES ADMINISTRATIVOS;040402;FALLAS O IRREGULARIDADES EN EL MANEJO TÉCNICO DE LA HISTORIA CLÍNICA Y/O REGISTROS ASISTENCIALES;;;;;PROBLEMAS RELACIONADOS CON FACILIDADES DE ATENCIÓN MÉDICA U OTROS SERVICIOS DE SALUD;PROBLEMAS RELACIONADOS CON FACILIDADES DE ATENCIÓN MÉDICA U OTROS SERVICIOS DE SALUD;OTROS PROBLEMAS RELACIONADOS CON SERVICIOS MÉDICOS Y DE SALUD;No aplica;SIMPLE
418;2024;7;Web;05;05001;US- 000004066514;A nombre propio;MUJER;55;DE 50 A 62 AÑOS;No Aplica;Contributivo;No Aplica;No Aplica;05;05001;SALUD TOTAL;RÉGIMEN CONTRIBUTIVO;EPS002;SALUD TOTAL;05;05001;01;"BARRERAS EN EL ACCESO A TECNOLOGÍAS Y SERVICIOS DE SALUD; Y OTROS ELEMENTOS COMPLEMENTARIOS PARA LA ATENCIÓN DEL USUARIO";0101;FALTA DE OPORTUNIDAD EN LA PRESTACIÓN DE TECNOLOGÍAS EN SALUD Y OTROS ELEMENTOS COMPLEMENTARIOS PARA LA ATENCIÓN DEL USUARIO;010101;FALTA DE OPORTUNIDAD EN LAS CITAS O CONSULTAS;01010103;ESPECIALIDADES MÉDICAS ;01010103072;NEUROLOGÍA;PROBLEMAS RELACIONADOS CON FACILIDADES DE ATENCIÓN MÉDICA U OTROS SERVICIOS DE SALUD;PROBLEMAS RELACIONADOS CON FACILIDADES DE ATENCIÓN MÉDICA U OTROS SERVICIOS DE SALUD;CEFALEA;No aplica;SIMPLE
419;2024;7;Web;11;11001;US- 000004066525;A nombre propio;HOMBRE;33;DE 30 A 37 AÑOS;Ninguno;Contributivo;No Aplica;No Aplica;11;11001;COMPENSAR;RÉGIMEN CONTRIBUTIVO;EPS008;COMPENSAR;11;11001;02;INSATISFACCIÓN RELACIONADA CON LA ATENCIÓN EN SALUD;0202;INSATISFACCIÓN RELACIONADA CON LA ATENCIÓN DEL PERSONAL EN SALUD;020201;INSATISFACCIÓN RELACIONADA CON LA ATENCIÓN DEL PERSONAL EN SALUD;02020102;FALLAS EN LA PRÁCTICA MÉDICA;;;PROBLEMAS RELACIONADOS CON FACILIDADES DE ATENCIÓN MÉDICA U OTROS SERVICIOS DE SALUD;PROBLEMAS RELACIONADOS CON FACILIDADES DE ATENCIÓN MÉDICA U OTROS SERVICIOS DE SALUD;CEFALEA;No aplica;SIMPLE
420;2024;7;Web;11;11001;US- 000002154137;A nombre propio;MUJER;72;MAYOR DE 63 AÑOS ;No Aplica;Contributivo;No Aplica;No Aplica;11;11001;SALUD TOTAL;RÉGIMEN CONTRIBUTIVO;EPS002;SALUD TOTAL;11;11001;01;"BARRERAS EN EL ACCESO A TECNOLOGÍAS Y SERVICIOS DE SALUD; Y OTROS ELEMENTOS COMPLEMENTARIOS PARA LA ATENCIÓN DEL USUARIO";0102;NEGACIÓN DE TECNOLOGÍAS EN SALUD Y OTROS ELEMENTOS COMPLEMENTARIOS PARA LA ATENCIÓN DEL USUARIO;010201;NEGACIÓN EN LA ASIGNACIÓN DE CITAS O CONSULTAS;01020103;ESPECIALIDADES MÉDICAS ;01020103075;OFTALMOLOGÍA;PROBLEMAS RELACIONADOS CON FACILIDADES DE ATENCIÓN MÉDICA U OTROS SERVICIOS DE SALUD;PROBLEMAS RELACIONADOS CON FACILIDADES DE ATENCIÓN MÉDICA U OTROS SERVICIOS DE SALUD;MIOPÍA DEGENERATIVA;No aplica;SIMPLE
421;2024;7;Web;05;05001;US- 000004066526;A nombre propio;MUJER;38;DE 38 A 49 AÑOS;No Aplica;Contributivo;No Aplica;No Aplica;05;05001;SURAMERICANA EPS;RÉGIMEN CONTRIBUTIVO;EPS010;EPS SURA;08;08001;01;"BARRERAS EN EL ACCESO A TECNOLOGÍAS Y SERVICIOS DE SALUD; Y OTROS ELEMENTOS COMPLEMENTARIOS PARA LA ATENCIÓN DEL USUARIO";0101;FALTA DE OPORTUNIDAD EN LA PRESTACIÓN DE TECNOLOGÍAS EN SALUD Y OTROS ELEMENTOS COMPLEMENTARIOS PARA LA ATENCIÓN DEL USUARIO;010103;FALTA DE OPORTUNIDAD EN LA ATENCIÓN EN OTROS SERVICIOS DE SALUD;01010308;PROCEDIMIENTOS NO QUIRÚRGICOS;01010308003;QUIMIOTERAPIA;CÁNCER ;OTROS;TUMOR MALIGNO DEL OVARIO;Quimioterapia y radioterapia para el cáncer;PRIORIZADO
422;2024;7;Escrito;25;25286;US- 000004066527;A nombre propio;MUJER;33;DE 30 A 37 AÑOS;No Aplica;Subsidiado;No Aplica;No Aplica;25;25286;FAMISANAR;RÉGIMEN CONTRIBUTIVO;EPS017;FAMISANAR;25;25286;01;"BARRERAS EN EL ACCESO A TECNOLOGÍAS Y SERVICIOS DE SALUD; Y OTROS ELEMENTOS COMPLEMENTARIOS PARA LA ATENCIÓN DEL USUARIO";0101;FALTA DE OPORTUNIDAD EN LA PRESTACIÓN DE TECNOLOGÍAS EN SALUD Y OTROS ELEMENTOS COMPLEMENTARIOS PARA LA ATENCIÓN DEL USUARIO;010101;FALTA DE OPORTUNIDAD EN LAS CITAS O CONSULTAS;01010103;ESPECIALIDADES MÉDICAS ;01010103028;CIRUGÍA PLÁSTICA, ESTÉTICA Y RECONSTRUCTIVA;PROBLEMAS RELACIONADOS CON FACILIDADES DE ATENCIÓN MÉDICA U OTROS SERVICIOS DE SALUD;PROBLEMAS RELACIONADOS CON FACILIDADES DE ATENCIÓN MÉDICA U OTROS SERVICIOS DE SALUD;OTROS PROBLEMAS RELACIONADOS CON SERVICIOS MÉDICOS Y DE SALUD;No aplica;SIMPLE
423;2024;7;Telefónico;11;11001;US- 000004066528;Otro;HOMBRE;58;DE 50 A 62 AÑOS;Primaria;Contributivo;No Aplica;No Aplica;11;11001;CAPITAL SALUD;RÉGIMEN SUBSIDIADO;EPSS34;CAPITAL SALUD;11;11001;01;"BARRERAS EN EL ACCESO A TECNOLOGÍAS Y SERVICIOS DE SALUD; Y OTROS ELEMENTOS COMPLEMENTARIOS PARA LA ATENCIÓN DEL USUARIO";0102;NEGACIÓN DE TECNOLOGÍAS EN SALUD Y OTROS ELEMENTOS COMPLEMENTARIOS PARA LA ATENCIÓN DEL USUARIO;010201;NEGACIÓN EN LA ASIGNACIÓN DE CITAS O CONSULTAS;01020103;ESPECIALIDADES MÉDICAS ;01020103033;DERMATOLOGÍA;CÁNCER ;OTROS;OTROS TUMORES MALIGNO DE LA PIEL;No aplica;PRIORIZADO
424;2024;7;Web;08;08001;US- 000000038763;Otro;MUJER;17;DE 13 A 17 AÑOS;No Aplica;Subsidiado;No Aplica;Persona con discapacidad;08;08001;SALUD TOTAL;RÉGIMEN CONTRIBUTIVO;EPS002;SALUD TOTAL;08;08001;01;"BARRERAS EN EL ACCESO A TECNOLOGÍAS Y SERVICIOS DE SALUD; Y OTROS ELEMENTOS COMPLEMENTARIOS PARA LA ATENCIÓN DEL USUARIO";0101;FALTA DE OPORTUNIDAD EN LA PRESTACIÓN DE TECNOLOGÍAS EN SALUD Y OTROS ELEMENTOS COMPLEMENTARIOS PARA LA ATENCIÓN DEL USUARIO;010101;FALTA DE OPORTUNIDAD EN LAS CITAS O CONSULTAS;01010101;MEDICINA GENERAL;;;PROBLEMAS RELACIONADOS CON FACILIDADES DE ATENCIÓN MÉDICA U OTROS SERVICIOS DE SALUD;PROBLEMAS RELACIONADOS CON FACILIDADES DE ATENCIÓN MÉDICA U OTROS SERVICIOS DE SALUD;OTROS PROBLEMAS RELACIONADOS CON SERVICIOS MÉDICOS Y DE SALUD;No aplica;SIMPLE
425;2024;7;Web;73;73001;US- 000001956670;A nombre propio;HOMBRE;72;MAYOR DE 63 AÑOS ;No Aplica;Subsidiado;No Aplica;No Aplica;73;73001;NUEVA EPS;RÉGIMEN SUBSIDIADO;EPSS41;NUEVA EPS;73;73001;01;"BARRERAS EN EL ACCESO A TECNOLOGÍAS Y SERVICIOS DE SALUD; Y OTROS ELEMENTOS COMPLEMENTARIOS PARA LA ATENCIÓN DEL USUARIO";0101;FALTA DE OPORTUNIDAD EN LA PRESTACIÓN DE TECNOLOGÍAS EN SALUD Y OTROS ELEMENTOS COMPLEMENTARIOS PARA LA ATENCIÓN DEL USUARIO;010103;FALTA DE OPORTUNIDAD EN LA ATENCIÓN EN OTROS SERVICIOS DE SALUD;01010308;PROCEDIMIENTOS NO QUIRÚRGICOS;01010308001;IMAGENOLOGÍA;ENFERMEDADES OSTEOARTICULARES;OTROS;OTROS PROBLEMAS RELACIONADOS CON SERVICIOS MÉDICOS Y DE SALUD;No aplica;SIMPLE
426;2024;7;Telefónico;05;05088;US- 000004066529;A nombre propio;MUJER;22;DE 18 A 24 AÑOS;Universitario Incompleto;Contributivo;No Aplica;No Aplica;05;05088;NUEVA EPS;RÉGIMEN CONTRIBUTIVO;EPS037;NUEVA EPS;05;05088;02;INSATISFACCIÓN RELACIONADA CON LA ATENCIÓN EN SALUD;0201;INSATISFACCIÓN RELACIONADA CON LA ATENCIÓN EN SALUD POR FALTA DE OPORTUNIDAD;020101;INSATISFACCIÓN POR FALTA DE OPORTUNIDAD EN LA ATENCIÓN POR PARTE DEL PERSONAL DE SALUD;02010107;SERVICIO QUIRÚRGICO;;;PROBLEMAS RELACIONADOS CON FACILIDADES DE ATENCIÓN MÉDICA U OTROS SERVICIOS DE SALUD;PROBLEMAS RELACIONADOS CON FACILIDADES DE ATENCIÓN MÉDICA U OTROS SERVICIOS DE SALUD;PROBLEMAS RELACIONADOS CON FACILIDADES DE ATENCIÓN MEDICA U OTROS SERVICIOS DE SALUD;No aplica;SIMPLE
427;2024;7;Web;44;44001;US- 000001267683;A nombre propio;HOMBRE;71;MAYOR DE 63 AÑOS ;No Aplica;Subsidiado;No Aplica;Desplazado;44;44001;ASOCIACIÓN INDÍGENA DEL CAUCA (AIC) -EPSI;RÉGIMEN SUBSIDIADO;EPSI03;AIC - ASOCIACIÓN INDÍGENA DEL CAUCA (EPS-I CAUCA);44;44001;01;"BARRERAS EN EL ACCESO A TECNOLOGÍAS Y SERVICIOS DE SALUD; Y OTROS ELEMENTOS COMPLEMENTARIOS PARA LA ATENCIÓN DEL USUARIO";0101;FALTA DE OPORTUNIDAD EN LA PRESTACIÓN DE TECNOLOGÍAS EN SALUD Y OTROS ELEMENTOS COMPLEMENTARIOS PARA LA ATENCIÓN DEL USUARIO;010104;FALTA DE OPORTUNIDAD EN LA ENTREGA O ENTREGA INCOMPLETA DE TECNOLOGÍAS EN SALUD Y/O PRESTACIÓN DE OTROS SERVICIOS;01010401;MEDICAMENTOS UPC;;;ENFERMEDADES CRÓNICAS NO TRANSMISIBLES RESPIRATORIAS;EPOC (ENFERMEDAD PULMONAR OBSTRUCTIVA CRÓNICA, BRONQUITIS CRÓNICA O ENFISEMA);ENFERMEDAD PULMONAR OBSTRUCTIVA CRÓNICA, NO ESPECIFICADA;No aplica;SIMPLE
428;2024;7;Personalizado;17;17001;US- 000004066530;A nombre propio;MUJER;65;MAYOR DE 63 AÑOS ;Secundaria;Subsidiado;No Aplica;No Aplica;17;17001;NUEVA EPS;RÉGIMEN CONTRIBUTIVO;EPS037;NUEVA EPS;17;17001;01;"BARRERAS EN EL ACCESO A TECNOLOGÍAS Y SERVICIOS DE SALUD; Y OTROS ELEMENTOS COMPLEMENTARIOS PARA LA ATENCIÓN DEL USUARIO";0103;FALTA DE OPORTUNIDAD EN LA AUTORIZACIÓN DE TECNOLOGÍAS EN SALUD Y OTROS ELEMENTOS COMPLEMENTARIOS PARA LA ATENCIÓN DEL USUARIO;010302;FALTA DE OPORTUNIDAD EN LA AUTORIZACIÓN DE CITAS DE CONSULTA;01030201;MEDICINA GENERAL;;;ENFERMEDADES CRÓNICAS NO TRASMISIBLES CARDIOVASCULARES;HTA (HIPERTENSIÓN ARTERIAL);DIABETES MELLITUS NO INSULINODEPENDIENTE CON COMPLICACIONES OFTÁLMICAS;No aplica;SIMPLE
429;2024;7;Web;11;11001;US- 000001469032;Hijo (A);HOMBRE;75;MAYOR DE 63 AÑOS ;No Aplica;Contributivo;No Aplica;No Aplica;11;11001;COMPENSAR;RÉGIMEN CONTRIBUTIVO;EPS008;COMPENSAR;11;11001;01;"BARRERAS EN EL ACCESO A TECNOLOGÍAS Y SERVICIOS DE SALUD; Y OTROS ELEMENTOS COMPLEMENTARIOS PARA LA ATENCIÓN DEL USUARIO";0102;NEGACIÓN DE TECNOLOGÍAS EN SALUD Y OTROS ELEMENTOS COMPLEMENTARIOS PARA LA ATENCIÓN DEL USUARIO;010201;NEGACIÓN EN LA ASIGNACIÓN DE CITAS O CONSULTAS;01020103;ESPECIALIDADES MÉDICAS ;01020103094;UROLOGÍA;PROBLEMAS RELACIONADOS CON FACILIDADES DE ATENCIÓN MÉDICA U OTROS SERVICIOS DE SALUD;PROBLEMAS RELACIONADOS CON FACILIDADES DE ATENCIÓN MÉDICA U OTROS SERVICIOS DE SALUD;HIPERPLASIA DE LA PRÓSTATA;No aplica;SIMPLE
430;2024;7;Web;52;52256;US- 000004066531;A nombre propio;MUJER;39;DE 38 A 49 AÑOS;No Aplica;Subsidiado;No Aplica;Víctima del conflicto armado;52;52256;ASMET SALUD EPS;RÉGIMEN SUBSIDIADO;ESS062;ASMET SALUD;52;52256;01;"BARRERAS EN EL ACCESO A TECNOLOGÍAS Y SERVICIOS DE SALUD; Y OTROS ELEMENTOS COMPLEMENTARIOS PARA LA ATENCIÓN DEL USUARIO";0101;FALTA DE OPORTUNIDAD EN LA PRESTACIÓN DE TECNOLOGÍAS EN SALUD Y OTROS ELEMENTOS COMPLEMENTARIOS PARA LA ATENCIÓN DEL USUARIO;010103;FALTA DE OPORTUNIDAD EN LA ATENCIÓN EN OTROS SERVICIOS DE SALUD;01010309;PROCEDIMIENTOS QUIRÚRGICOS;01010309003;OTROS PROCEDIMIENTOS QUIRÚRGICOS;CÁNCER ;OTROS;TUMOR MALIGNO DEL OVARIO;No aplica;PRIORIZADO
431;2024;7;Web;11;11001;US- 000000358816;Otro;HOMBRE;93;MAYOR DE 63 AÑOS ;No Aplica;Contributivo;No Aplica;Persona con discapacidad;11;11001;COMPENSAR;RÉGIMEN CONTRIBUTIVO;EPS008;COMPENSAR;11;11001;01;"BARRERAS EN EL ACCESO A TECNOLOGÍAS Y SERVICIOS DE SALUD; Y OTROS ELEMENTOS COMPLEMENTARIOS PARA LA ATENCIÓN DEL USUARIO";0102;NEGACIÓN DE TECNOLOGÍAS EN SALUD Y OTROS ELEMENTOS COMPLEMENTARIOS PARA LA ATENCIÓN DEL USUARIO;010203;NEGACIÓN EN LA ATENCIÓN EN OTROS SERVICIOS DE SALUD;01020305;ATENCIÓN DOMICILIARIA;;;PROBLEMAS RELACIONADOS CON FACILIDADES DE ATENCIÓN MÉDICA U OTROS SERVICIOS DE SALUD;PROBLEMAS RELACIONADOS CON FACILIDADES DE ATENCIÓN MÉDICA U OTROS SERVICIOS DE SALUD;OTROS PROBLEMAS RELACIONADOS CON SERVICIOS MÉDICOS Y DE SALUD;No aplica;SIMPLE
432;2024;7;Web;11;11001;US- 000000344455;A nombre propio;HOMBRE;47;DE 38 A 49 AÑOS;No Aplica;Contributivo;No Aplica;No Aplica;11;11001;COMPENSAR;RÉGIMEN CONTRIBUTIVO;EPS008;COMPENSAR;11;11001;01;"BARRERAS EN EL ACCESO A TECNOLOGÍAS Y SERVICIOS DE SALUD; Y OTROS ELEMENTOS COMPLEMENTARIOS PARA LA ATENCIÓN DEL USUARIO";0103;FALTA DE OPORTUNIDAD EN LA AUTORIZACIÓN DE TECNOLOGÍAS EN SALUD Y OTROS ELEMENTOS COMPLEMENTARIOS PARA LA ATENCIÓN DEL USUARIO;010302;FALTA DE OPORTUNIDAD EN LA AUTORIZACIÓN DE CITAS DE CONSULTA;01030203;ESPECIALIDADES MÉDICAS ;01030203033;DERMATOLOGÍA;CÁNCER ;OTROS;TUMOR MALIGNO DE LA GLÁNDULA TIROIDES;No aplica;PRIORIZADO
433;2024;7;Personalizado;66;66001;US- 000004066532;A nombre propio;MUJER;31;DE 30 A 37 AÑOS;Secundaria;Contributivo;No Aplica;No Aplica;66;66001;SALUD TOTAL;RÉGIMEN CONTRIBUTIVO;EPS002;SALUD TOTAL;66;66001;01;"BARRERAS EN EL ACCESO A TECNOLOGÍAS Y SERVICIOS DE SALUD; Y OTROS ELEMENTOS COMPLEMENTARIOS PARA LA ATENCIÓN DEL USUARIO";0102;NEGACIÓN DE TECNOLOGÍAS EN SALUD Y OTROS ELEMENTOS COMPLEMENTARIOS PARA LA ATENCIÓN DEL USUARIO;010203;NEGACIÓN EN LA ATENCIÓN EN OTROS SERVICIOS DE SALUD;01020309;PROCEDIMIENTOS QUIRÚRGICOS;01020309003;OTROS PROCEDIMIENTOS QUIRÚRGICOS;PROBLEMAS RELACIONADOS CON FACILIDADES DE ATENCIÓN MÉDICA U OTROS SERVICIOS DE SALUD;PROBLEMAS RELACIONADOS CON FACILIDADES DE ATENCIÓN MÉDICA U OTROS SERVICIOS DE SALUD;HEMORROIDES;No aplica;SIMPLE
434;2024;7;Personalizado;68;68081;US- 000004066533;Amigo (A);HOMBRE;83;MAYOR DE 63 AÑOS ;Ninguno;Subsidiado;No Aplica;No Aplica;68;68001;SURAMERICANA EPS;RÉGIMEN CONTRIBUTIVO;EPS010;EPS SURA;68;68001;01;"BARRERAS EN EL ACCESO A TECNOLOGÍAS Y SERVICIOS DE SALUD; Y OTROS ELEMENTOS COMPLEMENTARIOS PARA LA ATENCIÓN DEL USUARIO";0102;NEGACIÓN DE TECNOLOGÍAS EN SALUD Y OTROS ELEMENTOS COMPLEMENTARIOS PARA LA ATENCIÓN DEL USUARIO;010201;NEGACIÓN EN LA ASIGNACIÓN DE CITAS O CONSULTAS;01020103;ESPECIALIDADES MÉDICAS ;01020103080;OTORRINOLARINGOLOGÍA;PROBLEMAS RELACIONADOS CON FACILIDADES DE ATENCIÓN MÉDICA U OTROS SERVICIOS DE SALUD;PROBLEMAS RELACIONADOS CON FACILIDADES DE ATENCIÓN MÉDICA U OTROS SERVICIOS DE SALUD;PERDIDA ANORMAL DE PESO;No aplica;PRIORIZADO
435;2024;7;Telefónico;66;66001;US- 000003981728;A nombre propio;HOMBRE;42;DE 38 A 49 AÑOS;Secundaria;Contributivo;No Aplica;No Aplica;66;66001;SALUD TOTAL;RÉGIMEN CONTRIBUTIVO;EPS002;SALUD TOTAL;66;66001;01;"BARRERAS EN EL ACCESO A TECNOLOGÍAS Y SERVICIOS DE SALUD; Y OTROS ELEMENTOS COMPLEMENTARIOS PARA LA ATENCIÓN DEL USUARIO";0102;NEGACIÓN DE TECNOLOGÍAS EN SALUD Y OTROS ELEMENTOS COMPLEMENTARIOS PARA LA ATENCIÓN DEL USUARIO;010203;NEGACIÓN EN LA ATENCIÓN EN OTROS SERVICIOS DE SALUD;01020309;PROCEDIMIENTOS QUIRÚRGICOS;01020309003;OTROS PROCEDIMIENTOS QUIRÚRGICOS;PROBLEMAS RELACIONADOS CON FACILIDADES DE ATENCIÓN MÉDICA U OTROS SERVICIOS DE SALUD;PROBLEMAS RELACIONADOS CON FACILIDADES DE ATENCIÓN MÉDICA U OTROS SERVICIOS DE SALUD;DEFORMIDAD DE DEDO(S) DE LA MANO;No aplica;SIMPLE
436;2024;7;Escrito;11;11001;US- 000004066534;A nombre propio;MUJER;60;DE 50 A 62 AÑOS;No Aplica;Contributivo;No Aplica;No Aplica;11;11001;SANITAS;RÉGIMEN CONTRIBUTIVO;EPS005;SANITAS;11;11001;01;"BARRERAS EN EL ACCESO A TECNOLOGÍAS Y SERVICIOS DE SALUD; Y OTROS ELEMENTOS COMPLEMENTARIOS PARA LA ATENCIÓN DEL USUARIO";0101;FALTA DE OPORTUNIDAD EN LA PRESTACIÓN DE TECNOLOGÍAS EN SALUD Y OTROS ELEMENTOS COMPLEMENTARIOS PARA LA ATENCIÓN DEL USUARIO;010104;FALTA DE OPORTUNIDAD EN LA ENTREGA O ENTREGA INCOMPLETA DE TECNOLOGÍAS EN SALUD Y/O PRESTACIÓN DE OTROS SERVICIOS;01010401;MEDICAMENTOS UPC;;;PROBLEMAS RELACIONADOS CON FACILIDADES DE ATENCIÓN MÉDICA U OTROS SERVICIOS DE SALUD;PROBLEMAS RELACIONADOS CON FACILIDADES DE ATENCIÓN MÉDICA U OTROS SERVICIOS DE SALUD;HIPERLIPIDEMIA NO ESPECIFICADA;No aplica;SIMPLE
437;2024;7;Web;68;68276;US- 000001949698;A nombre propio;HOMBRE;84;MAYOR DE 63 AÑOS ;No Aplica;Régimen Especial;No Aplica;No Aplica;68;68276;MAGISTERIO;REGÍMENES DE EXCEPCIÓN Y ESPECIALES;REMG01;MAGISTERIO;68;68276;01;"BARRERAS EN EL ACCESO A TECNOLOGÍAS Y SERVICIOS DE SALUD; Y OTROS ELEMENTOS COMPLEMENTARIOS PARA LA ATENCIÓN DEL USUARIO";0101;FALTA DE OPORTUNIDAD EN LA PRESTACIÓN DE TECNOLOGÍAS EN SALUD Y OTROS ELEMENTOS COMPLEMENTARIOS PARA LA ATENCIÓN DEL USUARIO;010104;FALTA DE OPORTUNIDAD EN LA ENTREGA O ENTREGA INCOMPLETA DE TECNOLOGÍAS EN SALUD Y/O PRESTACIÓN DE OTROS SERVICIOS;01010401;MEDICAMENTOS UPC;;;PROBLEMAS RELACIONADOS CON FACILIDADES DE ATENCIÓN MÉDICA U OTROS SERVICIOS DE SALUD;PROBLEMAS RELACIONADOS CON FACILIDADES DE ATENCIÓN MÉDICA U OTROS SERVICIOS DE SALUD;HIPERPLASIA DE LA PRÓSTATA;No aplica;SIMPLE
438;2024;7;Web;76;76111;US- 000004066535;A nombre propio;MUJER;36;DE 30 A 37 AÑOS;No Aplica;Contributivo;No Aplica;Mujer en estado de gestación;76;76111;SOS -SERVICIO OCCIDENTAL DE SALUD;RÉGIMEN CONTRIBUTIVO;EPS018;SERVICIO OCCIDENTAL DE SALUD (SOS);76;76111;01;"BARRERAS EN EL ACCESO A TECNOLOGÍAS Y SERVICIOS DE SALUD; Y OTROS ELEMENTOS COMPLEMENTARIOS PARA LA ATENCIÓN DEL USUARIO";0103;FALTA DE OPORTUNIDAD EN LA AUTORIZACIÓN DE TECNOLOGÍAS EN SALUD Y OTROS ELEMENTOS COMPLEMENTARIOS PARA LA ATENCIÓN DEL USUARIO;010302;FALTA DE OPORTUNIDAD EN LA AUTORIZACIÓN DE CITAS DE CONSULTA;01030203;ESPECIALIDADES MÉDICAS ;01030203047;GINECOLOGÍA Y OBSTETRICIA;MATERNO INFANTIL;ATENCIÓN EN EL EMBARAZO;SUPERVISIÓN DE EMBARAZO DE ALTO RIESGO;No aplica;PRIORIZADO
439;2024;7;Web;76;76520;US- 000003324230;Madre;HOMBRE;2;DE 0 A 5 AÑOS;No Aplica;Contributivo;No Aplica;No Aplica;76;76520;SANITAS;RÉGIMEN CONTRIBUTIVO;EPS005;SANITAS;76;76520;01;"BARRERAS EN EL ACCESO A TECNOLOGÍAS Y SERVICIOS DE SALUD; Y OTROS ELEMENTOS COMPLEMENTARIOS PARA LA ATENCIÓN DEL USUARIO";0102;NEGACIÓN DE TECNOLOGÍAS EN SALUD Y OTROS ELEMENTOS COMPLEMENTARIOS PARA LA ATENCIÓN DEL USUARIO;010203;NEGACIÓN EN LA ATENCIÓN EN OTROS SERVICIOS DE SALUD;01020308;PROCEDIMIENTOS NO QUIRÚRGICOS;01020308006;OTROS PROCEDIMIENTOS NO QUIRÚRGICOS;ENFERMEDADES OSTEOARTICULARES;NEUROLÓGICAS;AUTISMO EN LA NIÑEZ;No aplica;PRIORIZADO
440;2024;7;Web;11;11001;US- 000001464280;Hijo (A);HOMBRE;78;MAYOR DE 63 AÑOS ;No Aplica;Subsidiado;No Aplica;No Aplica;11;11001;CAPITAL SALUD;RÉGIMEN SUBSIDIADO;EPSS34;CAPITAL SALUD;11;11001;01;"BARRERAS EN EL ACCESO A TECNOLOGÍAS Y SERVICIOS DE SALUD; Y OTROS ELEMENTOS COMPLEMENTARIOS PARA LA ATENCIÓN DEL USUARIO";0102;NEGACIÓN DE TECNOLOGÍAS EN SALUD Y OTROS ELEMENTOS COMPLEMENTARIOS PARA LA ATENCIÓN DEL USUARIO;010203;NEGACIÓN EN LA ATENCIÓN EN OTROS SERVICIOS DE SALUD;01020308;PROCEDIMIENTOS NO QUIRÚRGICOS;01020308001;IMAGENOLOGÍA;PROBLEMAS RELACIONADOS CON FACILIDADES DE ATENCIÓN MÉDICA U OTROS SERVICIOS DE SALUD;PROBLEMAS RELACIONADOS CON FACILIDADES DE ATENCIÓN MÉDICA U OTROS SERVICIOS DE SALUD;HIPERPLASIA DE LA PRÓSTATA;No aplica;SIMPLE
441;2024;7;Web;11;11001;US- 000004066536;A nombre propio;HOMBRE;65;MAYOR DE 63 AÑOS ;No Aplica;Contributivo;No Aplica;No Aplica;11;11001;COMPENSAR;RÉGIMEN CONTRIBUTIVO;EPS008;COMPENSAR;11;11001;01;"BARRERAS EN EL ACCESO A TECNOLOGÍAS Y SERVICIOS DE SALUD; Y OTROS ELEMENTOS COMPLEMENTARIOS PARA LA ATENCIÓN DEL USUARIO";0102;NEGACIÓN DE TECNOLOGÍAS EN SALUD Y OTROS ELEMENTOS COMPLEMENTARIOS PARA LA ATENCIÓN DEL USUARIO;010204;NEGACIÓN PARA LA ENTREGA DE TECNOLOGÍAS EN SALUD Y/O DE OTROS SERVICIOS AUTORIZADOS;01020401;MEDICAMENTOS UPC;;;PROBLEMAS RELACIONADOS CON FACILIDADES DE ATENCIÓN MÉDICA U OTROS SERVICIOS DE SALUD;PROBLEMAS RELACIONADOS CON FACILIDADES DE ATENCIÓN MÉDICA U OTROS SERVICIOS DE SALUD;PÓLIPO DE LA CAVIDAD NASAL;No aplica;SIMPLE
442;2024;7;Telefónico;66;66001;US- 000002480201;Hijo (A);MUJER;78;MAYOR DE 63 AÑOS ;No Aplica;Subsidiado;No Aplica;No Aplica;66;66001;SOS -SERVICIO OCCIDENTAL DE SALUD;RÉGIMEN CONTRIBUTIVO;EPS018;SERVICIO OCCIDENTAL DE SALUD (SOS);66;66001;01;"BARRERAS EN EL ACCESO A TECNOLOGÍAS Y SERVICIOS DE SALUD; Y OTROS ELEMENTOS COMPLEMENTARIOS PARA LA ATENCIÓN DEL USUARIO";0101;FALTA DE OPORTUNIDAD EN LA PRESTACIÓN DE TECNOLOGÍAS EN SALUD Y OTROS ELEMENTOS COMPLEMENTARIOS PARA LA ATENCIÓN DEL USUARIO;010101;FALTA DE OPORTUNIDAD EN LAS CITAS O CONSULTAS;01010103;ESPECIALIDADES MÉDICAS ;01010103072;NEUROLOGÍA;ENFERMEDADES OSTEOARTICULARES;NEUROLÓGICAS;HIPEROSMOLARIDAD E HIPERNATREMIA;No aplica;SIMPLE
443;2024;7;Personalizado;05;05001;US- 000004066537;A nombre propio;MUJER;65;MAYOR DE 63 AÑOS ;Secundaria;Contributivo;No Aplica;No Aplica;05;05001;SURAMERICANA EPS;RÉGIMEN CONTRIBUTIVO;EPS010;EPS SURA;05;05001;01;"BARRERAS EN EL ACCESO A TECNOLOGÍAS Y SERVICIOS DE SALUD; Y OTROS ELEMENTOS COMPLEMENTARIOS PARA LA ATENCIÓN DEL USUARIO";0103;FALTA DE OPORTUNIDAD EN LA AUTORIZACIÓN DE TECNOLOGÍAS EN SALUD Y OTROS ELEMENTOS COMPLEMENTARIOS PARA LA ATENCIÓN DEL USUARIO;010304;FALTA DE OPORTUNIDAD EN LA AUTORIZACIÓN DE OTROS SERVICIOS DE SALUD;01030409;PROCEDIMIENTOS QUIRÚRGICOS;01030409003;OTROS PROCEDIMIENTOS QUIRÚRGICOS;PROBLEMAS RELACIONADOS CON FACILIDADES DE ATENCIÓN MÉDICA U OTROS SERVICIOS DE SALUD;PROBLEMAS RELACIONADOS CON FACILIDADES DE ATENCIÓN MÉDICA U OTROS SERVICIOS DE SALUD;HEMORROIDES NO ESPECIFICADAS, SIN COMPLICACIÓN;No aplica;SIMPLE
444;2024;7;Personalizado;17;17001;US- 000004066538;A nombre propio;MUJER;66;MAYOR DE 63 AÑOS ;Secundaria;Contributivo;No Aplica;No Aplica;17;17001;SALUD TOTAL;RÉGIMEN CONTRIBUTIVO;EPS002;SALUD TOTAL;17;17001;01;"BARRERAS EN EL ACCESO A TECNOLOGÍAS Y SERVICIOS DE SALUD; Y OTROS ELEMENTOS COMPLEMENTARIOS PARA LA ATENCIÓN DEL USUARIO";0101;FALTA DE OPORTUNIDAD EN LA PRESTACIÓN DE TECNOLOGÍAS EN SALUD Y OTROS ELEMENTOS COMPLEMENTARIOS PARA LA ATENCIÓN DEL USUARIO;010101;FALTA DE OPORTUNIDAD EN LAS CITAS O CONSULTAS;01010103;ESPECIALIDADES MÉDICAS ;01010103080;OTORRINOLARINGOLOGÍA;PROBLEMAS RELACIONADOS CON FACILIDADES DE ATENCIÓN MÉDICA U OTROS SERVICIOS DE SALUD;PROBLEMAS RELACIONADOS CON FACILIDADES DE ATENCIÓN MÉDICA U OTROS SERVICIOS DE SALUD;HIPOACUSIA CONDUCTIVA BILATERAL;No aplica;SIMPLE
445;2024;7;Escrito;23;23001;US- 000004066539;Otro;HOMBRE;60;DE 50 A 62 AÑOS;No Aplica;Subsidiado;No Aplica;No Aplica;23;23068;NUEVA EPS;RÉGIMEN SUBSIDIADO;EPSS41;NUEVA EPS;23;23068;04;INSATISFACCIÓN DEL USUARIO CON EL PROCESO ADMINISTRATIVO;0405;PROBLEMAS EN EL RECONOCIMIENTO Y/O PAGO DE PRESTACIONES ECONÓMICAS;040502;NEGACIÓN Y/O FALTA DE OPORTUNIDAD EN EL RECONOCIMIENTO DE REEMBOLSOS;04050202;PROCEDIMIENTOS QUIRÚRGICOS Y NO QUIRÚRGICOS;;;PROBLEMAS RELACIONADOS CON FACILIDADES DE ATENCIÓN MÉDICA U OTROS SERVICIOS DE SALUD;PROBLEMAS RELACIONADOS CON FACILIDADES DE ATENCIÓN MÉDICA U OTROS SERVICIOS DE SALUD;GASTRITIS CRÓNICA, NO ESPECIFICADA;No aplica;SIMPLE
446;2024;7;Web;76;76001;US- 000002039638;A nombre propio;MUJER;64;MAYOR DE 63 AÑOS ;No Aplica;No aplica;Afrocolombiano o Afrodescendiente;No Aplica;76;76001;SECRETARÍA DE SALUD DEPARTAMENTAL DEL VALLE;ENTIDADES TERRITORIALES;999998;SECRETARIA DE SALUD DEPARTAMENTAL DEL VALLE;76;76001;02;INSATISFACCIÓN RELACIONADA CON LA ATENCIÓN EN SALUD;0201;INSATISFACCIÓN RELACIONADA CON LA ATENCIÓN EN SALUD POR FALTA DE OPORTUNIDAD;020101;INSATISFACCIÓN POR FALTA DE OPORTUNIDAD EN LA ATENCIÓN POR PARTE DEL PERSONAL DE SALUD;02010104;SERVICIO DE URGENCIAS;;;ENFERMEDADES OSTEOARTICULARES;OTROS;CONTUSIÓN DE OTRAS PARTES Y LAS NO ESPECIFICADAS DE LA PIERNA;No aplica;SIMPLE
447;2024;7;Web;11;11001;US- 000004066540;Otro;MUJER;59;DE 50 A 62 AÑOS;No Aplica;Contributivo;No Aplica;No Aplica;25;25377;COMPENSAR;RÉGIMEN CONTRIBUTIVO;EPS008;COMPENSAR;25;25377;01;"BARRERAS EN EL ACCESO A TECNOLOGÍAS Y SERVICIOS DE SALUD; Y OTROS ELEMENTOS COMPLEMENTARIOS PARA LA ATENCIÓN DEL USUARIO";0101;FALTA DE OPORTUNIDAD EN LA PRESTACIÓN DE TECNOLOGÍAS EN SALUD Y OTROS ELEMENTOS COMPLEMENTARIOS PARA LA ATENCIÓN DEL USUARIO;010105;FALTA DE OPORTUNIDAD EN EL PROCESO DE REFERENCIA Y CONTRARREFERENCIA;;;;;PROBLEMAS RELACIONADOS CON FACILIDADES DE ATENCIÓN MÉDICA U OTROS SERVICIOS DE SALUD;PROBLEMAS RELACIONADOS CON FACILIDADES DE ATENCIÓN MÉDICA U OTROS SERVICIOS DE SALUD;PROBLEMAS RELACIONADOS CON FACILIDADES DE ATENCIÓN MEDICA U OTROS SERVICIOS DE SALUD;No aplica;SIMPLE
448;2024;7;Web;52;52001;US- 000002318397;A nombre propio;HOMBRE;48;DE 38 A 49 AÑOS;No Aplica;Régimen Especial;No Aplica;No Aplica;52;52001;POLICIA NACIONAL;REGÍMENES DE EXCEPCIÓN Y ESPECIALES;REPN01;POLICIA NACIONAL;52;52001;01;"BARRERAS EN EL ACCESO A TECNOLOGÍAS Y SERVICIOS DE SALUD; Y OTROS ELEMENTOS COMPLEMENTARIOS PARA LA ATENCIÓN DEL USUARIO";0103;FALTA DE OPORTUNIDAD EN LA AUTORIZACIÓN DE TECNOLOGÍAS EN SALUD Y OTROS ELEMENTOS COMPLEMENTARIOS PARA LA ATENCIÓN DEL USUARIO;010302;FALTA DE OPORTUNIDAD EN LA AUTORIZACIÓN DE CITAS DE CONSULTA;01030203;ESPECIALIDADES MÉDICAS ;01030203042;GASTROENTEROLOGÍA;PROBLEMAS RELACIONADOS CON FACILIDADES DE ATENCIÓN MÉDICA U OTROS SERVICIOS DE SALUD;PROBLEMAS RELACIONADOS CON FACILIDADES DE ATENCIÓN MÉDICA U OTROS SERVICIOS DE SALUD;OTROS PROBLEMAS RELACIONADOS CON SERVICIOS MÉDICOS Y DE SALUD;No aplica;SIMPLE
449;2024;7;Web;05;05266;US- 000002919067;A nombre propio;HOMBRE;57;DE 50 A 62 AÑOS;No Aplica;Contributivo;No Aplica;No Aplica;05;05266;SURAMERICANA EPS;RÉGIMEN CONTRIBUTIVO;EPS010;EPS SURA;05;05266;01;"BARRERAS EN EL ACCESO A TECNOLOGÍAS Y SERVICIOS DE SALUD; Y OTROS ELEMENTOS COMPLEMENTARIOS PARA LA ATENCIÓN DEL USUARIO";0102;NEGACIÓN DE TECNOLOGÍAS EN SALUD Y OTROS ELEMENTOS COMPLEMENTARIOS PARA LA ATENCIÓN DEL USUARIO;010204;NEGACIÓN PARA LA ENTREGA DE TECNOLOGÍAS EN SALUD Y/O DE OTROS SERVICIOS AUTORIZADOS;01020401;MEDICAMENTOS UPC;;;PROBLEMAS RELACIONADOS CON FACILIDADES DE ATENCIÓN MÉDICA U OTROS SERVICIOS DE SALUD;PROBLEMAS RELACIONADOS CON FACILIDADES DE ATENCIÓN MÉDICA U OTROS SERVICIOS DE SALUD;NARCOLEPSIA Y CATAPLEXIA;No aplica;SIMPLE
450;2024;7;Web;05;05001;US- 000004066514;A nombre propio;MUJER;55;DE 50 A 62 AÑOS;No Aplica;Contributivo;No Aplica;No Aplica;05;05001;SALUD TOTAL;RÉGIMEN CONTRIBUTIVO;EPS002;SALUD TOTAL;05;05001;01;"BARRERAS EN EL ACCESO A TECNOLOGÍAS Y SERVICIOS DE SALUD; Y OTROS ELEMENTOS COMPLEMENTARIOS PARA LA ATENCIÓN DEL USUARIO";0101;FALTA DE OPORTUNIDAD EN LA PRESTACIÓN DE TECNOLOGÍAS EN SALUD Y OTROS ELEMENTOS COMPLEMENTARIOS PARA LA ATENCIÓN DEL USUARIO;010101;FALTA DE OPORTUNIDAD EN LAS CITAS O CONSULTAS;01010103;ESPECIALIDADES MÉDICAS ;01010103071;NEUROCIRUGÍA;ENFERMEDADES OSTEOARTICULARES;OTROS;CEFALEA;No aplica;SIMPLE
451;2024;7;Escrito;76;76111;US- 000004066542;Otro;MUJER;54;DE 50 A 62 AÑOS;No Aplica;Contributivo;No Aplica;No Aplica;76;76111;NUEVA EPS;RÉGIMEN CONTRIBUTIVO;EPS037;NUEVA EPS;76;76111;01;"BARRERAS EN EL ACCESO A TECNOLOGÍAS Y SERVICIOS DE SALUD; Y OTROS ELEMENTOS COMPLEMENTARIOS PARA LA ATENCIÓN DEL USUARIO";0101;FALTA DE OPORTUNIDAD EN LA PRESTACIÓN DE TECNOLOGÍAS EN SALUD Y OTROS ELEMENTOS COMPLEMENTARIOS PARA LA ATENCIÓN DEL USUARIO;010103;FALTA DE OPORTUNIDAD EN LA ATENCIÓN EN OTROS SERVICIOS DE SALUD;01010308;PROCEDIMIENTOS NO QUIRÚRGICOS;01010308001;IMAGENOLOGÍA;PROBLEMAS RELACIONADOS CON FACILIDADES DE ATENCIÓN MÉDICA U OTROS SERVICIOS DE SALUD;PROBLEMAS RELACIONADOS CON FACILIDADES DE ATENCIÓN MÉDICA U OTROS SERVICIOS DE SALUD;OTROS PROBLEMAS RELACIONADOS CON SERVICIOS MÉDICOS Y DE SALUD;No aplica;SIMPLE
452;2024;7;Web;11;11001;US- 000004066543;Hijo (A);MUJER;48;DE 38 A 49 AÑOS;No Aplica;Subsidiado;No Aplica;Desplazado;11;11001;CAPITAL SALUD;RÉGIMEN SUBSIDIADO;EPSS34;CAPITAL SALUD;11;11001;01;"BARRERAS EN EL ACCESO A TECNOLOGÍAS Y SERVICIOS DE SALUD; Y OTROS ELEMENTOS COMPLEMENTARIOS PARA LA ATENCIÓN DEL USUARIO";0101;FALTA DE OPORTUNIDAD EN LA PRESTACIÓN DE TECNOLOGÍAS EN SALUD Y OTROS ELEMENTOS COMPLEMENTARIOS PARA LA ATENCIÓN DEL USUARIO;010103;FALTA DE OPORTUNIDAD EN LA ATENCIÓN EN OTROS SERVICIOS DE SALUD;01010308;PROCEDIMIENTOS NO QUIRÚRGICOS;01010308006;OTROS PROCEDIMIENTOS NO QUIRÚRGICOS;ENFERMEDADES CRÓNICAS NO TRASMISIBLES CARDIOVASCULARES;OTROS;OTROS PROBLEMAS RELACIONADOS CON SERVICIOS MÉDICOS Y DE SALUD;No aplica;PRIORIZADO
453;2024;7;Web;68;68276;US- 000001527733;Otro;MUJER;63;MAYOR DE 63 AÑOS ;No Aplica;Subsidiado;No Aplica;No Aplica;54;54001;NUEVA EPS;RÉGIMEN SUBSIDIADO;EPSS41;NUEVA EPS;54;54001;01;"BARRERAS EN EL ACCESO A TECNOLOGÍAS Y SERVICIOS DE SALUD; Y OTROS ELEMENTOS COMPLEMENTARIOS PARA LA ATENCIÓN DEL USUARIO";0102;NEGACIÓN DE TECNOLOGÍAS EN SALUD Y OTROS ELEMENTOS COMPLEMENTARIOS PARA LA ATENCIÓN DEL USUARIO;010204;NEGACIÓN PARA LA ENTREGA DE TECNOLOGÍAS EN SALUD Y/O DE OTROS SERVICIOS AUTORIZADOS;01020401;MEDICAMENTOS UPC;;;PROBLEMAS RELACIONADOS CON FACILIDADES DE ATENCIÓN MÉDICA U OTROS SERVICIOS DE SALUD;PROBLEMAS RELACIONADOS CON FACILIDADES DE ATENCIÓN MÉDICA U OTROS SERVICIOS DE SALUD;OTROS PROBLEMAS RELACIONADOS CON SERVICIOS MÉDICOS Y DE SALUD;No aplica;SIMPLE
454;2024;7;Web;76;76520;US- 000000589919;A nombre propio;MUJER;76;MAYOR DE 63 AÑOS ;No Aplica;Contributivo;No Aplica;No Aplica;76;76520;SALUD TOTAL;RÉGIMEN CONTRIBUTIVO;EPS002;SALUD TOTAL;76;76520;01;"BARRERAS EN EL ACCESO A TECNOLOGÍAS Y SERVICIOS DE SALUD; Y OTROS ELEMENTOS COMPLEMENTARIOS PARA LA ATENCIÓN DEL USUARIO";0102;NEGACIÓN DE TECNOLOGÍAS EN SALUD Y OTROS ELEMENTOS COMPLEMENTARIOS PARA LA ATENCIÓN DEL USUARIO;010204;NEGACIÓN PARA LA ENTREGA DE TECNOLOGÍAS EN SALUD Y/O DE OTROS SERVICIOS AUTORIZADOS;01020401;MEDICAMENTOS UPC;;;ENFERMEDADES OSTEOARTICULARES;OTROS;OTROS TRASTORNOS DE LA REFRACCIÓN;No aplica;SIMPLE
455;2024;7;Web;63;63470;US- 000001092748;A nombre propio;MUJER;69;MAYOR DE 63 AÑOS ;No Aplica;Régimen Especial;No Aplica;No Aplica;63;63470;POLICIA NACIONAL;REGÍMENES DE EXCEPCIÓN Y ESPECIALES;REPN01;POLICIA NACIONAL;63;63001;01;"BARRERAS EN EL ACCESO A TECNOLOGÍAS Y SERVICIOS DE SALUD; Y OTROS ELEMENTOS COMPLEMENTARIOS PARA LA ATENCIÓN DEL USUARIO";0103;FALTA DE OPORTUNIDAD EN LA AUTORIZACIÓN DE TECNOLOGÍAS EN SALUD Y OTROS ELEMENTOS COMPLEMENTARIOS PARA LA ATENCIÓN DEL USUARIO;010302;FALTA DE OPORTUNIDAD EN LA AUTORIZACIÓN DE CITAS DE CONSULTA;01030203;ESPECIALIDADES MÉDICAS ;01030203088;REUMATOLOGÍA;PROBLEMAS RELACIONADOS CON FACILIDADES DE ATENCIÓN MÉDICA U OTROS SERVICIOS DE SALUD;PROBLEMAS RELACIONADOS CON FACILIDADES DE ATENCIÓN MÉDICA U OTROS SERVICIOS DE SALUD;PROBLEMAS RELACIONADOS CON FACILIDADES DE ATENCIÓN MEDICA U OTROS SERVICIOS DE SALUD;No aplica;SIMPLE
456;2024;7;Telefónico;05;05380;US- 000001559407;A nombre propio;MUJER;79;MAYOR DE 63 AÑOS ;Primaria;Contributivo;No Aplica;No Aplica;05;05380;SURAMERICANA EPS;RÉGIMEN CONTRIBUTIVO;EPS010;EPS SURA;05;05380;01;"BARRERAS EN EL ACCESO A TECNOLOGÍAS Y SERVICIOS DE SALUD; Y OTROS ELEMENTOS COMPLEMENTARIOS PARA LA ATENCIÓN DEL USUARIO";0103;FALTA DE OPORTUNIDAD EN LA AUTORIZACIÓN DE TECNOLOGÍAS EN SALUD Y OTROS ELEMENTOS COMPLEMENTARIOS PARA LA ATENCIÓN DEL USUARIO;010301;FALTA DE OPORTUNIDAD EN LA AUTORIZACIÓN DE TECNOLOGÍAS EN SALUD Y/O DE OTROS SERVICIOS;01030103;DISPOSITIVOS MÉDICOS UPC;;;ENFERMEDADES CRÓNICAS NO TRANSMISIBLES –DIABETES;DIABETES;HIPERTENSIÓN ESENCIAL (PRIMARIA);No aplica;SIMPLE
457;2024;7;Web;11;11001;US- 000004066544;A nombre propio;MUJER;62;DE 50 A 62 AÑOS;No Aplica;Contributivo;No Aplica;No Aplica;11;11001;FAMISANAR;RÉGIMEN CONTRIBUTIVO;EPS017;FAMISANAR;11;11001;01;"BARRERAS EN EL ACCESO A TECNOLOGÍAS Y SERVICIOS DE SALUD; Y OTROS ELEMENTOS COMPLEMENTARIOS PARA LA ATENCIÓN DEL USUARIO";0101;FALTA DE OPORTUNIDAD EN LA PRESTACIÓN DE TECNOLOGÍAS EN SALUD Y OTROS ELEMENTOS COMPLEMENTARIOS PARA LA ATENCIÓN DEL USUARIO;010105;FALTA DE OPORTUNIDAD EN EL PROCESO DE REFERENCIA Y CONTRARREFERENCIA;;;;;ENFERMEDADES CRÓNICAS NO TRASMISIBLES CARDIOVASCULARES;HTA (HIPERTENSIÓN ARTERIAL);HIPERTENSIÓN ESENCIAL (PRIMARIA);No aplica;PRIORIZADO
458;2024;7;Web;08;08001;US- 000004066545;A nombre propio;MUJER;60;DE 50 A 62 AÑOS;No Aplica;Contributivo;No Aplica;No Aplica;08;08001;SURAMERICANA EPS;RÉGIMEN CONTRIBUTIVO;EPS010;EPS SURA;08;08001;01;"BARRERAS EN EL ACCESO A TECNOLOGÍAS Y SERVICIOS DE SALUD; Y OTROS ELEMENTOS COMPLEMENTARIOS PARA LA ATENCIÓN DEL USUARIO";0101;FALTA DE OPORTUNIDAD EN LA PRESTACIÓN DE TECNOLOGÍAS EN SALUD Y OTROS ELEMENTOS COMPLEMENTARIOS PARA LA ATENCIÓN DEL USUARIO;010103;FALTA DE OPORTUNIDAD EN LA ATENCIÓN EN OTROS SERVICIOS DE SALUD;01010308;PROCEDIMIENTOS NO QUIRÚRGICOS;01010308001;IMAGENOLOGÍA;PROBLEMAS RELACIONADOS CON FACILIDADES DE ATENCIÓN MÉDICA U OTROS SERVICIOS DE SALUD;PROBLEMAS RELACIONADOS CON FACILIDADES DE ATENCIÓN MÉDICA U OTROS SERVICIOS DE SALUD;CEFALEA;No aplica;SIMPLE
459;2024;7;Web;19;19001;US- 000004066546;Otro;MUJER;9;DE 6 A 12 AÑOS;Primaria;Subsidiado;No Aplica;No Aplica;19;19001;ASMET SALUD EPS;RÉGIMEN SUBSIDIADO;ESS062;ASMET SALUD;19;19001;02;INSATISFACCIÓN RELACIONADA CON LA ATENCIÓN EN SALUD;0202;INSATISFACCIÓN RELACIONADA CON LA ATENCIÓN DEL PERSONAL EN SALUD;020201;INSATISFACCIÓN RELACIONADA CON LA ATENCIÓN DEL PERSONAL EN SALUD;02020103;FALTA DE IDONEIDAD EN EL TALENTO HUMANO EN SALUD;;;PROBLEMAS RELACIONADOS CON FACILIDADES DE ATENCIÓN MÉDICA U OTROS SERVICIOS DE SALUD;PROBLEMAS RELACIONADOS CON FACILIDADES DE ATENCIÓN MÉDICA U OTROS SERVICIOS DE SALUD;NAUSEA Y VOMITO;No aplica;PRIORIZADO
460;2024;7;Web;50;50006;US- 000001182857;A nombre propio;MUJER;48;DE 38 A 49 AÑOS;No Aplica;Régimen Especial;No Aplica;No Aplica;50;50006;MAGISTERIO;REGÍMENES DE EXCEPCIÓN Y ESPECIALES;REMG01;MAGISTERIO;50;50006;01;"BARRERAS EN EL ACCESO A TECNOLOGÍAS Y SERVICIOS DE SALUD; Y OTROS ELEMENTOS COMPLEMENTARIOS PARA LA ATENCIÓN DEL USUARIO";0103;FALTA DE OPORTUNIDAD EN LA AUTORIZACIÓN DE TECNOLOGÍAS EN SALUD Y OTROS ELEMENTOS COMPLEMENTARIOS PARA LA ATENCIÓN DEL USUARIO;010302;FALTA DE OPORTUNIDAD EN LA AUTORIZACIÓN DE CITAS DE CONSULTA;01030203;ESPECIALIDADES MÉDICAS ;01030203033;DERMATOLOGÍA;PROBLEMAS RELACIONADOS CON FACILIDADES DE ATENCIÓN MÉDICA U OTROS SERVICIOS DE SALUD;PROBLEMAS RELACIONADOS CON FACILIDADES DE ATENCIÓN MÉDICA U OTROS SERVICIOS DE SALUD;NEVO MELANOCÍTICO DEL MIEMBRO INFERIOR, INCLUIDA LA CADERA;No aplica;SIMPLE
461;2024;7;Web;05;05001;US- 000004066547;Otro;MUJER;16;DE 13 A 17 AÑOS;No Aplica;Régimen Especial;No Aplica;No Aplica;05;05411;FUERZAS MILITARES;REGÍMENES DE EXCEPCIÓN Y ESPECIALES;REFM01;FUERZAS MILITARES;05;05411;01;"BARRERAS EN EL ACCESO A TECNOLOGÍAS Y SERVICIOS DE SALUD; Y OTROS ELEMENTOS COMPLEMENTARIOS PARA LA ATENCIÓN DEL USUARIO";0101;FALTA DE OPORTUNIDAD EN LA PRESTACIÓN DE TECNOLOGÍAS EN SALUD Y OTROS ELEMENTOS COMPLEMENTARIOS PARA LA ATENCIÓN DEL USUARIO;010101;FALTA DE OPORTUNIDAD EN LAS CITAS O CONSULTAS;01010103;ESPECIALIDADES MÉDICAS ;01010103033;DERMATOLOGÍA;PROBLEMAS RELACIONADOS CON FACILIDADES DE ATENCIÓN MÉDICA U OTROS SERVICIOS DE SALUD;PROBLEMAS RELACIONADOS CON FACILIDADES DE ATENCIÓN MÉDICA U OTROS SERVICIOS DE SALUD;OTROS PROBLEMAS RELACIONADOS CON SERVICIOS MÉDICOS Y DE SALUD;No aplica;SIMPLE
462;2024;7;Web;66;66170;US- 000002961248;A nombre propio;HOMBRE;63;MAYOR DE 63 AÑOS ;No Aplica;Subsidiado;No Aplica;No Aplica;66;66170;SANITAS;RÉGIMEN CONTRIBUTIVO;EPS005;SANITAS;66;66170;01;"BARRERAS EN EL ACCESO A TECNOLOGÍAS Y SERVICIOS DE SALUD; Y OTROS ELEMENTOS COMPLEMENTARIOS PARA LA ATENCIÓN DEL USUARIO";0102;NEGACIÓN DE TECNOLOGÍAS EN SALUD Y OTROS ELEMENTOS COMPLEMENTARIOS PARA LA ATENCIÓN DEL USUARIO;010201;NEGACIÓN EN LA ASIGNACIÓN DE CITAS O CONSULTAS;01020103;ESPECIALIDADES MÉDICAS ;01020103022;CIRUGÍA GENERAL;PROBLEMAS RELACIONADOS CON FACILIDADES DE ATENCIÓN MÉDICA U OTROS SERVICIOS DE SALUD;PROBLEMAS RELACIONADOS CON FACILIDADES DE ATENCIÓN MÉDICA U OTROS SERVICIOS DE SALUD;OTRAS ATENCIONES MEDICAS ESPECIFICADAS;No aplica;SIMPLE
463;2024;7;Web;20;20001;US- 000004066548;Hijo (A);MUJER;66;MAYOR DE 63 AÑOS ;No Aplica;Contributivo;Afrocolombiano o Afrodescendiente;Persona con discapacidad;20;20001;SANITAS;RÉGIMEN CONTRIBUTIVO;EPS005;SANITAS;20;20001;01;"BARRERAS EN EL ACCESO A TECNOLOGÍAS Y SERVICIOS DE SALUD; Y OTROS ELEMENTOS COMPLEMENTARIOS PARA LA ATENCIÓN DEL USUARIO";0101;FALTA DE OPORTUNIDAD EN LA PRESTACIÓN DE TECNOLOGÍAS EN SALUD Y OTROS ELEMENTOS COMPLEMENTARIOS PARA LA ATENCIÓN DEL USUARIO;010103;FALTA DE OPORTUNIDAD EN LA ATENCIÓN EN OTROS SERVICIOS DE SALUD;01010305;ATENCIÓN DOMICILIARIA;;;PROBLEMAS RELACIONADOS CON FACILIDADES DE ATENCIÓN MÉDICA U OTROS SERVICIOS DE SALUD;PROBLEMAS RELACIONADOS CON FACILIDADES DE ATENCIÓN MÉDICA U OTROS SERVICIOS DE SALUD;OTROS PROBLEMAS RELACIONADOS CON SERVICIOS MÉDICOS Y DE SALUD;No aplica;SIMPLE
464;2024;7;Web;17;17001;US- 000003114957;A nombre propio;MUJER;64;MAYOR DE 63 AÑOS ;No Aplica;Contributivo;No Aplica;No Aplica;17;17001;SURAMERICANA EPS;RÉGIMEN CONTRIBUTIVO;EPS010;EPS SURA;17;17001;01;"BARRERAS EN EL ACCESO A TECNOLOGÍAS Y SERVICIOS DE SALUD; Y OTROS ELEMENTOS COMPLEMENTARIOS PARA LA ATENCIÓN DEL USUARIO";0101;FALTA DE OPORTUNIDAD EN LA PRESTACIÓN DE TECNOLOGÍAS EN SALUD Y OTROS ELEMENTOS COMPLEMENTARIOS PARA LA ATENCIÓN DEL USUARIO;010103;FALTA DE OPORTUNIDAD EN LA ATENCIÓN EN OTROS SERVICIOS DE SALUD;01010308;PROCEDIMIENTOS NO QUIRÚRGICOS;01010308006;OTROS PROCEDIMIENTOS NO QUIRÚRGICOS;CÁNCER ;OTROS;LESIÓN DE SITIOS CONTIGUOS DE LA HIPOFARINGE;No aplica;PRIORIZADO
465;2024;7;Telefónico;13;13001;US- 000004066549;Amigo (A);MUJER;49;DE 38 A 49 AÑOS;Secundaria;Subsidiado;No Aplica;No Aplica;13;13001;COOSALUD;RÉGIMEN SUBSIDIADO;ESS024;COOSALUD;13;13001;01;"BARRERAS EN EL ACCESO A TECNOLOGÍAS Y SERVICIOS DE SALUD; Y OTROS ELEMENTOS COMPLEMENTARIOS PARA LA ATENCIÓN DEL USUARIO";0102;NEGACIÓN DE TECNOLOGÍAS EN SALUD Y OTROS ELEMENTOS COMPLEMENTARIOS PARA LA ATENCIÓN DEL USUARIO;010203;NEGACIÓN EN LA ATENCIÓN EN OTROS SERVICIOS DE SALUD;01020309;PROCEDIMIENTOS QUIRÚRGICOS;01020309003;OTROS PROCEDIMIENTOS QUIRÚRGICOS;PROBLEMAS RELACIONADOS CON FACILIDADES DE ATENCIÓN MÉDICA U OTROS SERVICIOS DE SALUD;PROBLEMAS RELACIONADOS CON FACILIDADES DE ATENCIÓN MÉDICA U OTROS SERVICIOS DE SALUD;CATARATA SENIL;No aplica;PRIORIZADO
466;2024;7;Telefónico;20;20060;US- 000004066550;Madre;HOMBRE;19;DE 18 A 24 AÑOS;Secundaria;Régimen Especial;No Aplica;No Aplica;20;20060;MAGISTERIO;REGÍMENES DE EXCEPCIÓN Y ESPECIALES;REMG01;MAGISTERIO;20;20060;01;"BARRERAS EN EL ACCESO A TECNOLOGÍAS Y SERVICIOS DE SALUD; Y OTROS ELEMENTOS COMPLEMENTARIOS PARA LA ATENCIÓN DEL USUARIO";0101;FALTA DE OPORTUNIDAD EN LA PRESTACIÓN DE TECNOLOGÍAS EN SALUD Y OTROS ELEMENTOS COMPLEMENTARIOS PARA LA ATENCIÓN DEL USUARIO;010105;FALTA DE OPORTUNIDAD EN EL PROCESO DE REFERENCIA Y CONTRARREFERENCIA;;;;;ENFERMEDADES OSTEOARTICULARES;NEUROLÓGICAS;PARÁLISIS CEREBRAL ESPÁSTICA;No aplica;PRIORIZADO
467;2024;7;Personalizado;66;66170;US- 000000606640;A nombre propio;MUJER;69;MAYOR DE 63 AÑOS ;Secundaria Incompleta;Contributivo;No Aplica;No Aplica;66;66170;SALUD TOTAL;RÉGIMEN CONTRIBUTIVO;EPS002;SALUD TOTAL;66;66170;01;"BARRERAS EN EL ACCESO A TECNOLOGÍAS Y SERVICIOS DE SALUD; Y OTROS ELEMENTOS COMPLEMENTARIOS PARA LA ATENCIÓN DEL USUARIO";0102;NEGACIÓN DE TECNOLOGÍAS EN SALUD Y OTROS ELEMENTOS COMPLEMENTARIOS PARA LA ATENCIÓN DEL USUARIO;010203;NEGACIÓN EN LA ATENCIÓN EN OTROS SERVICIOS DE SALUD;01020308;PROCEDIMIENTOS NO QUIRÚRGICOS;01020308006;OTROS PROCEDIMIENTOS NO QUIRÚRGICOS;PROBLEMAS RELACIONADOS CON FACILIDADES DE ATENCIÓN MÉDICA U OTROS SERVICIOS DE SALUD;PROBLEMAS RELACIONADOS CON FACILIDADES DE ATENCIÓN MÉDICA U OTROS SERVICIOS DE SALUD;TRASTORNO DE DISCO LUMBAR Y OTROS, CON RADICULOPATÍA;No aplica;SIMPLE
468;2024;7;Web;76;76001;US- 000001220737;A nombre propio;MUJER;59;DE 50 A 62 AÑOS;No Aplica;Contributivo;No Aplica;No Aplica;76;76001;SOS -SERVICIO OCCIDENTAL DE SALUD;RÉGIMEN CONTRIBUTIVO;EPS018;SERVICIO OCCIDENTAL DE SALUD (SOS);76;76001;01;"BARRERAS EN EL ACCESO A TECNOLOGÍAS Y SERVICIOS DE SALUD; Y OTROS ELEMENTOS COMPLEMENTARIOS PARA LA ATENCIÓN DEL USUARIO";0101;FALTA DE OPORTUNIDAD EN LA PRESTACIÓN DE TECNOLOGÍAS EN SALUD Y OTROS ELEMENTOS COMPLEMENTARIOS PARA LA ATENCIÓN DEL USUARIO;010101;FALTA DE OPORTUNIDAD EN LAS CITAS O CONSULTAS;01010103;ESPECIALIDADES MÉDICAS ;01010103071;NEUROCIRUGÍA;PROBLEMAS RELACIONADOS CON FACILIDADES DE ATENCIÓN MÉDICA U OTROS SERVICIOS DE SALUD;PROBLEMAS RELACIONADOS CON FACILIDADES DE ATENCIÓN MÉDICA U OTROS SERVICIOS DE SALUD;OTROS PROBLEMAS RELACIONADOS CON SERVICIOS MÉDICOS Y DE SALUD;No aplica;SIMPLE
469;2024;7;Web;13;13001;US- 000003165015;A nombre propio;MUJER;78;MAYOR DE 63 AÑOS ;No Aplica;Contributivo;No Aplica;No Aplica;13;13001;NUEVA EPS;RÉGIMEN CONTRIBUTIVO;EPS037;NUEVA EPS;13;13001;01;"BARRERAS EN EL ACCESO A TECNOLOGÍAS Y SERVICIOS DE SALUD; Y OTROS ELEMENTOS COMPLEMENTARIOS PARA LA ATENCIÓN DEL USUARIO";0102;NEGACIÓN DE TECNOLOGÍAS EN SALUD Y OTROS ELEMENTOS COMPLEMENTARIOS PARA LA ATENCIÓN DEL USUARIO;010203;NEGACIÓN EN LA ATENCIÓN EN OTROS SERVICIOS DE SALUD;01020308;PROCEDIMIENTOS NO QUIRÚRGICOS;01020308001;IMAGENOLOGÍA;PROBLEMAS RELACIONADOS CON FACILIDADES DE ATENCIÓN MÉDICA U OTROS SERVICIOS DE SALUD;PROBLEMAS RELACIONADOS CON FACILIDADES DE ATENCIÓN MÉDICA U OTROS SERVICIOS DE SALUD;OTROS PROBLEMAS RELACIONADOS CON SERVICIOS MÉDICOS Y DE SALUD;No aplica;SIMPLE
470;2024;7;Web;15;15001;US- 000004066551;A nombre propio;HOMBRE;16;DE 13 A 17 AÑOS;No Aplica;Subsidiado;No Aplica;No Aplica;15;15001;COOSALUD;RÉGIMEN SUBSIDIADO;ESS024;COOSALUD;15;15238;01;"BARRERAS EN EL ACCESO A TECNOLOGÍAS Y SERVICIOS DE SALUD; Y OTROS ELEMENTOS COMPLEMENTARIOS PARA LA ATENCIÓN DEL USUARIO";0101;FALTA DE OPORTUNIDAD EN LA PRESTACIÓN DE TECNOLOGÍAS EN SALUD Y OTROS ELEMENTOS COMPLEMENTARIOS PARA LA ATENCIÓN DEL USUARIO;010103;FALTA DE OPORTUNIDAD EN LA ATENCIÓN EN OTROS SERVICIOS DE SALUD;01010308;PROCEDIMIENTOS NO QUIRÚRGICOS;01010308001;IMAGENOLOGÍA;PROBLEMAS RELACIONADOS CON FACILIDADES DE ATENCIÓN MÉDICA U OTROS SERVICIOS DE SALUD;PROBLEMAS RELACIONADOS CON FACILIDADES DE ATENCIÓN MÉDICA U OTROS SERVICIOS DE SALUD;OTROS PROBLEMAS RELACIONADOS CON SERVICIOS MÉDICOS Y DE SALUD;No aplica;SIMPLE
471;2024;7;Web;68;68547;US- 000004066552;Madre;MUJER;7;DE 6 A 12 AÑOS;No Aplica;Contributivo;No Aplica;No Aplica;68;68547;SURAMERICANA EPS;RÉGIMEN CONTRIBUTIVO;EPS010;EPS SURA;68;68547;01;"BARRERAS EN EL ACCESO A TECNOLOGÍAS Y SERVICIOS DE SALUD; Y OTROS ELEMENTOS COMPLEMENTARIOS PARA LA ATENCIÓN DEL USUARIO";0101;FALTA DE OPORTUNIDAD EN LA PRESTACIÓN DE TECNOLOGÍAS EN SALUD Y OTROS ELEMENTOS COMPLEMENTARIOS PARA LA ATENCIÓN DEL USUARIO;010104;FALTA DE OPORTUNIDAD EN LA ENTREGA O ENTREGA INCOMPLETA DE TECNOLOGÍAS EN SALUD Y/O PRESTACIÓN DE OTROS SERVICIOS;01010406;SOPORTE NUTRICIONAL;;;PROBLEMAS RELACIONADOS CON FACILIDADES DE ATENCIÓN MÉDICA U OTROS SERVICIOS DE SALUD;PROBLEMAS RELACIONADOS CON FACILIDADES DE ATENCIÓN MÉDICA U OTROS SERVICIOS DE SALUD;DESNUTRICIÓN PROTEICOCALORICA SEVERA, NO ESPECIFICADA;No aplica;PRIORIZADO
472;2024;7;Web;73;73001;US- 000004066553;A nombre propio;MUJER;83;MAYOR DE 63 AÑOS ;No Aplica;Contributivo;No Aplica;No Aplica;73;73001;SANITAS;RÉGIMEN CONTRIBUTIVO;EPS005;SANITAS;73;73001;01;"BARRERAS EN EL ACCESO A TECNOLOGÍAS Y SERVICIOS DE SALUD; Y OTROS ELEMENTOS COMPLEMENTARIOS PARA LA ATENCIÓN DEL USUARIO";0101;FALTA DE OPORTUNIDAD EN LA PRESTACIÓN DE TECNOLOGÍAS EN SALUD Y OTROS ELEMENTOS COMPLEMENTARIOS PARA LA ATENCIÓN DEL USUARIO;010103;FALTA DE OPORTUNIDAD EN LA ATENCIÓN EN OTROS SERVICIOS DE SALUD;01010305;ATENCIÓN DOMICILIARIA;;;ENFERMEDADES OSTEOARTICULARES;OTROS;FRACTURA DEL CUELLO DEL FÉMUR;No aplica;SIMPLE
473;2024;7;Personalizado;66;66170;US- 000002345054;A nombre propio;HOMBRE;65;MAYOR DE 63 AÑOS ;Secundaria;Contributivo;No Aplica;No Aplica;66;66170;SOS -SERVICIO OCCIDENTAL DE SALUD;RÉGIMEN CONTRIBUTIVO;EPS018;SERVICIO OCCIDENTAL DE SALUD (SOS);66;66001;01;"BARRERAS EN EL ACCESO A TECNOLOGÍAS Y SERVICIOS DE SALUD; Y OTROS ELEMENTOS COMPLEMENTARIOS PARA LA ATENCIÓN DEL USUARIO";0102;NEGACIÓN DE TECNOLOGÍAS EN SALUD Y OTROS ELEMENTOS COMPLEMENTARIOS PARA LA ATENCIÓN DEL USUARIO;010201;NEGACIÓN EN LA ASIGNACIÓN DE CITAS O CONSULTAS;01020103;ESPECIALIDADES MÉDICAS ;01020103069;NEUMOLOGÍA;ENFERMEDADES CRÓNICAS NO TRANSMISIBLES RESPIRATORIAS;EPOC (ENFERMEDAD PULMONAR OBSTRUCTIVA CRÓNICA, BRONQUITIS CRÓNICA O ENFISEMA);ENFERMEDAD PULMONAR OBSTRUCTIVA CRÓNICA, NO ESPECIFICADA;No aplica;SIMPLE
474;2024;7;Web;76;76364;US- 000001862073;Otro;MUJER;18;DE 18 A 24 AÑOS;No Aplica;Subsidiado;No Aplica;Persona con discapacidad;76;76001;EMSSANAR EPS;RÉGIMEN SUBSIDIADO;ESS118;EMSSANAR;76;76001;01;"BARRERAS EN EL ACCESO A TECNOLOGÍAS Y SERVICIOS DE SALUD; Y OTROS ELEMENTOS COMPLEMENTARIOS PARA LA ATENCIÓN DEL USUARIO";0102;NEGACIÓN DE TECNOLOGÍAS EN SALUD Y OTROS ELEMENTOS COMPLEMENTARIOS PARA LA ATENCIÓN DEL USUARIO;010201;NEGACIÓN EN LA ASIGNACIÓN DE CITAS O CONSULTAS;01020103;ESPECIALIDADES MÉDICAS ;01020103060;MEDICINA FAMILIAR;ENFERMEDADES OSTEOARTICULARES;NEUROLÓGICAS;PARÁLISIS CEREBRAL ESPÁSTICA;No aplica;PRIORIZADO
475;2024;7;Web;11;11001;US- 000004066554;A nombre propio;HOMBRE;71;MAYOR DE 63 AÑOS ;No Aplica;Contributivo;No Aplica;No Aplica;11;11001;FAMISANAR;RÉGIMEN CONTRIBUTIVO;EPS017;FAMISANAR;11;11001;01;"BARRERAS EN EL ACCESO A TECNOLOGÍAS Y SERVICIOS DE SALUD; Y OTROS ELEMENTOS COMPLEMENTARIOS PARA LA ATENCIÓN DEL USUARIO";0101;FALTA DE OPORTUNIDAD EN LA PRESTACIÓN DE TECNOLOGÍAS EN SALUD Y OTROS ELEMENTOS COMPLEMENTARIOS PARA LA ATENCIÓN DEL USUARIO;010101;FALTA DE OPORTUNIDAD EN LAS CITAS O CONSULTAS;01010103;ESPECIALIDADES MÉDICAS ;01010103031;COLOPROCTOLOGÍA;PROBLEMAS RELACIONADOS CON FACILIDADES DE ATENCIÓN MÉDICA U OTROS SERVICIOS DE SALUD;PROBLEMAS RELACIONADOS CON FACILIDADES DE ATENCIÓN MÉDICA U OTROS SERVICIOS DE SALUD;PÓLIPO DEL COLON;No aplica;SIMPLE
476;2024;7;Web;05;05001;US- 000004066555;A nombre propio;MUJER;25;DE 25 A 29 AÑOS;No Aplica;Contributivo;No Aplica;No Aplica;05;05001;SALUD TOTAL;RÉGIMEN CONTRIBUTIVO;EPS002;SALUD TOTAL;05;05001;01;"BARRERAS EN EL ACCESO A TECNOLOGÍAS Y SERVICIOS DE SALUD; Y OTROS ELEMENTOS COMPLEMENTARIOS PARA LA ATENCIÓN DEL USUARIO";0101;FALTA DE OPORTUNIDAD EN LA PRESTACIÓN DE TECNOLOGÍAS EN SALUD Y OTROS ELEMENTOS COMPLEMENTARIOS PARA LA ATENCIÓN DEL USUARIO;010103;FALTA DE OPORTUNIDAD EN LA ATENCIÓN EN OTROS SERVICIOS DE SALUD;01010309;PROCEDIMIENTOS QUIRÚRGICOS;01010309003;OTROS PROCEDIMIENTOS QUIRÚRGICOS;ENFERMEDADES CRÓNICAS NO TRANSMISIBLES- FACTORES DE RIESGO;OBESIDAD;OBESIDAD DEBIDA A EXCESO DE CALORÍAS;No aplica;SIMPLE
477;2024;7;Web;73;73001;US- 000001469222;A nombre propio;HOMBRE;73;MAYOR DE 63 AÑOS ;No Aplica;Contributivo;No Aplica;No Aplica;73;73001;SANITAS;RÉGIMEN CONTRIBUTIVO;EPS005;SANITAS;73;73001;04;INSATISFACCIÓN DEL USUARIO CON EL PROCESO ADMINISTRATIVO;0405;PROBLEMAS EN EL RECONOCIMIENTO Y/O PAGO DE PRESTACIONES ECONÓMICAS;040502;NEGACIÓN Y/O FALTA DE OPORTUNIDAD EN EL RECONOCIMIENTO DE REEMBOLSOS;04050206;TRANSPORTE, ALOJAMIENTO O ALIMENTACIÓN;;;PROBLEMAS RELACIONADOS CON FACILIDADES DE ATENCIÓN MÉDICA U OTROS SERVICIOS DE SALUD;PROBLEMAS RELACIONADOS CON FACILIDADES DE ATENCIÓN MÉDICA U OTROS SERVICIOS DE SALUD;PROBLEMAS RELACIONADOS CON FACILIDADES DE ATENCIÓN MEDICA U OTROS SERVICIOS DE SALUD;No aplica;SIMPLE
478;2024;7;Escrito;76;76001;US- 000003225668;A nombre propio;MUJER;50;DE 50 A 62 AÑOS;No Aplica;Subsidiado;No Aplica;No Aplica;76;76001;EMSSANAR EPS;RÉGIMEN SUBSIDIADO;ESS118;EMSSANAR;76;76001;01;"BARRERAS EN EL ACCESO A TECNOLOGÍAS Y SERVICIOS DE SALUD; Y OTROS ELEMENTOS COMPLEMENTARIOS PARA LA ATENCIÓN DEL USUARIO";0101;FALTA DE OPORTUNIDAD EN LA PRESTACIÓN DE TECNOLOGÍAS EN SALUD Y OTROS ELEMENTOS COMPLEMENTARIOS PARA LA ATENCIÓN DEL USUARIO;010101;FALTA DE OPORTUNIDAD EN LAS CITAS O CONSULTAS;01010103;ESPECIALIDADES MÉDICAS ;01010103039;ENDOCRINOLOGÍA;PROBLEMAS RELACIONADOS CON FACILIDADES DE ATENCIÓN MÉDICA U OTROS SERVICIOS DE SALUD;PROBLEMAS RELACIONADOS CON FACILIDADES DE ATENCIÓN MÉDICA U OTROS SERVICIOS DE SALUD;HIPERPROLACTINEMIA;No aplica;SIMPLE
479;2024;7;Web;05;05001;US- 000004066556;A nombre propio;MUJER;29;DE 25 A 29 AÑOS;No Aplica;Contributivo;Mulato ;No Aplica;05;05001;SURAMERICANA EPS;RÉGIMEN CONTRIBUTIVO;EPS010;EPS SURA;05;05001;01;"BARRERAS EN EL ACCESO A TECNOLOGÍAS Y SERVICIOS DE SALUD; Y OTROS ELEMENTOS COMPLEMENTARIOS PARA LA ATENCIÓN DEL USUARIO";0103;FALTA DE OPORTUNIDAD EN LA AUTORIZACIÓN DE TECNOLOGÍAS EN SALUD Y OTROS ELEMENTOS COMPLEMENTARIOS PARA LA ATENCIÓN DEL USUARIO;010304;FALTA DE OPORTUNIDAD EN LA AUTORIZACIÓN DE OTROS SERVICIOS DE SALUD;01030409;PROCEDIMIENTOS QUIRÚRGICOS;01030409003;OTROS PROCEDIMIENTOS QUIRÚRGICOS;ENFERMEDADES CRÓNICAS NO TRANSMISIBLES- FACTORES DE RIESGO;OBESIDAD;OBESIDAD DEBIDA A EXCESO DE CALORÍAS;No aplica;SIMPLE
480;2024;7;Personalizado;63;63001;US- 000003809721;A nombre propio;HOMBRE;46;DE 38 A 49 AÑOS;Universitario Incompleto;Contributivo;No Aplica;No Aplica;63;63001;NUEVA EPS;RÉGIMEN CONTRIBUTIVO;EPS037;NUEVA EPS;63;63001;01;"BARRERAS EN EL ACCESO A TECNOLOGÍAS Y SERVICIOS DE SALUD; Y OTROS ELEMENTOS COMPLEMENTARIOS PARA LA ATENCIÓN DEL USUARIO";0102;NEGACIÓN DE TECNOLOGÍAS EN SALUD Y OTROS ELEMENTOS COMPLEMENTARIOS PARA LA ATENCIÓN DEL USUARIO;010203;NEGACIÓN EN LA ATENCIÓN EN OTROS SERVICIOS DE SALUD;01020308;PROCEDIMIENTOS NO QUIRÚRGICOS;01020308001;IMAGENOLOGÍA;PROBLEMAS RELACIONADOS CON FACILIDADES DE ATENCIÓN MÉDICA U OTROS SERVICIOS DE SALUD;PROBLEMAS RELACIONADOS CON FACILIDADES DE ATENCIÓN MÉDICA U OTROS SERVICIOS DE SALUD;CALCULO DEL RIÑÓN;No aplica;SIMPLE
481;2024;7;Web;15;15759;US- 000001143645;Otro;HOMBRE;76;MAYOR DE 63 AÑOS ;No Aplica;Contributivo;No Aplica;No Aplica;15;15759;NUEVA EPS;RÉGIMEN CONTRIBUTIVO;EPS037;NUEVA EPS;15;15759;01;"BARRERAS EN EL ACCESO A TECNOLOGÍAS Y SERVICIOS DE SALUD; Y OTROS ELEMENTOS COMPLEMENTARIOS PARA LA ATENCIÓN DEL USUARIO";0101;FALTA DE OPORTUNIDAD EN LA PRESTACIÓN DE TECNOLOGÍAS EN SALUD Y OTROS ELEMENTOS COMPLEMENTARIOS PARA LA ATENCIÓN DEL USUARIO;010103;FALTA DE OPORTUNIDAD EN LA ATENCIÓN EN OTROS SERVICIOS DE SALUD;01010302;HOSPITALIZACIÓN;;;CÁNCER ;CÁNCER COLORECTAL;OTROS PROBLEMAS RELACIONADOS CON SERVICIOS MÉDICOS Y DE SALUD;No aplica;PRIORIZADO
482;2024;7;Web;76;76001;US- 000002504587;A nombre propio;MUJER;60;DE 50 A 62 AÑOS;No Aplica;Contributivo;No Aplica;No Aplica;76;76001;SALUD TOTAL;RÉGIMEN CONTRIBUTIVO;EPS002;SALUD TOTAL;76;76001;01;"BARRERAS EN EL ACCESO A TECNOLOGÍAS Y SERVICIOS DE SALUD; Y OTROS ELEMENTOS COMPLEMENTARIOS PARA LA ATENCIÓN DEL USUARIO";0101;FALTA DE OPORTUNIDAD EN LA PRESTACIÓN DE TECNOLOGÍAS EN SALUD Y OTROS ELEMENTOS COMPLEMENTARIOS PARA LA ATENCIÓN DEL USUARIO;010104;FALTA DE OPORTUNIDAD EN LA ENTREGA O ENTREGA INCOMPLETA DE TECNOLOGÍAS EN SALUD Y/O PRESTACIÓN DE OTROS SERVICIOS;01010401;MEDICAMENTOS UPC;;;PROBLEMAS RELACIONADOS CON FACILIDADES DE ATENCIÓN MÉDICA U OTROS SERVICIOS DE SALUD;PROBLEMAS RELACIONADOS CON FACILIDADES DE ATENCIÓN MÉDICA U OTROS SERVICIOS DE SALUD;EXAMEN DE LABORATORIO;No aplica;SIMPLE
483;2024;7;Web;11;11001;US- 000001424432;Madre;HOMBRE;5;DE 0 A 5 AÑOS;Ninguno;Contributivo;No Aplica;No Aplica;11;11001;FAMISANAR;RÉGIMEN CONTRIBUTIVO;EPS017;FAMISANAR;11;11001;04;INSATISFACCIÓN DEL USUARIO CON EL PROCESO ADMINISTRATIVO;0403;INSATISFACCIÓN RELACIONADA CON LA ATENCIÓN DEL PERSONAL ADMINISTRATIVO;040301;INSATISFACCIÓN RELACIONADA CON LA ATENCIÓN DEL PERSONAL ADMINISTRATIVO;;;;;PROBLEMAS RELACIONADOS CON FACILIDADES DE ATENCIÓN MÉDICA U OTROS SERVICIOS DE SALUD;PROBLEMAS RELACIONADOS CON FACILIDADES DE ATENCIÓN MÉDICA U OTROS SERVICIOS DE SALUD;OTRAS ATENCIONES MEDICAS ESPECIFICADAS;No aplica;SIMPLE
484;2024;7;Escrito;08;08078;US- 000000679021;Otro;HOMBRE;87;MAYOR DE 63 AÑOS ;No Aplica;Subsidiado;No Aplica;No Aplica;08;08078;NUEVA EPS;RÉGIMEN CONTRIBUTIVO;EPS037;NUEVA EPS;08;08078;01;"BARRERAS EN EL ACCESO A TECNOLOGÍAS Y SERVICIOS DE SALUD; Y OTROS ELEMENTOS COMPLEMENTARIOS PARA LA ATENCIÓN DEL USUARIO";0103;FALTA DE OPORTUNIDAD EN LA AUTORIZACIÓN DE TECNOLOGÍAS EN SALUD Y OTROS ELEMENTOS COMPLEMENTARIOS PARA LA ATENCIÓN DEL USUARIO;010301;FALTA DE OPORTUNIDAD EN LA AUTORIZACIÓN DE TECNOLOGÍAS EN SALUD Y/O DE OTROS SERVICIOS;01030101;MEDICAMENTOS UPC;;;PROBLEMAS RELACIONADOS CON FACILIDADES DE ATENCIÓN MÉDICA U OTROS SERVICIOS DE SALUD;PROBLEMAS RELACIONADOS CON FACILIDADES DE ATENCIÓN MÉDICA U OTROS SERVICIOS DE SALUD;OTROS PROBLEMAS RELACIONADOS CON SERVICIOS MÉDICOS Y DE SALUD;No aplica;SIMPLE
485;2024;7;Web;47;47189;US- 000002685571;A nombre propio;MUJER;43;DE 38 A 49 AÑOS;No Aplica;Subsidiado;No Aplica;Desplazado;47;47189;MUTUAL SER;RÉGIMEN SUBSIDIADO;ESS207;MUTUAL SER;47;47189;01;"BARRERAS EN EL ACCESO A TECNOLOGÍAS Y SERVICIOS DE SALUD; Y OTROS ELEMENTOS COMPLEMENTARIOS PARA LA ATENCIÓN DEL USUARIO";0101;FALTA DE OPORTUNIDAD EN LA PRESTACIÓN DE TECNOLOGÍAS EN SALUD Y OTROS ELEMENTOS COMPLEMENTARIOS PARA LA ATENCIÓN DEL USUARIO;010101;FALTA DE OPORTUNIDAD EN LAS CITAS O CONSULTAS;01010103;ESPECIALIDADES MÉDICAS ;01010103075;OFTALMOLOGÍA;PROBLEMAS RELACIONADOS CON FACILIDADES DE ATENCIÓN MÉDICA U OTROS SERVICIOS DE SALUD;PROBLEMAS RELACIONADOS CON FACILIDADES DE ATENCIÓN MÉDICA U OTROS SERVICIOS DE SALUD;OTROS PROBLEMAS RELACIONADOS CON SERVICIOS MÉDICOS Y DE SALUD;No aplica;SIMPLE
486;2024;7;Web;11;11001;US- 000001702885;A nombre propio;HOMBRE;46;DE 38 A 49 AÑOS;No Aplica;Contributivo;No Aplica;No Aplica;11;11001;COMPENSAR;RÉGIMEN CONTRIBUTIVO;EPS008;COMPENSAR;11;11001;01;"BARRERAS EN EL ACCESO A TECNOLOGÍAS Y SERVICIOS DE SALUD; Y OTROS ELEMENTOS COMPLEMENTARIOS PARA LA ATENCIÓN DEL USUARIO";0101;FALTA DE OPORTUNIDAD EN LA PRESTACIÓN DE TECNOLOGÍAS EN SALUD Y OTROS ELEMENTOS COMPLEMENTARIOS PARA LA ATENCIÓN DEL USUARIO;010101;FALTA DE OPORTUNIDAD EN LAS CITAS O CONSULTAS;01010101;MEDICINA GENERAL;;;PROBLEMAS RELACIONADOS CON FACILIDADES DE ATENCIÓN MÉDICA U OTROS SERVICIOS DE SALUD;PROBLEMAS RELACIONADOS CON FACILIDADES DE ATENCIÓN MÉDICA U OTROS SERVICIOS DE SALUD;OTROS PROBLEMAS RELACIONADOS CON SERVICIOS MÉDICOS Y DE SALUD;No aplica;SIMPLE
487;2024;7;Personalizado;70;70001;US- 000000317194;A nombre propio;MUJER;59;DE 50 A 62 AÑOS;Universitario Incompleto;Subsidiado;No Aplica;Desplazado;70;70001;MUTUAL SER;RÉGIMEN SUBSIDIADO;ESS207;MUTUAL SER;70;70001;01;"BARRERAS EN EL ACCESO A TECNOLOGÍAS Y SERVICIOS DE SALUD; Y OTROS ELEMENTOS COMPLEMENTARIOS PARA LA ATENCIÓN DEL USUARIO";0102;NEGACIÓN DE TECNOLOGÍAS EN SALUD Y OTROS ELEMENTOS COMPLEMENTARIOS PARA LA ATENCIÓN DEL USUARIO;010201;NEGACIÓN EN LA ASIGNACIÓN DE CITAS O CONSULTAS;01020103;ESPECIALIDADES MÉDICAS ;01020103075;OFTALMOLOGÍA;PROBLEMAS RELACIONADOS CON FACILIDADES DE ATENCIÓN MÉDICA U OTROS SERVICIOS DE SALUD;PROBLEMAS RELACIONADOS CON FACILIDADES DE ATENCIÓN MÉDICA U OTROS SERVICIOS DE SALUD;HIPERMETROPÍA;No aplica;SIMPLE
488;2024;7;Personalizado;05;05045;US- 000003792526;Madre;MUJER;7;DE 6 A 12 AÑOS;Primaria Incompleta;Subsidiado;No Aplica;Desplazado;05;05045;SAVIA SALUD;RÉGIMEN SUBSIDIADO;EPSS40;SAVIA SALUD EPS;05;05045;01;"BARRERAS EN EL ACCESO A TECNOLOGÍAS Y SERVICIOS DE SALUD; Y OTROS ELEMENTOS COMPLEMENTARIOS PARA LA ATENCIÓN DEL USUARIO";0102;NEGACIÓN DE TECNOLOGÍAS EN SALUD Y OTROS ELEMENTOS COMPLEMENTARIOS PARA LA ATENCIÓN DEL USUARIO;010201;NEGACIÓN EN LA ASIGNACIÓN DE CITAS O CONSULTAS;01020103;ESPECIALIDADES MÉDICAS ;01020103080;OTORRINOLARINGOLOGÍA;PROBLEMAS RELACIONADOS CON FACILIDADES DE ATENCIÓN MÉDICA U OTROS SERVICIOS DE SALUD;PROBLEMAS RELACIONADOS CON FACILIDADES DE ATENCIÓN MÉDICA U OTROS SERVICIOS DE SALUD;OTITIS EXTERNA, SIN OTRA ESPECIFICACIÓN;No aplica;SIMPLE
489;2024;7;Web;52;52001;US- 000000450592;Madre;MUJER;8;DE 6 A 12 AÑOS;No Aplica;Contributivo;No Aplica;No Aplica;52;52001;SANITAS;RÉGIMEN CONTRIBUTIVO;EPS005;SANITAS;52;52001;01;"BARRERAS EN EL ACCESO A TECNOLOGÍAS Y SERVICIOS DE SALUD; Y OTROS ELEMENTOS COMPLEMENTARIOS PARA LA ATENCIÓN DEL USUARIO";0102;NEGACIÓN DE TECNOLOGÍAS EN SALUD Y OTROS ELEMENTOS COMPLEMENTARIOS PARA LA ATENCIÓN DEL USUARIO;010201;NEGACIÓN EN LA ASIGNACIÓN DE CITAS O CONSULTAS;01020103;ESPECIALIDADES MÉDICAS ;01020103080;OTORRINOLARINGOLOGÍA;PROBLEMAS RELACIONADOS CON FACILIDADES DE ATENCIÓN MÉDICA U OTROS SERVICIOS DE SALUD;PROBLEMAS RELACIONADOS CON FACILIDADES DE ATENCIÓN MÉDICA U OTROS SERVICIOS DE SALUD;RINITIS ALÉRGICA, NO ESPECIFICADA;No aplica;SIMPLE
490;2024;7;Telefónico;25;25817;US- 000003206660;A nombre propio;MUJER;53;DE 50 A 62 AÑOS;Universitario Incompleto;Contributivo;No Aplica;No Aplica;25;25817;SANITAS;RÉGIMEN CONTRIBUTIVO;EPS005;SANITAS;25;25817;01;"BARRERAS EN EL ACCESO A TECNOLOGÍAS Y SERVICIOS DE SALUD; Y OTROS ELEMENTOS COMPLEMENTARIOS PARA LA ATENCIÓN DEL USUARIO";0101;FALTA DE OPORTUNIDAD EN LA PRESTACIÓN DE TECNOLOGÍAS EN SALUD Y OTROS ELEMENTOS COMPLEMENTARIOS PARA LA ATENCIÓN DEL USUARIO;010101;FALTA DE OPORTUNIDAD EN LAS CITAS O CONSULTAS;01010103;ESPECIALIDADES MÉDICAS ;01010103078;ORTOPEDIA Y TRAUMATOLOGÍA;ENFERMEDADES OSTEOARTICULARES;OTROS;SÍNDROME DE MANGUITO ROTATORIO;No aplica;SIMPLE
491;2024;7;Telefónico;11;11001;US- 000004066557;Cónyuge;HOMBRE;60;DE 50 A 62 AÑOS;Secundaria;Contributivo;No Aplica;No Aplica;11;11001;NUEVA EPS;RÉGIMEN CONTRIBUTIVO;EPS037;NUEVA EPS;11;11001;01;"BARRERAS EN EL ACCESO A TECNOLOGÍAS Y SERVICIOS DE SALUD; Y OTROS ELEMENTOS COMPLEMENTARIOS PARA LA ATENCIÓN DEL USUARIO";0101;FALTA DE OPORTUNIDAD EN LA PRESTACIÓN DE TECNOLOGÍAS EN SALUD Y OTROS ELEMENTOS COMPLEMENTARIOS PARA LA ATENCIÓN DEL USUARIO;010101;FALTA DE OPORTUNIDAD EN LAS CITAS O CONSULTAS;01010103;ESPECIALIDADES MÉDICAS ;01010103094;UROLOGÍA;PROBLEMAS RELACIONADOS CON FACILIDADES DE ATENCIÓN MÉDICA U OTROS SERVICIOS DE SALUD;PROBLEMAS RELACIONADOS CON FACILIDADES DE ATENCIÓN MÉDICA U OTROS SERVICIOS DE SALUD;TRASTORNO DE LA PRÓSTATA, NO ESPECIFICADO;No aplica;SIMPLE
492;2024;7;Web;05;05360;US- 000004066558;A nombre propio;HOMBRE;60;DE 50 A 62 AÑOS;No Aplica;Contributivo;No Aplica;No Aplica;05;05360;NUEVA EPS;RÉGIMEN CONTRIBUTIVO;EPS037;NUEVA EPS;05;05360;01;"BARRERAS EN EL ACCESO A TECNOLOGÍAS Y SERVICIOS DE SALUD; Y OTROS ELEMENTOS COMPLEMENTARIOS PARA LA ATENCIÓN DEL USUARIO";0101;FALTA DE OPORTUNIDAD EN LA PRESTACIÓN DE TECNOLOGÍAS EN SALUD Y OTROS ELEMENTOS COMPLEMENTARIOS PARA LA ATENCIÓN DEL USUARIO;010101;FALTA DE OPORTUNIDAD EN LAS CITAS O CONSULTAS;01010103;ESPECIALIDADES MÉDICAS ;01010103094;UROLOGÍA;PROBLEMAS RELACIONADOS CON FACILIDADES DE ATENCIÓN MÉDICA U OTROS SERVICIOS DE SALUD;PROBLEMAS RELACIONADOS CON FACILIDADES DE ATENCIÓN MÉDICA U OTROS SERVICIOS DE SALUD;OTRAS DIFICULTADES DE LA MICCIÓN;No aplica;SIMPLE
493;2024;7;Personalizado;05;05001;US- 000002599009;A nombre propio;HOMBRE;68;MAYOR DE 63 AÑOS ;Secundaria;Contributivo;No Aplica;No Aplica;05;05001;SALUD TOTAL;RÉGIMEN CONTRIBUTIVO;EPS002;SALUD TOTAL;05;05001;01;"BARRERAS EN EL ACCESO A TECNOLOGÍAS Y SERVICIOS DE SALUD; Y OTROS ELEMENTOS COMPLEMENTARIOS PARA LA ATENCIÓN DEL USUARIO";0103;FALTA DE OPORTUNIDAD EN LA AUTORIZACIÓN DE TECNOLOGÍAS EN SALUD Y OTROS ELEMENTOS COMPLEMENTARIOS PARA LA ATENCIÓN DEL USUARIO;010304;FALTA DE OPORTUNIDAD EN LA AUTORIZACIÓN DE OTROS SERVICIOS DE SALUD;01030409;PROCEDIMIENTOS QUIRÚRGICOS;01030409003;OTROS PROCEDIMIENTOS QUIRÚRGICOS;PROBLEMAS RELACIONADOS CON FACILIDADES DE ATENCIÓN MÉDICA U OTROS SERVICIOS DE SALUD;PROBLEMAS RELACIONADOS CON FACILIDADES DE ATENCIÓN MÉDICA U OTROS SERVICIOS DE SALUD;CATARATA SENIL NUCLEAR;No aplica;SIMPLE
494;2024;7;Personalizado;73;73001;US- 000003501949;A nombre propio;MUJER;49;DE 38 A 49 AÑOS;Universitario;Contributivo;No Aplica;No Aplica;73;73001;SALUD TOTAL;RÉGIMEN CONTRIBUTIVO;EPS002;SALUD TOTAL;73;73001;01;"BARRERAS EN EL ACCESO A TECNOLOGÍAS Y SERVICIOS DE SALUD; Y OTROS ELEMENTOS COMPLEMENTARIOS PARA LA ATENCIÓN DEL USUARIO";0101;FALTA DE OPORTUNIDAD EN LA PRESTACIÓN DE TECNOLOGÍAS EN SALUD Y OTROS ELEMENTOS COMPLEMENTARIOS PARA LA ATENCIÓN DEL USUARIO;010103;FALTA DE OPORTUNIDAD EN LA ATENCIÓN EN OTROS SERVICIOS DE SALUD;01010308;PROCEDIMIENTOS NO QUIRÚRGICOS;01010308001;IMAGENOLOGÍA;PROBLEMAS RELACIONADOS CON FACILIDADES DE ATENCIÓN MÉDICA U OTROS SERVICIOS DE SALUD;PROBLEMAS RELACIONADOS CON FACILIDADES DE ATENCIÓN MÉDICA U OTROS SERVICIOS DE SALUD;TUMOR BENIGNO DEL OVARIO;No aplica;SIMPLE
495;2024;7;Personalizado;08;08758;US- 000004066559;Hijo (A);MUJER;79;MAYOR DE 63 AÑOS ;Primaria Incompleta;Subsidiado;No Aplica;Persona con discapacidad;08;08758;NUEVA EPS;RÉGIMEN SUBSIDIADO;EPSS41;NUEVA EPS;08;08758;01;"BARRERAS EN EL ACCESO A TECNOLOGÍAS Y SERVICIOS DE SALUD; Y OTROS ELEMENTOS COMPLEMENTARIOS PARA LA ATENCIÓN DEL USUARIO";0101;FALTA DE OPORTUNIDAD EN LA PRESTACIÓN DE TECNOLOGÍAS EN SALUD Y OTROS ELEMENTOS COMPLEMENTARIOS PARA LA ATENCIÓN DEL USUARIO;010101;FALTA DE OPORTUNIDAD EN LAS CITAS O CONSULTAS;01010103;ESPECIALIDADES MÉDICAS ;01010103063;MEDICINA INTERNA;ENFERMEDADES CRÓNICAS NO TRASMISIBLES CARDIOVASCULARES;ACV (ACCIDENTE CEREBRO VASCULAR);GASTROSTOMÍA;No aplica;PRIORIZADO
496;2024;7;Web;05;05001;US- 000002294905;A nombre propio;HOMBRE;77;MAYOR DE 63 AÑOS ;No Aplica;Contributivo;No Aplica;No Aplica;05;05001;SURAMERICANA EPS;RÉGIMEN CONTRIBUTIVO;EPS010;EPS SURA;05;05001;01;"BARRERAS EN EL ACCESO A TECNOLOGÍAS Y SERVICIOS DE SALUD; Y OTROS ELEMENTOS COMPLEMENTARIOS PARA LA ATENCIÓN DEL USUARIO";0103;FALTA DE OPORTUNIDAD EN LA AUTORIZACIÓN DE TECNOLOGÍAS EN SALUD Y OTROS ELEMENTOS COMPLEMENTARIOS PARA LA ATENCIÓN DEL USUARIO;010304;FALTA DE OPORTUNIDAD EN LA AUTORIZACIÓN DE OTROS SERVICIOS DE SALUD;01030409;PROCEDIMIENTOS QUIRÚRGICOS;01030409003;OTROS PROCEDIMIENTOS QUIRÚRGICOS;ENFERMEDADES OSTEOARTICULARES;OTROS;FRACTURA DE LA EPÍFISIS INFERIOR DE LA TIBIA;No aplica;SIMPLE
497;2024;7;Personalizado;08;08758;US- 000004066560;A nombre propio;HOMBRE;71;MAYOR DE 63 AÑOS ;Primaria;Contributivo;No Aplica;No Aplica;08;08758;NUEVA EPS;RÉGIMEN SUBSIDIADO;EPSS41;NUEVA EPS;08;08001;01;"BARRERAS EN EL ACCESO A TECNOLOGÍAS Y SERVICIOS DE SALUD; Y OTROS ELEMENTOS COMPLEMENTARIOS PARA LA ATENCIÓN DEL USUARIO";0102;NEGACIÓN DE TECNOLOGÍAS EN SALUD Y OTROS ELEMENTOS COMPLEMENTARIOS PARA LA ATENCIÓN DEL USUARIO;010204;NEGACIÓN PARA LA ENTREGA DE TECNOLOGÍAS EN SALUD Y/O DE OTROS SERVICIOS AUTORIZADOS;01020401;MEDICAMENTOS UPC;;;PROBLEMAS RELACIONADOS CON FACILIDADES DE ATENCIÓN MÉDICA U OTROS SERVICIOS DE SALUD;PROBLEMAS RELACIONADOS CON FACILIDADES DE ATENCIÓN MÉDICA U OTROS SERVICIOS DE SALUD;HIPERPLASIA DE LA PRÓSTATA;No aplica;SIMPLE
498;2024;7;Web;11;11001;US- 000004066561;A nombre propio;MUJER;61;DE 50 A 62 AÑOS;No Aplica;Contributivo;No Aplica;No Aplica;11;11001;COMPENSAR;RÉGIMEN CONTRIBUTIVO;EPS008;COMPENSAR;11;11001;04;INSATISFACCIÓN DEL USUARIO CON EL PROCESO ADMINISTRATIVO;0401;INSATISFACCIÓN CON LA COMUNICACIÓN O INFORMACIÓN ENTREGADA POR PARTE DEL PERSONAL ADMINISTRATIVO;040101;INSATISFACCIÓN RELACIONADA CON INSUFICIENCIA O DEFICIENCIAS EN LA CALIDAD DE LA INFORMACIÓN BRINDADA AL USUARIO;;;;;PROBLEMAS RELACIONADOS CON FACILIDADES DE ATENCIÓN MÉDICA U OTROS SERVICIOS DE SALUD;PROBLEMAS RELACIONADOS CON FACILIDADES DE ATENCIÓN MÉDICA U OTROS SERVICIOS DE SALUD;COMPLICACIONES DE PROCEDIMIENTOS, NO ESPECIFICADA;No aplica;SIMPLE
499;2024;7;Telefónico;23;23586;US- 000004066562;Hijo (A);MUJER;71;MAYOR DE 63 AÑOS ;Primaria;Subsidiado;No Aplica;No Aplica;23;23586;NUEVA EPS;RÉGIMEN SUBSIDIADO;EPSS41;NUEVA EPS;23;23586;01;"BARRERAS EN EL ACCESO A TECNOLOGÍAS Y SERVICIOS DE SALUD; Y OTROS ELEMENTOS COMPLEMENTARIOS PARA LA ATENCIÓN DEL USUARIO";0103;FALTA DE OPORTUNIDAD EN LA AUTORIZACIÓN DE TECNOLOGÍAS EN SALUD Y OTROS ELEMENTOS COMPLEMENTARIOS PARA LA ATENCIÓN DEL USUARIO;010304;FALTA DE OPORTUNIDAD EN LA AUTORIZACIÓN DE OTROS SERVICIOS DE SALUD;01030409;PROCEDIMIENTOS QUIRÚRGICOS;01030409003;OTROS PROCEDIMIENTOS QUIRÚRGICOS;ENFERMEDADES OSTEOARTICULARES;OTROS;FRACTURA DEL FÉMUR;No aplica;PRIORIZADO
500;2024;7;Web;73;73001;US- 000002491552;A nombre propio;MUJER;83;MAYOR DE 63 AÑOS ;No Aplica;Contributivo;No Aplica;Persona con discapacidad;73;73001;SALUD TOTAL;RÉGIMEN CONTRIBUTIVO;EPS002;SALUD TOTAL;73;73001;01;"BARRERAS EN EL ACCESO A TECNOLOGÍAS Y SERVICIOS DE SALUD; Y OTROS ELEMENTOS COMPLEMENTARIOS PARA LA ATENCIÓN DEL USUARIO";0101;FALTA DE OPORTUNIDAD EN LA PRESTACIÓN DE TECNOLOGÍAS EN SALUD Y OTROS ELEMENTOS COMPLEMENTARIOS PARA LA ATENCIÓN DEL USUARIO;010101;FALTA DE OPORTUNIDAD EN LAS CITAS O CONSULTAS;01010103;ESPECIALIDADES MÉDICAS ;01010103046;GINECOLOGÍA ONCOLÓGICA;CÁNCER ;OTROS;TUMOR DE COMPORTAMIENTO INCIERTO O DESCONOCIDO DEL OVARIO;No aplica;PRIORIZADO
501;2024;7;Personalizado;08;08001;US- 000002600852;A nombre propio;HOMBRE;63;MAYOR DE 63 AÑOS ;No Aplica;Subsidiado;No Aplica;No Aplica;08;08001;NUEVA EPS;RÉGIMEN SUBSIDIADO;EPSS41;NUEVA EPS;08;08001;01;"BARRERAS EN EL ACCESO A TECNOLOGÍAS Y SERVICIOS DE SALUD; Y OTROS ELEMENTOS COMPLEMENTARIOS PARA LA ATENCIÓN DEL USUARIO";0102;NEGACIÓN DE TECNOLOGÍAS EN SALUD Y OTROS ELEMENTOS COMPLEMENTARIOS PARA LA ATENCIÓN DEL USUARIO;010201;NEGACIÓN EN LA ASIGNACIÓN DE CITAS O CONSULTAS;01020103;ESPECIALIDADES MÉDICAS ;01020103094;UROLOGÍA;PROBLEMAS RELACIONADOS CON FACILIDADES DE ATENCIÓN MÉDICA U OTROS SERVICIOS DE SALUD;PROBLEMAS RELACIONADOS CON FACILIDADES DE ATENCIÓN MÉDICA U OTROS SERVICIOS DE SALUD;HIPERPLASIA DE LA PRÓSTATA;No aplica;SIMPLE
502;2024;7;Escrito;52;52585;US- 000004066563;A nombre propio;HOMBRE;45;DE 38 A 49 AÑOS;No Aplica;Subsidiado;No Aplica;No Aplica;52;52585;EMSSANAR EPS;RÉGIMEN SUBSIDIADO;ESS118;EMSSANAR;52;52585;01;"BARRERAS EN EL ACCESO A TECNOLOGÍAS Y SERVICIOS DE SALUD; Y OTROS ELEMENTOS COMPLEMENTARIOS PARA LA ATENCIÓN DEL USUARIO";0101;FALTA DE OPORTUNIDAD EN LA PRESTACIÓN DE TECNOLOGÍAS EN SALUD Y OTROS ELEMENTOS COMPLEMENTARIOS PARA LA ATENCIÓN DEL USUARIO;010103;FALTA DE OPORTUNIDAD EN LA ATENCIÓN EN OTROS SERVICIOS DE SALUD;01010309;PROCEDIMIENTOS QUIRÚRGICOS;01010309003;OTROS PROCEDIMIENTOS QUIRÚRGICOS;REEMPLAZOS ARTICULARES PROSTÉTICOS DE CADERA O DE RODILLA;REEMPLAZOS ARTICULARES PROSTÉTICOS DE CADERA O DE RODILLA;OTROS PROBLEMAS RELACIONADOS CON SERVICIOS MÉDICOS Y DE SALUD;Reemplazos articulares;PRIORIZADO
503;2024;7;Personalizado;11;11001;US- 000004066564;A nombre propio;HOMBRE;55;DE 50 A 62 AÑOS;Primaria;Subsidiado;No Aplica;No Aplica;11;11001;CAPITAL SALUD;RÉGIMEN SUBSIDIADO;EPSS34;CAPITAL SALUD;11;11001;01;"BARRERAS EN EL ACCESO A TECNOLOGÍAS Y SERVICIOS DE SALUD; Y OTROS ELEMENTOS COMPLEMENTARIOS PARA LA ATENCIÓN DEL USUARIO";0102;NEGACIÓN DE TECNOLOGÍAS EN SALUD Y OTROS ELEMENTOS COMPLEMENTARIOS PARA LA ATENCIÓN DEL USUARIO;010203;NEGACIÓN EN LA ATENCIÓN EN OTROS SERVICIOS DE SALUD;01020309;PROCEDIMIENTOS QUIRÚRGICOS;01020309003;OTROS PROCEDIMIENTOS QUIRÚRGICOS;ENFERMEDADES CRÓNICAS NO TRANSMISIBLES- FACTORES DE RIESGO;MEDICIÓN DE FACTORES DE RIESGO;OTRAS FORMAS ESPECIFICADAS DE CATARATA;No aplica;SIMPLE
504;2024;7;Telefónico;11;11001;US- 000000010041;Tío (A);MUJER;21;DE 18 A 24 AÑOS;Ninguno;Subsidiado;No Aplica;Persona con discapacidad;11;11001;COMPENSAR;RÉGIMEN CONTRIBUTIVO;EPS008;COMPENSAR;11;11001;01;"BARRERAS EN EL ACCESO A TECNOLOGÍAS Y SERVICIOS DE SALUD; Y OTROS ELEMENTOS COMPLEMENTARIOS PARA LA ATENCIÓN DEL USUARIO";0101;FALTA DE OPORTUNIDAD EN LA PRESTACIÓN DE TECNOLOGÍAS EN SALUD Y OTROS ELEMENTOS COMPLEMENTARIOS PARA LA ATENCIÓN DEL USUARIO;010103;FALTA DE OPORTUNIDAD EN LA ATENCIÓN EN OTROS SERVICIOS DE SALUD;01010305;ATENCIÓN DOMICILIARIA;;;PROBLEMAS RELACIONADOS CON FACILIDADES DE ATENCIÓN MÉDICA U OTROS SERVICIOS DE SALUD;PROBLEMAS RELACIONADOS CON FACILIDADES DE ATENCIÓN MÉDICA U OTROS SERVICIOS DE SALUD;MICROCEFALIA;No aplica;SIMPLE
505;2024;7;Personalizado;23;23001;US- 000004066565;Amigo (A);MUJER;81;MAYOR DE 63 AÑOS ;Primaria;Subsidiado;No Aplica;No Aplica;23;23001;MUTUAL SER;RÉGIMEN SUBSIDIADO;ESS207;MUTUAL SER;23;23001;01;"BARRERAS EN EL ACCESO A TECNOLOGÍAS Y SERVICIOS DE SALUD; Y OTROS ELEMENTOS COMPLEMENTARIOS PARA LA ATENCIÓN DEL USUARIO";0102;NEGACIÓN DE TECNOLOGÍAS EN SALUD Y OTROS ELEMENTOS COMPLEMENTARIOS PARA LA ATENCIÓN DEL USUARIO;010201;NEGACIÓN EN LA ASIGNACIÓN DE CITAS O CONSULTAS;01020103;ESPECIALIDADES MÉDICAS ;01020103075;OFTALMOLOGÍA;PROBLEMAS RELACIONADOS CON FACILIDADES DE ATENCIÓN MÉDICA U OTROS SERVICIOS DE SALUD;PROBLEMAS RELACIONADOS CON FACILIDADES DE ATENCIÓN MÉDICA U OTROS SERVICIOS DE SALUD;GLAUCOMA PRIMARIO DE ANGULO ABIERTO;No aplica;SIMPLE
506;2024;7;Web;68;68307;US- 000004066566;A nombre propio;MUJER;15;DE 13 A 17 AÑOS;Secundaria;Contributivo;No Aplica;No Aplica;68;68307;NUEVA EPS;RÉGIMEN CONTRIBUTIVO;EPS037;NUEVA EPS;68;68307;01;"BARRERAS EN EL ACCESO A TECNOLOGÍAS Y SERVICIOS DE SALUD; Y OTROS ELEMENTOS COMPLEMENTARIOS PARA LA ATENCIÓN DEL USUARIO";0102;NEGACIÓN DE TECNOLOGÍAS EN SALUD Y OTROS ELEMENTOS COMPLEMENTARIOS PARA LA ATENCIÓN DEL USUARIO;010204;NEGACIÓN PARA LA ENTREGA DE TECNOLOGÍAS EN SALUD Y/O DE OTROS SERVICIOS AUTORIZADOS;01020401;MEDICAMENTOS UPC;;;PROBLEMAS RELACIONADOS CON FACILIDADES DE ATENCIÓN MÉDICA U OTROS SERVICIOS DE SALUD;PROBLEMAS RELACIONADOS CON FACILIDADES DE ATENCIÓN MÉDICA U OTROS SERVICIOS DE SALUD;DOLOR EN ARTICULACIÓN;No aplica;SIMPLE
507;2024;7;Personalizado;66;66682;US- 000003136828;A nombre propio;MUJER;62;DE 50 A 62 AÑOS;Primaria;Contributivo;No Aplica;No Aplica;66;66682;SURAMERICANA EPS;RÉGIMEN CONTRIBUTIVO;EPS010;EPS SURA;66;66170;01;"BARRERAS EN EL ACCESO A TECNOLOGÍAS Y SERVICIOS DE SALUD; Y OTROS ELEMENTOS COMPLEMENTARIOS PARA LA ATENCIÓN DEL USUARIO";0101;FALTA DE OPORTUNIDAD EN LA PRESTACIÓN DE TECNOLOGÍAS EN SALUD Y OTROS ELEMENTOS COMPLEMENTARIOS PARA LA ATENCIÓN DEL USUARIO;010101;FALTA DE OPORTUNIDAD EN LAS CITAS O CONSULTAS;01010105;PSICOLOGÍA;;;SALUD MENTAL;OTROS TRASTORNOS MENTALES;TRASTORNO DE ANSIEDAD GENERALIZADA;No aplica;PRIORIZADO
508;2024;7;Personalizado;05;05001;US- 000000544758;A nombre propio;MUJER;68;MAYOR DE 63 AÑOS ;Secundaria Incompleta;Contributivo;No Aplica;No Aplica;05;05001;SALUD TOTAL;RÉGIMEN CONTRIBUTIVO;EPS002;SALUD TOTAL;05;05360;01;"BARRERAS EN EL ACCESO A TECNOLOGÍAS Y SERVICIOS DE SALUD; Y OTROS ELEMENTOS COMPLEMENTARIOS PARA LA ATENCIÓN DEL USUARIO";0101;FALTA DE OPORTUNIDAD EN LA PRESTACIÓN DE TECNOLOGÍAS EN SALUD Y OTROS ELEMENTOS COMPLEMENTARIOS PARA LA ATENCIÓN DEL USUARIO;010101;FALTA DE OPORTUNIDAD EN LAS CITAS O CONSULTAS;01010103;ESPECIALIDADES MÉDICAS ;01010103069;NEUMOLOGÍA;PROBLEMAS RELACIONADOS CON FACILIDADES DE ATENCIÓN MÉDICA U OTROS SERVICIOS DE SALUD;PROBLEMAS RELACIONADOS CON FACILIDADES DE ATENCIÓN MÉDICA U OTROS SERVICIOS DE SALUD;ASMA PREDOMINANTEMENTE ALÉRGICA;No aplica;SIMPLE
509;2024;7;Web;05;05001;US- 000004066567;A nombre propio;HOMBRE;36;DE 30 A 37 AÑOS;No Aplica;Contributivo;No Aplica;No Aplica;05;05001;SURAMERICANA EPS;RÉGIMEN CONTRIBUTIVO;EPS010;EPS SURA;05;05001;01;"BARRERAS EN EL ACCESO A TECNOLOGÍAS Y SERVICIOS DE SALUD; Y OTROS ELEMENTOS COMPLEMENTARIOS PARA LA ATENCIÓN DEL USUARIO";0102;NEGACIÓN DE TECNOLOGÍAS EN SALUD Y OTROS ELEMENTOS COMPLEMENTARIOS PARA LA ATENCIÓN DEL USUARIO;010201;NEGACIÓN EN LA ASIGNACIÓN DE CITAS O CONSULTAS;01020104;ESPECIALIDADES ODONTOLÓGICAS;01020104014;PERIODONCIA;PROBLEMAS RELACIONADOS CON FACILIDADES DE ATENCIÓN MÉDICA U OTROS SERVICIOS DE SALUD;PROBLEMAS RELACIONADOS CON FACILIDADES DE ATENCIÓN MÉDICA U OTROS SERVICIOS DE SALUD;PERIODONTITIS CRÓNICA;No aplica;SIMPLE
510;2024;7;Telefónico;05;05088;US- 000001489245;Hijo (A);MUJER;84;MAYOR DE 63 AÑOS ;No Aplica;Contributivo;No Aplica;No Aplica;05;05088;NUEVA EPS;RÉGIMEN CONTRIBUTIVO;EPS037;NUEVA EPS;05;05088;01;"BARRERAS EN EL ACCESO A TECNOLOGÍAS Y SERVICIOS DE SALUD; Y OTROS ELEMENTOS COMPLEMENTARIOS PARA LA ATENCIÓN DEL USUARIO";0101;FALTA DE OPORTUNIDAD EN LA PRESTACIÓN DE TECNOLOGÍAS EN SALUD Y OTROS ELEMENTOS COMPLEMENTARIOS PARA LA ATENCIÓN DEL USUARIO;010101;FALTA DE OPORTUNIDAD EN LAS CITAS O CONSULTAS;01010103;ESPECIALIDADES MÉDICAS ;01010103072;NEUROLOGÍA;CÁNCER ;OTROS;TUMOR MALIGNO DE LA GLÁNDULA TIROIDES;No aplica;SIMPLE
511;2024;7;Web;85;85015;US- 000004066568;A nombre propio;MUJER;62;DE 50 A 62 AÑOS;No Aplica;Subsidiado;No Aplica;Persona con discapacidad;85;85015;CAPRESOCA;RÉGIMEN SUBSIDIADO;EPS025;CAPRESOCA;85;85015;01;"BARRERAS EN EL ACCESO A TECNOLOGÍAS Y SERVICIOS DE SALUD; Y OTROS ELEMENTOS COMPLEMENTARIOS PARA LA ATENCIÓN DEL USUARIO";0103;FALTA DE OPORTUNIDAD EN LA AUTORIZACIÓN DE TECNOLOGÍAS EN SALUD Y OTROS ELEMENTOS COMPLEMENTARIOS PARA LA ATENCIÓN DEL USUARIO;010301;FALTA DE OPORTUNIDAD EN LA AUTORIZACIÓN DE TECNOLOGÍAS EN SALUD Y/O DE OTROS SERVICIOS;01030101;MEDICAMENTOS UPC;;;SALUD MENTAL;OTROS TRASTORNOS MENTALES;EMBOLIA Y TROMBOSIS DE VENA NO ESPECIFICADA;No aplica;PRIORIZADO
512;2024;7;Web;76;76001;US- 000004066569;A nombre propio;MUJER;25;DE 25 A 29 AÑOS;No Aplica;Contributivo;No Aplica;No Aplica;76;76001;NUEVA EPS;RÉGIMEN CONTRIBUTIVO;EPS037;NUEVA EPS;76;76001;01;"BARRERAS EN EL ACCESO A TECNOLOGÍAS Y SERVICIOS DE SALUD; Y OTROS ELEMENTOS COMPLEMENTARIOS PARA LA ATENCIÓN DEL USUARIO";0101;FALTA DE OPORTUNIDAD EN LA PRESTACIÓN DE TECNOLOGÍAS EN SALUD Y OTROS ELEMENTOS COMPLEMENTARIOS PARA LA ATENCIÓN DEL USUARIO;010101;FALTA DE OPORTUNIDAD EN LAS CITAS O CONSULTAS;01010103;ESPECIALIDADES MÉDICAS ;01010103080;OTORRINOLARINGOLOGÍA;PROBLEMAS RELACIONADOS CON FACILIDADES DE ATENCIÓN MÉDICA U OTROS SERVICIOS DE SALUD;PROBLEMAS RELACIONADOS CON FACILIDADES DE ATENCIÓN MÉDICA U OTROS SERVICIOS DE SALUD;MASTOIDITIS CRÓNICA;No aplica;SIMPLE
513;2024;7;Web;05;05001;US- 000003079219;A nombre propio;HOMBRE;50;DE 50 A 62 AÑOS;No Aplica;Contributivo;No Aplica;Desplazado;05;05001;SANITAS;RÉGIMEN CONTRIBUTIVO;EPS005;SANITAS;05;05001;01;"BARRERAS EN EL ACCESO A TECNOLOGÍAS Y SERVICIOS DE SALUD; Y OTROS ELEMENTOS COMPLEMENTARIOS PARA LA ATENCIÓN DEL USUARIO";0101;FALTA DE OPORTUNIDAD EN LA PRESTACIÓN DE TECNOLOGÍAS EN SALUD Y OTROS ELEMENTOS COMPLEMENTARIOS PARA LA ATENCIÓN DEL USUARIO;010101;FALTA DE OPORTUNIDAD EN LAS CITAS O CONSULTAS;01010103;ESPECIALIDADES MÉDICAS ;01010103078;ORTOPEDIA Y TRAUMATOLOGÍA;VIH SIDA Y OTRAS ET SEXUAL;VIH SIDA;ESGUINCES Y TORCEDURAS QUE COMPROMETEN EL LIGAMENTO CRUZADO (ANTERIOR) (POSTERIOR) DE LA RODILLA;Diagnóstico y manejo del paciente infectado por VIH;PRIORIZADO
514;2024;7;Personalizado;17;17873;US- 000001058130;A nombre propio;MUJER;51;DE 50 A 62 AÑOS;Secundaria Incompleta;Contributivo;No Aplica;No Aplica;17;17873;NUEVA EPS;RÉGIMEN CONTRIBUTIVO;EPS037;NUEVA EPS;17;17001;01;"BARRERAS EN EL ACCESO A TECNOLOGÍAS Y SERVICIOS DE SALUD; Y OTROS ELEMENTOS COMPLEMENTARIOS PARA LA ATENCIÓN DEL USUARIO";0102;NEGACIÓN DE TECNOLOGÍAS EN SALUD Y OTROS ELEMENTOS COMPLEMENTARIOS PARA LA ATENCIÓN DEL USUARIO;010203;NEGACIÓN EN LA ATENCIÓN EN OTROS SERVICIOS DE SALUD;01020309;PROCEDIMIENTOS QUIRÚRGICOS;01020309003;OTROS PROCEDIMIENTOS QUIRÚRGICOS;PROBLEMAS RELACIONADOS CON FACILIDADES DE ATENCIÓN MÉDICA U OTROS SERVICIOS DE SALUD;PROBLEMAS RELACIONADOS CON FACILIDADES DE ATENCIÓN MÉDICA U OTROS SERVICIOS DE SALUD;TUMOR BENIGNO DEL HIGADO;No aplica;SIMPLE
515;2024;7;Personalizado;27;27001;US- 000004066570;A nombre propio;MUJER;28;DE 25 A 29 AÑOS;Universitario Incompleto;Subsidiado;Afrocolombiano o Afrodescendiente;No Aplica;27;27001;CCF DEL CHOCÓ -COMFACHOCO;RÉGIMEN SUBSIDIADO;CCF102;"CCF CHOCÓ ""CONMFACHOCÓ""";27;27001;01;"BARRERAS EN EL ACCESO A TECNOLOGÍAS Y SERVICIOS DE SALUD; Y OTROS ELEMENTOS COMPLEMENTARIOS PARA LA ATENCIÓN DEL USUARIO";0103;FALTA DE OPORTUNIDAD EN LA AUTORIZACIÓN DE TECNOLOGÍAS EN SALUD Y OTROS ELEMENTOS COMPLEMENTARIOS PARA LA ATENCIÓN DEL USUARIO;010302;FALTA DE OPORTUNIDAD EN LA AUTORIZACIÓN DE CITAS DE CONSULTA;01030203;ESPECIALIDADES MÉDICAS ;01030203072;NEUROLOGÍA;PROBLEMAS RELACIONADOS CON FACILIDADES DE ATENCIÓN MÉDICA U OTROS SERVICIOS DE SALUD;PROBLEMAS RELACIONADOS CON FACILIDADES DE ATENCIÓN MÉDICA U OTROS SERVICIOS DE SALUD;OTRAS HIDRONEFROSIS Y LAS NO ESPECIFICADAS;No aplica;SIMPLE
516;2024;7;Personalizado;68;68276;US- 000004066571;Cónyuge;MUJER;64;MAYOR DE 63 AÑOS ;Primaria;Contributivo;No Aplica;No Aplica;68;68276;SALUD TOTAL;RÉGIMEN CONTRIBUTIVO;EPS002;SALUD TOTAL;68;68001;01;"BARRERAS EN EL ACCESO A TECNOLOGÍAS Y SERVICIOS DE SALUD; Y OTROS ELEMENTOS COMPLEMENTARIOS PARA LA ATENCIÓN DEL USUARIO";0101;FALTA DE OPORTUNIDAD EN LA PRESTACIÓN DE TECNOLOGÍAS EN SALUD Y OTROS ELEMENTOS COMPLEMENTARIOS PARA LA ATENCIÓN DEL USUARIO;010104;FALTA DE OPORTUNIDAD EN LA ENTREGA O ENTREGA INCOMPLETA DE TECNOLOGÍAS EN SALUD Y/O PRESTACIÓN DE OTROS SERVICIOS;01010401;MEDICAMENTOS UPC;;;ENFERMEDADES OSTEOARTICULARES;ARTRITIS REUMATOIDEA;CONJUNTIVITIS CRÓNICA;No aplica;SIMPLE
517;2024;7;Web;08;08001;US- 000002099247;A nombre propio;MUJER;68;MAYOR DE 63 AÑOS ;No Aplica;Subsidiado;No Aplica;No Aplica;08;08001;CAJACOPI EPS;RÉGIMEN SUBSIDIADO;CCF055;CAJACOPI EPS;08;08001;01;"BARRERAS EN EL ACCESO A TECNOLOGÍAS Y SERVICIOS DE SALUD; Y OTROS ELEMENTOS COMPLEMENTARIOS PARA LA ATENCIÓN DEL USUARIO";0101;FALTA DE OPORTUNIDAD EN LA PRESTACIÓN DE TECNOLOGÍAS EN SALUD Y OTROS ELEMENTOS COMPLEMENTARIOS PARA LA ATENCIÓN DEL USUARIO;010104;FALTA DE OPORTUNIDAD EN LA ENTREGA O ENTREGA INCOMPLETA DE TECNOLOGÍAS EN SALUD Y/O PRESTACIÓN DE OTROS SERVICIOS;01010403;DISPOSITIVOS MÉDICOS UPC;;;PROBLEMAS RELACIONADOS CON FACILIDADES DE ATENCIÓN MÉDICA U OTROS SERVICIOS DE SALUD;PROBLEMAS RELACIONADOS CON FACILIDADES DE ATENCIÓN MÉDICA U OTROS SERVICIOS DE SALUD;HIPOACUSIA NEUROSENSORIAL, SIN OTRA ESPECIFICACIÓN;No aplica;SIMPLE
518;2024;7;Personalizado;23;23001;US- 000003768111;Hijo (A);MUJER;69;MAYOR DE 63 AÑOS ;Primaria;Subsidiado;No Aplica;Desplazado;23;23001;MUTUAL SER;RÉGIMEN SUBSIDIADO;ESS207;MUTUAL SER;23;23001;01;"BARRERAS EN EL ACCESO A TECNOLOGÍAS Y SERVICIOS DE SALUD; Y OTROS ELEMENTOS COMPLEMENTARIOS PARA LA ATENCIÓN DEL USUARIO";0102;NEGACIÓN DE TECNOLOGÍAS EN SALUD Y OTROS ELEMENTOS COMPLEMENTARIOS PARA LA ATENCIÓN DEL USUARIO;010203;NEGACIÓN EN LA ATENCIÓN EN OTROS SERVICIOS DE SALUD;01020308;PROCEDIMIENTOS NO QUIRÚRGICOS;01020308001;IMAGENOLOGÍA;PROBLEMAS RELACIONADOS CON FACILIDADES DE ATENCIÓN MÉDICA U OTROS SERVICIOS DE SALUD;PROBLEMAS RELACIONADOS CON FACILIDADES DE ATENCIÓN MÉDICA U OTROS SERVICIOS DE SALUD;CISTOCELE;No aplica;SIMPLE
519;2024;7;Telefónico;11;11001;US- 000002813539;Hijo (A);HOMBRE;76;MAYOR DE 63 AÑOS ;Primaria Incompleta;Contributivo;No Aplica;No Aplica;11;11001;FAMISANAR;RÉGIMEN CONTRIBUTIVO;EPS017;FAMISANAR;25;25386;01;"BARRERAS EN EL ACCESO A TECNOLOGÍAS Y SERVICIOS DE SALUD; Y OTROS ELEMENTOS COMPLEMENTARIOS PARA LA ATENCIÓN DEL USUARIO";0101;FALTA DE OPORTUNIDAD EN LA PRESTACIÓN DE TECNOLOGÍAS EN SALUD Y OTROS ELEMENTOS COMPLEMENTARIOS PARA LA ATENCIÓN DEL USUARIO;010101;FALTA DE OPORTUNIDAD EN LAS CITAS O CONSULTAS;01010103;ESPECIALIDADES MÉDICAS ;01010103094;UROLOGÍA;ENFERMEDADES CRÓNICAS NO TRASMISIBLES CARDIOVASCULARES;HTA (HIPERTENSIÓN ARTERIAL);HIPERTENSIÓN ESENCIAL (PRIMARIA);No aplica;SIMPLE
520;2024;7;Web;73;73861;US- 000002341672;A nombre propio;HOMBRE;21;DE 18 A 24 AÑOS;No Aplica;Subsidiado;No Aplica;No Aplica;73;73861;SALUD TOTAL;RÉGIMEN CONTRIBUTIVO;EPS002;SALUD TOTAL;73;73861;01;"BARRERAS EN EL ACCESO A TECNOLOGÍAS Y SERVICIOS DE SALUD; Y OTROS ELEMENTOS COMPLEMENTARIOS PARA LA ATENCIÓN DEL USUARIO";0103;FALTA DE OPORTUNIDAD EN LA AUTORIZACIÓN DE TECNOLOGÍAS EN SALUD Y OTROS ELEMENTOS COMPLEMENTARIOS PARA LA ATENCIÓN DEL USUARIO;010301;FALTA DE OPORTUNIDAD EN LA AUTORIZACIÓN DE TECNOLOGÍAS EN SALUD Y/O DE OTROS SERVICIOS;01030101;MEDICAMENTOS UPC;;;SALUD MENTAL;OTROS TRASTORNOS MENTALES;ESQUIZOFRENIA PARANOIDE;No aplica;PRIORIZADO
521;2024;7;Web;05;05088;US- 000003099645;Hijo (A);MUJER;84;MAYOR DE 63 AÑOS ;No Aplica;Subsidiado;No Aplica;No Aplica;05;05001;SAVIA SALUD;RÉGIMEN SUBSIDIADO;EPSS40;SAVIA SALUD EPS;05;05001;01;"BARRERAS EN EL ACCESO A TECNOLOGÍAS Y SERVICIOS DE SALUD; Y OTROS ELEMENTOS COMPLEMENTARIOS PARA LA ATENCIÓN DEL USUARIO";0101;FALTA DE OPORTUNIDAD EN LA PRESTACIÓN DE TECNOLOGÍAS EN SALUD Y OTROS ELEMENTOS COMPLEMENTARIOS PARA LA ATENCIÓN DEL USUARIO;010101;FALTA DE OPORTUNIDAD EN LAS CITAS O CONSULTAS;01010103;ESPECIALIDADES MÉDICAS ;01010103033;DERMATOLOGÍA;CÁNCER ;OTROS;TUMOR MALIGNO DE LA PIEL DE OTRAS PARTES Y DE LAS NO ESPECIFICADAS DE LA CARA;No aplica;PRIORIZADO
522;2024;7;Web;15;15218;US- 000004066572;A nombre propio;HOMBRE;15;DE 13 A 17 AÑOS;No Aplica;Subsidiado;No Aplica;No Aplica;15;15218;COOSALUD;RÉGIMEN SUBSIDIADO;ESS024;COOSALUD;15;15238;01;"BARRERAS EN EL ACCESO A TECNOLOGÍAS Y SERVICIOS DE SALUD; Y OTROS ELEMENTOS COMPLEMENTARIOS PARA LA ATENCIÓN DEL USUARIO";0101;FALTA DE OPORTUNIDAD EN LA PRESTACIÓN DE TECNOLOGÍAS EN SALUD Y OTROS ELEMENTOS COMPLEMENTARIOS PARA LA ATENCIÓN DEL USUARIO;010101;FALTA DE OPORTUNIDAD EN LAS CITAS O CONSULTAS;01010103;ESPECIALIDADES MÉDICAS ;01010103083;PSIQUIATRÍA;PROBLEMAS RELACIONADOS CON FACILIDADES DE ATENCIÓN MÉDICA U OTROS SERVICIOS DE SALUD;PROBLEMAS RELACIONADOS CON FACILIDADES DE ATENCIÓN MÉDICA U OTROS SERVICIOS DE SALUD;OTROS PROBLEMAS RELACIONADOS CON SERVICIOS MÉDICOS Y DE SALUD;No aplica;SIMPLE
523;2024;7;Web;76;76001;US- 000003989065;Otro;MUJER;2;DE 0 A 5 AÑOS;No Aplica;Contributivo;No Aplica;No Aplica;76;76001;SOS -SERVICIO OCCIDENTAL DE SALUD;RÉGIMEN CONTRIBUTIVO;EPS018;SERVICIO OCCIDENTAL DE SALUD (SOS);76;76001;04;INSATISFACCIÓN DEL USUARIO CON EL PROCESO ADMINISTRATIVO;0404;INSATISFACCIÓN RELACIONADA CON TRÁMITES ADMINISTRATIVOS;040401;RESTRICCIÓN EN LA LIBRE ESCOGENCIA;04040101;EPS;;;PROBLEMAS RELACIONADOS CON FACILIDADES DE ATENCIÓN MÉDICA U OTROS SERVICIOS DE SALUD;PROBLEMAS RELACIONADOS CON FACILIDADES DE ATENCIÓN MÉDICA U OTROS SERVICIOS DE SALUD;PROBLEMAS RELACIONADOS CON FACILIDADES DE ATENCIÓN MEDICA U OTROS SERVICIOS DE SALUD;No aplica;SIMPLE
524;2024;7;Escrito;54;54001;US- 000004066573;Otro;MUJER;85;MAYOR DE 63 AÑOS ;No Aplica;Subsidiado;No Aplica;No Aplica;54;54520;NUEVA EPS;RÉGIMEN SUBSIDIADO;EPSS41;NUEVA EPS;54;54001;01;"BARRERAS EN EL ACCESO A TECNOLOGÍAS Y SERVICIOS DE SALUD; Y OTROS ELEMENTOS COMPLEMENTARIOS PARA LA ATENCIÓN DEL USUARIO";0101;FALTA DE OPORTUNIDAD EN LA PRESTACIÓN DE TECNOLOGÍAS EN SALUD Y OTROS ELEMENTOS COMPLEMENTARIOS PARA LA ATENCIÓN DEL USUARIO;010104;FALTA DE OPORTUNIDAD EN LA ENTREGA O ENTREGA INCOMPLETA DE TECNOLOGÍAS EN SALUD Y/O PRESTACIÓN DE OTROS SERVICIOS;01010401;MEDICAMENTOS UPC;;;PROBLEMAS RELACIONADOS CON FACILIDADES DE ATENCIÓN MÉDICA U OTROS SERVICIOS DE SALUD;PROBLEMAS RELACIONADOS CON FACILIDADES DE ATENCIÓN MÉDICA U OTROS SERVICIOS DE SALUD;ACCIDENTE VASCULAR ENCEFÁLICO AGUDO, NO ESPECIFICADO COMO HEMORRÁGICO O ISQUÉMICO;No aplica;SIMPLE
525;2024;7;Escrito;08;08078;US- 000003307128;Otro;HOMBRE;42;DE 38 A 49 AÑOS;No Aplica;Subsidiado;No Aplica;No Aplica;08;08078;NUEVA EPS;RÉGIMEN SUBSIDIADO;EPSS41;NUEVA EPS;08;08078;01;"BARRERAS EN EL ACCESO A TECNOLOGÍAS Y SERVICIOS DE SALUD; Y OTROS ELEMENTOS COMPLEMENTARIOS PARA LA ATENCIÓN DEL USUARIO";0101;FALTA DE OPORTUNIDAD EN LA PRESTACIÓN DE TECNOLOGÍAS EN SALUD Y OTROS ELEMENTOS COMPLEMENTARIOS PARA LA ATENCIÓN DEL USUARIO;010103;FALTA DE OPORTUNIDAD EN LA ATENCIÓN EN OTROS SERVICIOS DE SALUD;01010309;PROCEDIMIENTOS QUIRÚRGICOS;01010309003;OTROS PROCEDIMIENTOS QUIRÚRGICOS;PROBLEMAS RELACIONADOS CON FACILIDADES DE ATENCIÓN MÉDICA U OTROS SERVICIOS DE SALUD;PROBLEMAS RELACIONADOS CON FACILIDADES DE ATENCIÓN MÉDICA U OTROS SERVICIOS DE SALUD;OTROS PROBLEMAS RELACIONADOS CON SERVICIOS MÉDICOS Y DE SALUD;No aplica;SIMPLE
526;2024;7;Web;15;15238;US- 000003986784;A nombre propio;HOMBRE;78;MAYOR DE 63 AÑOS ;No Aplica;Contributivo;No Aplica;No Aplica;15;15238;SANITAS;RÉGIMEN CONTRIBUTIVO;EPS005;SANITAS;15;15238;01;"BARRERAS EN EL ACCESO A TECNOLOGÍAS Y SERVICIOS DE SALUD; Y OTROS ELEMENTOS COMPLEMENTARIOS PARA LA ATENCIÓN DEL USUARIO";0102;NEGACIÓN DE TECNOLOGÍAS EN SALUD Y OTROS ELEMENTOS COMPLEMENTARIOS PARA LA ATENCIÓN DEL USUARIO;010201;NEGACIÓN EN LA ASIGNACIÓN DE CITAS O CONSULTAS;01020103;ESPECIALIDADES MÉDICAS ;01020103006;CARDIOLOGÍA;ENFERMEDADES CRÓNICAS NO TRASMISIBLES CARDIOVASCULARES;OTROS;DIABETES MELLITUS INSULINODEPENDIENTE CON COMPLICACIONES MÚLTIPLES;No aplica;SIMPLE
527;2024;7;Personalizado;76;76001;US- 000003143424;Cónyuge;MUJER;64;MAYOR DE 63 AÑOS ;Secundaria;Subsidiado;Afrocolombiano o Afrodescendiente;No Aplica;76;76001;SOS -SERVICIO OCCIDENTAL DE SALUD;RÉGIMEN CONTRIBUTIVO;EPS018;SERVICIO OCCIDENTAL DE SALUD (SOS);76;76001;01;"BARRERAS EN EL ACCESO A TECNOLOGÍAS Y SERVICIOS DE SALUD; Y OTROS ELEMENTOS COMPLEMENTARIOS PARA LA ATENCIÓN DEL USUARIO";0102;NEGACIÓN DE TECNOLOGÍAS EN SALUD Y OTROS ELEMENTOS COMPLEMENTARIOS PARA LA ATENCIÓN DEL USUARIO;010201;NEGACIÓN EN LA ASIGNACIÓN DE CITAS O CONSULTAS;01020103;ESPECIALIDADES MÉDICAS ;01020103006;CARDIOLOGÍA;ENFERMEDADES CRÓNICAS NO TRASMISIBLES CARDIOVASCULARES;ICC (INSUFICIENCIA CARDIACA CONGESTIVA);INSUFICIENCIA CARDIACA CONGESTIVA;No aplica;PRIORIZADO
528;2024;7;Web;11;11001;US- 000003200196;A nombre propio;MUJER;60;DE 50 A 62 AÑOS;No Aplica;Contributivo;No Aplica;No Aplica;11;11001;NUEVA EPS;RÉGIMEN CONTRIBUTIVO;EPS037;NUEVA EPS;11;11001;01;"BARRERAS EN EL ACCESO A TECNOLOGÍAS Y SERVICIOS DE SALUD; Y OTROS ELEMENTOS COMPLEMENTARIOS PARA LA ATENCIÓN DEL USUARIO";0102;NEGACIÓN DE TECNOLOGÍAS EN SALUD Y OTROS ELEMENTOS COMPLEMENTARIOS PARA LA ATENCIÓN DEL USUARIO;010203;NEGACIÓN EN LA ATENCIÓN EN OTROS SERVICIOS DE SALUD;01020309;PROCEDIMIENTOS QUIRÚRGICOS;01020309003;OTROS PROCEDIMIENTOS QUIRÚRGICOS;PROBLEMAS RELACIONADOS CON FACILIDADES DE ATENCIÓN MÉDICA U OTROS SERVICIOS DE SALUD;PROBLEMAS RELACIONADOS CON FACILIDADES DE ATENCIÓN MÉDICA U OTROS SERVICIOS DE SALUD;PROBLEMAS RELACIONADOS CON FACILIDADES DE ATENCIÓN MEDICA U OTROS SERVICIOS DE SALUD;No aplica;SIMPLE
529;2024;7;Escrito;05;05887;US- 000003158980;A nombre propio;HOMBRE;79;MAYOR DE 63 AÑOS ;Ninguno;Subsidiado;No Aplica;No Aplica;05;05887;SAVIA SALUD;RÉGIMEN SUBSIDIADO;EPSS40;SAVIA SALUD EPS;05;05887;01;"BARRERAS EN EL ACCESO A TECNOLOGÍAS Y SERVICIOS DE SALUD; Y OTROS ELEMENTOS COMPLEMENTARIOS PARA LA ATENCIÓN DEL USUARIO";0101;FALTA DE OPORTUNIDAD EN LA PRESTACIÓN DE TECNOLOGÍAS EN SALUD Y OTROS ELEMENTOS COMPLEMENTARIOS PARA LA ATENCIÓN DEL USUARIO;010103;FALTA DE OPORTUNIDAD EN LA ATENCIÓN EN OTROS SERVICIOS DE SALUD;01010308;PROCEDIMIENTOS NO QUIRÚRGICOS;01010308006;OTROS PROCEDIMIENTOS NO QUIRÚRGICOS;PROBLEMAS RELACIONADOS CON FACILIDADES DE ATENCIÓN MÉDICA U OTROS SERVICIOS DE SALUD;PROBLEMAS RELACIONADOS CON FACILIDADES DE ATENCIÓN MÉDICA U OTROS SERVICIOS DE SALUD;TINNITUS;No aplica;SIMPLE
530;2024;7;Telefónico;11;11001;US- 000002332373;Hijo (A);MUJER;58;DE 50 A 62 AÑOS;No Aplica;Subsidiado;No Aplica;No Aplica;11;11001;COMPENSAR;RÉGIMEN CONTRIBUTIVO;EPS008;COMPENSAR;11;11001;01;"BARRERAS EN EL ACCESO A TECNOLOGÍAS Y SERVICIOS DE SALUD; Y OTROS ELEMENTOS COMPLEMENTARIOS PARA LA ATENCIÓN DEL USUARIO";0103;FALTA DE OPORTUNIDAD EN LA AUTORIZACIÓN DE TECNOLOGÍAS EN SALUD Y OTROS ELEMENTOS COMPLEMENTARIOS PARA LA ATENCIÓN DEL USUARIO;010301;FALTA DE OPORTUNIDAD EN LA AUTORIZACIÓN DE TECNOLOGÍAS EN SALUD Y/O DE OTROS SERVICIOS;01030101;MEDICAMENTOS UPC;;;PROBLEMAS RELACIONADOS CON FACILIDADES DE ATENCIÓN MÉDICA U OTROS SERVICIOS DE SALUD;PROBLEMAS RELACIONADOS CON FACILIDADES DE ATENCIÓN MÉDICA U OTROS SERVICIOS DE SALUD;PROBLEMAS RELACIONADOS CON FACILIDADES DE ATENCIÓN MEDICA U OTROS SERVICIOS DE SALUD;No aplica;PRIORIZADO
531;2024;7;Telefónico;13;13430;US- 000003485616;A nombre propio;HOMBRE;43;DE 38 A 49 AÑOS;Primaria;Contributivo;No Aplica;No Aplica;13;13430;MUTUAL SER;RÉGIMEN CONTRIBUTIVO;EPS048;MUTUAL SER;13;13001;04;INSATISFACCIÓN DEL USUARIO CON EL PROCESO ADMINISTRATIVO;0405;PROBLEMAS EN EL RECONOCIMIENTO Y/O PAGO DE PRESTACIONES ECONÓMICAS;040501;NO RECONOCIMIENTO Y/O PAGO DE LAS PRESTACIONES ECONÓMICAS;04050107;INCAPACIDAD DE ENFERMEDAD GENERAL;;;PROBLEMAS RELACIONADOS CON FACILIDADES DE ATENCIÓN MÉDICA U OTROS SERVICIOS DE SALUD;PROBLEMAS RELACIONADOS CON FACILIDADES DE ATENCIÓN MÉDICA U OTROS SERVICIOS DE SALUD;PROBLEMAS RELACIONADOS CON FACILIDADES DE ATENCIÓN MEDICA U OTROS SERVICIOS DE SALUD;No aplica;SIMPLE
532;2024;7;Escrito;68;68001;US- 000004066574;Otro;MUJER;74;MAYOR DE 63 AÑOS ;No Aplica;Subsidiado;No Aplica;No Aplica;68;68276;SALUD TOTAL;RÉGIMEN CONTRIBUTIVO;EPS002;SALUD TOTAL;68;68276;01;"BARRERAS EN EL ACCESO A TECNOLOGÍAS Y SERVICIOS DE SALUD; Y OTROS ELEMENTOS COMPLEMENTARIOS PARA LA ATENCIÓN DEL USUARIO";0101;FALTA DE OPORTUNIDAD EN LA PRESTACIÓN DE TECNOLOGÍAS EN SALUD Y OTROS ELEMENTOS COMPLEMENTARIOS PARA LA ATENCIÓN DEL USUARIO;010105;FALTA DE OPORTUNIDAD EN EL PROCESO DE REFERENCIA Y CONTRARREFERENCIA;;;;;PROBLEMAS RELACIONADOS CON FACILIDADES DE ATENCIÓN MÉDICA U OTROS SERVICIOS DE SALUD;PROBLEMAS RELACIONADOS CON FACILIDADES DE ATENCIÓN MÉDICA U OTROS SERVICIOS DE SALUD;EMBOLIA Y TROMBOSIS DE ARTERIA NO ESPECIFICADA;No aplica;PRIORIZADO
533;2024;7;Web;05;05001;US- 000000047511;A nombre propio;MUJER;35;DE 30 A 37 AÑOS;No Aplica;Contributivo;No Aplica;No Aplica;05;05001;SALUD TOTAL;RÉGIMEN CONTRIBUTIVO;EPS002;SALUD TOTAL;05;05001;01;"BARRERAS EN EL ACCESO A TECNOLOGÍAS Y SERVICIOS DE SALUD; Y OTROS ELEMENTOS COMPLEMENTARIOS PARA LA ATENCIÓN DEL USUARIO";0102;NEGACIÓN DE TECNOLOGÍAS EN SALUD Y OTROS ELEMENTOS COMPLEMENTARIOS PARA LA ATENCIÓN DEL USUARIO;010204;NEGACIÓN PARA LA ENTREGA DE TECNOLOGÍAS EN SALUD Y/O DE OTROS SERVICIOS AUTORIZADOS;01020401;MEDICAMENTOS UPC;;;SALUD MENTAL;OTROS TRASTORNOS MENTALES;TRASTORNO AFECTIVO BIPOLAR, NO ESPECIFICADO;No aplica;PRIORIZADO
534;2024;7;Personalizado;41;41001;US- 000003020240;Madre;MUJER;17;DE 13 A 17 AÑOS;Secundaria Incompleta;Subsidiado;No Aplica;No Aplica;41;41001;NUEVA EPS;RÉGIMEN SUBSIDIADO;EPSS41;NUEVA EPS;41;41001;01;"BARRERAS EN EL ACCESO A TECNOLOGÍAS Y SERVICIOS DE SALUD; Y OTROS ELEMENTOS COMPLEMENTARIOS PARA LA ATENCIÓN DEL USUARIO";0103;FALTA DE OPORTUNIDAD EN LA AUTORIZACIÓN DE TECNOLOGÍAS EN SALUD Y OTROS ELEMENTOS COMPLEMENTARIOS PARA LA ATENCIÓN DEL USUARIO;010304;FALTA DE OPORTUNIDAD EN LA AUTORIZACIÓN DE OTROS SERVICIOS DE SALUD;01030409;PROCEDIMIENTOS QUIRÚRGICOS;01030409003;OTROS PROCEDIMIENTOS QUIRÚRGICOS;SALUD ORAL;SALUD ORAL;FISURA DEL PALADAR DURO Y DEL PALADAR BLANDO CON LABIO LEPORINO UNILATERAL;No aplica;SIMPLE
535;2024;7;Personalizado;19;19698;US- 000004066575;A nombre propio;MUJER;60;DE 50 A 62 AÑOS;Universitario;Régimen Especial;Afrocolombiano o Afrodescendiente;No Aplica;19;19698;MAGISTERIO;REGÍMENES DE EXCEPCIÓN Y ESPECIALES;REMG01;MAGISTERIO;19;19698;01;"BARRERAS EN EL ACCESO A TECNOLOGÍAS Y SERVICIOS DE SALUD; Y OTROS ELEMENTOS COMPLEMENTARIOS PARA LA ATENCIÓN DEL USUARIO";0101;FALTA DE OPORTUNIDAD EN LA PRESTACIÓN DE TECNOLOGÍAS EN SALUD Y OTROS ELEMENTOS COMPLEMENTARIOS PARA LA ATENCIÓN DEL USUARIO;010101;FALTA DE OPORTUNIDAD EN LAS CITAS O CONSULTAS;01010103;ESPECIALIDADES MÉDICAS ;01010103083;PSIQUIATRÍA;SALUD MENTAL;OTROS TRASTORNOS MENTALES;TRASTORNO AFECTIVO BIPOLAR, NO ESPECIFICADO;No aplica;PRIORIZADO
536;2024;7;Personalizado;41;41001;US- 000004066576;A nombre propio;HOMBRE;78;MAYOR DE 63 AÑOS ;Primaria;Contributivo;No Aplica;No Aplica;41;41001;NUEVA EPS;RÉGIMEN CONTRIBUTIVO;EPS037;NUEVA EPS;41;41001;01;"BARRERAS EN EL ACCESO A TECNOLOGÍAS Y SERVICIOS DE SALUD; Y OTROS ELEMENTOS COMPLEMENTARIOS PARA LA ATENCIÓN DEL USUARIO";0102;NEGACIÓN DE TECNOLOGÍAS EN SALUD Y OTROS ELEMENTOS COMPLEMENTARIOS PARA LA ATENCIÓN DEL USUARIO;010201;NEGACIÓN EN LA ASIGNACIÓN DE CITAS O CONSULTAS;01020113;JUNTA MÉDICA;;;ENFERMEDADES OSTEOARTICULARES;OTROS;GONARTROSIS, NO ESPECIFICADA;No aplica;SIMPLE
537;2024;7;Web;70;70001;US- 000004066577;A nombre propio;MUJER;69;MAYOR DE 63 AÑOS ;No Aplica;Subsidiado;No Aplica;No Aplica;70;70001;COOSALUD;RÉGIMEN SUBSIDIADO;ESS024;COOSALUD;70;70001;01;"BARRERAS EN EL ACCESO A TECNOLOGÍAS Y SERVICIOS DE SALUD; Y OTROS ELEMENTOS COMPLEMENTARIOS PARA LA ATENCIÓN DEL USUARIO";0101;FALTA DE OPORTUNIDAD EN LA PRESTACIÓN DE TECNOLOGÍAS EN SALUD Y OTROS ELEMENTOS COMPLEMENTARIOS PARA LA ATENCIÓN DEL USUARIO;010104;FALTA DE OPORTUNIDAD EN LA ENTREGA O ENTREGA INCOMPLETA DE TECNOLOGÍAS EN SALUD Y/O PRESTACIÓN DE OTROS SERVICIOS;01010401;MEDICAMENTOS UPC;;;ENFERMEDADES CRÓNICAS NO TRANSMISIBLES –DIABETES;DIABETES;HIPERTENSIÓN ESENCIAL (PRIMARIA);No aplica;PRIORIZADO
538;2024;7;Personalizado;76;76001;US- 000004064653;A nombre propio;MUJER;50;DE 50 A 62 AÑOS;Primaria;Subsidiado;No Aplica;No Aplica;76;76001;EMSSANAR EPS;RÉGIMEN SUBSIDIADO;ESS118;EMSSANAR;76;76001;01;"BARRERAS EN EL ACCESO A TECNOLOGÍAS Y SERVICIOS DE SALUD; Y OTROS ELEMENTOS COMPLEMENTARIOS PARA LA ATENCIÓN DEL USUARIO";0102;NEGACIÓN DE TECNOLOGÍAS EN SALUD Y OTROS ELEMENTOS COMPLEMENTARIOS PARA LA ATENCIÓN DEL USUARIO;010201;NEGACIÓN EN LA ASIGNACIÓN DE CITAS O CONSULTAS;01020103;ESPECIALIDADES MÉDICAS ;01020103042;GASTROENTEROLOGÍA;ENFERMEDADES CRÓNICAS NO TRANSMISIBLES –DIABETES;DIABETES;OBESIDAD;No aplica;SIMPLE
539;2024;7;Escrito;08;08001;US- 000002300402;A nombre propio;HOMBRE;68;MAYOR DE 63 AÑOS ;No Aplica;Contributivo;No Aplica;No Aplica;08;08001;NUEVA EPS;RÉGIMEN CONTRIBUTIVO;EPS037;NUEVA EPS;08;08001;01;"BARRERAS EN EL ACCESO A TECNOLOGÍAS Y SERVICIOS DE SALUD; Y OTROS ELEMENTOS COMPLEMENTARIOS PARA LA ATENCIÓN DEL USUARIO";0101;FALTA DE OPORTUNIDAD EN LA PRESTACIÓN DE TECNOLOGÍAS EN SALUD Y OTROS ELEMENTOS COMPLEMENTARIOS PARA LA ATENCIÓN DEL USUARIO;010102;FALTA DE OPORTUNIDAD PARA SERVICIOS DE COMPLEMENTACIÓN TERAPÉUTICA;01010201;TERAPIA FÍSICA;;;ENFERMEDADES OSTEOARTICULARES;OTROS;OTRAS GONARTROSIS PRIMARIAS;Reemplazos articulares;SIMPLE
540;2024;7;Web;17;17662;US- 000004066578;A nombre propio;HOMBRE;26;DE 25 A 29 AÑOS;No Aplica;Subsidiado;No Aplica;Desplazado;17;17662;NUEVA EPS;RÉGIMEN CONTRIBUTIVO;EPS037;NUEVA EPS;17;17662;01;"BARRERAS EN EL ACCESO A TECNOLOGÍAS Y SERVICIOS DE SALUD; Y OTROS ELEMENTOS COMPLEMENTARIOS PARA LA ATENCIÓN DEL USUARIO";0101;FALTA DE OPORTUNIDAD EN LA PRESTACIÓN DE TECNOLOGÍAS EN SALUD Y OTROS ELEMENTOS COMPLEMENTARIOS PARA LA ATENCIÓN DEL USUARIO;010101;FALTA DE OPORTUNIDAD EN LAS CITAS O CONSULTAS;01010103;ESPECIALIDADES MÉDICAS ;01010103048;HEMATOLOGÍA;PROBLEMAS RELACIONADOS CON FACILIDADES DE ATENCIÓN MÉDICA U OTROS SERVICIOS DE SALUD;PROBLEMAS RELACIONADOS CON FACILIDADES DE ATENCIÓN MÉDICA U OTROS SERVICIOS DE SALUD;PURPURA TROMBOCITOPÉNICA IDIOPÁTICA;No aplica;SIMPLE
541;2024;7;Personalizado;20;20001;US- 000004066579;Cónyuge;MUJER;53;DE 50 A 62 AÑOS;Primaria Incompleta;Subsidiado;No Aplica;No Aplica;20;20001;COOSALUD;RÉGIMEN SUBSIDIADO;ESS024;COOSALUD;20;20001;01;"BARRERAS EN EL ACCESO A TECNOLOGÍAS Y SERVICIOS DE SALUD; Y OTROS ELEMENTOS COMPLEMENTARIOS PARA LA ATENCIÓN DEL USUARIO";0103;FALTA DE OPORTUNIDAD EN LA AUTORIZACIÓN DE TECNOLOGÍAS EN SALUD Y OTROS ELEMENTOS COMPLEMENTARIOS PARA LA ATENCIÓN DEL USUARIO;010301;FALTA DE OPORTUNIDAD EN LA AUTORIZACIÓN DE TECNOLOGÍAS EN SALUD Y/O DE OTROS SERVICIOS;01030101;MEDICAMENTOS UPC;;;ENFERMEDADES CRÓNICAS NO TRASMISIBLES CARDIOVASCULARES;HTA (HIPERTENSIÓN ARTERIAL);TINNITUS;No aplica;SIMPLE
542;2024;7;Web;19;19001;US- 000004066580;A nombre propio;MUJER;25;DE 25 A 29 AÑOS;No Aplica;Régimen Especial;No Aplica;No Aplica;19;19001;POLICIA NACIONAL;REGÍMENES DE EXCEPCIÓN Y ESPECIALES;REPN01;POLICIA NACIONAL;19;19001;01;"BARRERAS EN EL ACCESO A TECNOLOGÍAS Y SERVICIOS DE SALUD; Y OTROS ELEMENTOS COMPLEMENTARIOS PARA LA ATENCIÓN DEL USUARIO";0103;FALTA DE OPORTUNIDAD EN LA AUTORIZACIÓN DE TECNOLOGÍAS EN SALUD Y OTROS ELEMENTOS COMPLEMENTARIOS PARA LA ATENCIÓN DEL USUARIO;010304;FALTA DE OPORTUNIDAD EN LA AUTORIZACIÓN DE OTROS SERVICIOS DE SALUD;01030408;PROCEDIMIENTOS NO QUIRÚRGICOS;01030408001;IMAGENOLOGÍA;PROBLEMAS RELACIONADOS CON FACILIDADES DE ATENCIÓN MÉDICA U OTROS SERVICIOS DE SALUD;PROBLEMAS RELACIONADOS CON FACILIDADES DE ATENCIÓN MÉDICA U OTROS SERVICIOS DE SALUD;OTROS EXÁMENES ESPECIALES ESPECIFICADOS;No aplica;SIMPLE
543;2024;7;Personalizado;68;68001;US- 000004066581;A nombre propio;MUJER;68;MAYOR DE 63 AÑOS ;Universitario Incompleto;Contributivo;No Aplica;No Aplica;68;68001;NUEVA EPS;RÉGIMEN CONTRIBUTIVO;EPS037;NUEVA EPS;68;68001;01;"BARRERAS EN EL ACCESO A TECNOLOGÍAS Y SERVICIOS DE SALUD; Y OTROS ELEMENTOS COMPLEMENTARIOS PARA LA ATENCIÓN DEL USUARIO";0101;FALTA DE OPORTUNIDAD EN LA PRESTACIÓN DE TECNOLOGÍAS EN SALUD Y OTROS ELEMENTOS COMPLEMENTARIOS PARA LA ATENCIÓN DEL USUARIO;010101;FALTA DE OPORTUNIDAD EN LAS CITAS O CONSULTAS;01010103;ESPECIALIDADES MÉDICAS ;01010103066;NEFROLOGÍA;ENFERMEDADES CRÓNICAS NO TRANSMISIBLES –RENALES;IRC-ENFERMEDAD RENAL;INSUFICIENCIA RENAL CRÓNICA, NO ESPECIFICADA;No aplica;SIMPLE
544;2024;7;Web;17;17001;US- 000001329275;A nombre propio;HOMBRE;64;MAYOR DE 63 AÑOS ;No Aplica;Régimen Especial;No Aplica;No Aplica;17;17001;MAGISTERIO;REGÍMENES DE EXCEPCIÓN Y ESPECIALES;REMG01;MAGISTERIO;17;17001;01;"BARRERAS EN EL ACCESO A TECNOLOGÍAS Y SERVICIOS DE SALUD; Y OTROS ELEMENTOS COMPLEMENTARIOS PARA LA ATENCIÓN DEL USUARIO";0102;NEGACIÓN DE TECNOLOGÍAS EN SALUD Y OTROS ELEMENTOS COMPLEMENTARIOS PARA LA ATENCIÓN DEL USUARIO;010204;NEGACIÓN PARA LA ENTREGA DE TECNOLOGÍAS EN SALUD Y/O DE OTROS SERVICIOS AUTORIZADOS;01020401;MEDICAMENTOS UPC;;;ENFERMEDADES CRÓNICAS NO TRASMISIBLES CARDIOVASCULARES;HTA (HIPERTENSIÓN ARTERIAL);HIPERTENSIÓN ESENCIAL (PRIMARIA);No aplica;SIMPLE
545;2024;7;Web;05;05001;US- 000002630756;A nombre propio;HOMBRE;38;DE 38 A 49 AÑOS;No Aplica;Contributivo;No Aplica;No Aplica;05;05001;SURAMERICANA EPS;RÉGIMEN CONTRIBUTIVO;EPS010;EPS SURA;05;05001;01;"BARRERAS EN EL ACCESO A TECNOLOGÍAS Y SERVICIOS DE SALUD; Y OTROS ELEMENTOS COMPLEMENTARIOS PARA LA ATENCIÓN DEL USUARIO";0101;FALTA DE OPORTUNIDAD EN LA PRESTACIÓN DE TECNOLOGÍAS EN SALUD Y OTROS ELEMENTOS COMPLEMENTARIOS PARA LA ATENCIÓN DEL USUARIO;010103;FALTA DE OPORTUNIDAD EN LA ATENCIÓN EN OTROS SERVICIOS DE SALUD;01010308;PROCEDIMIENTOS NO QUIRÚRGICOS;01010308001;IMAGENOLOGÍA;PROBLEMAS RELACIONADOS CON FACILIDADES DE ATENCIÓN MÉDICA U OTROS SERVICIOS DE SALUD;PROBLEMAS RELACIONADOS CON FACILIDADES DE ATENCIÓN MÉDICA U OTROS SERVICIOS DE SALUD;OTRO DOLOR CRÓNICO;No aplica;SIMPLE
546;2024;7;Personalizado;76;76001;US- 000003215581;A nombre propio;HOMBRE;67;MAYOR DE 63 AÑOS ;Primaria Incompleta;Subsidiado;No Aplica;No Aplica;76;76001;EMSSANAR EPS;RÉGIMEN SUBSIDIADO;ESS118;EMSSANAR;76;76001;01;"BARRERAS EN EL ACCESO A TECNOLOGÍAS Y SERVICIOS DE SALUD; Y OTROS ELEMENTOS COMPLEMENTARIOS PARA LA ATENCIÓN DEL USUARIO";0102;NEGACIÓN DE TECNOLOGÍAS EN SALUD Y OTROS ELEMENTOS COMPLEMENTARIOS PARA LA ATENCIÓN DEL USUARIO;010203;NEGACIÓN EN LA ATENCIÓN EN OTROS SERVICIOS DE SALUD;01020309;PROCEDIMIENTOS QUIRÚRGICOS;01020309003;OTROS PROCEDIMIENTOS QUIRÚRGICOS;PROBLEMAS RELACIONADOS CON FACILIDADES DE ATENCIÓN MÉDICA U OTROS SERVICIOS DE SALUD;PROBLEMAS RELACIONADOS CON FACILIDADES DE ATENCIÓN MÉDICA U OTROS SERVICIOS DE SALUD;CALCULO DEL RIÑÓN;No aplica;SIMPLE
547;2024;7;Telefónico;05;05361;US- 000002372457;Madre;MUJER;4;DE 0 A 5 AÑOS;No Aplica;Subsidiado;No Aplica;Desplazado;05;05361;SAVIA SALUD;RÉGIMEN SUBSIDIADO;EPSS40;SAVIA SALUD EPS;05;05361;01;"BARRERAS EN EL ACCESO A TECNOLOGÍAS Y SERVICIOS DE SALUD; Y OTROS ELEMENTOS COMPLEMENTARIOS PARA LA ATENCIÓN DEL USUARIO";0102;NEGACIÓN DE TECNOLOGÍAS EN SALUD Y OTROS ELEMENTOS COMPLEMENTARIOS PARA LA ATENCIÓN DEL USUARIO;010201;NEGACIÓN EN LA ASIGNACIÓN DE CITAS O CONSULTAS;01020103;ESPECIALIDADES MÉDICAS ;01020103073;NEUROLOGÍA PEDIÁTRICA - NEUROPEDIATRÍA;MATERNO INFANTIL;ATENCIÓN NIÑOS MENORES DE 5 AÑOS;QUISTES CEREBRALES CONGÉNITOS;No aplica;PRIORIZADO
548;2024;7;Telefónico;05;05674;US- 000004066582;Cónyuge;HOMBRE;75;MAYOR DE 63 AÑOS ;Secundaria;Contributivo;No Aplica;No Aplica;05;05674;NUEVA EPS;RÉGIMEN CONTRIBUTIVO;EPS037;NUEVA EPS;05;05674;01;"BARRERAS EN EL ACCESO A TECNOLOGÍAS Y SERVICIOS DE SALUD; Y OTROS ELEMENTOS COMPLEMENTARIOS PARA LA ATENCIÓN DEL USUARIO";0102;NEGACIÓN DE TECNOLOGÍAS EN SALUD Y OTROS ELEMENTOS COMPLEMENTARIOS PARA LA ATENCIÓN DEL USUARIO;010201;NEGACIÓN EN LA ASIGNACIÓN DE CITAS O CONSULTAS;01020103;ESPECIALIDADES MÉDICAS ;01020103094;UROLOGÍA;PROBLEMAS RELACIONADOS CON FACILIDADES DE ATENCIÓN MÉDICA U OTROS SERVICIOS DE SALUD;PROBLEMAS RELACIONADOS CON FACILIDADES DE ATENCIÓN MÉDICA U OTROS SERVICIOS DE SALUD;HIPERPLASIA DE LA PRÓSTATA;No aplica;SIMPLE
549;2024;7;Telefónico;05;05001;US- 000004066583;Cónyuge;MUJER;37;DE 30 A 37 AÑOS;Secundaria;Contributivo;No Aplica;No Aplica;05;05088;SALUD TOTAL;RÉGIMEN CONTRIBUTIVO;EPS002;SALUD TOTAL;05;05001;01;"BARRERAS EN EL ACCESO A TECNOLOGÍAS Y SERVICIOS DE SALUD; Y OTROS ELEMENTOS COMPLEMENTARIOS PARA LA ATENCIÓN DEL USUARIO";0101;FALTA DE OPORTUNIDAD EN LA PRESTACIÓN DE TECNOLOGÍAS EN SALUD Y OTROS ELEMENTOS COMPLEMENTARIOS PARA LA ATENCIÓN DEL USUARIO;010105;FALTA DE OPORTUNIDAD EN EL PROCESO DE REFERENCIA Y CONTRARREFERENCIA;;;;;SALUD MENTAL;OTROS TRASTORNOS MENTALES;TRASTORNO DE ANSIEDAD , NO ESPECIFICADO;No aplica;PRIORIZADO
550;2024;7;Telefónico;05;05376;US- 000004066584;Cuidador (A);HOMBRE;13;DE 13 A 17 AÑOS;Ninguno;Subsidiado;No Aplica;Persona con discapacidad;05;05001;SAVIA SALUD;RÉGIMEN SUBSIDIADO;EPSS40;SAVIA SALUD EPS;05;05001;01;"BARRERAS EN EL ACCESO A TECNOLOGÍAS Y SERVICIOS DE SALUD; Y OTROS ELEMENTOS COMPLEMENTARIOS PARA LA ATENCIÓN DEL USUARIO";0102;NEGACIÓN DE TECNOLOGÍAS EN SALUD Y OTROS ELEMENTOS COMPLEMENTARIOS PARA LA ATENCIÓN DEL USUARIO;010201;NEGACIÓN EN LA ASIGNACIÓN DE CITAS O CONSULTAS;01020103;ESPECIALIDADES MÉDICAS ;01020103083;PSIQUIATRÍA;SALUD MENTAL;OTROS TRASTORNOS MENTALES;OTROS TRASTORNOS DE LA CONDUCTA;No aplica;PRIORIZADO
551;2024;7;Web;05;05001;US- 000003879432;Otro;MUJER;23;DE 18 A 24 AÑOS;Ninguno;Contributivo;No Aplica;No Aplica;05;05001;SURAMERICANA EPS;RÉGIMEN CONTRIBUTIVO;EPS010;EPS SURA;05;05001;01;"BARRERAS EN EL ACCESO A TECNOLOGÍAS Y SERVICIOS DE SALUD; Y OTROS ELEMENTOS COMPLEMENTARIOS PARA LA ATENCIÓN DEL USUARIO";0103;FALTA DE OPORTUNIDAD EN LA AUTORIZACIÓN DE TECNOLOGÍAS EN SALUD Y OTROS ELEMENTOS COMPLEMENTARIOS PARA LA ATENCIÓN DEL USUARIO;010304;FALTA DE OPORTUNIDAD EN LA AUTORIZACIÓN DE OTROS SERVICIOS DE SALUD;01030408;PROCEDIMIENTOS NO QUIRÚRGICOS;01030408001;IMAGENOLOGÍA;ENFERMEDADES OSTEOARTICULARES;NEUROLÓGICAS;SÍNDROME DE DOWN, NO ESPECIFICADO;No aplica;SIMPLE
552;2024;7;Personalizado;85;85001;US- 000001239257;A nombre propio;HOMBRE;61;DE 50 A 62 AÑOS;Primaria Incompleta;Subsidiado;No Aplica;No Aplica;85;85001;SANITAS;RÉGIMEN CONTRIBUTIVO;EPS005;SANITAS;85;85001;01;"BARRERAS EN EL ACCESO A TECNOLOGÍAS Y SERVICIOS DE SALUD; Y OTROS ELEMENTOS COMPLEMENTARIOS PARA LA ATENCIÓN DEL USUARIO";0101;FALTA DE OPORTUNIDAD EN LA PRESTACIÓN DE TECNOLOGÍAS EN SALUD Y OTROS ELEMENTOS COMPLEMENTARIOS PARA LA ATENCIÓN DEL USUARIO;010101;FALTA DE OPORTUNIDAD EN LAS CITAS O CONSULTAS;01010103;ESPECIALIDADES MÉDICAS ;01010103094;UROLOGÍA;CÁNCER ;OTROS;TUMOR MALIGNO DEL RIÑÓN, EXCEPTO DE LA PELVIS RENAL;TRASPLANTE RENAL;PRIORIZADO
553;2024;7;Personalizado;52;52001;US- 000004009436;Hijo (A);HOMBRE;72;MAYOR DE 63 AÑOS ;Primaria;Contributivo;No Aplica;No Aplica;52;52001;SANITAS;RÉGIMEN CONTRIBUTIVO;EPS005;SANITAS;52;52001;01;"BARRERAS EN EL ACCESO A TECNOLOGÍAS Y SERVICIOS DE SALUD; Y OTROS ELEMENTOS COMPLEMENTARIOS PARA LA ATENCIÓN DEL USUARIO";0101;FALTA DE OPORTUNIDAD EN LA PRESTACIÓN DE TECNOLOGÍAS EN SALUD Y OTROS ELEMENTOS COMPLEMENTARIOS PARA LA ATENCIÓN DEL USUARIO;010105;FALTA DE OPORTUNIDAD EN EL PROCESO DE REFERENCIA Y CONTRARREFERENCIA;;;;;PROBLEMAS RELACIONADOS CON FACILIDADES DE ATENCIÓN MÉDICA U OTROS SERVICIOS DE SALUD;PROBLEMAS RELACIONADOS CON FACILIDADES DE ATENCIÓN MÉDICA U OTROS SERVICIOS DE SALUD;DIARREA Y GASTROENTERITIS DE PRESUNTO ORIGEN INFECCIOSO;No aplica;PRIORIZADO
554;2024;7;Personalizado;76;76001;US- 000004066585;Madre;HOMBRE;10;DE 6 A 12 AÑOS;Primaria Incompleta;Subsidiado;No Aplica;No Aplica;76;76001;EMSSANAR EPS;RÉGIMEN SUBSIDIADO;ESS118;EMSSANAR;76;76001;01;"BARRERAS EN EL ACCESO A TECNOLOGÍAS Y SERVICIOS DE SALUD; Y OTROS ELEMENTOS COMPLEMENTARIOS PARA LA ATENCIÓN DEL USUARIO";0102;NEGACIÓN DE TECNOLOGÍAS EN SALUD Y OTROS ELEMENTOS COMPLEMENTARIOS PARA LA ATENCIÓN DEL USUARIO;010201;NEGACIÓN EN LA ASIGNACIÓN DE CITAS O CONSULTAS;01020103;ESPECIALIDADES MÉDICAS ;01020103026;CIRUGÍA PEDIÁTRICA;PROBLEMAS RELACIONADOS CON FACILIDADES DE ATENCIÓN MÉDICA U OTROS SERVICIOS DE SALUD;PROBLEMAS RELACIONADOS CON FACILIDADES DE ATENCIÓN MÉDICA U OTROS SERVICIOS DE SALUD;OTROS TRASTORNOS ESPECIFICADOS DEL PENE;No aplica;PRIORIZADO
555;2024;7;Web;11;11001;US- 000004066586;A nombre propio;HOMBRE;26;DE 25 A 29 AÑOS;No Aplica;Contributivo;No Aplica;No Aplica;11;11001;SANITAS;RÉGIMEN CONTRIBUTIVO;EPS005;SANITAS;11;11001;01;"BARRERAS EN EL ACCESO A TECNOLOGÍAS Y SERVICIOS DE SALUD; Y OTROS ELEMENTOS COMPLEMENTARIOS PARA LA ATENCIÓN DEL USUARIO";0101;FALTA DE OPORTUNIDAD EN LA PRESTACIÓN DE TECNOLOGÍAS EN SALUD Y OTROS ELEMENTOS COMPLEMENTARIOS PARA LA ATENCIÓN DEL USUARIO;010103;FALTA DE OPORTUNIDAD EN LA ATENCIÓN EN OTROS SERVICIOS DE SALUD;01010308;PROCEDIMIENTOS NO QUIRÚRGICOS;01010308006;OTROS PROCEDIMIENTOS NO QUIRÚRGICOS;PROBLEMAS RELACIONADOS CON FACILIDADES DE ATENCIÓN MÉDICA U OTROS SERVICIOS DE SALUD;PROBLEMAS RELACIONADOS CON FACILIDADES DE ATENCIÓN MÉDICA U OTROS SERVICIOS DE SALUD;NAUSEA Y VOMITO;No aplica;SIMPLE
556;2024;7;Telefónico;73;73001;US- 000000934802;A nombre propio;HOMBRE;67;MAYOR DE 63 AÑOS ;Secundaria;Contributivo;No Aplica;Persona con discapacidad;73;73001;SANITAS;RÉGIMEN CONTRIBUTIVO;EPS005;SANITAS;73;73001;01;"BARRERAS EN EL ACCESO A TECNOLOGÍAS Y SERVICIOS DE SALUD; Y OTROS ELEMENTOS COMPLEMENTARIOS PARA LA ATENCIÓN DEL USUARIO";0101;FALTA DE OPORTUNIDAD EN LA PRESTACIÓN DE TECNOLOGÍAS EN SALUD Y OTROS ELEMENTOS COMPLEMENTARIOS PARA LA ATENCIÓN DEL USUARIO;010101;FALTA DE OPORTUNIDAD EN LAS CITAS O CONSULTAS;01010103;ESPECIALIDADES MÉDICAS ;01010103080;OTORRINOLARINGOLOGÍA;PROBLEMAS RELACIONADOS CON FACILIDADES DE ATENCIÓN MÉDICA U OTROS SERVICIOS DE SALUD;PROBLEMAS RELACIONADOS CON FACILIDADES DE ATENCIÓN MÉDICA U OTROS SERVICIOS DE SALUD;PROBLEMAS RELACIONADOS CON FACILIDADES DE ATENCIÓN MEDICA U OTROS SERVICIOS DE SALUD;No aplica;SIMPLE
557;2024;7;Personalizado;11;11001;US- 000003647304;A nombre propio;HOMBRE;45;DE 38 A 49 AÑOS;Secundaria;Contributivo;No Aplica;No Aplica;11;11001;SALUD TOTAL;RÉGIMEN CONTRIBUTIVO;EPS002;SALUD TOTAL;11;11001;01;"BARRERAS EN EL ACCESO A TECNOLOGÍAS Y SERVICIOS DE SALUD; Y OTROS ELEMENTOS COMPLEMENTARIOS PARA LA ATENCIÓN DEL USUARIO";0102;NEGACIÓN DE TECNOLOGÍAS EN SALUD Y OTROS ELEMENTOS COMPLEMENTARIOS PARA LA ATENCIÓN DEL USUARIO;010204;NEGACIÓN PARA LA ENTREGA DE TECNOLOGÍAS EN SALUD Y/O DE OTROS SERVICIOS AUTORIZADOS;01020401;MEDICAMENTOS UPC;;;PROBLEMAS RELACIONADOS CON FACILIDADES DE ATENCIÓN MÉDICA U OTROS SERVICIOS DE SALUD;PROBLEMAS RELACIONADOS CON FACILIDADES DE ATENCIÓN MÉDICA U OTROS SERVICIOS DE SALUD;TUMOR BENIGNO DEL TIMO;No aplica;SIMPLE
558;2024;7;Personalizado;76;76109;US- 000004066587;Abuelo (A);HOMBRE;11;DE 6 A 12 AÑOS;Primaria Incompleta;Subsidiado;Afrocolombiano o Afrodescendiente;Desplazado;76;76109;EMSSANAR EPS;RÉGIMEN SUBSIDIADO;ESS118;EMSSANAR;76;76109;01;"BARRERAS EN EL ACCESO A TECNOLOGÍAS Y SERVICIOS DE SALUD; Y OTROS ELEMENTOS COMPLEMENTARIOS PARA LA ATENCIÓN DEL USUARIO";0103;FALTA DE OPORTUNIDAD EN LA AUTORIZACIÓN DE TECNOLOGÍAS EN SALUD Y OTROS ELEMENTOS COMPLEMENTARIOS PARA LA ATENCIÓN DEL USUARIO;010304;FALTA DE OPORTUNIDAD EN LA AUTORIZACIÓN DE OTROS SERVICIOS DE SALUD;01030408;PROCEDIMIENTOS NO QUIRÚRGICOS;01030408002;LABORATORIO CLÍNICO Y ANATOMOPATOLÓGICO;PROBLEMAS RELACIONADOS CON FACILIDADES DE ATENCIÓN MÉDICA U OTROS SERVICIOS DE SALUD;PROBLEMAS RELACIONADOS CON FACILIDADES DE ATENCIÓN MÉDICA U OTROS SERVICIOS DE SALUD;HIPERTROFIA DE LAS ADENOIDES;No aplica;SIMPLE
559;2024;7;Telefónico;20;20001;US- 000004066588;Hermano (A);MUJER;35;DE 30 A 37 AÑOS;Universitario;Contributivo;No Aplica;No Aplica;20;20001;SALUD TOTAL;RÉGIMEN CONTRIBUTIVO;EPS002;SALUD TOTAL;20;20001;01;"BARRERAS EN EL ACCESO A TECNOLOGÍAS Y SERVICIOS DE SALUD; Y OTROS ELEMENTOS COMPLEMENTARIOS PARA LA ATENCIÓN DEL USUARIO";0102;NEGACIÓN DE TECNOLOGÍAS EN SALUD Y OTROS ELEMENTOS COMPLEMENTARIOS PARA LA ATENCIÓN DEL USUARIO;010204;NEGACIÓN PARA LA ENTREGA DE TECNOLOGÍAS EN SALUD Y/O DE OTROS SERVICIOS AUTORIZADOS;01020408;TRANSPORTE, ALOJAMIENTO O ALIMENTACIÓN;;;CÁNCER ;OTROS;TUMOR DE COMPORTAMIENTO INCIERTO O DESCONOCIDO DEL OVARIO;No aplica;SIMPLE
560;2024;7;Personalizado;85;85001;US- 000004066589;Cónyuge;HOMBRE;49;DE 38 A 49 AÑOS;Primaria;Subsidiado;No Aplica;No Aplica;85;85001;NUEVA EPS;RÉGIMEN SUBSIDIADO;EPSS41;NUEVA EPS;85;85001;01;"BARRERAS EN EL ACCESO A TECNOLOGÍAS Y SERVICIOS DE SALUD; Y OTROS ELEMENTOS COMPLEMENTARIOS PARA LA ATENCIÓN DEL USUARIO";0102;NEGACIÓN DE TECNOLOGÍAS EN SALUD Y OTROS ELEMENTOS COMPLEMENTARIOS PARA LA ATENCIÓN DEL USUARIO;010201;NEGACIÓN EN LA ASIGNACIÓN DE CITAS O CONSULTAS;01020103;ESPECIALIDADES MÉDICAS ;01020103033;DERMATOLOGÍA;ENFERMEDADES OSTEOARTICULARES;OTROS;HERNIA UMBILICAL SIN OBSTRUCCIÓN NI GANGRENA;No aplica;SIMPLE
561;2024;7;Telefónico;05;05036;US- 000004066590;A nombre propio;HOMBRE;47;DE 38 A 49 AÑOS;Secundaria;Contributivo;No Aplica;No Aplica;05;05036;SURAMERICANA EPS;RÉGIMEN CONTRIBUTIVO;EPS010;EPS SURA;05;05129;01;"BARRERAS EN EL ACCESO A TECNOLOGÍAS Y SERVICIOS DE SALUD; Y OTROS ELEMENTOS COMPLEMENTARIOS PARA LA ATENCIÓN DEL USUARIO";0102;NEGACIÓN DE TECNOLOGÍAS EN SALUD Y OTROS ELEMENTOS COMPLEMENTARIOS PARA LA ATENCIÓN DEL USUARIO;010203;NEGACIÓN EN LA ATENCIÓN EN OTROS SERVICIOS DE SALUD;01020309;PROCEDIMIENTOS QUIRÚRGICOS;01020309003;OTROS PROCEDIMIENTOS QUIRÚRGICOS;VIH SIDA Y OTRAS ET SEXUAL;VIH SIDA;ENFERMEDAD POR VIRUS DE LA INMUNODEFICIENCIA HUMANA (VIH), SIN OTRA ESPECIFICACIÓN;Diagnóstico y manejo del paciente infectado por VIH;SIMPLE
562;2024;7;Personalizado;76;76001;US- 000002110298;A nombre propio;MUJER;70;MAYOR DE 63 AÑOS ;Primaria Incompleta;Subsidiado;No Aplica;No Aplica;76;76001;EMSSANAR EPS;RÉGIMEN SUBSIDIADO;ESS118;EMSSANAR;76;76001;01;"BARRERAS EN EL ACCESO A TECNOLOGÍAS Y SERVICIOS DE SALUD; Y OTROS ELEMENTOS COMPLEMENTARIOS PARA LA ATENCIÓN DEL USUARIO";0102;NEGACIÓN DE TECNOLOGÍAS EN SALUD Y OTROS ELEMENTOS COMPLEMENTARIOS PARA LA ATENCIÓN DEL USUARIO;010204;NEGACIÓN PARA LA ENTREGA DE TECNOLOGÍAS EN SALUD Y/O DE OTROS SERVICIOS AUTORIZADOS;01020401;MEDICAMENTOS UPC;;;ENFERMEDADES CRÓNICAS NO TRANSMISIBLES –DIABETES;DIABETES;DIABETES MELLITUS INSULINODEPENDIENTE SIN MENCIÓN DE COMPLICACIÓN;No aplica;PRIORIZADO
563;2024;7;Telefónico;05;05001;US- 000004066591;Madre;HOMBRE;28;DE 25 A 29 AÑOS;Universitario;Contributivo;No Aplica;No Aplica;05;05001;SURAMERICANA EPS;RÉGIMEN CONTRIBUTIVO;EPS010;EPS SURA;05;05360;01;"BARRERAS EN EL ACCESO A TECNOLOGÍAS Y SERVICIOS DE SALUD; Y OTROS ELEMENTOS COMPLEMENTARIOS PARA LA ATENCIÓN DEL USUARIO";0102;NEGACIÓN DE TECNOLOGÍAS EN SALUD Y OTROS ELEMENTOS COMPLEMENTARIOS PARA LA ATENCIÓN DEL USUARIO;010201;NEGACIÓN EN LA ASIGNACIÓN DE CITAS O CONSULTAS;01020103;ESPECIALIDADES MÉDICAS ;01020103042;GASTROENTEROLOGÍA;PROBLEMAS RELACIONADOS CON FACILIDADES DE ATENCIÓN MÉDICA U OTROS SERVICIOS DE SALUD;PROBLEMAS RELACIONADOS CON FACILIDADES DE ATENCIÓN MÉDICA U OTROS SERVICIOS DE SALUD;HEMORROIDES;No aplica;SIMPLE
564;2024;7;Web;76;76147;US- 000004066592;A nombre propio;HOMBRE;74;MAYOR DE 63 AÑOS ;No Aplica;Régimen Especial;No Aplica;No Aplica;76;76147;MAGISTERIO;REGÍMENES DE EXCEPCIÓN Y ESPECIALES;REMG01;MAGISTERIO;76;76147;01;"BARRERAS EN EL ACCESO A TECNOLOGÍAS Y SERVICIOS DE SALUD; Y OTROS ELEMENTOS COMPLEMENTARIOS PARA LA ATENCIÓN DEL USUARIO";0103;FALTA DE OPORTUNIDAD EN LA AUTORIZACIÓN DE TECNOLOGÍAS EN SALUD Y OTROS ELEMENTOS COMPLEMENTARIOS PARA LA ATENCIÓN DEL USUARIO;010301;FALTA DE OPORTUNIDAD EN LA AUTORIZACIÓN DE TECNOLOGÍAS EN SALUD Y/O DE OTROS SERVICIOS;01030101;MEDICAMENTOS UPC;;;CÁNCER ;CÁNCER DE PRÓSTATA;TUMOR MALIGNO DE LA PRÓSTATA;No aplica;PRIORIZADO
565;2024;7;Web;70;70508;US- 000000088745;A nombre propio;HOMBRE;28;DE 25 A 29 AÑOS;No Aplica;Contributivo;No Aplica;Desplazado;70;70508;MUTUAL SER;RÉGIMEN SUBSIDIADO;ESS207;MUTUAL SER;70;70508;01;"BARRERAS EN EL ACCESO A TECNOLOGÍAS Y SERVICIOS DE SALUD; Y OTROS ELEMENTOS COMPLEMENTARIOS PARA LA ATENCIÓN DEL USUARIO";0102;NEGACIÓN DE TECNOLOGÍAS EN SALUD Y OTROS ELEMENTOS COMPLEMENTARIOS PARA LA ATENCIÓN DEL USUARIO;010204;NEGACIÓN PARA LA ENTREGA DE TECNOLOGÍAS EN SALUD Y/O DE OTROS SERVICIOS AUTORIZADOS;01020401;MEDICAMENTOS UPC;;;PROBLEMAS RELACIONADOS CON FACILIDADES DE ATENCIÓN MÉDICA U OTROS SERVICIOS DE SALUD;PROBLEMAS RELACIONADOS CON FACILIDADES DE ATENCIÓN MÉDICA U OTROS SERVICIOS DE SALUD;ARTROPATÍA PSORIÁSICA (M07.0*-M07.3*, M09.0*);No aplica;SIMPLE
566;2024;7;Personalizado;52;52001;US- 000004066593;A nombre propio;HOMBRE;65;MAYOR DE 63 AÑOS ;Primaria;Subsidiado;No Aplica;No Aplica;52;52001;EMSSANAR EPS;RÉGIMEN SUBSIDIADO;ESS118;EMSSANAR;52;52001;01;"BARRERAS EN EL ACCESO A TECNOLOGÍAS Y SERVICIOS DE SALUD; Y OTROS ELEMENTOS COMPLEMENTARIOS PARA LA ATENCIÓN DEL USUARIO";0102;NEGACIÓN DE TECNOLOGÍAS EN SALUD Y OTROS ELEMENTOS COMPLEMENTARIOS PARA LA ATENCIÓN DEL USUARIO;010201;NEGACIÓN EN LA ASIGNACIÓN DE CITAS O CONSULTAS;01020103;ESPECIALIDADES MÉDICAS ;01020103083;PSIQUIATRÍA;SALUD MENTAL;OTROS TRASTORNOS MENTALES;TRASTORNO DE ANSIEDAD , NO ESPECIFICADO;No aplica;PRIORIZADO
567;2024;7;Telefónico;05;05001;US- 000004066594;A nombre propio;MUJER;58;DE 50 A 62 AÑOS;No Aplica;Contributivo;No Aplica;No Aplica;05;05001;NUEVA EPS;RÉGIMEN CONTRIBUTIVO;EPS037;NUEVA EPS;05;05001;01;"BARRERAS EN EL ACCESO A TECNOLOGÍAS Y SERVICIOS DE SALUD; Y OTROS ELEMENTOS COMPLEMENTARIOS PARA LA ATENCIÓN DEL USUARIO";0101;FALTA DE OPORTUNIDAD EN LA PRESTACIÓN DE TECNOLOGÍAS EN SALUD Y OTROS ELEMENTOS COMPLEMENTARIOS PARA LA ATENCIÓN DEL USUARIO;010101;FALTA DE OPORTUNIDAD EN LAS CITAS O CONSULTAS;01010103;ESPECIALIDADES MÉDICAS ;01010103080;OTORRINOLARINGOLOGÍA;PROBLEMAS RELACIONADOS CON FACILIDADES DE ATENCIÓN MÉDICA U OTROS SERVICIOS DE SALUD;PROBLEMAS RELACIONADOS CON FACILIDADES DE ATENCIÓN MÉDICA U OTROS SERVICIOS DE SALUD;OTROS PROBLEMAS RELACIONADOS CON SERVICIOS MÉDICOS Y DE SALUD;No aplica;SIMPLE
568;2024;7;Web;11;11001;US- 000004066595;A nombre propio;HOMBRE;55;DE 50 A 62 AÑOS;No Aplica;Contributivo;No Aplica;No Aplica;11;11001;SALUD TOTAL;RÉGIMEN CONTRIBUTIVO;EPS002;SALUD TOTAL;11;11001;01;"BARRERAS EN EL ACCESO A TECNOLOGÍAS Y SERVICIOS DE SALUD; Y OTROS ELEMENTOS COMPLEMENTARIOS PARA LA ATENCIÓN DEL USUARIO";0101;FALTA DE OPORTUNIDAD EN LA PRESTACIÓN DE TECNOLOGÍAS EN SALUD Y OTROS ELEMENTOS COMPLEMENTARIOS PARA LA ATENCIÓN DEL USUARIO;010101;FALTA DE OPORTUNIDAD EN LAS CITAS O CONSULTAS;01010103;ESPECIALIDADES MÉDICAS ;01010103022;CIRUGÍA GENERAL;PROBLEMAS RELACIONADOS CON FACILIDADES DE ATENCIÓN MÉDICA U OTROS SERVICIOS DE SALUD;PROBLEMAS RELACIONADOS CON FACILIDADES DE ATENCIÓN MÉDICA U OTROS SERVICIOS DE SALUD;EXAMEN MEDICO GENERAL;No aplica;SIMPLE
569;2024;7;Web;05;05001;US- 000004066514;A nombre propio;MUJER;55;DE 50 A 62 AÑOS;No Aplica;Contributivo;No Aplica;No Aplica;05;05001;SALUD TOTAL;RÉGIMEN CONTRIBUTIVO;EPS002;SALUD TOTAL;05;05001;01;"BARRERAS EN EL ACCESO A TECNOLOGÍAS Y SERVICIOS DE SALUD; Y OTROS ELEMENTOS COMPLEMENTARIOS PARA LA ATENCIÓN DEL USUARIO";0101;FALTA DE OPORTUNIDAD EN LA PRESTACIÓN DE TECNOLOGÍAS EN SALUD Y OTROS ELEMENTOS COMPLEMENTARIOS PARA LA ATENCIÓN DEL USUARIO;010101;FALTA DE OPORTUNIDAD EN LAS CITAS O CONSULTAS;01010103;ESPECIALIDADES MÉDICAS ;01010103063;MEDICINA INTERNA;ENFERMEDADES OSTEOARTICULARES;OTROS;CEFALEA;No aplica;SIMPLE
570;2024;7;Web;11;11001;US- 000003689232;A nombre propio;MUJER;31;DE 30 A 37 AÑOS;No Aplica;Contributivo;No Aplica;No Aplica;11;11001;SANITAS;RÉGIMEN CONTRIBUTIVO;EPS005;SANITAS;11;11001;01;"BARRERAS EN EL ACCESO A TECNOLOGÍAS Y SERVICIOS DE SALUD; Y OTROS ELEMENTOS COMPLEMENTARIOS PARA LA ATENCIÓN DEL USUARIO";0101;FALTA DE OPORTUNIDAD EN LA PRESTACIÓN DE TECNOLOGÍAS EN SALUD Y OTROS ELEMENTOS COMPLEMENTARIOS PARA LA ATENCIÓN DEL USUARIO;010101;FALTA DE OPORTUNIDAD EN LAS CITAS O CONSULTAS;01010101;MEDICINA GENERAL;;;PROBLEMAS RELACIONADOS CON FACILIDADES DE ATENCIÓN MÉDICA U OTROS SERVICIOS DE SALUD;PROBLEMAS RELACIONADOS CON FACILIDADES DE ATENCIÓN MÉDICA U OTROS SERVICIOS DE SALUD;OTROS PROBLEMAS RELACIONADOS CON SERVICIOS MÉDICOS Y DE SALUD;No aplica;SIMPLE
571;2024;7;Telefónico;76;76001;US- 000003641346;A nombre propio;MUJER;65;MAYOR DE 63 AÑOS ;Secundaria;Contributivo;No Aplica;Persona con discapacidad;76;76001;NUEVA EPS;RÉGIMEN CONTRIBUTIVO;EPS037;NUEVA EPS;76;76001;01;"BARRERAS EN EL ACCESO A TECNOLOGÍAS Y SERVICIOS DE SALUD; Y OTROS ELEMENTOS COMPLEMENTARIOS PARA LA ATENCIÓN DEL USUARIO";0102;NEGACIÓN DE TECNOLOGÍAS EN SALUD Y OTROS ELEMENTOS COMPLEMENTARIOS PARA LA ATENCIÓN DEL USUARIO;010203;NEGACIÓN EN LA ATENCIÓN EN OTROS SERVICIOS DE SALUD;01020308;PROCEDIMIENTOS NO QUIRÚRGICOS;01020308006;OTROS PROCEDIMIENTOS NO QUIRÚRGICOS;PROBLEMAS RELACIONADOS CON FACILIDADES DE ATENCIÓN MÉDICA U OTROS SERVICIOS DE SALUD;PROBLEMAS RELACIONADOS CON FACILIDADES DE ATENCIÓN MÉDICA U OTROS SERVICIOS DE SALUD;PROLAPSO GENITAL FEMENINO;No aplica;SIMPLE
572;2024;7;Web;63;63001;US- 000003945282;A nombre propio;MUJER;9;DE 6 A 12 AÑOS;No Aplica;Contributivo;No Aplica;No Aplica;63;63001;SURAMERICANA EPS;RÉGIMEN CONTRIBUTIVO;EPS010;EPS SURA;63;63001;01;"BARRERAS EN EL ACCESO A TECNOLOGÍAS Y SERVICIOS DE SALUD; Y OTROS ELEMENTOS COMPLEMENTARIOS PARA LA ATENCIÓN DEL USUARIO";0102;NEGACIÓN DE TECNOLOGÍAS EN SALUD Y OTROS ELEMENTOS COMPLEMENTARIOS PARA LA ATENCIÓN DEL USUARIO;010204;NEGACIÓN PARA LA ENTREGA DE TECNOLOGÍAS EN SALUD Y/O DE OTROS SERVICIOS AUTORIZADOS;01020401;MEDICAMENTOS UPC;;;ENFERMEDADES OSTEOARTICULARES;OTROS;ARTRITIS JUVENIL, NO ESPECIFICADA;No aplica;SIMPLE
573;2024;7;Personalizado;08;08001;US- 000003822222;A nombre propio;MUJER;49;DE 38 A 49 AÑOS;Secundaria;Subsidiado;No Aplica;No Aplica;08;08001;CAJACOPI EPS;RÉGIMEN SUBSIDIADO;CCF055;CAJACOPI EPS;08;08001;01;"BARRERAS EN EL ACCESO A TECNOLOGÍAS Y SERVICIOS DE SALUD; Y OTROS ELEMENTOS COMPLEMENTARIOS PARA LA ATENCIÓN DEL USUARIO";0103;FALTA DE OPORTUNIDAD EN LA AUTORIZACIÓN DE TECNOLOGÍAS EN SALUD Y OTROS ELEMENTOS COMPLEMENTARIOS PARA LA ATENCIÓN DEL USUARIO;010304;FALTA DE OPORTUNIDAD EN LA AUTORIZACIÓN DE OTROS SERVICIOS DE SALUD;01030409;PROCEDIMIENTOS QUIRÚRGICOS;01030409003;OTROS PROCEDIMIENTOS QUIRÚRGICOS;ENFERMEDADES OSTEOARTICULARES;OTROS;SÍNDROME DE MANGUITO ROTATORIO;No aplica;SIMPLE
574;2024;7;Personalizado;54;54498;US- 000004007723;A nombre propio;HOMBRE;64;MAYOR DE 63 AÑOS ;Primaria Incompleta;Subsidiado;No Aplica;No Aplica;54;54498;COOSALUD;RÉGIMEN SUBSIDIADO;ESS024;COOSALUD;54;54498;01;"BARRERAS EN EL ACCESO A TECNOLOGÍAS Y SERVICIOS DE SALUD; Y OTROS ELEMENTOS COMPLEMENTARIOS PARA LA ATENCIÓN DEL USUARIO";0103;FALTA DE OPORTUNIDAD EN LA AUTORIZACIÓN DE TECNOLOGÍAS EN SALUD Y OTROS ELEMENTOS COMPLEMENTARIOS PARA LA ATENCIÓN DEL USUARIO;010304;FALTA DE OPORTUNIDAD EN LA AUTORIZACIÓN DE OTROS SERVICIOS DE SALUD;01030408;PROCEDIMIENTOS NO QUIRÚRGICOS;01030408001;IMAGENOLOGÍA;PROBLEMAS RELACIONADOS CON FACILIDADES DE ATENCIÓN MÉDICA U OTROS SERVICIOS DE SALUD;PROBLEMAS RELACIONADOS CON FACILIDADES DE ATENCIÓN MÉDICA U OTROS SERVICIOS DE SALUD;ARRITMIA CARDIACA, NO ESPECIFICADA;No aplica;SIMPLE
575;2024;7;Telefónico;11;11001;US- 000004066597;Hijo (A);HOMBRE;77;MAYOR DE 63 AÑOS ;Universitario;Subsidiado;No Aplica;No Aplica;70;70001;SANITAS;RÉGIMEN CONTRIBUTIVO;EPS005;SANITAS;70;70001;01;"BARRERAS EN EL ACCESO A TECNOLOGÍAS Y SERVICIOS DE SALUD; Y OTROS ELEMENTOS COMPLEMENTARIOS PARA LA ATENCIÓN DEL USUARIO";0102;NEGACIÓN DE TECNOLOGÍAS EN SALUD Y OTROS ELEMENTOS COMPLEMENTARIOS PARA LA ATENCIÓN DEL USUARIO;010201;NEGACIÓN EN LA ASIGNACIÓN DE CITAS O CONSULTAS;01020103;ESPECIALIDADES MÉDICAS ;01020103078;ORTOPEDIA Y TRAUMATOLOGÍA;ENFERMEDADES OSTEOARTICULARES;OTROS;FRACTURAS MÚLTIPLES DE LOS DEDOS DE LA MANO;No aplica;SIMPLE
576;2024;7;Personalizado;41;41001;US- 000002896297;Hermano (A);MUJER;48;DE 38 A 49 AÑOS;Secundaria;Subsidiado;No Aplica;No Aplica;41;41001;SANITAS;RÉGIMEN CONTRIBUTIVO;EPS005;SANITAS;41;41001;01;"BARRERAS EN EL ACCESO A TECNOLOGÍAS Y SERVICIOS DE SALUD; Y OTROS ELEMENTOS COMPLEMENTARIOS PARA LA ATENCIÓN DEL USUARIO";0101;FALTA DE OPORTUNIDAD EN LA PRESTACIÓN DE TECNOLOGÍAS EN SALUD Y OTROS ELEMENTOS COMPLEMENTARIOS PARA LA ATENCIÓN DEL USUARIO;010102;FALTA DE OPORTUNIDAD PARA SERVICIOS DE COMPLEMENTACIÓN TERAPÉUTICA;01010201;TERAPIA FÍSICA;;;ENFERMEDADES OSTEOARTICULARES;OTROS;OSTEOMIELITIS, NO ESPECIFICADA;No aplica;SIMPLE
577;2024;7;Web;50;50001;US- 000004066598;A nombre propio;MUJER;22;DE 18 A 24 AÑOS;No Aplica;Contributivo;No Aplica;No Aplica;50;50001;SALUD TOTAL;RÉGIMEN CONTRIBUTIVO;EPS002;SALUD TOTAL;50;50001;04;INSATISFACCIÓN DEL USUARIO CON EL PROCESO ADMINISTRATIVO;0404;INSATISFACCIÓN RELACIONADA CON TRÁMITES ADMINISTRATIVOS;040404;INCONSISTENCIA RELACIONADA CON COBROS Y/O APORTES;04040401;COTIZACIONES AL SGSSS;;;PROBLEMAS RELACIONADOS CON FACILIDADES DE ATENCIÓN MÉDICA U OTROS SERVICIOS DE SALUD;PROBLEMAS RELACIONADOS CON FACILIDADES DE ATENCIÓN MÉDICA U OTROS SERVICIOS DE SALUD;OTRAS CONSULTAS ESPECIFICADAS;No aplica;SIMPLE
578;2024;7;Personalizado;76;76001;US- 000002578205;A nombre propio;MUJER;60;DE 50 A 62 AÑOS;Primaria;Subsidiado;No Aplica;No Aplica;76;76001;EMSSANAR EPS;RÉGIMEN SUBSIDIADO;ESS118;EMSSANAR;76;76001;01;"BARRERAS EN EL ACCESO A TECNOLOGÍAS Y SERVICIOS DE SALUD; Y OTROS ELEMENTOS COMPLEMENTARIOS PARA LA ATENCIÓN DEL USUARIO";0102;NEGACIÓN DE TECNOLOGÍAS EN SALUD Y OTROS ELEMENTOS COMPLEMENTARIOS PARA LA ATENCIÓN DEL USUARIO;010203;NEGACIÓN EN LA ATENCIÓN EN OTROS SERVICIOS DE SALUD;01020308;PROCEDIMIENTOS NO QUIRÚRGICOS;01020308006;OTROS PROCEDIMIENTOS NO QUIRÚRGICOS;CÁNCER ;CÁNCER DE MAMA;TUMOR MALIGNO DE LA MAMA, PARTE NO ESPECIFICADA;No aplica;PRIORIZADO
579;2024;7;Escrito;08;08078;US- 000004066599;Otro;MUJER;44;DE 38 A 49 AÑOS;No Aplica;Contributivo;No Aplica;No Aplica;08;08078;NUEVA EPS;RÉGIMEN CONTRIBUTIVO;EPS037;NUEVA EPS;08;08078;01;"BARRERAS EN EL ACCESO A TECNOLOGÍAS Y SERVICIOS DE SALUD; Y OTROS ELEMENTOS COMPLEMENTARIOS PARA LA ATENCIÓN DEL USUARIO";0101;FALTA DE OPORTUNIDAD EN LA PRESTACIÓN DE TECNOLOGÍAS EN SALUD Y OTROS ELEMENTOS COMPLEMENTARIOS PARA LA ATENCIÓN DEL USUARIO;010104;FALTA DE OPORTUNIDAD EN LA ENTREGA O ENTREGA INCOMPLETA DE TECNOLOGÍAS EN SALUD Y/O PRESTACIÓN DE OTROS SERVICIOS;01010401;MEDICAMENTOS UPC;;;PROBLEMAS RELACIONADOS CON FACILIDADES DE ATENCIÓN MÉDICA U OTROS SERVICIOS DE SALUD;PROBLEMAS RELACIONADOS CON FACILIDADES DE ATENCIÓN MÉDICA U OTROS SERVICIOS DE SALUD;TRASTORNO DE LA GLÁNDULA TIROIDES, NO ESPECIFICADO;No aplica;SIMPLE
580;2024;7;Web;63;63594;US- 000003929997;A nombre propio;HOMBRE;86;MAYOR DE 63 AÑOS ;No Aplica;Contributivo;No Aplica;No Aplica;63;63594;SANITAS;RÉGIMEN CONTRIBUTIVO;EPS005;SANITAS;63;63001;01;"BARRERAS EN EL ACCESO A TECNOLOGÍAS Y SERVICIOS DE SALUD; Y OTROS ELEMENTOS COMPLEMENTARIOS PARA LA ATENCIÓN DEL USUARIO";0102;NEGACIÓN DE TECNOLOGÍAS EN SALUD Y OTROS ELEMENTOS COMPLEMENTARIOS PARA LA ATENCIÓN DEL USUARIO;010201;NEGACIÓN EN LA ASIGNACIÓN DE CITAS O CONSULTAS;01020103;ESPECIALIDADES MÉDICAS ;01020103006;CARDIOLOGÍA;ENFERMEDADES CRÓNICAS NO TRASMISIBLES CARDIOVASCULARES;ICC (INSUFICIENCIA CARDIACA CONGESTIVA);INSUFICIENCIA CARDIACA CONGESTIVA;No aplica;PRIORIZADO
581;2024;7;Personalizado;05;05837;US- 000004066600;A nombre propio;MUJER;66;MAYOR DE 63 AÑOS ;Primaria Incompleta;Subsidiado;No Aplica;Desplazado;05;05837;NUEVA EPS;RÉGIMEN SUBSIDIADO;EPSS41;NUEVA EPS;05;05837;01;"BARRERAS EN EL ACCESO A TECNOLOGÍAS Y SERVICIOS DE SALUD; Y OTROS ELEMENTOS COMPLEMENTARIOS PARA LA ATENCIÓN DEL USUARIO";0102;NEGACIÓN DE TECNOLOGÍAS EN SALUD Y OTROS ELEMENTOS COMPLEMENTARIOS PARA LA ATENCIÓN DEL USUARIO;010201;NEGACIÓN EN LA ASIGNACIÓN DE CITAS O CONSULTAS;01020103;ESPECIALIDADES MÉDICAS ;01020103075;OFTALMOLOGÍA;PROBLEMAS RELACIONADOS CON FACILIDADES DE ATENCIÓN MÉDICA U OTROS SERVICIOS DE SALUD;PROBLEMAS RELACIONADOS CON FACILIDADES DE ATENCIÓN MÉDICA U OTROS SERVICIOS DE SALUD;CATARATA SENIL, NO ESPECIFICADA;No aplica;SIMPLE
582;2024;7;Personalizado;20;20001;US- 000004066601;A nombre propio;HOMBRE;61;DE 50 A 62 AÑOS;Primaria;Subsidiado;No Aplica;Desplazado;20;20001;COOSALUD;RÉGIMEN SUBSIDIADO;ESS024;COOSALUD;20;20001;01;"BARRERAS EN EL ACCESO A TECNOLOGÍAS Y SERVICIOS DE SALUD; Y OTROS ELEMENTOS COMPLEMENTARIOS PARA LA ATENCIÓN DEL USUARIO";0102;NEGACIÓN DE TECNOLOGÍAS EN SALUD Y OTROS ELEMENTOS COMPLEMENTARIOS PARA LA ATENCIÓN DEL USUARIO;010201;NEGACIÓN EN LA ASIGNACIÓN DE CITAS O CONSULTAS;01020103;ESPECIALIDADES MÉDICAS ;01020103042;GASTROENTEROLOGÍA;PROBLEMAS RELACIONADOS CON FACILIDADES DE ATENCIÓN MÉDICA U OTROS SERVICIOS DE SALUD;PROBLEMAS RELACIONADOS CON FACILIDADES DE ATENCIÓN MÉDICA U OTROS SERVICIOS DE SALUD;GASTRITIS CRÓNICA, NO ESPECIFICADA;No aplica;SIMPLE
583;2024;7;Web;11;11001;US- 000000970304;Otro;MUJER;87;MAYOR DE 63 AÑOS ;No Aplica;Subsidiado;No Aplica;No Aplica;11;11001;CAPITAL SALUD;RÉGIMEN SUBSIDIADO;EPSS34;CAPITAL SALUD;11;11001;01;"BARRERAS EN EL ACCESO A TECNOLOGÍAS Y SERVICIOS DE SALUD; Y OTROS ELEMENTOS COMPLEMENTARIOS PARA LA ATENCIÓN DEL USUARIO";0101;FALTA DE OPORTUNIDAD EN LA PRESTACIÓN DE TECNOLOGÍAS EN SALUD Y OTROS ELEMENTOS COMPLEMENTARIOS PARA LA ATENCIÓN DEL USUARIO;010104;FALTA DE OPORTUNIDAD EN LA ENTREGA O ENTREGA INCOMPLETA DE TECNOLOGÍAS EN SALUD Y/O PRESTACIÓN DE OTROS SERVICIOS;01010401;MEDICAMENTOS UPC;;;PROBLEMAS RELACIONADOS CON FACILIDADES DE ATENCIÓN MÉDICA U OTROS SERVICIOS DE SALUD;PROBLEMAS RELACIONADOS CON FACILIDADES DE ATENCIÓN MÉDICA U OTROS SERVICIOS DE SALUD;PROBLEMAS RELACIONADOS CON FACILIDADES DE ATENCIÓN MEDICA U OTROS SERVICIOS DE SALUD;No aplica;SIMPLE
584;2024;7;Web;05;05360;US- 000004066602;A nombre propio;HOMBRE;62;DE 50 A 62 AÑOS;No Aplica;Contributivo;No Aplica;Persona con discapacidad;05;05360;NUEVA EPS;RÉGIMEN CONTRIBUTIVO;EPS037;NUEVA EPS;05;05360;01;"BARRERAS EN EL ACCESO A TECNOLOGÍAS Y SERVICIOS DE SALUD; Y OTROS ELEMENTOS COMPLEMENTARIOS PARA LA ATENCIÓN DEL USUARIO";0102;NEGACIÓN DE TECNOLOGÍAS EN SALUD Y OTROS ELEMENTOS COMPLEMENTARIOS PARA LA ATENCIÓN DEL USUARIO;010203;NEGACIÓN EN LA ATENCIÓN EN OTROS SERVICIOS DE SALUD;01020309;PROCEDIMIENTOS QUIRÚRGICOS;01020309003;OTROS PROCEDIMIENTOS QUIRÚRGICOS;PROBLEMAS RELACIONADOS CON FACILIDADES DE ATENCIÓN MÉDICA U OTROS SERVICIOS DE SALUD;PROBLEMAS RELACIONADOS CON FACILIDADES DE ATENCIÓN MÉDICA U OTROS SERVICIOS DE SALUD;GLAUCOMA;No aplica;SIMPLE
585;2024;7;Web;11;11001;US- 000003713852;Otro;HOMBRE;64;MAYOR DE 63 AÑOS ;No Aplica;Subsidiado;No Aplica;No Aplica;25;25899;FAMISANAR;RÉGIMEN CONTRIBUTIVO;EPS017;FAMISANAR;25;25899;01;"BARRERAS EN EL ACCESO A TECNOLOGÍAS Y SERVICIOS DE SALUD; Y OTROS ELEMENTOS COMPLEMENTARIOS PARA LA ATENCIÓN DEL USUARIO";0103;FALTA DE OPORTUNIDAD EN LA AUTORIZACIÓN DE TECNOLOGÍAS EN SALUD Y OTROS ELEMENTOS COMPLEMENTARIOS PARA LA ATENCIÓN DEL USUARIO;010304;FALTA DE OPORTUNIDAD EN LA AUTORIZACIÓN DE OTROS SERVICIOS DE SALUD;01030409;PROCEDIMIENTOS QUIRÚRGICOS;01030409003;OTROS PROCEDIMIENTOS QUIRÚRGICOS;ENFERMEDADES CRÓNICAS NO TRASMISIBLES CARDIOVASCULARES;ACV (ACCIDENTE CEREBRO VASCULAR);ANEURISMA DE LA AORTA ABDOMINAL, SIN MENCIÓN DE RUPTURA;No aplica;PRIORIZADO
586;2024;7;Personalizado;11;11001;US- 000003584486;A nombre propio;HOMBRE;68;MAYOR DE 63 AÑOS ;Universitario Incompleto;Subsidiado;No Aplica;Persona con discapacidad;11;11001;CAPITAL SALUD;RÉGIMEN SUBSIDIADO;EPSS34;CAPITAL SALUD;11;11001;01;"BARRERAS EN EL ACCESO A TECNOLOGÍAS Y SERVICIOS DE SALUD; Y OTROS ELEMENTOS COMPLEMENTARIOS PARA LA ATENCIÓN DEL USUARIO";0102;NEGACIÓN DE TECNOLOGÍAS EN SALUD Y OTROS ELEMENTOS COMPLEMENTARIOS PARA LA ATENCIÓN DEL USUARIO;010201;NEGACIÓN EN LA ASIGNACIÓN DE CITAS O CONSULTAS;01020104;ESPECIALIDADES ODONTOLÓGICAS;01020104003;ENDODONCIA;SALUD ORAL;SALUD ORAL;PERIODONTITIS APICAL AGUDA ORIGINADA EN LA PULPA;No aplica;SIMPLE
587;2024;7;Web;20;20750;US- 000001634623;A nombre propio;HOMBRE;62;DE 50 A 62 AÑOS;Ninguno;Subsidiado;No Aplica;No Aplica;20;20750;NUEVA EPS;RÉGIMEN SUBSIDIADO;EPSS41;NUEVA EPS;20;20750;01;"BARRERAS EN EL ACCESO A TECNOLOGÍAS Y SERVICIOS DE SALUD; Y OTROS ELEMENTOS COMPLEMENTARIOS PARA LA ATENCIÓN DEL USUARIO";0102;NEGACIÓN DE TECNOLOGÍAS EN SALUD Y OTROS ELEMENTOS COMPLEMENTARIOS PARA LA ATENCIÓN DEL USUARIO;010204;NEGACIÓN PARA LA ENTREGA DE TECNOLOGÍAS EN SALUD Y/O DE OTROS SERVICIOS AUTORIZADOS;01020401;MEDICAMENTOS UPC;;;PROBLEMAS RELACIONADOS CON FACILIDADES DE ATENCIÓN MÉDICA U OTROS SERVICIOS DE SALUD;PROBLEMAS RELACIONADOS CON FACILIDADES DE ATENCIÓN MÉDICA U OTROS SERVICIOS DE SALUD;PROBLEMAS RELACIONADOS CON FACILIDADES DE ATENCIÓN MEDICA U OTROS SERVICIOS DE SALUD;No aplica;SIMPLE
588;2024;7;Personalizado;44;44001;US- 000000193093;A nombre propio;MUJER;81;MAYOR DE 63 AÑOS ;Ninguno;Subsidiado;No Aplica;No Aplica;44;44001;NUEVA EPS;RÉGIMEN SUBSIDIADO;EPSS41;NUEVA EPS;44;44001;01;"BARRERAS EN EL ACCESO A TECNOLOGÍAS Y SERVICIOS DE SALUD; Y OTROS ELEMENTOS COMPLEMENTARIOS PARA LA ATENCIÓN DEL USUARIO";0101;FALTA DE OPORTUNIDAD EN LA PRESTACIÓN DE TECNOLOGÍAS EN SALUD Y OTROS ELEMENTOS COMPLEMENTARIOS PARA LA ATENCIÓN DEL USUARIO;010105;FALTA DE OPORTUNIDAD EN EL PROCESO DE REFERENCIA Y CONTRARREFERENCIA;;;;;PROBLEMAS RELACIONADOS CON FACILIDADES DE ATENCIÓN MÉDICA U OTROS SERVICIOS DE SALUD;PROBLEMAS RELACIONADOS CON FACILIDADES DE ATENCIÓN MÉDICA U OTROS SERVICIOS DE SALUD;OTROS PROBLEMAS RELACIONADOS CON SERVICIOS MÉDICOS Y DE SALUD;No aplica;PRIORIZADO
589;2024;7;Telefónico;47;47555;US- 000001857529;A nombre propio;HOMBRE;40;DE 38 A 49 AÑOS;Ninguno;Subsidiado;Afrocolombiano o Afrodescendiente;Desplazado;47;47555;MUTUAL SER;RÉGIMEN SUBSIDIADO;ESS207;MUTUAL SER;47;47555;01;"BARRERAS EN EL ACCESO A TECNOLOGÍAS Y SERVICIOS DE SALUD; Y OTROS ELEMENTOS COMPLEMENTARIOS PARA LA ATENCIÓN DEL USUARIO";0102;NEGACIÓN DE TECNOLOGÍAS EN SALUD Y OTROS ELEMENTOS COMPLEMENTARIOS PARA LA ATENCIÓN DEL USUARIO;010201;NEGACIÓN EN LA ASIGNACIÓN DE CITAS O CONSULTAS;01020103;ESPECIALIDADES MÉDICAS ;01020103006;CARDIOLOGÍA;ENFERMEDADES CRÓNICAS NO TRASMISIBLES CARDIOVASCULARES;ICC (INSUFICIENCIA CARDIACA CONGESTIVA);TRAUMATISMOS DEL CORAZÓN, NO ESPECIFICADO;No aplica;PRIORIZADO
590;2024;7;Telefónico;76;76001;US- 000000094499;Tío (A);HOMBRE;8;DE 6 A 12 AÑOS;Primaria Incompleta;Subsidiado;No Aplica;No Aplica;76;76001;ASMET SALUD EPS;RÉGIMEN SUBSIDIADO;ESS062;ASMET SALUD;76;76001;01;"BARRERAS EN EL ACCESO A TECNOLOGÍAS Y SERVICIOS DE SALUD; Y OTROS ELEMENTOS COMPLEMENTARIOS PARA LA ATENCIÓN DEL USUARIO";0101;FALTA DE OPORTUNIDAD EN LA PRESTACIÓN DE TECNOLOGÍAS EN SALUD Y OTROS ELEMENTOS COMPLEMENTARIOS PARA LA ATENCIÓN DEL USUARIO;010105;FALTA DE OPORTUNIDAD EN EL PROCESO DE REFERENCIA Y CONTRARREFERENCIA;;;;;PROBLEMAS RELACIONADOS CON FACILIDADES DE ATENCIÓN MÉDICA U OTROS SERVICIOS DE SALUD;PROBLEMAS RELACIONADOS CON FACILIDADES DE ATENCIÓN MÉDICA U OTROS SERVICIOS DE SALUD;FIEBRE DEL DENGUE [DENGUE CLÁSICO];No aplica;SIMPLE
591;2024;7;Personalizado;66;66001;US- 000004066603;A nombre propio;MUJER;41;DE 38 A 49 AÑOS;Secundaria Incompleta;Contributivo;No Aplica;No Aplica;66;66001;SALUD TOTAL;RÉGIMEN CONTRIBUTIVO;EPS002;SALUD TOTAL;66;66170;01;"BARRERAS EN EL ACCESO A TECNOLOGÍAS Y SERVICIOS DE SALUD; Y OTROS ELEMENTOS COMPLEMENTARIOS PARA LA ATENCIÓN DEL USUARIO";0102;NEGACIÓN DE TECNOLOGÍAS EN SALUD Y OTROS ELEMENTOS COMPLEMENTARIOS PARA LA ATENCIÓN DEL USUARIO;010203;NEGACIÓN EN LA ATENCIÓN EN OTROS SERVICIOS DE SALUD;01020309;PROCEDIMIENTOS QUIRÚRGICOS;01020309003;OTROS PROCEDIMIENTOS QUIRÚRGICOS;PROBLEMAS RELACIONADOS CON FACILIDADES DE ATENCIÓN MÉDICA U OTROS SERVICIOS DE SALUD;PROBLEMAS RELACIONADOS CON FACILIDADES DE ATENCIÓN MÉDICA U OTROS SERVICIOS DE SALUD;FIBROADENOSIS DE LA MAMA;No aplica;SIMPLE
592;2024;7;Telefónico;05;05001;US- 000003114321;Hijo (A);MUJER;79;MAYOR DE 63 AÑOS ;Primaria;Contributivo;No Aplica;No Aplica;05;05001;SURAMERICANA EPS;RÉGIMEN CONTRIBUTIVO;EPS010;EPS SURA;05;05001;01;"BARRERAS EN EL ACCESO A TECNOLOGÍAS Y SERVICIOS DE SALUD; Y OTROS ELEMENTOS COMPLEMENTARIOS PARA LA ATENCIÓN DEL USUARIO";0102;NEGACIÓN DE TECNOLOGÍAS EN SALUD Y OTROS ELEMENTOS COMPLEMENTARIOS PARA LA ATENCIÓN DEL USUARIO;010201;NEGACIÓN EN LA ASIGNACIÓN DE CITAS O CONSULTAS;01020103;ESPECIALIDADES MÉDICAS ;01020103078;ORTOPEDIA Y TRAUMATOLOGÍA;ENFERMEDADES CRÓNICAS NO TRASMISIBLES CARDIOVASCULARES;HTA (HIPERTENSIÓN ARTERIAL);TRASTORNO INTERNO DE LA RODILLA;No aplica;SIMPLE
593;2024;7;Telefónico;50;50150;US- 000002325398;A nombre propio;HOMBRE;37;DE 30 A 37 AÑOS;Universitario;Contributivo;No Aplica;No Aplica;50;50150;SALUD TOTAL;RÉGIMEN CONTRIBUTIVO;EPS002;SALUD TOTAL;50;50001;01;"BARRERAS EN EL ACCESO A TECNOLOGÍAS Y SERVICIOS DE SALUD; Y OTROS ELEMENTOS COMPLEMENTARIOS PARA LA ATENCIÓN DEL USUARIO";0101;FALTA DE OPORTUNIDAD EN LA PRESTACIÓN DE TECNOLOGÍAS EN SALUD Y OTROS ELEMENTOS COMPLEMENTARIOS PARA LA ATENCIÓN DEL USUARIO;010101;FALTA DE OPORTUNIDAD EN LAS CITAS O CONSULTAS;01010101;MEDICINA GENERAL;;;VIH SIDA Y OTRAS ET SEXUAL;VIH SIDA;ENFERMEDAD POR VIRUS DE LA INMUNODEFICIENCIA HUMANA (VIH), SIN OTRA ESPECIFICACIÓN;Diagnóstico y manejo del paciente infectado por VIH;PRIORIZADO
594;2024;7;Web;54;54001;US- 000001034634;A nombre propio;MUJER;78;MAYOR DE 63 AÑOS ;No Aplica;Contributivo;No Aplica;Persona con discapacidad;54;54001;NUEVA EPS;RÉGIMEN CONTRIBUTIVO;EPS037;NUEVA EPS;54;54001;01;"BARRERAS EN EL ACCESO A TECNOLOGÍAS Y SERVICIOS DE SALUD; Y OTROS ELEMENTOS COMPLEMENTARIOS PARA LA ATENCIÓN DEL USUARIO";0101;FALTA DE OPORTUNIDAD EN LA PRESTACIÓN DE TECNOLOGÍAS EN SALUD Y OTROS ELEMENTOS COMPLEMENTARIOS PARA LA ATENCIÓN DEL USUARIO;010103;FALTA DE OPORTUNIDAD EN LA ATENCIÓN EN OTROS SERVICIOS DE SALUD;01010308;PROCEDIMIENTOS NO QUIRÚRGICOS;01010308006;OTROS PROCEDIMIENTOS NO QUIRÚRGICOS;CÁNCER ;OTROS;TUMOR MALIGNO DE LA BASE DE LA LENGUA;No aplica;PRIORIZADO
595;2024;7;Personalizado;17;17001;US- 000004066604;Madre;MUJER;38;DE 38 A 49 AÑOS;Primaria;Subsidiado;No Aplica;Persona con discapacidad;17;17001;SANITAS;RÉGIMEN CONTRIBUTIVO;EPS005;SANITAS;17;17001;01;"BARRERAS EN EL ACCESO A TECNOLOGÍAS Y SERVICIOS DE SALUD; Y OTROS ELEMENTOS COMPLEMENTARIOS PARA LA ATENCIÓN DEL USUARIO";0103;FALTA DE OPORTUNIDAD EN LA AUTORIZACIÓN DE TECNOLOGÍAS EN SALUD Y OTROS ELEMENTOS COMPLEMENTARIOS PARA LA ATENCIÓN DEL USUARIO;010301;FALTA DE OPORTUNIDAD EN LA AUTORIZACIÓN DE TECNOLOGÍAS EN SALUD Y/O DE OTROS SERVICIOS;01030108;TRANSPORTE, ALOJAMIENTO O ALIMENTACIÓN;;;ENFERMEDADES CRÓNICAS NO TRASMISIBLES CARDIOVASCULARES;HTA (HIPERTENSIÓN ARTERIAL);INSUFICIENCIA RENAL CRÓNICA;Hemodiálisis;PRIORIZADO
596;2024;7;Web;47;47001;US- 000004066605;Hijo (A);MUJER;68;MAYOR DE 63 AÑOS ;No Aplica;Contributivo;No Aplica;No Aplica;47;47001;SANITAS;RÉGIMEN CONTRIBUTIVO;EPS005;SANITAS;47;47001;01;"BARRERAS EN EL ACCESO A TECNOLOGÍAS Y SERVICIOS DE SALUD; Y OTROS ELEMENTOS COMPLEMENTARIOS PARA LA ATENCIÓN DEL USUARIO";0102;NEGACIÓN DE TECNOLOGÍAS EN SALUD Y OTROS ELEMENTOS COMPLEMENTARIOS PARA LA ATENCIÓN DEL USUARIO;010204;NEGACIÓN PARA LA ENTREGA DE TECNOLOGÍAS EN SALUD Y/O DE OTROS SERVICIOS AUTORIZADOS;01020401;MEDICAMENTOS UPC;;;ENFERMEDADES CRÓNICAS NO TRANSMISIBLES –DIABETES;DIABETES;ENFERMEDAD DE PARKINSON;No aplica;PRIORIZADO
597;2024;7;Personalizado;68;68547;US- 000004066606;A nombre propio;MUJER;53;DE 50 A 62 AÑOS;Primaria;Subsidiado;No Aplica;No Aplica;68;68547;NUEVA EPS;RÉGIMEN SUBSIDIADO;EPSS41;NUEVA EPS;68;68547;01;"BARRERAS EN EL ACCESO A TECNOLOGÍAS Y SERVICIOS DE SALUD; Y OTROS ELEMENTOS COMPLEMENTARIOS PARA LA ATENCIÓN DEL USUARIO";0102;NEGACIÓN DE TECNOLOGÍAS EN SALUD Y OTROS ELEMENTOS COMPLEMENTARIOS PARA LA ATENCIÓN DEL USUARIO;010203;NEGACIÓN EN LA ATENCIÓN EN OTROS SERVICIOS DE SALUD;01020309;PROCEDIMIENTOS QUIRÚRGICOS;01020309003;OTROS PROCEDIMIENTOS QUIRÚRGICOS;ENFERMEDADES CRÓNICAS NO TRASMISIBLES CARDIOVASCULARES;HTA (HIPERTENSIÓN ARTERIAL);TRASTORNOS DE LOS DISCOS INTERVERTEBRALES, NO ESPECIFICADO;No aplica;SIMPLE
598;2024;7;Web;11;11001;US- 000003822510;A nombre propio;MUJER;70;MAYOR DE 63 AÑOS ;No Aplica;Contributivo;No Aplica;No Aplica;11;11001;ALIANSALUD;RÉGIMEN CONTRIBUTIVO;EPS001;ALIANSALUD;11;11001;01;"BARRERAS EN EL ACCESO A TECNOLOGÍAS Y SERVICIOS DE SALUD; Y OTROS ELEMENTOS COMPLEMENTARIOS PARA LA ATENCIÓN DEL USUARIO";0103;FALTA DE OPORTUNIDAD EN LA AUTORIZACIÓN DE TECNOLOGÍAS EN SALUD Y OTROS ELEMENTOS COMPLEMENTARIOS PARA LA ATENCIÓN DEL USUARIO;010301;FALTA DE OPORTUNIDAD EN LA AUTORIZACIÓN DE TECNOLOGÍAS EN SALUD Y/O DE OTROS SERVICIOS;01030101;MEDICAMENTOS UPC;;;CÁNCER ;OTROS;TUMOR MALIGNO DE LOS BRONQUIOS O DEL PULMÓN, PARTE NO ESPECIFICADA;Quimioterapia y radioterapia para el cáncer;PRIORIZADO
599;2024;7;Telefónico;76;76001;US- 000002703147;Tío (A);HOMBRE;11;DE 6 A 12 AÑOS;Primaria Incompleta;Subsidiado;No Aplica;No Aplica;76;76001;ASMET SALUD EPS;RÉGIMEN SUBSIDIADO;ESS062;ASMET SALUD;76;76001;01;"BARRERAS EN EL ACCESO A TECNOLOGÍAS Y SERVICIOS DE SALUD; Y OTROS ELEMENTOS COMPLEMENTARIOS PARA LA ATENCIÓN DEL USUARIO";0101;FALTA DE OPORTUNIDAD EN LA PRESTACIÓN DE TECNOLOGÍAS EN SALUD Y OTROS ELEMENTOS COMPLEMENTARIOS PARA LA ATENCIÓN DEL USUARIO;010105;FALTA DE OPORTUNIDAD EN EL PROCESO DE REFERENCIA Y CONTRARREFERENCIA;;;;;ENFERMEDADES CRÓNICAS NO TRANSMISIBLES- FACTORES DE RIESGO;MEDICIÓN DE FACTORES DE RIESGO;FIEBRE DEL DENGUE [DENGUE CLÁSICO];No aplica;PRIORIZADO
600;2024;7;Telefónico;05;05001;US- 000004066607;Cuidador (A);HOMBRE;21;DE 18 A 24 AÑOS;Ninguno;Subsidiado;No Aplica;Persona con discapacidad;05;05001;COOSALUD;RÉGIMEN SUBSIDIADO;ESS024;COOSALUD;76;76520;01;"BARRERAS EN EL ACCESO A TECNOLOGÍAS Y SERVICIOS DE SALUD; Y OTROS ELEMENTOS COMPLEMENTARIOS PARA LA ATENCIÓN DEL USUARIO";0102;NEGACIÓN DE TECNOLOGÍAS EN SALUD Y OTROS ELEMENTOS COMPLEMENTARIOS PARA LA ATENCIÓN DEL USUARIO;010201;NEGACIÓN EN LA ASIGNACIÓN DE CITAS O CONSULTAS;01020103;ESPECIALIDADES MÉDICAS ;01020103083;PSIQUIATRÍA;SALUD MENTAL;OTROS TRASTORNOS MENTALES;RETRASO MENTAL LEVE: DETERIORO DEL COMPORTAMIENTO DE GRADO NO ESPECIFICADO;No aplica;PRIORIZADO
601;2024;7;Web;25;25290;US- 000001993240;A nombre propio;MUJER;79;MAYOR DE 63 AÑOS ;Primaria;Contributivo;No Aplica;Persona con discapacidad;25;25290;FAMISANAR;RÉGIMEN CONTRIBUTIVO;EPS017;FAMISANAR;25;25290;01;"BARRERAS EN EL ACCESO A TECNOLOGÍAS Y SERVICIOS DE SALUD; Y OTROS ELEMENTOS COMPLEMENTARIOS PARA LA ATENCIÓN DEL USUARIO";0101;FALTA DE OPORTUNIDAD EN LA PRESTACIÓN DE TECNOLOGÍAS EN SALUD Y OTROS ELEMENTOS COMPLEMENTARIOS PARA LA ATENCIÓN DEL USUARIO;010105;FALTA DE OPORTUNIDAD EN EL PROCESO DE REFERENCIA Y CONTRARREFERENCIA;;;;;ENFERMEDADES CRÓNICAS NO TRANSMISIBLES –DIABETES;DIABETES;HIPERTENSIÓN ESENCIAL (PRIMARIA);No aplica;PRIORIZADO
602;2024;7;Web;13;13001;US- 000004066608;Madre;MUJER;4;DE 0 A 5 AÑOS;No Aplica;Subsidiado;No Aplica;No Aplica;13;13001;SALUD TOTAL;RÉGIMEN CONTRIBUTIVO;EPS002;SALUD TOTAL;13;13001;01;"BARRERAS EN EL ACCESO A TECNOLOGÍAS Y SERVICIOS DE SALUD; Y OTROS ELEMENTOS COMPLEMENTARIOS PARA LA ATENCIÓN DEL USUARIO";0102;NEGACIÓN DE TECNOLOGÍAS EN SALUD Y OTROS ELEMENTOS COMPLEMENTARIOS PARA LA ATENCIÓN DEL USUARIO;010203;NEGACIÓN EN LA ATENCIÓN EN OTROS SERVICIOS DE SALUD;01020309;PROCEDIMIENTOS QUIRÚRGICOS;01020309003;OTROS PROCEDIMIENTOS QUIRÚRGICOS;MATERNO INFANTIL;ATENCIÓN NIÑOS MENORES DE 5 AÑOS;ASMA;No aplica;SIMPLE
603;2024;7;Telefónico;25;25175;US- 000004066609;Madre;HOMBRE;18;DE 18 A 24 AÑOS;Secundaria Incompleta;Subsidiado;No Aplica;Persona con discapacidad;25;25175;SANITAS;RÉGIMEN CONTRIBUTIVO;EPS005;SANITAS;25;25899;01;"BARRERAS EN EL ACCESO A TECNOLOGÍAS Y SERVICIOS DE SALUD; Y OTROS ELEMENTOS COMPLEMENTARIOS PARA LA ATENCIÓN DEL USUARIO";0101;FALTA DE OPORTUNIDAD EN LA PRESTACIÓN DE TECNOLOGÍAS EN SALUD Y OTROS ELEMENTOS COMPLEMENTARIOS PARA LA ATENCIÓN DEL USUARIO;010105;FALTA DE OPORTUNIDAD EN EL PROCESO DE REFERENCIA Y CONTRARREFERENCIA;;;;;PROBLEMAS RELACIONADOS CON FACILIDADES DE ATENCIÓN MÉDICA U OTROS SERVICIOS DE SALUD;PROBLEMAS RELACIONADOS CON FACILIDADES DE ATENCIÓN MÉDICA U OTROS SERVICIOS DE SALUD;PROBLEMAS RELACIONADOS CON LA LIMITACIÓN DE LAS ACTIVIDADES DEBIDO A DISCAPACIDAD;Diálisis peritoneal;PRIORIZADO
604;2024;7;Web;76;76520;US- 000001615386;A nombre propio;MUJER;55;DE 50 A 62 AÑOS;No Aplica;Contributivo;No Aplica;No Aplica;76;76520;EMSSANAR EPS;RÉGIMEN SUBSIDIADO;ESS118;EMSSANAR;76;76520;01;"BARRERAS EN EL ACCESO A TECNOLOGÍAS Y SERVICIOS DE SALUD; Y OTROS ELEMENTOS COMPLEMENTARIOS PARA LA ATENCIÓN DEL USUARIO";0101;FALTA DE OPORTUNIDAD EN LA PRESTACIÓN DE TECNOLOGÍAS EN SALUD Y OTROS ELEMENTOS COMPLEMENTARIOS PARA LA ATENCIÓN DEL USUARIO;010103;FALTA DE OPORTUNIDAD EN LA ATENCIÓN EN OTROS SERVICIOS DE SALUD;01010308;PROCEDIMIENTOS NO QUIRÚRGICOS;01010308001;IMAGENOLOGÍA;PROBLEMAS RELACIONADOS CON FACILIDADES DE ATENCIÓN MÉDICA U OTROS SERVICIOS DE SALUD;PROBLEMAS RELACIONADOS CON FACILIDADES DE ATENCIÓN MÉDICA U OTROS SERVICIOS DE SALUD;OTROS PROBLEMAS RELACIONADOS CON SERVICIOS MÉDICOS Y DE SALUD;No aplica;PRIORIZADO
605;2024;7;Personalizado;76;76001;US- 000004025202;A nombre propio;HOMBRE;52;DE 50 A 62 AÑOS;Secundaria;Contributivo;No Aplica;No Aplica;76;76001;SALUD TOTAL;RÉGIMEN CONTRIBUTIVO;EPS002;SALUD TOTAL;76;76001;04;INSATISFACCIÓN DEL USUARIO CON EL PROCESO ADMINISTRATIVO;0405;PROBLEMAS EN EL RECONOCIMIENTO Y/O PAGO DE PRESTACIONES ECONÓMICAS;040501;NO RECONOCIMIENTO Y/O PAGO DE LAS PRESTACIONES ECONÓMICAS;04050107;INCAPACIDAD DE ENFERMEDAD GENERAL;;;PROBLEMAS RELACIONADOS CON FACILIDADES DE ATENCIÓN MÉDICA U OTROS SERVICIOS DE SALUD;PROBLEMAS RELACIONADOS CON FACILIDADES DE ATENCIÓN MÉDICA U OTROS SERVICIOS DE SALUD;OTROS PROBLEMAS RELACIONADOS CON SERVICIOS MÉDICOS Y DE SALUD;No aplica;SIMPLE
606;2024;7;Web;15;15572;US- 000004066610;A nombre propio;HOMBRE;32;DE 30 A 37 AÑOS;No Aplica;Contributivo;No Aplica;No Aplica;15;15572;NUEVA EPS;RÉGIMEN CONTRIBUTIVO;EPS037;NUEVA EPS;15;15572;02;INSATISFACCIÓN RELACIONADA CON LA ATENCIÓN EN SALUD;0201;INSATISFACCIÓN RELACIONADA CON LA ATENCIÓN EN SALUD POR FALTA DE OPORTUNIDAD;020102;INSATISFACCIÓN POR FALTA DE OPORTUNIDAD EN LA ENTREGA DE RESULTADOS DE AYUDAS DIAGNÓSTICAS;;;;;PROBLEMAS RELACIONADOS CON FACILIDADES DE ATENCIÓN MÉDICA U OTROS SERVICIOS DE SALUD;PROBLEMAS RELACIONADOS CON FACILIDADES DE ATENCIÓN MÉDICA U OTROS SERVICIOS DE SALUD;OTROS PROBLEMAS RELACIONADOS CON SERVICIOS MÉDICOS Y DE SALUD;No aplica;SIMPLE
607;2024;7;Web;05;05001;US- 000000992819;Otro;MUJER;84;MAYOR DE 63 AÑOS ;No Aplica;Contributivo;No Aplica;No Aplica;05;05001;SURAMERICANA EPS;RÉGIMEN CONTRIBUTIVO;EPS010;EPS SURA;05;05001;01;"BARRERAS EN EL ACCESO A TECNOLOGÍAS Y SERVICIOS DE SALUD; Y OTROS ELEMENTOS COMPLEMENTARIOS PARA LA ATENCIÓN DEL USUARIO";0103;FALTA DE OPORTUNIDAD EN LA AUTORIZACIÓN DE TECNOLOGÍAS EN SALUD Y OTROS ELEMENTOS COMPLEMENTARIOS PARA LA ATENCIÓN DEL USUARIO;010302;FALTA DE OPORTUNIDAD EN LA AUTORIZACIÓN DE CITAS DE CONSULTA;01030203;ESPECIALIDADES MÉDICAS ;01030203072;NEUROLOGÍA;SALUD MENTAL;OTROS TRASTORNOS MENTALES;DEMENCIA , NO ESPECIFICADA;No aplica;PRIORIZADO
608;2024;7;Web;05;05440;US- 000003701612;A nombre propio;MUJER;48;DE 38 A 49 AÑOS;No Aplica;Subsidiado;No Aplica;No Aplica;05;05440;SURAMERICANA EPS;RÉGIMEN CONTRIBUTIVO;EPS010;EPS SURA;05;05440;01;"BARRERAS EN EL ACCESO A TECNOLOGÍAS Y SERVICIOS DE SALUD; Y OTROS ELEMENTOS COMPLEMENTARIOS PARA LA ATENCIÓN DEL USUARIO";0103;FALTA DE OPORTUNIDAD EN LA AUTORIZACIÓN DE TECNOLOGÍAS EN SALUD Y OTROS ELEMENTOS COMPLEMENTARIOS PARA LA ATENCIÓN DEL USUARIO;010302;FALTA DE OPORTUNIDAD EN LA AUTORIZACIÓN DE CITAS DE CONSULTA;01030203;ESPECIALIDADES MÉDICAS ;01030203088;REUMATOLOGÍA;ENFERMEDADES OSTEOARTICULARES;OTROS;PROBLEMAS RELACIONADOS CON FACILIDADES DE ATENCIÓN MEDICA U OTROS SERVICIOS DE SALUD;No aplica;SIMPLE
609;2024;7;Personalizado;68;68276;US- 000004066611;Hijo (A);MUJER;72;MAYOR DE 63 AÑOS ;Primaria;Contributivo;No Aplica;No Aplica;68;68276;SANITAS;RÉGIMEN CONTRIBUTIVO;EPS005;SANITAS;68;68001;01;"BARRERAS EN EL ACCESO A TECNOLOGÍAS Y SERVICIOS DE SALUD; Y OTROS ELEMENTOS COMPLEMENTARIOS PARA LA ATENCIÓN DEL USUARIO";0102;NEGACIÓN DE TECNOLOGÍAS EN SALUD Y OTROS ELEMENTOS COMPLEMENTARIOS PARA LA ATENCIÓN DEL USUARIO;010201;NEGACIÓN EN LA ASIGNACIÓN DE CITAS O CONSULTAS;01020103;ESPECIALIDADES MÉDICAS ;01020103072;NEUROLOGÍA;ENFERMEDADES OSTEOARTICULARES;NEUROLÓGICAS;CEFALEA DEBIDA A TENSIÓN;No aplica;SIMPLE
610;2024;7;Web;11;11001;US- 000001646562;A nombre propio;MUJER;46;DE 38 A 49 AÑOS;No Aplica;Contributivo;No Aplica;No Aplica;11;11001;FAMISANAR;RÉGIMEN CONTRIBUTIVO;EPS017;FAMISANAR;11;11001;01;"BARRERAS EN EL ACCESO A TECNOLOGÍAS Y SERVICIOS DE SALUD; Y OTROS ELEMENTOS COMPLEMENTARIOS PARA LA ATENCIÓN DEL USUARIO";0102;NEGACIÓN DE TECNOLOGÍAS EN SALUD Y OTROS ELEMENTOS COMPLEMENTARIOS PARA LA ATENCIÓN DEL USUARIO;010201;NEGACIÓN EN LA ASIGNACIÓN DE CITAS O CONSULTAS;01020103;ESPECIALIDADES MÉDICAS ;01020103078;ORTOPEDIA Y TRAUMATOLOGÍA;PROBLEMAS RELACIONADOS CON FACILIDADES DE ATENCIÓN MÉDICA U OTROS SERVICIOS DE SALUD;PROBLEMAS RELACIONADOS CON FACILIDADES DE ATENCIÓN MÉDICA U OTROS SERVICIOS DE SALUD;CONVALECENCIA CONSECUTIVA A CIRUGÍA;No aplica;SIMPLE
611;2024;7;Personalizado;68;68276;US- 000004066612;Hijo (A);HOMBRE;62;DE 50 A 62 AÑOS;Primaria Incompleta;Subsidiado;No Aplica;No Aplica;68;68276;NUEVA EPS;RÉGIMEN SUBSIDIADO;EPSS41;NUEVA EPS;68;68276;01;"BARRERAS EN EL ACCESO A TECNOLOGÍAS Y SERVICIOS DE SALUD; Y OTROS ELEMENTOS COMPLEMENTARIOS PARA LA ATENCIÓN DEL USUARIO";0102;NEGACIÓN DE TECNOLOGÍAS EN SALUD Y OTROS ELEMENTOS COMPLEMENTARIOS PARA LA ATENCIÓN DEL USUARIO;010203;NEGACIÓN EN LA ATENCIÓN EN OTROS SERVICIOS DE SALUD;01020309;PROCEDIMIENTOS QUIRÚRGICOS;01020309003;OTROS PROCEDIMIENTOS QUIRÚRGICOS;ENFERMEDADES CRÓNICAS NO TRASMISIBLES CARDIOVASCULARES;OTROS;INSUFICIENCIA (DE LA VÁLVULA) MITRAL;Manejo quirúrgico para enfermedades del corazón;PRIORIZADO
612;2024;7;Personalizado;23;23001;US- 000004066613;A nombre propio;HOMBRE;48;DE 38 A 49 AÑOS;Universitario;Subsidiado;No Aplica;Desplazado;23;23001;COOSALUD;RÉGIMEN SUBSIDIADO;ESS024;COOSALUD;23;23001;01;"BARRERAS EN EL ACCESO A TECNOLOGÍAS Y SERVICIOS DE SALUD; Y OTROS ELEMENTOS COMPLEMENTARIOS PARA LA ATENCIÓN DEL USUARIO";0101;FALTA DE OPORTUNIDAD EN LA PRESTACIÓN DE TECNOLOGÍAS EN SALUD Y OTROS ELEMENTOS COMPLEMENTARIOS PARA LA ATENCIÓN DEL USUARIO;010101;FALTA DE OPORTUNIDAD EN LAS CITAS O CONSULTAS;01010106;NUTRICIÓN;;;PROBLEMAS RELACIONADOS CON FACILIDADES DE ATENCIÓN MÉDICA U OTROS SERVICIOS DE SALUD;PROBLEMAS RELACIONADOS CON FACILIDADES DE ATENCIÓN MÉDICA U OTROS SERVICIOS DE SALUD;HIPERLIPIDEMIA NO ESPECIFICADA;No aplica;SIMPLE
613;2024;7;Telefónico;11;11001;US- 000004066614;A nombre propio;HOMBRE;24;DE 18 A 24 AÑOS;Secundaria;Contributivo;No Aplica;No Aplica;11;11001;FAMISANAR;RÉGIMEN CONTRIBUTIVO;EPS017;FAMISANAR;11;11001;01;"BARRERAS EN EL ACCESO A TECNOLOGÍAS Y SERVICIOS DE SALUD; Y OTROS ELEMENTOS COMPLEMENTARIOS PARA LA ATENCIÓN DEL USUARIO";0103;FALTA DE OPORTUNIDAD EN LA AUTORIZACIÓN DE TECNOLOGÍAS EN SALUD Y OTROS ELEMENTOS COMPLEMENTARIOS PARA LA ATENCIÓN DEL USUARIO;010302;FALTA DE OPORTUNIDAD EN LA AUTORIZACIÓN DE CITAS DE CONSULTA;01030203;ESPECIALIDADES MÉDICAS ;01030203094;UROLOGÍA;PROBLEMAS RELACIONADOS CON FACILIDADES DE ATENCIÓN MÉDICA U OTROS SERVICIOS DE SALUD;PROBLEMAS RELACIONADOS CON FACILIDADES DE ATENCIÓN MÉDICA U OTROS SERVICIOS DE SALUD;QUISTE DE RIÑÓN, ADQUIRIDO;No aplica;SIMPLE
614;2024;7;Web;11;11001;US- 000004066615;A nombre propio;HOMBRE;53;DE 50 A 62 AÑOS;No Aplica;Contributivo;No Aplica;No Aplica;11;11001;SALUD TOTAL;RÉGIMEN CONTRIBUTIVO;EPS002;SALUD TOTAL;11;11001;01;"BARRERAS EN EL ACCESO A TECNOLOGÍAS Y SERVICIOS DE SALUD; Y OTROS ELEMENTOS COMPLEMENTARIOS PARA LA ATENCIÓN DEL USUARIO";0101;FALTA DE OPORTUNIDAD EN LA PRESTACIÓN DE TECNOLOGÍAS EN SALUD Y OTROS ELEMENTOS COMPLEMENTARIOS PARA LA ATENCIÓN DEL USUARIO;010101;FALTA DE OPORTUNIDAD EN LAS CITAS O CONSULTAS;01010103;ESPECIALIDADES MÉDICAS ;01010103063;MEDICINA INTERNA;ENFERMEDADES CRÓNICAS NO TRASMISIBLES CARDIOVASCULARES;OTROS;INFARTO TRANSMURAL AGUDO DEL MIOCARDIO DE LA PARED INFERIOR;No aplica;SIMPLE
615;2024;7;Telefónico;08;08758;US- 000002511457;A nombre propio;MUJER;48;DE 38 A 49 AÑOS;Secundaria;Contributivo;No Aplica;No Aplica;08;08758;NUEVA EPS;RÉGIMEN CONTRIBUTIVO;EPS037;NUEVA EPS;08;08758;01;"BARRERAS EN EL ACCESO A TECNOLOGÍAS Y SERVICIOS DE SALUD; Y OTROS ELEMENTOS COMPLEMENTARIOS PARA LA ATENCIÓN DEL USUARIO";0102;NEGACIÓN DE TECNOLOGÍAS EN SALUD Y OTROS ELEMENTOS COMPLEMENTARIOS PARA LA ATENCIÓN DEL USUARIO;010201;NEGACIÓN EN LA ASIGNACIÓN DE CITAS O CONSULTAS;01020103;ESPECIALIDADES MÉDICAS ;01020103042;GASTROENTEROLOGÍA;PROBLEMAS RELACIONADOS CON FACILIDADES DE ATENCIÓN MÉDICA U OTROS SERVICIOS DE SALUD;PROBLEMAS RELACIONADOS CON FACILIDADES DE ATENCIÓN MÉDICA U OTROS SERVICIOS DE SALUD;OTRAS PANCREATITIS CRÓNICAS;No aplica;SIMPLE
616;2024;7;Telefónico;08;08001;US- 000004066616;Otro;MUJER;41;DE 38 A 49 AÑOS;Secundaria;Subsidiado;No Aplica;No Aplica;08;08001;SALUD TOTAL;RÉGIMEN CONTRIBUTIVO;EPS002;SALUD TOTAL;08;08001;01;"BARRERAS EN EL ACCESO A TECNOLOGÍAS Y SERVICIOS DE SALUD; Y OTROS ELEMENTOS COMPLEMENTARIOS PARA LA ATENCIÓN DEL USUARIO";0101;FALTA DE OPORTUNIDAD EN LA PRESTACIÓN DE TECNOLOGÍAS EN SALUD Y OTROS ELEMENTOS COMPLEMENTARIOS PARA LA ATENCIÓN DEL USUARIO;010103;FALTA DE OPORTUNIDAD EN LA ATENCIÓN EN OTROS SERVICIOS DE SALUD;01010302;HOSPITALIZACIÓN;;;CÁNCER ;CÁNCER DE MAMA;TUMOR MALIGNO DE LA MAMA;No aplica;PRIORIZADO
617;2024;7;Telefónico;05;05001;US- 000002343482;A nombre propio;MUJER;21;DE 18 A 24 AÑOS;Secundaria;Contributivo;No Aplica;No Aplica;05;05001;SAVIA SALUD;RÉGIMEN SUBSIDIADO;EPSS40;SAVIA SALUD EPS;05;05001;01;"BARRERAS EN EL ACCESO A TECNOLOGÍAS Y SERVICIOS DE SALUD; Y OTROS ELEMENTOS COMPLEMENTARIOS PARA LA ATENCIÓN DEL USUARIO";0103;FALTA DE OPORTUNIDAD EN LA AUTORIZACIÓN DE TECNOLOGÍAS EN SALUD Y OTROS ELEMENTOS COMPLEMENTARIOS PARA LA ATENCIÓN DEL USUARIO;010304;FALTA DE OPORTUNIDAD EN LA AUTORIZACIÓN DE OTROS SERVICIOS DE SALUD;01030408;PROCEDIMIENTOS NO QUIRÚRGICOS;01030408001;IMAGENOLOGÍA;ENFERMEDADES CRÓNICAS NO TRANSMISIBLES- FACTORES DE RIESGO;OBESIDAD;HIPERTROFIA DE LA MAMA;No aplica;SIMPLE
618;2024;7;Web;73;73001;US- 000003162660;A nombre propio;MUJER;38;DE 38 A 49 AÑOS;No Aplica;Contributivo;No Aplica;No Aplica;73;73001;SALUD TOTAL;RÉGIMEN CONTRIBUTIVO;EPS002;SALUD TOTAL;73;73001;01;"BARRERAS EN EL ACCESO A TECNOLOGÍAS Y SERVICIOS DE SALUD; Y OTROS ELEMENTOS COMPLEMENTARIOS PARA LA ATENCIÓN DEL USUARIO";0103;FALTA DE OPORTUNIDAD EN LA AUTORIZACIÓN DE TECNOLOGÍAS EN SALUD Y OTROS ELEMENTOS COMPLEMENTARIOS PARA LA ATENCIÓN DEL USUARIO;010302;FALTA DE OPORTUNIDAD EN LA AUTORIZACIÓN DE CITAS DE CONSULTA;01030203;ESPECIALIDADES MÉDICAS ;01030203042;GASTROENTEROLOGÍA;PROBLEMAS RELACIONADOS CON FACILIDADES DE ATENCIÓN MÉDICA U OTROS SERVICIOS DE SALUD;PROBLEMAS RELACIONADOS CON FACILIDADES DE ATENCIÓN MÉDICA U OTROS SERVICIOS DE SALUD;OTROS PROBLEMAS RELACIONADOS CON SERVICIOS MÉDICOS Y DE SALUD;No aplica;SIMPLE
619;2024;7;Personalizado;05;05001;US- 000001678273;A nombre propio;HOMBRE;69;MAYOR DE 63 AÑOS ;Secundaria Incompleta;Contributivo;No Aplica;No Aplica;05;05001;NUEVA EPS;RÉGIMEN CONTRIBUTIVO;EPS037;NUEVA EPS;05;05001;01;"BARRERAS EN EL ACCESO A TECNOLOGÍAS Y SERVICIOS DE SALUD; Y OTROS ELEMENTOS COMPLEMENTARIOS PARA LA ATENCIÓN DEL USUARIO";0102;NEGACIÓN DE TECNOLOGÍAS EN SALUD Y OTROS ELEMENTOS COMPLEMENTARIOS PARA LA ATENCIÓN DEL USUARIO;010204;NEGACIÓN PARA LA ENTREGA DE TECNOLOGÍAS EN SALUD Y/O DE OTROS SERVICIOS AUTORIZADOS;01020401;MEDICAMENTOS UPC;;;ENFERMEDADES CRÓNICAS NO TRANSMISIBLES –DIABETES;DIABETES;DIABETES MELLITUS INSULINODEPENDIENTE SIN MENCIÓN DE COMPLICACIÓN;No aplica;PRIORIZADO
620;2024;7;Web;19;19392;US- 000004066617;A nombre propio;HOMBRE;70;MAYOR DE 63 AÑOS ;No Aplica;Subsidiado;No Aplica;No Aplica;19;19392;NUEVA EPS;RÉGIMEN SUBSIDIADO;EPSS41;NUEVA EPS;19;19392;01;"BARRERAS EN EL ACCESO A TECNOLOGÍAS Y SERVICIOS DE SALUD; Y OTROS ELEMENTOS COMPLEMENTARIOS PARA LA ATENCIÓN DEL USUARIO";0101;FALTA DE OPORTUNIDAD EN LA PRESTACIÓN DE TECNOLOGÍAS EN SALUD Y OTROS ELEMENTOS COMPLEMENTARIOS PARA LA ATENCIÓN DEL USUARIO;010101;FALTA DE OPORTUNIDAD EN LAS CITAS O CONSULTAS;01010103;ESPECIALIDADES MÉDICAS ;01010103006;CARDIOLOGÍA;ENFERMEDADES CRÓNICAS NO TRASMISIBLES CARDIOVASCULARES;OTROS;PALPITACIONES;No aplica;SIMPLE
621;2024;7;Telefónico;76;76111;US- 000003077823;Nieto (A);HOMBRE;74;MAYOR DE 63 AÑOS ;Primaria;Contributivo;No Aplica;No Aplica;76;76111;SURAMERICANA EPS;RÉGIMEN CONTRIBUTIVO;EPS010;EPS SURA;76;76111;01;"BARRERAS EN EL ACCESO A TECNOLOGÍAS Y SERVICIOS DE SALUD; Y OTROS ELEMENTOS COMPLEMENTARIOS PARA LA ATENCIÓN DEL USUARIO";0102;NEGACIÓN DE TECNOLOGÍAS EN SALUD Y OTROS ELEMENTOS COMPLEMENTARIOS PARA LA ATENCIÓN DEL USUARIO;010204;NEGACIÓN PARA LA ENTREGA DE TECNOLOGÍAS EN SALUD Y/O DE OTROS SERVICIOS AUTORIZADOS;01020401;MEDICAMENTOS UPC;;;PROBLEMAS RELACIONADOS CON FACILIDADES DE ATENCIÓN MÉDICA U OTROS SERVICIOS DE SALUD;PROBLEMAS RELACIONADOS CON FACILIDADES DE ATENCIÓN MÉDICA U OTROS SERVICIOS DE SALUD;OTROS TRASTORNOS ESPECIFICADOS DEL OJO Y SUS ANEXOS;No aplica;SIMPLE
622;2024;7;Personalizado;11;11001;US- 000002557393;A nombre propio;MUJER;62;DE 50 A 62 AÑOS;Primaria;Contributivo;No Aplica;No Aplica;11;11001;NUEVA EPS;RÉGIMEN CONTRIBUTIVO;EPS037;NUEVA EPS;11;11001;01;"BARRERAS EN EL ACCESO A TECNOLOGÍAS Y SERVICIOS DE SALUD; Y OTROS ELEMENTOS COMPLEMENTARIOS PARA LA ATENCIÓN DEL USUARIO";0103;FALTA DE OPORTUNIDAD EN LA AUTORIZACIÓN DE TECNOLOGÍAS EN SALUD Y OTROS ELEMENTOS COMPLEMENTARIOS PARA LA ATENCIÓN DEL USUARIO;010302;FALTA DE OPORTUNIDAD EN LA AUTORIZACIÓN DE CITAS DE CONSULTA;01030203;ESPECIALIDADES MÉDICAS ;01030203078;ORTOPEDIA Y TRAUMATOLOGÍA;ENFERMEDADES OSTEOARTICULARES;OTROS;FRACTURA DEL MALÉOLO INTERNO;No aplica;SIMPLE
623;2024;7;Personalizado;27;27001;US- 000004066618;Madre;HOMBRE;1;DE 0 A 5 AÑOS;No Aplica;Subsidiado;Afrocolombiano o Afrodescendiente;No Aplica;27;27001;CCF DEL CHOCÓ -COMFACHOCO;RÉGIMEN SUBSIDIADO;CCF102;"CCF CHOCÓ ""CONMFACHOCÓ""";27;27001;01;"BARRERAS EN EL ACCESO A TECNOLOGÍAS Y SERVICIOS DE SALUD; Y OTROS ELEMENTOS COMPLEMENTARIOS PARA LA ATENCIÓN DEL USUARIO";0101;FALTA DE OPORTUNIDAD EN LA PRESTACIÓN DE TECNOLOGÍAS EN SALUD Y OTROS ELEMENTOS COMPLEMENTARIOS PARA LA ATENCIÓN DEL USUARIO;010101;FALTA DE OPORTUNIDAD EN LAS CITAS O CONSULTAS;01010103;ESPECIALIDADES MÉDICAS ;01010103043;GASTROENTEROLOGÍA PEDIÁTRICA;MATERNO INFANTIL;ATENCIÓN NIÑOS MENORES DE 5 AÑOS;FIEBRE RECURRENTE, NO ESPECIFICADA;No aplica;SIMPLE
624;2024;7;Personalizado;08;08001;US- 000000225704;A nombre propio;MUJER;76;MAYOR DE 63 AÑOS ;No Aplica;Contributivo;No Aplica;No Aplica;08;08001;NUEVA EPS;RÉGIMEN CONTRIBUTIVO;EPS037;NUEVA EPS;08;08001;01;"BARRERAS EN EL ACCESO A TECNOLOGÍAS Y SERVICIOS DE SALUD; Y OTROS ELEMENTOS COMPLEMENTARIOS PARA LA ATENCIÓN DEL USUARIO";0102;NEGACIÓN DE TECNOLOGÍAS EN SALUD Y OTROS ELEMENTOS COMPLEMENTARIOS PARA LA ATENCIÓN DEL USUARIO;010204;NEGACIÓN PARA LA ENTREGA DE TECNOLOGÍAS EN SALUD Y/O DE OTROS SERVICIOS AUTORIZADOS;01020401;MEDICAMENTOS UPC;;;ENFERMEDADES CRÓNICAS NO TRASMISIBLES CARDIOVASCULARES;HTA (HIPERTENSIÓN ARTERIAL);INSUFICIENCIA VENOSA (CRÓNICA) (PERIFÉRICA);No aplica;SIMPLE
625;2024;7;Telefónico;66;66001;US- 000002433207;A nombre propio;MUJER;32;DE 30 A 37 AÑOS;Secundaria;Contributivo;No Aplica;No Aplica;66;66001;NUEVA EPS;RÉGIMEN CONTRIBUTIVO;EPS037;NUEVA EPS;66;66001;01;"BARRERAS EN EL ACCESO A TECNOLOGÍAS Y SERVICIOS DE SALUD; Y OTROS ELEMENTOS COMPLEMENTARIOS PARA LA ATENCIÓN DEL USUARIO";0103;FALTA DE OPORTUNIDAD EN LA AUTORIZACIÓN DE TECNOLOGÍAS EN SALUD Y OTROS ELEMENTOS COMPLEMENTARIOS PARA LA ATENCIÓN DEL USUARIO;010301;FALTA DE OPORTUNIDAD EN LA AUTORIZACIÓN DE TECNOLOGÍAS EN SALUD Y/O DE OTROS SERVICIOS;01030101;MEDICAMENTOS UPC;;;ENFERMEDADES OSTEOARTICULARES;ARTRITIS REUMATOIDEA;ARTRITIS REUMATOIDE, NO ESPECIFICADA;No aplica;SIMPLE
626;2024;7;Web;11;11001;US- 000002444609;A nombre propio;HOMBRE;61;DE 50 A 62 AÑOS;Ninguno;Contributivo;No Aplica;No Aplica;11;11001;FAMISANAR;RÉGIMEN CONTRIBUTIVO;EPS017;FAMISANAR;11;11001;01;"BARRERAS EN EL ACCESO A TECNOLOGÍAS Y SERVICIOS DE SALUD; Y OTROS ELEMENTOS COMPLEMENTARIOS PARA LA ATENCIÓN DEL USUARIO";0101;FALTA DE OPORTUNIDAD EN LA PRESTACIÓN DE TECNOLOGÍAS EN SALUD Y OTROS ELEMENTOS COMPLEMENTARIOS PARA LA ATENCIÓN DEL USUARIO;010101;FALTA DE OPORTUNIDAD EN LAS CITAS O CONSULTAS;01010103;ESPECIALIDADES MÉDICAS ;01010103075;OFTALMOLOGÍA;PROBLEMAS RELACIONADOS CON FACILIDADES DE ATENCIÓN MÉDICA U OTROS SERVICIOS DE SALUD;PROBLEMAS RELACIONADOS CON FACILIDADES DE ATENCIÓN MÉDICA U OTROS SERVICIOS DE SALUD;PROBLEMAS RELACIONADOS CON FACILIDADES DE ATENCIÓN MEDICA U OTROS SERVICIOS DE SALUD;No aplica;SIMPLE
627;2024;7;Personalizado;23;23001;US- 000003764674;Abuelo (A);HOMBRE;7;DE 6 A 12 AÑOS;Primaria Incompleta;Subsidiado;No Aplica;No Aplica;23;23001;MUTUAL SER;RÉGIMEN CONTRIBUTIVO;EPS048;MUTUAL SER;23;23001;01;"BARRERAS EN EL ACCESO A TECNOLOGÍAS Y SERVICIOS DE SALUD; Y OTROS ELEMENTOS COMPLEMENTARIOS PARA LA ATENCIÓN DEL USUARIO";0103;FALTA DE OPORTUNIDAD EN LA AUTORIZACIÓN DE TECNOLOGÍAS EN SALUD Y OTROS ELEMENTOS COMPLEMENTARIOS PARA LA ATENCIÓN DEL USUARIO;010304;FALTA DE OPORTUNIDAD EN LA AUTORIZACIÓN DE OTROS SERVICIOS DE SALUD;01030408;PROCEDIMIENTOS NO QUIRÚRGICOS;01030408002;LABORATORIO CLÍNICO Y ANATOMOPATOLÓGICO;ENFERMEDAD TRANSMITIDA POR VECTORES;MALARIA, DENGUE;FIEBRE DEL DENGUE [DENGUE CLÁSICO];No aplica;PRIORIZADO
628;2024;7;Personalizado;68;68001;US- 000003670259;A nombre propio;MUJER;49;DE 38 A 49 AÑOS;Universitario;Contributivo;No Aplica;No Aplica;68;68001;COOSALUD;RÉGIMEN SUBSIDIADO;ESS024;COOSALUD;68;68001;01;"BARRERAS EN EL ACCESO A TECNOLOGÍAS Y SERVICIOS DE SALUD; Y OTROS ELEMENTOS COMPLEMENTARIOS PARA LA ATENCIÓN DEL USUARIO";0102;NEGACIÓN DE TECNOLOGÍAS EN SALUD Y OTROS ELEMENTOS COMPLEMENTARIOS PARA LA ATENCIÓN DEL USUARIO;010201;NEGACIÓN EN LA ASIGNACIÓN DE CITAS O CONSULTAS;01020103;ESPECIALIDADES MÉDICAS ;01020103039;ENDOCRINOLOGÍA;PROBLEMAS RELACIONADOS CON FACILIDADES DE ATENCIÓN MÉDICA U OTROS SERVICIOS DE SALUD;PROBLEMAS RELACIONADOS CON FACILIDADES DE ATENCIÓN MÉDICA U OTROS SERVICIOS DE SALUD;HIPOTIROIDISMO, NO ESPECIFICADO;No aplica;SIMPLE
629;2024;7;Web;50;50001;US- 000001486175;A nombre propio;MUJER;85;MAYOR DE 63 AÑOS ;No Aplica;Subsidiado;No Aplica;No Aplica;50;50001;CAJACOPI EPS;RÉGIMEN SUBSIDIADO;CCF055;CAJACOPI EPS;50;50001;01;"BARRERAS EN EL ACCESO A TECNOLOGÍAS Y SERVICIOS DE SALUD; Y OTROS ELEMENTOS COMPLEMENTARIOS PARA LA ATENCIÓN DEL USUARIO";0103;FALTA DE OPORTUNIDAD EN LA AUTORIZACIÓN DE TECNOLOGÍAS EN SALUD Y OTROS ELEMENTOS COMPLEMENTARIOS PARA LA ATENCIÓN DEL USUARIO;010304;FALTA DE OPORTUNIDAD EN LA AUTORIZACIÓN DE OTROS SERVICIOS DE SALUD;01030408;PROCEDIMIENTOS NO QUIRÚRGICOS;01030408001;IMAGENOLOGÍA;ENFERMEDADES CRÓNICAS NO TRASMISIBLES CARDIOVASCULARES;HTA (HIPERTENSIÓN ARTERIAL);FIBRILACIÓN Y ALETEO AURICULAR;No aplica;SIMPLE
630;2024;7;Redes Sociales;41;41676;US- 000003730795;A nombre propio;MUJER;13;DE 13 A 17 AÑOS;No Aplica;Subsidiado;No Aplica;No Aplica;41;41676;ASMET SALUD EPS;RÉGIMEN SUBSIDIADO;ESS062;ASMET SALUD;41;41676;01;"BARRERAS EN EL ACCESO A TECNOLOGÍAS Y SERVICIOS DE SALUD; Y OTROS ELEMENTOS COMPLEMENTARIOS PARA LA ATENCIÓN DEL USUARIO";0101;FALTA DE OPORTUNIDAD EN LA PRESTACIÓN DE TECNOLOGÍAS EN SALUD Y OTROS ELEMENTOS COMPLEMENTARIOS PARA LA ATENCIÓN DEL USUARIO;010101;FALTA DE OPORTUNIDAD EN LAS CITAS O CONSULTAS;01010103;ESPECIALIDADES MÉDICAS ;01010103064;MEDICINA NUCLEAR;ENFERMEDADES OSTEOARTICULARES;OTROS;OTROS QUISTES ÓSEOS;No aplica;PRIORIZADO
631;2024;7;Personalizado;76;76001;US- 000003044182;A nombre propio;MUJER;60;DE 50 A 62 AÑOS;Ninguno;Subsidiado;No Aplica;No Aplica;76;76001;EMSSANAR EPS;RÉGIMEN SUBSIDIADO;ESS118;EMSSANAR;76;76001;01;"BARRERAS EN EL ACCESO A TECNOLOGÍAS Y SERVICIOS DE SALUD; Y OTROS ELEMENTOS COMPLEMENTARIOS PARA LA ATENCIÓN DEL USUARIO";0102;NEGACIÓN DE TECNOLOGÍAS EN SALUD Y OTROS ELEMENTOS COMPLEMENTARIOS PARA LA ATENCIÓN DEL USUARIO;010203;NEGACIÓN EN LA ATENCIÓN EN OTROS SERVICIOS DE SALUD;01020308;PROCEDIMIENTOS NO QUIRÚRGICOS;01020308006;OTROS PROCEDIMIENTOS NO QUIRÚRGICOS;PROBLEMAS RELACIONADOS CON FACILIDADES DE ATENCIÓN MÉDICA U OTROS SERVICIOS DE SALUD;PROBLEMAS RELACIONADOS CON FACILIDADES DE ATENCIÓN MÉDICA U OTROS SERVICIOS DE SALUD;CATARATA, NO ESPECIFICADA;No aplica;SIMPLE
632;2024;7;Web;25;25754;US- 000004066619;A nombre propio;MUJER;27;DE 25 A 29 AÑOS;No Aplica;Subsidiado;No Aplica;Víctima del conflicto armado;25;25754;FAMISANAR;RÉGIMEN CONTRIBUTIVO;EPS017;FAMISANAR;25;25754;01;"BARRERAS EN EL ACCESO A TECNOLOGÍAS Y SERVICIOS DE SALUD; Y OTROS ELEMENTOS COMPLEMENTARIOS PARA LA ATENCIÓN DEL USUARIO";0102;NEGACIÓN DE TECNOLOGÍAS EN SALUD Y OTROS ELEMENTOS COMPLEMENTARIOS PARA LA ATENCIÓN DEL USUARIO;010201;NEGACIÓN EN LA ASIGNACIÓN DE CITAS O CONSULTAS;01020103;ESPECIALIDADES MÉDICAS ;01020103020;CIRUGÍA GASTROINTESTINAL;ENFERMEDADES CRÓNICAS NO TRASMISIBLES CARDIOVASCULARES;HTA (HIPERTENSIÓN ARTERIAL);OBESIDAD;No aplica;SIMPLE
633;2024;7;Telefónico;15;15442;US- 000004066620;Hijo (A);MUJER;85;MAYOR DE 63 AÑOS ;Ninguno;Subsidiado;No Aplica;Desplazado;15;15442;COOSALUD;RÉGIMEN SUBSIDIADO;ESS024;COOSALUD;15;15442;01;"BARRERAS EN EL ACCESO A TECNOLOGÍAS Y SERVICIOS DE SALUD; Y OTROS ELEMENTOS COMPLEMENTARIOS PARA LA ATENCIÓN DEL USUARIO";0101;FALTA DE OPORTUNIDAD EN LA PRESTACIÓN DE TECNOLOGÍAS EN SALUD Y OTROS ELEMENTOS COMPLEMENTARIOS PARA LA ATENCIÓN DEL USUARIO;010101;FALTA DE OPORTUNIDAD EN LAS CITAS O CONSULTAS;01010103;ESPECIALIDADES MÉDICAS ;01010103063;MEDICINA INTERNA;ENFERMEDADES CRÓNICAS NO TRASMISIBLES CARDIOVASCULARES;HTA (HIPERTENSIÓN ARTERIAL);HIPERTENSIÓN ESENCIAL (PRIMARIA);No aplica;SIMPLE
634;2024;7;Telefónico;05;05001;US- 000003145316;A nombre propio;MUJER;78;MAYOR DE 63 AÑOS ;Primaria;Contributivo;No Aplica;No Aplica;05;05001;NUEVA EPS;RÉGIMEN CONTRIBUTIVO;EPS037;NUEVA EPS;05;05001;01;"BARRERAS EN EL ACCESO A TECNOLOGÍAS Y SERVICIOS DE SALUD; Y OTROS ELEMENTOS COMPLEMENTARIOS PARA LA ATENCIÓN DEL USUARIO";0101;FALTA DE OPORTUNIDAD EN LA PRESTACIÓN DE TECNOLOGÍAS EN SALUD Y OTROS ELEMENTOS COMPLEMENTARIOS PARA LA ATENCIÓN DEL USUARIO;010104;FALTA DE OPORTUNIDAD EN LA ENTREGA O ENTREGA INCOMPLETA DE TECNOLOGÍAS EN SALUD Y/O PRESTACIÓN DE OTROS SERVICIOS;01010407;ELEMENTOS COMPLEMENTARIOS PARA LA ATENCIÓN DEL USUARIO (PAÑALES, PAÑITOS, ETC.);;;ENFERMEDADES OSTEOARTICULARES;OTROS;GONARTROSIS;No aplica;SIMPLE
635;2024;7;Web;11;11001;US- 000000178420;Otro;MUJER;91;MAYOR DE 63 AÑOS ;No Aplica;Contributivo;No Aplica;No Aplica;11;11001;SURAMERICANA EPS;RÉGIMEN CONTRIBUTIVO;EPS010;EPS SURA;11;11001;01;"BARRERAS EN EL ACCESO A TECNOLOGÍAS Y SERVICIOS DE SALUD; Y OTROS ELEMENTOS COMPLEMENTARIOS PARA LA ATENCIÓN DEL USUARIO";0101;FALTA DE OPORTUNIDAD EN LA PRESTACIÓN DE TECNOLOGÍAS EN SALUD Y OTROS ELEMENTOS COMPLEMENTARIOS PARA LA ATENCIÓN DEL USUARIO;010103;FALTA DE OPORTUNIDAD EN LA ATENCIÓN EN OTROS SERVICIOS DE SALUD;01010309;PROCEDIMIENTOS QUIRÚRGICOS;01010309003;OTROS PROCEDIMIENTOS QUIRÚRGICOS;PROBLEMAS RELACIONADOS CON FACILIDADES DE ATENCIÓN MÉDICA U OTROS SERVICIOS DE SALUD;PROBLEMAS RELACIONADOS CON FACILIDADES DE ATENCIÓN MÉDICA U OTROS SERVICIOS DE SALUD;CALCULO DE LA VESÍCULA BILIAR SIN COLECISTITIS;No aplica;PRIORIZADO
636;2024;7;Personalizado;41;41001;US- 000004066621;A nombre propio;HOMBRE;62;DE 50 A 62 AÑOS;Primaria Incompleta;Contributivo;No Aplica;No Aplica;41;41001;NUEVA EPS;RÉGIMEN CONTRIBUTIVO;EPS037;NUEVA EPS;41;41001;01;"BARRERAS EN EL ACCESO A TECNOLOGÍAS Y SERVICIOS DE SALUD; Y OTROS ELEMENTOS COMPLEMENTARIOS PARA LA ATENCIÓN DEL USUARIO";0101;FALTA DE OPORTUNIDAD EN LA PRESTACIÓN DE TECNOLOGÍAS EN SALUD Y OTROS ELEMENTOS COMPLEMENTARIOS PARA LA ATENCIÓN DEL USUARIO;010103;FALTA DE OPORTUNIDAD EN LA ATENCIÓN EN OTROS SERVICIOS DE SALUD;01010309;PROCEDIMIENTOS QUIRÚRGICOS;01010309003;OTROS PROCEDIMIENTOS QUIRÚRGICOS;ENFERMEDADES OSTEOARTICULARES;OTROS;DEFORMIDADES ADQUIRIDAS DE LOS DEDOS DEL PIE, NO ESPECIFICADAS;No aplica;SIMPLE
637;2024;7;Telefónico;05;05360;US- 000004066622;Madre;MUJER;20;DE 18 A 24 AÑOS;Secundaria;Contributivo;No Aplica;No Aplica;05;05360;SALUD TOTAL;RÉGIMEN CONTRIBUTIVO;EPS002;SALUD TOTAL;05;05360;01;"BARRERAS EN EL ACCESO A TECNOLOGÍAS Y SERVICIOS DE SALUD; Y OTROS ELEMENTOS COMPLEMENTARIOS PARA LA ATENCIÓN DEL USUARIO";0103;FALTA DE OPORTUNIDAD EN LA AUTORIZACIÓN DE TECNOLOGÍAS EN SALUD Y OTROS ELEMENTOS COMPLEMENTARIOS PARA LA ATENCIÓN DEL USUARIO;010304;FALTA DE OPORTUNIDAD EN LA AUTORIZACIÓN DE OTROS SERVICIOS DE SALUD;01030408;PROCEDIMIENTOS NO QUIRÚRGICOS;01030408001;IMAGENOLOGÍA;SALUD MENTAL;OTROS TRASTORNOS MENTALES;ESPINA BÍFIDA;No aplica;PRIORIZADO
638;2024;7;Web;11;11001;US- 000003284063;A nombre propio;HOMBRE;68;MAYOR DE 63 AÑOS ;No Aplica;Régimen Especial;No Aplica;No Aplica;11;11001;MAGISTERIO;REGÍMENES DE EXCEPCIÓN Y ESPECIALES;REMG01;MAGISTERIO;11;11001;01;"BARRERAS EN EL ACCESO A TECNOLOGÍAS Y SERVICIOS DE SALUD; Y OTROS ELEMENTOS COMPLEMENTARIOS PARA LA ATENCIÓN DEL USUARIO";0102;NEGACIÓN DE TECNOLOGÍAS EN SALUD Y OTROS ELEMENTOS COMPLEMENTARIOS PARA LA ATENCIÓN DEL USUARIO;010204;NEGACIÓN PARA LA ENTREGA DE TECNOLOGÍAS EN SALUD Y/O DE OTROS SERVICIOS AUTORIZADOS;01020407;ELEMENTOS COMPLEMENTARIOS PARA LA ATENCIÓN DEL USUARIO (PAÑALES, PAÑITOS, ETC.);;;PROBLEMAS RELACIONADOS CON FACILIDADES DE ATENCIÓN MÉDICA U OTROS SERVICIOS DE SALUD;PROBLEMAS RELACIONADOS CON FACILIDADES DE ATENCIÓN MÉDICA U OTROS SERVICIOS DE SALUD;COLOSTOMÍA;No aplica;PRIORIZADO
639;2024;7;Personalizado;81;81001;US- 000004066623;A nombre propio;HOMBRE;76;MAYOR DE 63 AÑOS ;Ninguno;Subsidiado;No Aplica;No Aplica;81;81001;NUEVA EPS;RÉGIMEN SUBSIDIADO;EPSS41;NUEVA EPS;81;81001;01;"BARRERAS EN EL ACCESO A TECNOLOGÍAS Y SERVICIOS DE SALUD; Y OTROS ELEMENTOS COMPLEMENTARIOS PARA LA ATENCIÓN DEL USUARIO";0102;NEGACIÓN DE TECNOLOGÍAS EN SALUD Y OTROS ELEMENTOS COMPLEMENTARIOS PARA LA ATENCIÓN DEL USUARIO;010204;NEGACIÓN PARA LA ENTREGA DE TECNOLOGÍAS EN SALUD Y/O DE OTROS SERVICIOS AUTORIZADOS;01020401;MEDICAMENTOS UPC;;;ENFERMEDADES CRÓNICAS NO TRANSMISIBLES –RENALES;IRC-ENFERMEDAD RENAL;GLAUCOMA PRIMARIO DE ANGULO ABIERTO;No aplica;SIMPLE
640;2024;7;Escrito;08;08001;US- 000004066624;Hijo (A);MUJER;93;MAYOR DE 63 AÑOS ;Ninguno;Subsidiado;No Aplica;No Aplica;08;08001;NUEVA EPS;RÉGIMEN SUBSIDIADO;EPSS41;NUEVA EPS;08;08001;01;"BARRERAS EN EL ACCESO A TECNOLOGÍAS Y SERVICIOS DE SALUD; Y OTROS ELEMENTOS COMPLEMENTARIOS PARA LA ATENCIÓN DEL USUARIO";0101;FALTA DE OPORTUNIDAD EN LA PRESTACIÓN DE TECNOLOGÍAS EN SALUD Y OTROS ELEMENTOS COMPLEMENTARIOS PARA LA ATENCIÓN DEL USUARIO;010103;FALTA DE OPORTUNIDAD EN LA ATENCIÓN EN OTROS SERVICIOS DE SALUD;01010305;ATENCIÓN DOMICILIARIA;;;PROBLEMAS RELACIONADOS CON FACILIDADES DE ATENCIÓN MÉDICA U OTROS SERVICIOS DE SALUD;PROBLEMAS RELACIONADOS CON FACILIDADES DE ATENCIÓN MÉDICA U OTROS SERVICIOS DE SALUD;OTROS PROBLEMAS RELACIONADOS CON SERVICIOS MÉDICOS Y DE SALUD;No aplica;SIMPLE
641;2024;7;Web;15;15238;US- 000003797202;A nombre propio;HOMBRE;16;DE 13 A 17 AÑOS;No Aplica;Subsidiado;No Aplica;No Aplica;15;15238;COOSALUD;RÉGIMEN SUBSIDIADO;ESS024;COOSALUD;15;15238;01;"BARRERAS EN EL ACCESO A TECNOLOGÍAS Y SERVICIOS DE SALUD; Y OTROS ELEMENTOS COMPLEMENTARIOS PARA LA ATENCIÓN DEL USUARIO";0101;FALTA DE OPORTUNIDAD EN LA PRESTACIÓN DE TECNOLOGÍAS EN SALUD Y OTROS ELEMENTOS COMPLEMENTARIOS PARA LA ATENCIÓN DEL USUARIO;010101;FALTA DE OPORTUNIDAD EN LAS CITAS O CONSULTAS;01010103;ESPECIALIDADES MÉDICAS ;01010103083;PSIQUIATRÍA;SALUD MENTAL;OTROS TRASTORNOS MENTALES;HISTORIA PERSONAL DE OTROS TRASTORNOS MENTALES O DEL COMPORTAMIENTO;No aplica;PRIORIZADO
642;2024;7;Personalizado;76;76001;US- 000004066625;A nombre propio;MUJER;35;DE 30 A 37 AÑOS;Posgrado;Contributivo;No Aplica;No Aplica;76;76001;SOS -SERVICIO OCCIDENTAL DE SALUD;RÉGIMEN CONTRIBUTIVO;EPS018;SERVICIO OCCIDENTAL DE SALUD (SOS);76;76001;01;"BARRERAS EN EL ACCESO A TECNOLOGÍAS Y SERVICIOS DE SALUD; Y OTROS ELEMENTOS COMPLEMENTARIOS PARA LA ATENCIÓN DEL USUARIO";0101;FALTA DE OPORTUNIDAD EN LA PRESTACIÓN DE TECNOLOGÍAS EN SALUD Y OTROS ELEMENTOS COMPLEMENTARIOS PARA LA ATENCIÓN DEL USUARIO;010101;FALTA DE OPORTUNIDAD EN LAS CITAS O CONSULTAS;01010103;ESPECIALIDADES MÉDICAS ;01010103022;CIRUGÍA GENERAL;PROBLEMAS RELACIONADOS CON FACILIDADES DE ATENCIÓN MÉDICA U OTROS SERVICIOS DE SALUD;PROBLEMAS RELACIONADOS CON FACILIDADES DE ATENCIÓN MÉDICA U OTROS SERVICIOS DE SALUD;TUMOR BENIGNO LIPOMATOSO DE PIEL Y DE TEJIDO SUBCUTÁNEO DEL TRONCO;No aplica;SIMPLE
643;2024;7;Web;15;15238;US- 000004066551;A nombre propio;HOMBRE;16;DE 13 A 17 AÑOS;No Aplica;Subsidiado;No Aplica;No Aplica;15;15238;COOSALUD;RÉGIMEN SUBSIDIADO;ESS024;COOSALUD;15;15238;01;"BARRERAS EN EL ACCESO A TECNOLOGÍAS Y SERVICIOS DE SALUD; Y OTROS ELEMENTOS COMPLEMENTARIOS PARA LA ATENCIÓN DEL USUARIO";0101;FALTA DE OPORTUNIDAD EN LA PRESTACIÓN DE TECNOLOGÍAS EN SALUD Y OTROS ELEMENTOS COMPLEMENTARIOS PARA LA ATENCIÓN DEL USUARIO;010101;FALTA DE OPORTUNIDAD EN LAS CITAS O CONSULTAS;01010103;ESPECIALIDADES MÉDICAS ;01010103083;PSIQUIATRÍA;PROBLEMAS RELACIONADOS CON FACILIDADES DE ATENCIÓN MÉDICA U OTROS SERVICIOS DE SALUD;PROBLEMAS RELACIONADOS CON FACILIDADES DE ATENCIÓN MÉDICA U OTROS SERVICIOS DE SALUD;OTRAS ATENCIONES MEDICAS ESPECIFICADAS;No aplica;PRIORIZADO
644;2024;7;Telefónico;05;05674;US- 000004066627;Hermano (A);HOMBRE;58;DE 50 A 62 AÑOS;Secundaria;Contributivo;No Aplica;No Aplica;05;05674;NUEVA EPS;RÉGIMEN CONTRIBUTIVO;EPS037;NUEVA EPS;05;05674;01;"BARRERAS EN EL ACCESO A TECNOLOGÍAS Y SERVICIOS DE SALUD; Y OTROS ELEMENTOS COMPLEMENTARIOS PARA LA ATENCIÓN DEL USUARIO";0102;NEGACIÓN DE TECNOLOGÍAS EN SALUD Y OTROS ELEMENTOS COMPLEMENTARIOS PARA LA ATENCIÓN DEL USUARIO;010201;NEGACIÓN EN LA ASIGNACIÓN DE CITAS O CONSULTAS;01020103;ESPECIALIDADES MÉDICAS ;01020103063;MEDICINA INTERNA;PROBLEMAS RELACIONADOS CON FACILIDADES DE ATENCIÓN MÉDICA U OTROS SERVICIOS DE SALUD;PROBLEMAS RELACIONADOS CON FACILIDADES DE ATENCIÓN MÉDICA U OTROS SERVICIOS DE SALUD;OTROS TRASTORNOS ESPECIFICADOS DE LA NARIZ Y DE LOS SENOS PARANASALES;No aplica;SIMPLE
645;2024;7;Escrito;11;11001;US- 000002459494;Otro;MUJER;96;MAYOR DE 63 AÑOS ;No Aplica;Contributivo;No Aplica;No Aplica;11;11001;SANITAS;RÉGIMEN CONTRIBUTIVO;EPS005;SANITAS;11;11001;01;"BARRERAS EN EL ACCESO A TECNOLOGÍAS Y SERVICIOS DE SALUD; Y OTROS ELEMENTOS COMPLEMENTARIOS PARA LA ATENCIÓN DEL USUARIO";0101;FALTA DE OPORTUNIDAD EN LA PRESTACIÓN DE TECNOLOGÍAS EN SALUD Y OTROS ELEMENTOS COMPLEMENTARIOS PARA LA ATENCIÓN DEL USUARIO;010103;FALTA DE OPORTUNIDAD EN LA ATENCIÓN EN OTROS SERVICIOS DE SALUD;01010305;ATENCIÓN DOMICILIARIA;;;ENFERMEDADES OSTEOARTICULARES;NEUROLÓGICAS;DEMENCIA , NO ESPECIFICADA;No aplica;SIMPLE
646;2024;7;Telefónico;27;27800;US- 000004066628;A nombre propio;MUJER;40;DE 38 A 49 AÑOS;No Aplica;Contributivo;No Aplica;Desplazado;27;27800;NUEVA EPS;RÉGIMEN CONTRIBUTIVO;EPS037;NUEVA EPS;27;27800;01;"BARRERAS EN EL ACCESO A TECNOLOGÍAS Y SERVICIOS DE SALUD; Y OTROS ELEMENTOS COMPLEMENTARIOS PARA LA ATENCIÓN DEL USUARIO";0101;FALTA DE OPORTUNIDAD EN LA PRESTACIÓN DE TECNOLOGÍAS EN SALUD Y OTROS ELEMENTOS COMPLEMENTARIOS PARA LA ATENCIÓN DEL USUARIO;010103;FALTA DE OPORTUNIDAD EN LA ATENCIÓN EN OTROS SERVICIOS DE SALUD;01010308;PROCEDIMIENTOS NO QUIRÚRGICOS;01010308006;OTROS PROCEDIMIENTOS NO QUIRÚRGICOS;PROBLEMAS RELACIONADOS CON FACILIDADES DE ATENCIÓN MÉDICA U OTROS SERVICIOS DE SALUD;PROBLEMAS RELACIONADOS CON FACILIDADES DE ATENCIÓN MÉDICA U OTROS SERVICIOS DE SALUD;ENDOMETRIOSIS;No aplica;SIMPLE
647;2024;7;Personalizado;54;54498;US- 000003963144;Hijo (A);MUJER;73;MAYOR DE 63 AÑOS ;Primaria;Subsidiado;No Aplica;No Aplica;54;54498;NUEVA EPS;RÉGIMEN SUBSIDIADO;EPSS41;NUEVA EPS;54;54498;01;"BARRERAS EN EL ACCESO A TECNOLOGÍAS Y SERVICIOS DE SALUD; Y OTROS ELEMENTOS COMPLEMENTARIOS PARA LA ATENCIÓN DEL USUARIO";0102;NEGACIÓN DE TECNOLOGÍAS EN SALUD Y OTROS ELEMENTOS COMPLEMENTARIOS PARA LA ATENCIÓN DEL USUARIO;010204;NEGACIÓN PARA LA ENTREGA DE TECNOLOGÍAS EN SALUD Y/O DE OTROS SERVICIOS AUTORIZADOS;01020401;MEDICAMENTOS UPC;;;ENFERMEDADES CRÓNICAS NO TRASMISIBLES CARDIOVASCULARES;HTA (HIPERTENSIÓN ARTERIAL);HIPERTENSIÓN ESENCIAL (PRIMARIA);No aplica;SIMPLE
648;2024;7;Telefónico;76;76001;US- 000002033199;Nieto (A);MUJER;91;MAYOR DE 63 AÑOS ;No Aplica;Contributivo;No Aplica;No Aplica;76;76001;SOS -SERVICIO OCCIDENTAL DE SALUD;RÉGIMEN CONTRIBUTIVO;EPS018;SERVICIO OCCIDENTAL DE SALUD (SOS);76;76001;01;"BARRERAS EN EL ACCESO A TECNOLOGÍAS Y SERVICIOS DE SALUD; Y OTROS ELEMENTOS COMPLEMENTARIOS PARA LA ATENCIÓN DEL USUARIO";0103;FALTA DE OPORTUNIDAD EN LA AUTORIZACIÓN DE TECNOLOGÍAS EN SALUD Y OTROS ELEMENTOS COMPLEMENTARIOS PARA LA ATENCIÓN DEL USUARIO;010303;FALTA DE OPORTUNIDAD EN LA AUTORIZACIÓN PARA SERVICIOS DE COMPLEMENTACIÓN TERAPÉUTICA;01030301;TERAPIA FÍSICA;;;ENFERMEDADES CRÓNICAS NO TRANSMISIBLES –DIABETES;DIABETES;HIPERTENSIÓN ESENCIAL (PRIMARIA);No aplica;SIMPLE
649;2024;7;Personalizado;17;17001;US- 000002075120;A nombre propio;MUJER;48;DE 38 A 49 AÑOS;Secundaria;Contributivo;No Aplica;No Aplica;17;17001;NUEVA EPS;RÉGIMEN CONTRIBUTIVO;EPS037;NUEVA EPS;17;17001;01;"BARRERAS EN EL ACCESO A TECNOLOGÍAS Y SERVICIOS DE SALUD; Y OTROS ELEMENTOS COMPLEMENTARIOS PARA LA ATENCIÓN DEL USUARIO";0102;NEGACIÓN DE TECNOLOGÍAS EN SALUD Y OTROS ELEMENTOS COMPLEMENTARIOS PARA LA ATENCIÓN DEL USUARIO;010203;NEGACIÓN EN LA ATENCIÓN EN OTROS SERVICIOS DE SALUD;01020308;PROCEDIMIENTOS NO QUIRÚRGICOS;01020308001;IMAGENOLOGÍA;ENFERMEDADES CRÓNICAS NO TRASMISIBLES CARDIOVASCULARES;HTA (HIPERTENSIÓN ARTERIAL);SÍNDROME DEL TÚNEL CARPIANO;No aplica;SIMPLE
650;2024;7;Escrito;76;76001;US- 000001660821;A nombre propio;MUJER;59;DE 50 A 62 AÑOS;Ninguno;Subsidiado;No Aplica;No Aplica;76;76001;COOSALUD;RÉGIMEN SUBSIDIADO;ESS024;COOSALUD;76;76001;01;"BARRERAS EN EL ACCESO A TECNOLOGÍAS Y SERVICIOS DE SALUD; Y OTROS ELEMENTOS COMPLEMENTARIOS PARA LA ATENCIÓN DEL USUARIO";0101;FALTA DE OPORTUNIDAD EN LA PRESTACIÓN DE TECNOLOGÍAS EN SALUD Y OTROS ELEMENTOS COMPLEMENTARIOS PARA LA ATENCIÓN DEL USUARIO;010101;FALTA DE OPORTUNIDAD EN LAS CITAS O CONSULTAS;01010103;ESPECIALIDADES MÉDICAS ;01010103078;ORTOPEDIA Y TRAUMATOLOGÍA;ENFERMEDADES CRÓNICAS NO TRASMISIBLES CARDIOVASCULARES;HTA (HIPERTENSIÓN ARTERIAL);GONARTROSIS PRIMARIA, BILATERAL;No aplica;SIMPLE
651;2024;7;Personalizado;20;20295;US- 000004066629;Hijo (A);HOMBRE;64;MAYOR DE 63 AÑOS ;Primaria Incompleta;Subsidiado;No Aplica;No Aplica;20;20295;NUEVA EPS;RÉGIMEN SUBSIDIADO;EPSS41;NUEVA EPS;20;20295;01;"BARRERAS EN EL ACCESO A TECNOLOGÍAS Y SERVICIOS DE SALUD; Y OTROS ELEMENTOS COMPLEMENTARIOS PARA LA ATENCIÓN DEL USUARIO";0101;FALTA DE OPORTUNIDAD EN LA PRESTACIÓN DE TECNOLOGÍAS EN SALUD Y OTROS ELEMENTOS COMPLEMENTARIOS PARA LA ATENCIÓN DEL USUARIO;010103;FALTA DE OPORTUNIDAD EN LA ATENCIÓN EN OTROS SERVICIOS DE SALUD;01010308;PROCEDIMIENTOS NO QUIRÚRGICOS;01010308006;OTROS PROCEDIMIENTOS NO QUIRÚRGICOS;CÁNCER ;CÁNCER COLORECTAL;TUMOR MALIGNO DEL RECTO;Quimioterapia y radioterapia para el cáncer;PRIORIZADO
652;2024;7;Web;25;25320;US- 000004066630;A nombre propio;HOMBRE;78;MAYOR DE 63 AÑOS ;No Aplica;Contributivo;No Aplica;No Aplica;25;25320;NUEVA EPS;RÉGIMEN CONTRIBUTIVO;EPS037;NUEVA EPS;25;25320;01;"BARRERAS EN EL ACCESO A TECNOLOGÍAS Y SERVICIOS DE SALUD; Y OTROS ELEMENTOS COMPLEMENTARIOS PARA LA ATENCIÓN DEL USUARIO";0101;FALTA DE OPORTUNIDAD EN LA PRESTACIÓN DE TECNOLOGÍAS EN SALUD Y OTROS ELEMENTOS COMPLEMENTARIOS PARA LA ATENCIÓN DEL USUARIO;010101;FALTA DE OPORTUNIDAD EN LAS CITAS O CONSULTAS;01010103;ESPECIALIDADES MÉDICAS ;01010103094;UROLOGÍA;PROBLEMAS RELACIONADOS CON FACILIDADES DE ATENCIÓN MÉDICA U OTROS SERVICIOS DE SALUD;PROBLEMAS RELACIONADOS CON FACILIDADES DE ATENCIÓN MÉDICA U OTROS SERVICIOS DE SALUD;HIPERPLASIA DE LA PRÓSTATA;No aplica;SIMPLE
653;2024;7;Personalizado;41;41001;US- 000002395604;Cuidador (A);HOMBRE;10;DE 6 A 12 AÑOS;Primaria Incompleta;Subsidiado;No Aplica;Persona con discapacidad;41;41001;SANITAS;RÉGIMEN CONTRIBUTIVO;EPS005;SANITAS;41;41001;01;"BARRERAS EN EL ACCESO A TECNOLOGÍAS Y SERVICIOS DE SALUD; Y OTROS ELEMENTOS COMPLEMENTARIOS PARA LA ATENCIÓN DEL USUARIO";0102;NEGACIÓN DE TECNOLOGÍAS EN SALUD Y OTROS ELEMENTOS COMPLEMENTARIOS PARA LA ATENCIÓN DEL USUARIO;010203;NEGACIÓN EN LA ATENCIÓN EN OTROS SERVICIOS DE SALUD;01020309;PROCEDIMIENTOS QUIRÚRGICOS;01020309003;OTROS PROCEDIMIENTOS QUIRÚRGICOS;ENFERMEDADES OSTEOARTICULARES;NEUROLÓGICAS;MUCOCELE DE GLÁNDULA SALIVAL;No aplica;SIMPLE
654;2024;7;Web;76;76001;US- 000004066631;A nombre propio;MUJER;34;DE 30 A 37 AÑOS;No Aplica;Contributivo;No Aplica;No Aplica;76;76001;SURAMERICANA EPS;RÉGIMEN CONTRIBUTIVO;EPS010;EPS SURA;76;76001;02;INSATISFACCIÓN RELACIONADA CON LA ATENCIÓN EN SALUD;0202;INSATISFACCIÓN RELACIONADA CON LA ATENCIÓN DEL PERSONAL EN SALUD;020201;INSATISFACCIÓN RELACIONADA CON LA ATENCIÓN DEL PERSONAL EN SALUD;02020104;INSUFICIENTE INFORMACIÓN SOBRE LA ATENCIÓN EN SALUD;;;PROBLEMAS RELACIONADOS CON FACILIDADES DE ATENCIÓN MÉDICA U OTROS SERVICIOS DE SALUD;PROBLEMAS RELACIONADOS CON FACILIDADES DE ATENCIÓN MÉDICA U OTROS SERVICIOS DE SALUD;SÍNDROME DEL COLON IRRITABLE;No aplica;SIMPLE
655;2024;7;Personalizado;05;05001;US- 000004042790;A nombre propio;MUJER;58;DE 50 A 62 AÑOS;Secundaria Incompleta;Subsidiado;No Aplica;No Aplica;05;05001;SALUD TOTAL;RÉGIMEN CONTRIBUTIVO;EPS002;SALUD TOTAL;05;05001;01;"BARRERAS EN EL ACCESO A TECNOLOGÍAS Y SERVICIOS DE SALUD; Y OTROS ELEMENTOS COMPLEMENTARIOS PARA LA ATENCIÓN DEL USUARIO";0102;NEGACIÓN DE TECNOLOGÍAS EN SALUD Y OTROS ELEMENTOS COMPLEMENTARIOS PARA LA ATENCIÓN DEL USUARIO;010203;NEGACIÓN EN LA ATENCIÓN EN OTROS SERVICIOS DE SALUD;01020308;PROCEDIMIENTOS NO QUIRÚRGICOS;01020308001;IMAGENOLOGÍA;ENFERMEDADES CRÓNICAS NO TRANSMISIBLES- FACTORES DE RIESGO;OBESIDAD;OBESIDAD, NO ESPECIFICADA;No aplica;SIMPLE
656;2024;7;Telefónico;76;76001;US- 000004066632;A nombre propio;HOMBRE;56;DE 50 A 62 AÑOS;Primaria;Subsidiado;No Aplica;No Aplica;76;76001;COOSALUD;RÉGIMEN SUBSIDIADO;ESS024;COOSALUD;76;76001;01;"BARRERAS EN EL ACCESO A TECNOLOGÍAS Y SERVICIOS DE SALUD; Y OTROS ELEMENTOS COMPLEMENTARIOS PARA LA ATENCIÓN DEL USUARIO";0102;NEGACIÓN DE TECNOLOGÍAS EN SALUD Y OTROS ELEMENTOS COMPLEMENTARIOS PARA LA ATENCIÓN DEL USUARIO;010201;NEGACIÓN EN LA ASIGNACIÓN DE CITAS O CONSULTAS;01020103;ESPECIALIDADES MÉDICAS ;01020103094;UROLOGÍA;PROBLEMAS RELACIONADOS CON FACILIDADES DE ATENCIÓN MÉDICA U OTROS SERVICIOS DE SALUD;PROBLEMAS RELACIONADOS CON FACILIDADES DE ATENCIÓN MÉDICA U OTROS SERVICIOS DE SALUD;HIPERPLASIA DE LA PRÓSTATA;No aplica;SIMPLE
657;2024;7;Web;15;15001;US- 000003856372;A nombre propio;HOMBRE;16;DE 13 A 17 AÑOS;No Aplica;Subsidiado;No Aplica;No Aplica;15;15001;NUEVA EPS;RÉGIMEN SUBSIDIADO;EPSS41;NUEVA EPS;15;15238;01;"BARRERAS EN EL ACCESO A TECNOLOGÍAS Y SERVICIOS DE SALUD; Y OTROS ELEMENTOS COMPLEMENTARIOS PARA LA ATENCIÓN DEL USUARIO";0101;FALTA DE OPORTUNIDAD EN LA PRESTACIÓN DE TECNOLOGÍAS EN SALUD Y OTROS ELEMENTOS COMPLEMENTARIOS PARA LA ATENCIÓN DEL USUARIO;010101;FALTA DE OPORTUNIDAD EN LAS CITAS O CONSULTAS;01010103;ESPECIALIDADES MÉDICAS ;01010103078;ORTOPEDIA Y TRAUMATOLOGÍA;PROBLEMAS RELACIONADOS CON FACILIDADES DE ATENCIÓN MÉDICA U OTROS SERVICIOS DE SALUD;PROBLEMAS RELACIONADOS CON FACILIDADES DE ATENCIÓN MÉDICA U OTROS SERVICIOS DE SALUD;OTROS PROBLEMAS RELACIONADOS CON SERVICIOS MÉDICOS Y DE SALUD;No aplica;SIMPLE
658;2024;7;Escrito;18;18592;US- 000003018271;Otro;HOMBRE;2;DE 0 A 5 AÑOS;No Aplica;Subsidiado;No Aplica;No Aplica;18;18592;ASMET SALUD EPS;RÉGIMEN SUBSIDIADO;ESS062;ASMET SALUD;18;18592;01;"BARRERAS EN EL ACCESO A TECNOLOGÍAS Y SERVICIOS DE SALUD; Y OTROS ELEMENTOS COMPLEMENTARIOS PARA LA ATENCIÓN DEL USUARIO";0103;FALTA DE OPORTUNIDAD EN LA AUTORIZACIÓN DE TECNOLOGÍAS EN SALUD Y OTROS ELEMENTOS COMPLEMENTARIOS PARA LA ATENCIÓN DEL USUARIO;010301;FALTA DE OPORTUNIDAD EN LA AUTORIZACIÓN DE TECNOLOGÍAS EN SALUD Y/O DE OTROS SERVICIOS;01030108;TRANSPORTE, ALOJAMIENTO O ALIMENTACIÓN;;;MATERNO INFANTIL;ATENCIÓN NIÑOS MENORES DE 5 AÑOS;OTRAS APNEAS DEL RECIÉN NACIDO;No aplica;PRIORIZADO
659;2024;7;Web;50;50001;US- 000004066633;Hijo (A);HOMBRE;85;MAYOR DE 63 AÑOS ;No Aplica;Contributivo;No Aplica;No Aplica;50;50001;NUEVA EPS;RÉGIMEN CONTRIBUTIVO;EPS037;NUEVA EPS;50;50001;02;INSATISFACCIÓN RELACIONADA CON LA ATENCIÓN EN SALUD;0202;INSATISFACCIÓN RELACIONADA CON LA ATENCIÓN DEL PERSONAL EN SALUD;020201;INSATISFACCIÓN RELACIONADA CON LA ATENCIÓN DEL PERSONAL EN SALUD;02020102;FALLAS EN LA PRÁCTICA MÉDICA;;;ENFERMEDADES CRÓNICAS NO TRASMISIBLES CARDIOVASCULARES;ACV (ACCIDENTE CEREBRO VASCULAR);SECUELAS DE ENFERMEDADES CEREBROVASCULAR;No aplica;SIMPLE
660;2024;7;Escrito;76;76895;US- 000000515864;A nombre propio;HOMBRE;51;DE 50 A 62 AÑOS;No Aplica;Contributivo;No Aplica;No Aplica;76;76895;NUEVA EPS;RÉGIMEN CONTRIBUTIVO;EPS037;NUEVA EPS;76;76895;01;"BARRERAS EN EL ACCESO A TECNOLOGÍAS Y SERVICIOS DE SALUD; Y OTROS ELEMENTOS COMPLEMENTARIOS PARA LA ATENCIÓN DEL USUARIO";0103;FALTA DE OPORTUNIDAD EN LA AUTORIZACIÓN DE TECNOLOGÍAS EN SALUD Y OTROS ELEMENTOS COMPLEMENTARIOS PARA LA ATENCIÓN DEL USUARIO;010304;FALTA DE OPORTUNIDAD EN LA AUTORIZACIÓN DE OTROS SERVICIOS DE SALUD;01030408;PROCEDIMIENTOS NO QUIRÚRGICOS;01030408002;LABORATORIO CLÍNICO Y ANATOMOPATOLÓGICO;PROBLEMAS RELACIONADOS CON FACILIDADES DE ATENCIÓN MÉDICA U OTROS SERVICIOS DE SALUD;PROBLEMAS RELACIONADOS CON FACILIDADES DE ATENCIÓN MÉDICA U OTROS SERVICIOS DE SALUD;GLAUCOMA;No aplica;SIMPLE
661;2024;7;Web;05;05001;US- 000004066634;Otro;MUJER;3;DE 0 A 5 AÑOS;No Aplica;Contributivo;No Aplica;No Aplica;05;05001;SURAMERICANA EPS;RÉGIMEN CONTRIBUTIVO;EPS010;EPS SURA;05;05001;01;"BARRERAS EN EL ACCESO A TECNOLOGÍAS Y SERVICIOS DE SALUD; Y OTROS ELEMENTOS COMPLEMENTARIOS PARA LA ATENCIÓN DEL USUARIO";0103;FALTA DE OPORTUNIDAD EN LA AUTORIZACIÓN DE TECNOLOGÍAS EN SALUD Y OTROS ELEMENTOS COMPLEMENTARIOS PARA LA ATENCIÓN DEL USUARIO;010304;FALTA DE OPORTUNIDAD EN LA AUTORIZACIÓN DE OTROS SERVICIOS DE SALUD;01030409;PROCEDIMIENTOS QUIRÚRGICOS;01030409003;OTROS PROCEDIMIENTOS QUIRÚRGICOS;ENFERMEDADES HUÉRFANAS;OTROS;ATRESIA DE LAS COANAS;No aplica;PRIORIZADO
662;2024;7;Web;05;05001;US- 000001713677;A nombre propio;HOMBRE;73;MAYOR DE 63 AÑOS ;No Aplica;Contributivo;No Aplica;No Aplica;05;05001;NUEVA EPS;RÉGIMEN CONTRIBUTIVO;EPS037;NUEVA EPS;05;05001;01;"BARRERAS EN EL ACCESO A TECNOLOGÍAS Y SERVICIOS DE SALUD; Y OTROS ELEMENTOS COMPLEMENTARIOS PARA LA ATENCIÓN DEL USUARIO";0102;NEGACIÓN DE TECNOLOGÍAS EN SALUD Y OTROS ELEMENTOS COMPLEMENTARIOS PARA LA ATENCIÓN DEL USUARIO;010201;NEGACIÓN EN LA ASIGNACIÓN DE CITAS O CONSULTAS;01020103;ESPECIALIDADES MÉDICAS ;01020103080;OTORRINOLARINGOLOGÍA;PROBLEMAS RELACIONADOS CON FACILIDADES DE ATENCIÓN MÉDICA U OTROS SERVICIOS DE SALUD;PROBLEMAS RELACIONADOS CON FACILIDADES DE ATENCIÓN MÉDICA U OTROS SERVICIOS DE SALUD;HIPOACUSIA NEUROSENSORIAL, SIN OTRA ESPECIFICACIÓN;No aplica;SIMPLE
663;2024;7;Telefónico;47;47189;US- 000004066635;A nombre propio;HOMBRE;56;DE 50 A 62 AÑOS;No Aplica;Contributivo;No Aplica;No Aplica;47;47189;SALUD TOTAL;RÉGIMEN CONTRIBUTIVO;EPS002;SALUD TOTAL;47;47189;01;"BARRERAS EN EL ACCESO A TECNOLOGÍAS Y SERVICIOS DE SALUD; Y OTROS ELEMENTOS COMPLEMENTARIOS PARA LA ATENCIÓN DEL USUARIO";0101;FALTA DE OPORTUNIDAD EN LA PRESTACIÓN DE TECNOLOGÍAS EN SALUD Y OTROS ELEMENTOS COMPLEMENTARIOS PARA LA ATENCIÓN DEL USUARIO;010101;FALTA DE OPORTUNIDAD EN LAS CITAS O CONSULTAS;01010103;ESPECIALIDADES MÉDICAS ;01010103022;CIRUGÍA GENERAL;ENFERMEDADES CRÓNICAS NO TRASMISIBLES CARDIOVASCULARES;HTA (HIPERTENSIÓN ARTERIAL);OTRAS GONARTROSIS PRIMARIAS;No aplica;SIMPLE
664;2024;7;Personalizado;52;52001;US- 000004066636;A nombre propio;MUJER;60;DE 50 A 62 AÑOS;Secundaria;Contributivo;No Aplica;No Aplica;52;52001;NUEVA EPS;RÉGIMEN CONTRIBUTIVO;EPS037;NUEVA EPS;52;52001;01;"BARRERAS EN EL ACCESO A TECNOLOGÍAS Y SERVICIOS DE SALUD; Y OTROS ELEMENTOS COMPLEMENTARIOS PARA LA ATENCIÓN DEL USUARIO";0101;FALTA DE OPORTUNIDAD EN LA PRESTACIÓN DE TECNOLOGÍAS EN SALUD Y OTROS ELEMENTOS COMPLEMENTARIOS PARA LA ATENCIÓN DEL USUARIO;010101;FALTA DE OPORTUNIDAD EN LAS CITAS O CONSULTAS;01010103;ESPECIALIDADES MÉDICAS ;01010103075;OFTALMOLOGÍA;PROBLEMAS RELACIONADOS CON FACILIDADES DE ATENCIÓN MÉDICA U OTROS SERVICIOS DE SALUD;PROBLEMAS RELACIONADOS CON FACILIDADES DE ATENCIÓN MÉDICA U OTROS SERVICIOS DE SALUD;TRASTORNOS DEL CUERPO VITREO, NO ESPECIFICADO;No aplica;SIMPLE
665;2024;7;Telefónico;76;76563;US- 000003987478;Hijo (A);MUJER;60;DE 50 A 62 AÑOS;Primaria;Contributivo;No Aplica;No Aplica;76;76563;SOS -SERVICIO OCCIDENTAL DE SALUD;RÉGIMEN CONTRIBUTIVO;EPS018;SERVICIO OCCIDENTAL DE SALUD (SOS);76;76563;01;"BARRERAS EN EL ACCESO A TECNOLOGÍAS Y SERVICIOS DE SALUD; Y OTROS ELEMENTOS COMPLEMENTARIOS PARA LA ATENCIÓN DEL USUARIO";0102;NEGACIÓN DE TECNOLOGÍAS EN SALUD Y OTROS ELEMENTOS COMPLEMENTARIOS PARA LA ATENCIÓN DEL USUARIO;010204;NEGACIÓN PARA LA ENTREGA DE TECNOLOGÍAS EN SALUD Y/O DE OTROS SERVICIOS AUTORIZADOS;01020402;MEDICAMENTOS NO UPC;;;ENFERMEDADES OSTEOARTICULARES;OTROS;HERIDA DE LA CADERA Y DEL MUSLO;No aplica;SIMPLE
666;2024;7;Web;08;08758;US- 000001495735;A nombre propio;MUJER;89;MAYOR DE 63 AÑOS ;No Aplica;Contributivo;Indígena;Persona con discapacidad;08;08758;SALUD TOTAL;RÉGIMEN CONTRIBUTIVO;EPS002;SALUD TOTAL;08;08758;01;"BARRERAS EN EL ACCESO A TECNOLOGÍAS Y SERVICIOS DE SALUD; Y OTROS ELEMENTOS COMPLEMENTARIOS PARA LA ATENCIÓN DEL USUARIO";0103;FALTA DE OPORTUNIDAD EN LA AUTORIZACIÓN DE TECNOLOGÍAS EN SALUD Y OTROS ELEMENTOS COMPLEMENTARIOS PARA LA ATENCIÓN DEL USUARIO;010304;FALTA DE OPORTUNIDAD EN LA AUTORIZACIÓN DE OTROS SERVICIOS DE SALUD;01030409;PROCEDIMIENTOS QUIRÚRGICOS;01030409003;OTROS PROCEDIMIENTOS QUIRÚRGICOS;PROBLEMAS RELACIONADOS CON FACILIDADES DE ATENCIÓN MÉDICA U OTROS SERVICIOS DE SALUD;PROBLEMAS RELACIONADOS CON FACILIDADES DE ATENCIÓN MÉDICA U OTROS SERVICIOS DE SALUD;OTRAS CATARATAS;No aplica;SIMPLE
667;2024;7;Telefónico;05;05615;US- 000003228453;Padre;HOMBRE;67;MAYOR DE 63 AÑOS ;Universitario;Contributivo;No Aplica;No Aplica;05;05615;SURAMERICANA EPS;RÉGIMEN CONTRIBUTIVO;EPS010;EPS SURA;05;05615;01;"BARRERAS EN EL ACCESO A TECNOLOGÍAS Y SERVICIOS DE SALUD; Y OTROS ELEMENTOS COMPLEMENTARIOS PARA LA ATENCIÓN DEL USUARIO";0102;NEGACIÓN DE TECNOLOGÍAS EN SALUD Y OTROS ELEMENTOS COMPLEMENTARIOS PARA LA ATENCIÓN DEL USUARIO;010201;NEGACIÓN EN LA ASIGNACIÓN DE CITAS O CONSULTAS;01020103;ESPECIALIDADES MÉDICAS ;01020103033;DERMATOLOGÍA;PROBLEMAS RELACIONADOS CON FACILIDADES DE ATENCIÓN MÉDICA U OTROS SERVICIOS DE SALUD;PROBLEMAS RELACIONADOS CON FACILIDADES DE ATENCIÓN MÉDICA U OTROS SERVICIOS DE SALUD;VERRUGAS VÍRICAS;No aplica;SIMPLE
668;2024;7;Web;05;05390;US- 000002994123;A nombre propio;HOMBRE;36;DE 30 A 37 AÑOS;No Aplica;Contributivo;No Aplica;No Aplica;05;05390;NUEVA EPS;RÉGIMEN CONTRIBUTIVO;EPS037;NUEVA EPS;05;05390;01;"BARRERAS EN EL ACCESO A TECNOLOGÍAS Y SERVICIOS DE SALUD; Y OTROS ELEMENTOS COMPLEMENTARIOS PARA LA ATENCIÓN DEL USUARIO";0102;NEGACIÓN DE TECNOLOGÍAS EN SALUD Y OTROS ELEMENTOS COMPLEMENTARIOS PARA LA ATENCIÓN DEL USUARIO;010201;NEGACIÓN EN LA ASIGNACIÓN DE CITAS O CONSULTAS;01020103;ESPECIALIDADES MÉDICAS ;01020103022;CIRUGÍA GENERAL;PROBLEMAS RELACIONADOS CON FACILIDADES DE ATENCIÓN MÉDICA U OTROS SERVICIOS DE SALUD;PROBLEMAS RELACIONADOS CON FACILIDADES DE ATENCIÓN MÉDICA U OTROS SERVICIOS DE SALUD;EXAMEN MEDICO GENERAL;No aplica;SIMPLE
669;2024;7;Telefónico;25;25754;US- 000004066637;A nombre propio;MUJER;36;DE 30 A 37 AÑOS;Universitario;Contributivo;No Aplica;No Aplica;25;25754;SALUD TOTAL;RÉGIMEN CONTRIBUTIVO;EPS002;SALUD TOTAL;25;25754;01;"BARRERAS EN EL ACCESO A TECNOLOGÍAS Y SERVICIOS DE SALUD; Y OTROS ELEMENTOS COMPLEMENTARIOS PARA LA ATENCIÓN DEL USUARIO";0101;FALTA DE OPORTUNIDAD EN LA PRESTACIÓN DE TECNOLOGÍAS EN SALUD Y OTROS ELEMENTOS COMPLEMENTARIOS PARA LA ATENCIÓN DEL USUARIO;010101;FALTA DE OPORTUNIDAD EN LAS CITAS O CONSULTAS;01010103;ESPECIALIDADES MÉDICAS ;01010103022;CIRUGÍA GENERAL;PROBLEMAS RELACIONADOS CON FACILIDADES DE ATENCIÓN MÉDICA U OTROS SERVICIOS DE SALUD;PROBLEMAS RELACIONADOS CON FACILIDADES DE ATENCIÓN MÉDICA U OTROS SERVICIOS DE SALUD;ACALASIA DEL CARDIAS;No aplica;SIMPLE
670;2024;7;Web;73;73001;US- 000002410616;Madre;MUJER;12;DE 6 A 12 AÑOS;No Aplica;Contributivo;No Aplica;No Aplica;73;73001;SALUD TOTAL;RÉGIMEN CONTRIBUTIVO;EPS002;SALUD TOTAL;73;73001;01;"BARRERAS EN EL ACCESO A TECNOLOGÍAS Y SERVICIOS DE SALUD; Y OTROS ELEMENTOS COMPLEMENTARIOS PARA LA ATENCIÓN DEL USUARIO";0103;FALTA DE OPORTUNIDAD EN LA AUTORIZACIÓN DE TECNOLOGÍAS EN SALUD Y OTROS ELEMENTOS COMPLEMENTARIOS PARA LA ATENCIÓN DEL USUARIO;010303;FALTA DE OPORTUNIDAD EN LA AUTORIZACIÓN PARA SERVICIOS DE COMPLEMENTACIÓN TERAPÉUTICA;01030305;PSICOTERAPIA;;;PROBLEMAS RELACIONADOS CON FACILIDADES DE ATENCIÓN MÉDICA U OTROS SERVICIOS DE SALUD;PROBLEMAS RELACIONADOS CON FACILIDADES DE ATENCIÓN MÉDICA U OTROS SERVICIOS DE SALUD;OTROS PROBLEMAS RELACIONADOS CON SERVICIOS MÉDICOS Y DE SALUD;No aplica;SIMPLE
671;2024;7;Personalizado;85;85001;US- 000003579597;Otro;MUJER;83;MAYOR DE 63 AÑOS ;Primaria;Contributivo;No Aplica;No Aplica;85;85001;SANITAS;RÉGIMEN CONTRIBUTIVO;EPS005;SANITAS;85;85001;02;INSATISFACCIÓN RELACIONADA CON LA ATENCIÓN EN SALUD;0202;INSATISFACCIÓN RELACIONADA CON LA ATENCIÓN DEL PERSONAL EN SALUD;020201;INSATISFACCIÓN RELACIONADA CON LA ATENCIÓN DEL PERSONAL EN SALUD;02020104;INSUFICIENTE INFORMACIÓN SOBRE LA ATENCIÓN EN SALUD;;;ENFERMEDADES OSTEOARTICULARES;OTROS;FRACTURA DEL CUELLO DEL FÉMUR;No aplica;SIMPLE
672;2024;7;Personalizado;11;11001;US- 000002951505;Madre;MUJER;22;DE 18 A 24 AÑOS;Secundaria;Contributivo;No Aplica;Persona con discapacidad;11;11001;FAMISANAR;RÉGIMEN CONTRIBUTIVO;EPS017;FAMISANAR;11;11001;01;"BARRERAS EN EL ACCESO A TECNOLOGÍAS Y SERVICIOS DE SALUD; Y OTROS ELEMENTOS COMPLEMENTARIOS PARA LA ATENCIÓN DEL USUARIO";0102;NEGACIÓN DE TECNOLOGÍAS EN SALUD Y OTROS ELEMENTOS COMPLEMENTARIOS PARA LA ATENCIÓN DEL USUARIO;010201;NEGACIÓN EN LA ASIGNACIÓN DE CITAS O CONSULTAS;01020103;ESPECIALIDADES MÉDICAS ;01020103075;OFTALMOLOGÍA;PROBLEMAS RELACIONADOS CON FACILIDADES DE ATENCIÓN MÉDICA U OTROS SERVICIOS DE SALUD;PROBLEMAS RELACIONADOS CON FACILIDADES DE ATENCIÓN MÉDICA U OTROS SERVICIOS DE SALUD;ESTRABISMO, NO ESPECIFICADO;No aplica;SIMPLE
673;2024;7;Personalizado;85;85001;US- 000004066638;A nombre propio;HOMBRE;40;DE 38 A 49 AÑOS;Secundaria;No aplica;No Aplica;No Aplica;85;85001;SECRETARÍA DEPARTAMENTAL DE SALUD DEL CASANARE;ENTIDADES TERRITORIALES;999998;SECRETARIA DEPARTAMENTAL. DE SALUD DEL CASANARE;85;85001;01;"BARRERAS EN EL ACCESO A TECNOLOGÍAS Y SERVICIOS DE SALUD; Y OTROS ELEMENTOS COMPLEMENTARIOS PARA LA ATENCIÓN DEL USUARIO";0101;FALTA DE OPORTUNIDAD EN LA PRESTACIÓN DE TECNOLOGÍAS EN SALUD Y OTROS ELEMENTOS COMPLEMENTARIOS PARA LA ATENCIÓN DEL USUARIO;010103;FALTA DE OPORTUNIDAD EN LA ATENCIÓN EN OTROS SERVICIOS DE SALUD;01010308;PROCEDIMIENTOS NO QUIRÚRGICOS;01010308001;IMAGENOLOGÍA;ENFERMEDADES OSTEOARTICULARES;OTROS;LESIONES DEL HOMBRO;No aplica;SIMPLE
674;2024;7;Web;05;05088;US- 000004066639;A nombre propio;HOMBRE;60;DE 50 A 62 AÑOS;No Aplica;Contributivo;No Aplica;No Aplica;05;05088;SURAMERICANA EPS;RÉGIMEN CONTRIBUTIVO;EPS010;EPS SURA;05;05088;01;"BARRERAS EN EL ACCESO A TECNOLOGÍAS Y SERVICIOS DE SALUD; Y OTROS ELEMENTOS COMPLEMENTARIOS PARA LA ATENCIÓN DEL USUARIO";0101;FALTA DE OPORTUNIDAD EN LA PRESTACIÓN DE TECNOLOGÍAS EN SALUD Y OTROS ELEMENTOS COMPLEMENTARIOS PARA LA ATENCIÓN DEL USUARIO;010105;FALTA DE OPORTUNIDAD EN EL PROCESO DE REFERENCIA Y CONTRARREFERENCIA;;;;;ENFERMEDADES OSTEOARTICULARES;NEUROLÓGICAS;OCLUSIÓN Y ESTENOSIS DE ARTERIA CARÓTIDA;No aplica;PRIORIZADO
675;2024;7;Telefónico;05;05674;US- 000004066640;A nombre propio;MUJER;64;MAYOR DE 63 AÑOS ;Secundaria;Contributivo;No Aplica;No Aplica;05;05674;NUEVA EPS;RÉGIMEN CONTRIBUTIVO;EPS037;NUEVA EPS;05;05674;01;"BARRERAS EN EL ACCESO A TECNOLOGÍAS Y SERVICIOS DE SALUD; Y OTROS ELEMENTOS COMPLEMENTARIOS PARA LA ATENCIÓN DEL USUARIO";0102;NEGACIÓN DE TECNOLOGÍAS EN SALUD Y OTROS ELEMENTOS COMPLEMENTARIOS PARA LA ATENCIÓN DEL USUARIO;010201;NEGACIÓN EN LA ASIGNACIÓN DE CITAS O CONSULTAS;01020103;ESPECIALIDADES MÉDICAS ;01020103063;MEDICINA INTERNA;ENFERMEDADES CRÓNICAS NO TRASMISIBLES CARDIOVASCULARES;HTA (HIPERTENSIÓN ARTERIAL);HIPERTENSIÓN ESENCIAL (PRIMARIA);No aplica;SIMPLE
676;2024;7;Telefónico;11;11001;US- 000004066641;Otro;HOMBRE;69;MAYOR DE 63 AÑOS ;Primaria;Subsidiado;No Aplica;No Aplica;11;11001;CAPITAL SALUD;RÉGIMEN SUBSIDIADO;EPSS34;CAPITAL SALUD;11;11001;01;"BARRERAS EN EL ACCESO A TECNOLOGÍAS Y SERVICIOS DE SALUD; Y OTROS ELEMENTOS COMPLEMENTARIOS PARA LA ATENCIÓN DEL USUARIO";0102;NEGACIÓN DE TECNOLOGÍAS EN SALUD Y OTROS ELEMENTOS COMPLEMENTARIOS PARA LA ATENCIÓN DEL USUARIO;010201;NEGACIÓN EN LA ASIGNACIÓN DE CITAS O CONSULTAS;01020103;ESPECIALIDADES MÉDICAS ;01020103094;UROLOGÍA;PROBLEMAS RELACIONADOS CON FACILIDADES DE ATENCIÓN MÉDICA U OTROS SERVICIOS DE SALUD;PROBLEMAS RELACIONADOS CON FACILIDADES DE ATENCIÓN MÉDICA U OTROS SERVICIOS DE SALUD;OTROS TRASTORNOS DE LA PRÓSTATA;No aplica;SIMPLE
677;2024;7;Web;11;11001;US- 000003733155;Otro;HOMBRE;65;MAYOR DE 63 AÑOS ;No Aplica;Contributivo;No Aplica;No Aplica;11;11001;CAPITAL SALUD;RÉGIMEN SUBSIDIADO;EPSS34;CAPITAL SALUD;11;11001;01;"BARRERAS EN EL ACCESO A TECNOLOGÍAS Y SERVICIOS DE SALUD; Y OTROS ELEMENTOS COMPLEMENTARIOS PARA LA ATENCIÓN DEL USUARIO";0101;FALTA DE OPORTUNIDAD EN LA PRESTACIÓN DE TECNOLOGÍAS EN SALUD Y OTROS ELEMENTOS COMPLEMENTARIOS PARA LA ATENCIÓN DEL USUARIO;010103;FALTA DE OPORTUNIDAD EN LA ATENCIÓN EN OTROS SERVICIOS DE SALUD;01010309;PROCEDIMIENTOS QUIRÚRGICOS;01010309003;OTROS PROCEDIMIENTOS QUIRÚRGICOS;PROBLEMAS RELACIONADOS CON FACILIDADES DE ATENCIÓN MÉDICA U OTROS SERVICIOS DE SALUD;PROBLEMAS RELACIONADOS CON FACILIDADES DE ATENCIÓN MÉDICA U OTROS SERVICIOS DE SALUD;HERNIA INGUINAL;No aplica;SIMPLE
678;2024;7;Web;11;11001;US- 000004066642;A nombre propio;MUJER;59;DE 50 A 62 AÑOS;No Aplica;Contributivo;No Aplica;No Aplica;11;11001;SANITAS;RÉGIMEN CONTRIBUTIVO;EPS005;SANITAS;11;11001;01;"BARRERAS EN EL ACCESO A TECNOLOGÍAS Y SERVICIOS DE SALUD; Y OTROS ELEMENTOS COMPLEMENTARIOS PARA LA ATENCIÓN DEL USUARIO";0103;FALTA DE OPORTUNIDAD EN LA AUTORIZACIÓN DE TECNOLOGÍAS EN SALUD Y OTROS ELEMENTOS COMPLEMENTARIOS PARA LA ATENCIÓN DEL USUARIO;010304;FALTA DE OPORTUNIDAD EN LA AUTORIZACIÓN DE OTROS SERVICIOS DE SALUD;01030408;PROCEDIMIENTOS NO QUIRÚRGICOS;01030408006;OTROS PROCEDIMIENTOS NO QUIRÚRGICOS;PROBLEMAS RELACIONADOS CON FACILIDADES DE ATENCIÓN MÉDICA U OTROS SERVICIOS DE SALUD;PROBLEMAS RELACIONADOS CON FACILIDADES DE ATENCIÓN MÉDICA U OTROS SERVICIOS DE SALUD;MIGRAÑA COMPLICADA;No aplica;SIMPLE
679;2024;7;Personalizado;54;54498;US- 000003762726;Cónyuge;HOMBRE;63;MAYOR DE 63 AÑOS ;Primaria Incompleta;Subsidiado;No Aplica;No Aplica;54;54498;NUEVA EPS;RÉGIMEN SUBSIDIADO;EPSS41;NUEVA EPS;54;54498;01;"BARRERAS EN EL ACCESO A TECNOLOGÍAS Y SERVICIOS DE SALUD; Y OTROS ELEMENTOS COMPLEMENTARIOS PARA LA ATENCIÓN DEL USUARIO";0102;NEGACIÓN DE TECNOLOGÍAS EN SALUD Y OTROS ELEMENTOS COMPLEMENTARIOS PARA LA ATENCIÓN DEL USUARIO;010204;NEGACIÓN PARA LA ENTREGA DE TECNOLOGÍAS EN SALUD Y/O DE OTROS SERVICIOS AUTORIZADOS;01020401;MEDICAMENTOS UPC;;;PROBLEMAS RELACIONADOS CON FACILIDADES DE ATENCIÓN MÉDICA U OTROS SERVICIOS DE SALUD;PROBLEMAS RELACIONADOS CON FACILIDADES DE ATENCIÓN MÉDICA U OTROS SERVICIOS DE SALUD;HIPERLIPIDEMIA MIXTA;No aplica;SIMPLE
680;2024;7;Telefónico;73;73352;US- 000004066643;A nombre propio;MUJER;65;MAYOR DE 63 AÑOS ;Primaria Incompleta;Subsidiado;No Aplica;No Aplica;73;73352;NUEVA EPS;RÉGIMEN SUBSIDIADO;EPSS41;NUEVA EPS;73;73352;01;"BARRERAS EN EL ACCESO A TECNOLOGÍAS Y SERVICIOS DE SALUD; Y OTROS ELEMENTOS COMPLEMENTARIOS PARA LA ATENCIÓN DEL USUARIO";0101;FALTA DE OPORTUNIDAD EN LA PRESTACIÓN DE TECNOLOGÍAS EN SALUD Y OTROS ELEMENTOS COMPLEMENTARIOS PARA LA ATENCIÓN DEL USUARIO;010101;FALTA DE OPORTUNIDAD EN LAS CITAS O CONSULTAS;01010103;ESPECIALIDADES MÉDICAS ;01010103022;CIRUGÍA GENERAL;PROBLEMAS RELACIONADOS CON FACILIDADES DE ATENCIÓN MÉDICA U OTROS SERVICIOS DE SALUD;PROBLEMAS RELACIONADOS CON FACILIDADES DE ATENCIÓN MÉDICA U OTROS SERVICIOS DE SALUD;CALCULO DE LA VESÍCULA BILIAR SIN COLECISTITIS;No aplica;SIMPLE
681;2024;7;Telefónico;66;66170;US- 000004066644;Veedor;HOMBRE;81;MAYOR DE 63 AÑOS ;Primaria;Contributivo;No Aplica;Persona con discapacidad;66;66170;NUEVA EPS;RÉGIMEN CONTRIBUTIVO;EPS037;NUEVA EPS;66;66170;01;"BARRERAS EN EL ACCESO A TECNOLOGÍAS Y SERVICIOS DE SALUD; Y OTROS ELEMENTOS COMPLEMENTARIOS PARA LA ATENCIÓN DEL USUARIO";0102;NEGACIÓN DE TECNOLOGÍAS EN SALUD Y OTROS ELEMENTOS COMPLEMENTARIOS PARA LA ATENCIÓN DEL USUARIO;010201;NEGACIÓN EN LA ASIGNACIÓN DE CITAS O CONSULTAS;01020103;ESPECIALIDADES MÉDICAS ;01020103078;ORTOPEDIA Y TRAUMATOLOGÍA;PROBLEMAS RELACIONADOS CON FACILIDADES DE ATENCIÓN MÉDICA U OTROS SERVICIOS DE SALUD;PROBLEMAS RELACIONADOS CON FACILIDADES DE ATENCIÓN MÉDICA U OTROS SERVICIOS DE SALUD;OTROS CONTROLES GENERALES DE SALUD DE RUTINA DE OTRAS SUBPOBLACIONES DEFINIDAS;No aplica;SIMPLE
682;2024;7;Personalizado;11;11001;US- 000004066645;A nombre propio;HOMBRE;37;DE 30 A 37 AÑOS;Universitario Incompleto;Contributivo;No Aplica;Persona con discapacidad;11;11001;SANITAS;RÉGIMEN CONTRIBUTIVO;EPS005;SANITAS;11;11001;01;"BARRERAS EN EL ACCESO A TECNOLOGÍAS Y SERVICIOS DE SALUD; Y OTROS ELEMENTOS COMPLEMENTARIOS PARA LA ATENCIÓN DEL USUARIO";0102;NEGACIÓN DE TECNOLOGÍAS EN SALUD Y OTROS ELEMENTOS COMPLEMENTARIOS PARA LA ATENCIÓN DEL USUARIO;010204;NEGACIÓN PARA LA ENTREGA DE TECNOLOGÍAS EN SALUD Y/O DE OTROS SERVICIOS AUTORIZADOS;01020403;DISPOSITIVOS MÉDICOS UPC;;;ENFERMEDADES OSTEOARTICULARES;OTROS;AMPUTACIÓN DE MIEMBRO(S);No aplica;SIMPLE
683;2024;7;Personalizado;66;66001;US- 000003949604;A nombre propio;HOMBRE;53;DE 50 A 62 AÑOS;Primaria;Subsidiado;No Aplica;No Aplica;66;66001;COOSALUD;RÉGIMEN SUBSIDIADO;ESS024;COOSALUD;66;66001;01;"BARRERAS EN EL ACCESO A TECNOLOGÍAS Y SERVICIOS DE SALUD; Y OTROS ELEMENTOS COMPLEMENTARIOS PARA LA ATENCIÓN DEL USUARIO";0102;NEGACIÓN DE TECNOLOGÍAS EN SALUD Y OTROS ELEMENTOS COMPLEMENTARIOS PARA LA ATENCIÓN DEL USUARIO;010203;NEGACIÓN EN LA ATENCIÓN EN OTROS SERVICIOS DE SALUD;01020308;PROCEDIMIENTOS NO QUIRÚRGICOS;01020308006;OTROS PROCEDIMIENTOS NO QUIRÚRGICOS;ENFERMEDADES CRÓNICAS NO TRASMISIBLES CARDIOVASCULARES;ICC (INSUFICIENCIA CARDIACA CONGESTIVA);INSUFICIENCIA (DE LA VÁLVULA) MITRAL;No aplica;PRIORIZADO
684;2024;7;Web;05;05631;US- 000001810401;A nombre propio;MUJER;37;DE 30 A 37 AÑOS;No Aplica;Contributivo;No Aplica;No Aplica;05;05631;SURAMERICANA EPS;RÉGIMEN CONTRIBUTIVO;EPS010;EPS SURA;05;05001;04;INSATISFACCIÓN DEL USUARIO CON EL PROCESO ADMINISTRATIVO;0404;INSATISFACCIÓN RELACIONADA CON TRÁMITES ADMINISTRATIVOS;040401;RESTRICCIÓN EN LA LIBRE ESCOGENCIA;04040102;PRESTADOR DE SERVICIO DE SALUD;;;PROBLEMAS RELACIONADOS CON FACILIDADES DE ATENCIÓN MÉDICA U OTROS SERVICIOS DE SALUD;PROBLEMAS RELACIONADOS CON FACILIDADES DE ATENCIÓN MÉDICA U OTROS SERVICIOS DE SALUD;OTROS PROBLEMAS RELACIONADOS CON SERVICIOS MÉDICOS Y DE SALUD;No aplica;SIMPLE
685;2024;7;Web;76;76001;US- 000002130809;A nombre propio;MUJER;42;DE 38 A 49 AÑOS;No Aplica;Subsidiado;No Aplica;No Aplica;76;76001;SOS -SERVICIO OCCIDENTAL DE SALUD;RÉGIMEN CONTRIBUTIVO;EPS018;SERVICIO OCCIDENTAL DE SALUD (SOS);76;76001;01;"BARRERAS EN EL ACCESO A TECNOLOGÍAS Y SERVICIOS DE SALUD; Y OTROS ELEMENTOS COMPLEMENTARIOS PARA LA ATENCIÓN DEL USUARIO";0103;FALTA DE OPORTUNIDAD EN LA AUTORIZACIÓN DE TECNOLOGÍAS EN SALUD Y OTROS ELEMENTOS COMPLEMENTARIOS PARA LA ATENCIÓN DEL USUARIO;010302;FALTA DE OPORTUNIDAD EN LA AUTORIZACIÓN DE CITAS DE CONSULTA;01030213;JUNTA MÉDICA;;;ENFERMEDADES CRÓNICAS NO TRANSMISIBLES- FACTORES DE RIESGO;OBESIDAD;OBESIDAD;No aplica;SIMPLE
686;2024;7;Web;05;05001;US- 000001289718;A nombre propio;HOMBRE;23;DE 18 A 24 AÑOS;No Aplica;Contributivo;No Aplica;No Aplica;05;05001;SURAMERICANA EPS;RÉGIMEN CONTRIBUTIVO;EPS010;EPS SURA;05;05001;01;"BARRERAS EN EL ACCESO A TECNOLOGÍAS Y SERVICIOS DE SALUD; Y OTROS ELEMENTOS COMPLEMENTARIOS PARA LA ATENCIÓN DEL USUARIO";0101;FALTA DE OPORTUNIDAD EN LA PRESTACIÓN DE TECNOLOGÍAS EN SALUD Y OTROS ELEMENTOS COMPLEMENTARIOS PARA LA ATENCIÓN DEL USUARIO;010101;FALTA DE OPORTUNIDAD EN LAS CITAS O CONSULTAS;01010103;ESPECIALIDADES MÉDICAS ;01010103083;PSIQUIATRÍA;SALUD MENTAL;OTROS TRASTORNOS MENTALES;TRASTORNO MIXTO DE ANSIEDAD Y DEPRESIÓN;No aplica;PRIORIZADO
687;2024;7;Redes Sociales;11;11001;US- 000002156260;A nombre propio;MUJER;69;MAYOR DE 63 AÑOS ;No Aplica;Contributivo;No Aplica;No Aplica;11;11001;SURAMERICANA EPS;RÉGIMEN CONTRIBUTIVO;EPS010;EPS SURA;11;11001;01;"BARRERAS EN EL ACCESO A TECNOLOGÍAS Y SERVICIOS DE SALUD; Y OTROS ELEMENTOS COMPLEMENTARIOS PARA LA ATENCIÓN DEL USUARIO";0103;FALTA DE OPORTUNIDAD EN LA AUTORIZACIÓN DE TECNOLOGÍAS EN SALUD Y OTROS ELEMENTOS COMPLEMENTARIOS PARA LA ATENCIÓN DEL USUARIO;010301;FALTA DE OPORTUNIDAD EN LA AUTORIZACIÓN DE TECNOLOGÍAS EN SALUD Y/O DE OTROS SERVICIOS;01030101;MEDICAMENTOS UPC;;;PROBLEMAS RELACIONADOS CON FACILIDADES DE ATENCIÓN MÉDICA U OTROS SERVICIOS DE SALUD;PROBLEMAS RELACIONADOS CON FACILIDADES DE ATENCIÓN MÉDICA U OTROS SERVICIOS DE SALUD;OTROS PROBLEMAS RELACIONADOS CON SERVICIOS MÉDICOS Y DE SALUD;No aplica;PRIORIZADO
688;2024;7;Escrito;11;11001;US- 000004066646;A nombre propio;HOMBRE;69;MAYOR DE 63 AÑOS ;No Aplica;Régimen Especial;No Aplica;No Aplica;11;11001;MAGISTERIO;REGÍMENES DE EXCEPCIÓN Y ESPECIALES;REMG01;MAGISTERIO;11;11001;01;"BARRERAS EN EL ACCESO A TECNOLOGÍAS Y SERVICIOS DE SALUD; Y OTROS ELEMENTOS COMPLEMENTARIOS PARA LA ATENCIÓN DEL USUARIO";0101;FALTA DE OPORTUNIDAD EN LA PRESTACIÓN DE TECNOLOGÍAS EN SALUD Y OTROS ELEMENTOS COMPLEMENTARIOS PARA LA ATENCIÓN DEL USUARIO;010101;FALTA DE OPORTUNIDAD EN LAS CITAS O CONSULTAS;01010101;MEDICINA GENERAL;;;PROBLEMAS RELACIONADOS CON FACILIDADES DE ATENCIÓN MÉDICA U OTROS SERVICIOS DE SALUD;PROBLEMAS RELACIONADOS CON FACILIDADES DE ATENCIÓN MÉDICA U OTROS SERVICIOS DE SALUD;CIRROSIS BILIAR, NO ESPECIFICADA;No aplica;PRIORIZADO
689;2024;7;Escrito;08;08078;US- 000004066647;Otro;MUJER;72;MAYOR DE 63 AÑOS ;No Aplica;Contributivo;No Aplica;No Aplica;08;08078;NUEVA EPS;RÉGIMEN CONTRIBUTIVO;EPS037;NUEVA EPS;08;08078;01;"BARRERAS EN EL ACCESO A TECNOLOGÍAS Y SERVICIOS DE SALUD; Y OTROS ELEMENTOS COMPLEMENTARIOS PARA LA ATENCIÓN DEL USUARIO";0101;FALTA DE OPORTUNIDAD EN LA PRESTACIÓN DE TECNOLOGÍAS EN SALUD Y OTROS ELEMENTOS COMPLEMENTARIOS PARA LA ATENCIÓN DEL USUARIO;010104;FALTA DE OPORTUNIDAD EN LA ENTREGA O ENTREGA INCOMPLETA DE TECNOLOGÍAS EN SALUD Y/O PRESTACIÓN DE OTROS SERVICIOS;01010401;MEDICAMENTOS UPC;;;PROBLEMAS RELACIONADOS CON FACILIDADES DE ATENCIÓN MÉDICA U OTROS SERVICIOS DE SALUD;PROBLEMAS RELACIONADOS CON FACILIDADES DE ATENCIÓN MÉDICA U OTROS SERVICIOS DE SALUD;OTROS PROBLEMAS RELACIONADOS CON SERVICIOS MÉDICOS Y DE SALUD;No aplica;SIMPLE
690;2024;7;Telefónico;11;11001;US- 000002429166;Madre;HOMBRE;15;DE 13 A 17 AÑOS;Secundaria Incompleta;Contributivo;No Aplica;No Aplica;11;11001;SANITAS;RÉGIMEN CONTRIBUTIVO;EPS005;SANITAS;11;11001;01;"BARRERAS EN EL ACCESO A TECNOLOGÍAS Y SERVICIOS DE SALUD; Y OTROS ELEMENTOS COMPLEMENTARIOS PARA LA ATENCIÓN DEL USUARIO";0102;NEGACIÓN DE TECNOLOGÍAS EN SALUD Y OTROS ELEMENTOS COMPLEMENTARIOS PARA LA ATENCIÓN DEL USUARIO;010204;NEGACIÓN PARA LA ENTREGA DE TECNOLOGÍAS EN SALUD Y/O DE OTROS SERVICIOS AUTORIZADOS;01020401;MEDICAMENTOS UPC;;;PROBLEMAS RELACIONADOS CON FACILIDADES DE ATENCIÓN MÉDICA U OTROS SERVICIOS DE SALUD;PROBLEMAS RELACIONADOS CON FACILIDADES DE ATENCIÓN MÉDICA U OTROS SERVICIOS DE SALUD;ACNÉ, NO ESPECIFICADO;No aplica;SIMPLE
691;2024;7;Web;50;50001;US- 000004066648;A nombre propio;MUJER;36;DE 30 A 37 AÑOS;No Aplica;Subsidiado;No Aplica;No Aplica;50;50001;NUEVA EPS;RÉGIMEN SUBSIDIADO;EPSS41;NUEVA EPS;50;50001;01;"BARRERAS EN EL ACCESO A TECNOLOGÍAS Y SERVICIOS DE SALUD; Y OTROS ELEMENTOS COMPLEMENTARIOS PARA LA ATENCIÓN DEL USUARIO";0102;NEGACIÓN DE TECNOLOGÍAS EN SALUD Y OTROS ELEMENTOS COMPLEMENTARIOS PARA LA ATENCIÓN DEL USUARIO;010201;NEGACIÓN EN LA ASIGNACIÓN DE CITAS O CONSULTAS;01020103;ESPECIALIDADES MÉDICAS ;01020103072;NEUROLOGÍA;CÁNCER ;OTROS;HISTORIA FAMILIAR DE TUMOR MALIGNO, DE SITIO NO ESPECIFICADO;No aplica;PRIORIZADO
692;2024;7;Web;11;11001;US- 000004066649;A nombre propio;HOMBRE;59;DE 50 A 62 AÑOS;No Aplica;Contributivo;No Aplica;No Aplica;11;11001;SURAMERICANA EPS;RÉGIMEN CONTRIBUTIVO;EPS010;EPS SURA;11;11001;01;"BARRERAS EN EL ACCESO A TECNOLOGÍAS Y SERVICIOS DE SALUD; Y OTROS ELEMENTOS COMPLEMENTARIOS PARA LA ATENCIÓN DEL USUARIO";0101;FALTA DE OPORTUNIDAD EN LA PRESTACIÓN DE TECNOLOGÍAS EN SALUD Y OTROS ELEMENTOS COMPLEMENTARIOS PARA LA ATENCIÓN DEL USUARIO;010101;FALTA DE OPORTUNIDAD EN LAS CITAS O CONSULTAS;01010103;ESPECIALIDADES MÉDICAS ;01010103078;ORTOPEDIA Y TRAUMATOLOGÍA;PROBLEMAS RELACIONADOS CON FACILIDADES DE ATENCIÓN MÉDICA U OTROS SERVICIOS DE SALUD;PROBLEMAS RELACIONADOS CON FACILIDADES DE ATENCIÓN MÉDICA U OTROS SERVICIOS DE SALUD;OTROS PROBLEMAS RELACIONADOS CON SERVICIOS MÉDICOS Y DE SALUD;No aplica;SIMPLE
693;2024;7;Telefónico;05;05001;US- 000004066650;Nieto (A);HOMBRE;92;MAYOR DE 63 AÑOS ;Primaria;Contributivo;No Aplica;No Aplica;05;05440;NUEVA EPS;RÉGIMEN CONTRIBUTIVO;EPS037;NUEVA EPS;05;05440;01;"BARRERAS EN EL ACCESO A TECNOLOGÍAS Y SERVICIOS DE SALUD; Y OTROS ELEMENTOS COMPLEMENTARIOS PARA LA ATENCIÓN DEL USUARIO";0102;NEGACIÓN DE TECNOLOGÍAS EN SALUD Y OTROS ELEMENTOS COMPLEMENTARIOS PARA LA ATENCIÓN DEL USUARIO;010201;NEGACIÓN EN LA ASIGNACIÓN DE CITAS O CONSULTAS;01020103;ESPECIALIDADES MÉDICAS ;01020103094;UROLOGÍA;CÁNCER ;OTROS;TUMOR MALIGNO DEL PÁNCREAS, PARTE NO ESPECIFICADA;No aplica;PRIORIZADO
694;2024;7;Web;15;15759;US- 000003648778;A nombre propio;MUJER;58;DE 50 A 62 AÑOS;No Aplica;Régimen Especial;No Aplica;No Aplica;15;15759;MAGISTERIO;REGÍMENES DE EXCEPCIÓN Y ESPECIALES;REMG01;MAGISTERIO;15;15759;04;INSATISFACCIÓN DEL USUARIO CON EL PROCESO ADMINISTRATIVO;0405;PROBLEMAS EN EL RECONOCIMIENTO Y/O PAGO DE PRESTACIONES ECONÓMICAS;040501;NO RECONOCIMIENTO Y/O PAGO DE LAS PRESTACIONES ECONÓMICAS;04050107;INCAPACIDAD DE ENFERMEDAD GENERAL;;;ENFERMEDADES OSTEOARTICULARES;OTROS;SÍNDROME DE MANGUITO ROTATORIO;No aplica;SIMPLE
695;2024;7;Web;05;05360;US- 000004066651;Otro;HOMBRE;61;DE 50 A 62 AÑOS;No Aplica;Contributivo;No Aplica;Persona con discapacidad;05;05360;SURAMERICANA EPS;RÉGIMEN CONTRIBUTIVO;EPS010;EPS SURA;05;05360;01;"BARRERAS EN EL ACCESO A TECNOLOGÍAS Y SERVICIOS DE SALUD; Y OTROS ELEMENTOS COMPLEMENTARIOS PARA LA ATENCIÓN DEL USUARIO";0101;FALTA DE OPORTUNIDAD EN LA PRESTACIÓN DE TECNOLOGÍAS EN SALUD Y OTROS ELEMENTOS COMPLEMENTARIOS PARA LA ATENCIÓN DEL USUARIO;010103;FALTA DE OPORTUNIDAD EN LA ATENCIÓN EN OTROS SERVICIOS DE SALUD;01010302;HOSPITALIZACIÓN;;;CÁNCER ;OTROS;TUMOR MALIGNO DEL PERITONEO, SIN OTRA ESPECIFICACIÓN;No aplica;PRIORIZADO
696;2024;7;Telefónico;15;15491;US- 000004066652;Cónyuge;MUJER;39;DE 38 A 49 AÑOS;Universitario Incompleto;Subsidiado;No Aplica;Mujer en estado de gestación;15;15491;FAMISANAR;RÉGIMEN CONTRIBUTIVO;EPS017;FAMISANAR;15;15759;01;"BARRERAS EN EL ACCESO A TECNOLOGÍAS Y SERVICIOS DE SALUD; Y OTROS ELEMENTOS COMPLEMENTARIOS PARA LA ATENCIÓN DEL USUARIO";0103;FALTA DE OPORTUNIDAD EN LA AUTORIZACIÓN DE TECNOLOGÍAS EN SALUD Y OTROS ELEMENTOS COMPLEMENTARIOS PARA LA ATENCIÓN DEL USUARIO;010302;FALTA DE OPORTUNIDAD EN LA AUTORIZACIÓN DE CITAS DE CONSULTA;01030203;ESPECIALIDADES MÉDICAS ;01030203047;GINECOLOGÍA Y OBSTETRICIA;MATERNO INFANTIL;ATENCIÓN EN EL EMBARAZO;EMBARAZO CONFIRMADO;No aplica;PRIORIZADO
697;2024;7;Web;05;05001;US- 000004066653;A nombre propio;MUJER;83;MAYOR DE 63 AÑOS ;No Aplica;Régimen Especial;No Aplica;No Aplica;05;05001;MAGISTERIO;REGÍMENES DE EXCEPCIÓN Y ESPECIALES;REMG01;MAGISTERIO;05;05001;01;"BARRERAS EN EL ACCESO A TECNOLOGÍAS Y SERVICIOS DE SALUD; Y OTROS ELEMENTOS COMPLEMENTARIOS PARA LA ATENCIÓN DEL USUARIO";0102;NEGACIÓN DE TECNOLOGÍAS EN SALUD Y OTROS ELEMENTOS COMPLEMENTARIOS PARA LA ATENCIÓN DEL USUARIO;010204;NEGACIÓN PARA LA ENTREGA DE TECNOLOGÍAS EN SALUD Y/O DE OTROS SERVICIOS AUTORIZADOS;01020401;MEDICAMENTOS UPC;;;PROBLEMAS RELACIONADOS CON FACILIDADES DE ATENCIÓN MÉDICA U OTROS SERVICIOS DE SALUD;PROBLEMAS RELACIONADOS CON FACILIDADES DE ATENCIÓN MÉDICA U OTROS SERVICIOS DE SALUD;OTRAS CONSULTAS ESPECIFICADAS;No aplica;SIMPLE
698;2024;7;Web;08;08078;US- 000004066654;Padre;HOMBRE;4;DE 0 A 5 AÑOS;No Aplica;Subsidiado;No Aplica;Persona con discapacidad;08;08758;SURAMERICANA EPS;RÉGIMEN CONTRIBUTIVO;EPS010;EPS SURA;08;08758;01;"BARRERAS EN EL ACCESO A TECNOLOGÍAS Y SERVICIOS DE SALUD; Y OTROS ELEMENTOS COMPLEMENTARIOS PARA LA ATENCIÓN DEL USUARIO";0101;FALTA DE OPORTUNIDAD EN LA PRESTACIÓN DE TECNOLOGÍAS EN SALUD Y OTROS ELEMENTOS COMPLEMENTARIOS PARA LA ATENCIÓN DEL USUARIO;010102;FALTA DE OPORTUNIDAD PARA SERVICIOS DE COMPLEMENTACIÓN TERAPÉUTICA;01010209;OTRAS TERAPIAS;;;MATERNO INFANTIL;ATENCIÓN NIÑOS MENORES DE 5 AÑOS;AUTISMO EN LA NIÑEZ;No aplica;SIMPLE
699;2024;7;Personalizado;25;25394;US- 000003955892;A nombre propio;HOMBRE;37;DE 30 A 37 AÑOS;Secundaria;Subsidiado;No Aplica;No Aplica;25;25394;NUEVA EPS;RÉGIMEN SUBSIDIADO;EPSS41;NUEVA EPS;25;25394;01;"BARRERAS EN EL ACCESO A TECNOLOGÍAS Y SERVICIOS DE SALUD; Y OTROS ELEMENTOS COMPLEMENTARIOS PARA LA ATENCIÓN DEL USUARIO";0102;NEGACIÓN DE TECNOLOGÍAS EN SALUD Y OTROS ELEMENTOS COMPLEMENTARIOS PARA LA ATENCIÓN DEL USUARIO;010204;NEGACIÓN PARA LA ENTREGA DE TECNOLOGÍAS EN SALUD Y/O DE OTROS SERVICIOS AUTORIZADOS;01020401;MEDICAMENTOS UPC;;;PROBLEMAS RELACIONADOS CON FACILIDADES DE ATENCIÓN MÉDICA U OTROS SERVICIOS DE SALUD;PROBLEMAS RELACIONADOS CON FACILIDADES DE ATENCIÓN MÉDICA U OTROS SERVICIOS DE SALUD;FIBRILACIÓN Y ALETEO AURICULAR;No aplica;PRIORIZADO
700;2024;7;Telefónico;76;76364;US- 000003195242;Hijo (A);HOMBRE;77;MAYOR DE 63 AÑOS ;Primaria Incompleta;Subsidiado;No Aplica;Desplazado;76;76364;COOSALUD;RÉGIMEN SUBSIDIADO;ESS024;COOSALUD;76;76364;04;INSATISFACCIÓN DEL USUARIO CON EL PROCESO ADMINISTRATIVO;0404;INSATISFACCIÓN RELACIONADA CON TRÁMITES ADMINISTRATIVOS;040401;RESTRICCIÓN EN LA LIBRE ESCOGENCIA;04040102;PRESTADOR DE SERVICIO DE SALUD;;;PROBLEMAS RELACIONADOS CON FACILIDADES DE ATENCIÓN MÉDICA U OTROS SERVICIOS DE SALUD;PROBLEMAS RELACIONADOS CON FACILIDADES DE ATENCIÓN MÉDICA U OTROS SERVICIOS DE SALUD;PROBLEMAS RELACIONADOS CON FACILIDADES DE ATENCIÓN MEDICA U OTROS SERVICIOS DE SALUD;No aplica;SIMPLE
701;2024;7;Escrito;25;25754;US- 000002883220;Otro;MUJER;61;DE 50 A 62 AÑOS;Ninguno;Subsidiado;No Aplica;No Aplica;25;25754;FAMISANAR;RÉGIMEN CONTRIBUTIVO;EPS017;FAMISANAR;25;25754;01;"BARRERAS EN EL ACCESO A TECNOLOGÍAS Y SERVICIOS DE SALUD; Y OTROS ELEMENTOS COMPLEMENTARIOS PARA LA ATENCIÓN DEL USUARIO";0101;FALTA DE OPORTUNIDAD EN LA PRESTACIÓN DE TECNOLOGÍAS EN SALUD Y OTROS ELEMENTOS COMPLEMENTARIOS PARA LA ATENCIÓN DEL USUARIO;010103;FALTA DE OPORTUNIDAD EN LA ATENCIÓN EN OTROS SERVICIOS DE SALUD;01010308;PROCEDIMIENTOS NO QUIRÚRGICOS;01010308001;IMAGENOLOGÍA;PROBLEMAS RELACIONADOS CON FACILIDADES DE ATENCIÓN MÉDICA U OTROS SERVICIOS DE SALUD;PROBLEMAS RELACIONADOS CON FACILIDADES DE ATENCIÓN MÉDICA U OTROS SERVICIOS DE SALUD;CATARATA, NO ESPECIFICADA;No aplica;SIMPLE
702;2024;7;Escrito;05;05631;US- 000003950080;A nombre propio;MUJER;76;MAYOR DE 63 AÑOS ;No Aplica;Contributivo;No Aplica;No Aplica;05;05631;NUEVA EPS;RÉGIMEN CONTRIBUTIVO;EPS037;NUEVA EPS;05;05631;01;"BARRERAS EN EL ACCESO A TECNOLOGÍAS Y SERVICIOS DE SALUD; Y OTROS ELEMENTOS COMPLEMENTARIOS PARA LA ATENCIÓN DEL USUARIO";0101;FALTA DE OPORTUNIDAD EN LA PRESTACIÓN DE TECNOLOGÍAS EN SALUD Y OTROS ELEMENTOS COMPLEMENTARIOS PARA LA ATENCIÓN DEL USUARIO;010101;FALTA DE OPORTUNIDAD EN LAS CITAS O CONSULTAS;01010101;MEDICINA GENERAL;;;PROBLEMAS RELACIONADOS CON FACILIDADES DE ATENCIÓN MÉDICA U OTROS SERVICIOS DE SALUD;PROBLEMAS RELACIONADOS CON FACILIDADES DE ATENCIÓN MÉDICA U OTROS SERVICIOS DE SALUD;OTROS PROBLEMAS RELACIONADOS CON SERVICIOS MÉDICOS Y DE SALUD;No aplica;SIMPLE
703;2024;7;Personalizado;76;76001;US- 000004066655;A nombre propio;HOMBRE;29;DE 25 A 29 AÑOS;Secundaria;Contributivo;No Aplica;No Aplica;76;76001;SURAMERICANA EPS;RÉGIMEN CONTRIBUTIVO;EPS010;EPS SURA;76;76001;01;"BARRERAS EN EL ACCESO A TECNOLOGÍAS Y SERVICIOS DE SALUD; Y OTROS ELEMENTOS COMPLEMENTARIOS PARA LA ATENCIÓN DEL USUARIO";0103;FALTA DE OPORTUNIDAD EN LA AUTORIZACIÓN DE TECNOLOGÍAS EN SALUD Y OTROS ELEMENTOS COMPLEMENTARIOS PARA LA ATENCIÓN DEL USUARIO;010302;FALTA DE OPORTUNIDAD EN LA AUTORIZACIÓN DE CITAS DE CONSULTA;01030201;MEDICINA GENERAL;;;ENFERMEDADES OSTEOARTICULARES;OTROS;DEDO EN GATILLO;No aplica;SIMPLE
704;2024;7;Web;20;20001;US- 000004066656;Otro;HOMBRE;68;MAYOR DE 63 AÑOS ;No Aplica;Subsidiado;No Aplica;No Aplica;20;20178;COOSALUD;RÉGIMEN SUBSIDIADO;ESS024;COOSALUD;20;20178;01;"BARRERAS EN EL ACCESO A TECNOLOGÍAS Y SERVICIOS DE SALUD; Y OTROS ELEMENTOS COMPLEMENTARIOS PARA LA ATENCIÓN DEL USUARIO";0101;FALTA DE OPORTUNIDAD EN LA PRESTACIÓN DE TECNOLOGÍAS EN SALUD Y OTROS ELEMENTOS COMPLEMENTARIOS PARA LA ATENCIÓN DEL USUARIO;010105;FALTA DE OPORTUNIDAD EN EL PROCESO DE REFERENCIA Y CONTRARREFERENCIA;;;;;PROBLEMAS RELACIONADOS CON FACILIDADES DE ATENCIÓN MÉDICA U OTROS SERVICIOS DE SALUD;PROBLEMAS RELACIONADOS CON FACILIDADES DE ATENCIÓN MÉDICA U OTROS SERVICIOS DE SALUD;OTROS PROBLEMAS RELACIONADOS CON SERVICIOS MÉDICOS Y DE SALUD;No aplica;PRIORIZADO
705;2024;7;Web;66;66001;US- 000000267317;A nombre propio;MUJER;42;DE 38 A 49 AÑOS;No Aplica;Contributivo;No Aplica;No Aplica;66;66001;SALUD TOTAL;RÉGIMEN CONTRIBUTIVO;EPS002;SALUD TOTAL;66;66001;01;"BARRERAS EN EL ACCESO A TECNOLOGÍAS Y SERVICIOS DE SALUD; Y OTROS ELEMENTOS COMPLEMENTARIOS PARA LA ATENCIÓN DEL USUARIO";0101;FALTA DE OPORTUNIDAD EN LA PRESTACIÓN DE TECNOLOGÍAS EN SALUD Y OTROS ELEMENTOS COMPLEMENTARIOS PARA LA ATENCIÓN DEL USUARIO;010101;FALTA DE OPORTUNIDAD EN LAS CITAS O CONSULTAS;01010103;ESPECIALIDADES MÉDICAS ;01010103094;UROLOGÍA;PROBLEMAS RELACIONADOS CON FACILIDADES DE ATENCIÓN MÉDICA U OTROS SERVICIOS DE SALUD;PROBLEMAS RELACIONADOS CON FACILIDADES DE ATENCIÓN MÉDICA U OTROS SERVICIOS DE SALUD;PROBLEMAS RELACIONADOS CON FACILIDADES DE ATENCIÓN MEDICA U OTROS SERVICIOS DE SALUD;No aplica;SIMPLE
706;2024;7;Telefónico;20;20001;US- 000004066657;A nombre propio;MUJER;89;MAYOR DE 63 AÑOS ;No Aplica;Subsidiado;No Aplica;No Aplica;20;20001;NUEVA EPS;RÉGIMEN SUBSIDIADO;EPSS41;NUEVA EPS;20;20001;01;"BARRERAS EN EL ACCESO A TECNOLOGÍAS Y SERVICIOS DE SALUD; Y OTROS ELEMENTOS COMPLEMENTARIOS PARA LA ATENCIÓN DEL USUARIO";0101;FALTA DE OPORTUNIDAD EN LA PRESTACIÓN DE TECNOLOGÍAS EN SALUD Y OTROS ELEMENTOS COMPLEMENTARIOS PARA LA ATENCIÓN DEL USUARIO;010101;FALTA DE OPORTUNIDAD EN LAS CITAS O CONSULTAS;01010103;ESPECIALIDADES MÉDICAS ;01010103063;MEDICINA INTERNA;ENFERMEDADES CRÓNICAS NO TRASMISIBLES CARDIOVASCULARES;HTA (HIPERTENSIÓN ARTERIAL);OTRAS ARRITMIAS CARDIACAS;No aplica;PRIORIZADO
707;2024;7;Personalizado;76;76001;US- 000001428127;A nombre propio;HOMBRE;35;DE 30 A 37 AÑOS;Secundaria;Contributivo;No Aplica;No Aplica;76;76001;SURAMERICANA EPS;RÉGIMEN CONTRIBUTIVO;EPS010;EPS SURA;76;76001;01;"BARRERAS EN EL ACCESO A TECNOLOGÍAS Y SERVICIOS DE SALUD; Y OTROS ELEMENTOS COMPLEMENTARIOS PARA LA ATENCIÓN DEL USUARIO";0102;NEGACIÓN DE TECNOLOGÍAS EN SALUD Y OTROS ELEMENTOS COMPLEMENTARIOS PARA LA ATENCIÓN DEL USUARIO;010203;NEGACIÓN EN LA ATENCIÓN EN OTROS SERVICIOS DE SALUD;01020309;PROCEDIMIENTOS QUIRÚRGICOS;01020309003;OTROS PROCEDIMIENTOS QUIRÚRGICOS;PROBLEMAS RELACIONADOS CON FACILIDADES DE ATENCIÓN MÉDICA U OTROS SERVICIOS DE SALUD;PROBLEMAS RELACIONADOS CON FACILIDADES DE ATENCIÓN MÉDICA U OTROS SERVICIOS DE SALUD;HIDRONEFROSIS CON ESTRECHEZ URETERAL, NO CLASIFICADA EN OTRA PARTE;No aplica;SIMPLE
708;2024;7;Personalizado;68;68307;US- 000003161005;A nombre propio;MUJER;49;DE 38 A 49 AÑOS;Secundaria;Régimen Especial;No Aplica;No Aplica;68;68307;FUERZAS MILITARES;REGÍMENES DE EXCEPCIÓN Y ESPECIALES;REFM01;FUERZAS MILITARES;68;68001;01;"BARRERAS EN EL ACCESO A TECNOLOGÍAS Y SERVICIOS DE SALUD; Y OTROS ELEMENTOS COMPLEMENTARIOS PARA LA ATENCIÓN DEL USUARIO";0101;FALTA DE OPORTUNIDAD EN LA PRESTACIÓN DE TECNOLOGÍAS EN SALUD Y OTROS ELEMENTOS COMPLEMENTARIOS PARA LA ATENCIÓN DEL USUARIO;010103;FALTA DE OPORTUNIDAD EN LA ATENCIÓN EN OTROS SERVICIOS DE SALUD;01010309;PROCEDIMIENTOS QUIRÚRGICOS;01010309003;OTROS PROCEDIMIENTOS QUIRÚRGICOS;PROBLEMAS RELACIONADOS CON FACILIDADES DE ATENCIÓN MÉDICA U OTROS SERVICIOS DE SALUD;PROBLEMAS RELACIONADOS CON FACILIDADES DE ATENCIÓN MÉDICA U OTROS SERVICIOS DE SALUD;PROLAPSO UTEROVAGINAL, SIN OTRA ESPECIFICACIÓN;No aplica;SIMPLE
709;2024;7;Web;15;15469;US- 000004066658;A nombre propio;HOMBRE;82;MAYOR DE 63 AÑOS ;No Aplica;Subsidiado;No Aplica;No Aplica;15;15469;CAJACOPI EPS;RÉGIMEN SUBSIDIADO;CCF055;CAJACOPI EPS;15;15469;01;"BARRERAS EN EL ACCESO A TECNOLOGÍAS Y SERVICIOS DE SALUD; Y OTROS ELEMENTOS COMPLEMENTARIOS PARA LA ATENCIÓN DEL USUARIO";0101;FALTA DE OPORTUNIDAD EN LA PRESTACIÓN DE TECNOLOGÍAS EN SALUD Y OTROS ELEMENTOS COMPLEMENTARIOS PARA LA ATENCIÓN DEL USUARIO;010104;FALTA DE OPORTUNIDAD EN LA ENTREGA O ENTREGA INCOMPLETA DE TECNOLOGÍAS EN SALUD Y/O PRESTACIÓN DE OTROS SERVICIOS;01010401;MEDICAMENTOS UPC;;;PROBLEMAS RELACIONADOS CON FACILIDADES DE ATENCIÓN MÉDICA U OTROS SERVICIOS DE SALUD;PROBLEMAS RELACIONADOS CON FACILIDADES DE ATENCIÓN MÉDICA U OTROS SERVICIOS DE SALUD;ENFERMEDAD DE PARKINSON;No aplica;SIMPLE
710;2024;7;Web;11;11001;US- 000003710528;A nombre propio;MUJER;36;DE 30 A 37 AÑOS;No Aplica;Subsidiado;No Aplica;No Aplica;11;11001;CAPITAL SALUD;RÉGIMEN SUBSIDIADO;EPSS34;CAPITAL SALUD;11;11001;01;"BARRERAS EN EL ACCESO A TECNOLOGÍAS Y SERVICIOS DE SALUD; Y OTROS ELEMENTOS COMPLEMENTARIOS PARA LA ATENCIÓN DEL USUARIO";0101;FALTA DE OPORTUNIDAD EN LA PRESTACIÓN DE TECNOLOGÍAS EN SALUD Y OTROS ELEMENTOS COMPLEMENTARIOS PARA LA ATENCIÓN DEL USUARIO;010101;FALTA DE OPORTUNIDAD EN LAS CITAS O CONSULTAS;01010103;ESPECIALIDADES MÉDICAS ;01010103083;PSIQUIATRÍA;PROBLEMAS RELACIONADOS CON FACILIDADES DE ATENCIÓN MÉDICA U OTROS SERVICIOS DE SALUD;PROBLEMAS RELACIONADOS CON FACILIDADES DE ATENCIÓN MÉDICA U OTROS SERVICIOS DE SALUD;OTROS PROBLEMAS RELACIONADOS CON SERVICIOS MÉDICOS Y DE SALUD;No aplica;PRIORIZADO
711;2024;7;Personalizado;08;08001;US- 000004066659;Madre;MUJER;7;DE 6 A 12 AÑOS;No Aplica;Subsidiado;No Aplica;No Aplica;08;08001;MUTUAL SER;RÉGIMEN SUBSIDIADO;ESS207;MUTUAL SER;08;08001;01;"BARRERAS EN EL ACCESO A TECNOLOGÍAS Y SERVICIOS DE SALUD; Y OTROS ELEMENTOS COMPLEMENTARIOS PARA LA ATENCIÓN DEL USUARIO";0101;FALTA DE OPORTUNIDAD EN LA PRESTACIÓN DE TECNOLOGÍAS EN SALUD Y OTROS ELEMENTOS COMPLEMENTARIOS PARA LA ATENCIÓN DEL USUARIO;010104;FALTA DE OPORTUNIDAD EN LA ENTREGA O ENTREGA INCOMPLETA DE TECNOLOGÍAS EN SALUD Y/O PRESTACIÓN DE OTROS SERVICIOS;01010401;MEDICAMENTOS UPC;;;PROBLEMAS RELACIONADOS CON FACILIDADES DE ATENCIÓN MÉDICA U OTROS SERVICIOS DE SALUD;PROBLEMAS RELACIONADOS CON FACILIDADES DE ATENCIÓN MÉDICA U OTROS SERVICIOS DE SALUD;INFECCIONES AGUDAS DE LAS VÍAS RESPIRATORIAS SUPERIORES, DE SITIOS MÚLTIPLES O NO ESPECIFICADOS;No aplica;SIMPLE
712;2024;7;Personalizado;85;85001;US- 000003579597;Otro;MUJER;83;MAYOR DE 63 AÑOS ;Primaria;No aplica;No Aplica;No Aplica;85;85001;SECRETARÍA DEPARTAMENTAL DE SALUD DEL CASANARE;ENTIDADES TERRITORIALES;999998;SECRETARIA DEPARTAMENTAL. DE SALUD DEL CASANARE;85;85001;03;INSATISFACCIÓN RELACIONADA CON INFRAESTRUCTURA Y LOGÍSTICA;0301;INSATISFACCIÓN RELACIONADA CON CONDICIONES INSUFICIENTES O INADECUADAS DEL RECURSO FÍSICO;030101;INSATISFACCIÓN RELACIONADA CON LA PLANTA FÍSICA, ESPACIOS, MUEBLES Y DOTACIÓN INAPROPIADA;03010107;UNIDAD DE CUIDADO INTENSIVO;;;ENFERMEDADES OSTEOARTICULARES;OTROS;FRACTURA DEL FÉMUR;Manejo de pacientes en Unidades de cuidados intensivos;SIMPLE
713;2024;7;Telefónico;05;05001;US- 000001622917;A nombre propio;MUJER;45;DE 38 A 49 AÑOS;Secundaria;Contributivo;No Aplica;No Aplica;05;05001;SALUD TOTAL;RÉGIMEN CONTRIBUTIVO;EPS002;SALUD TOTAL;05;05001;01;"BARRERAS EN EL ACCESO A TECNOLOGÍAS Y SERVICIOS DE SALUD; Y OTROS ELEMENTOS COMPLEMENTARIOS PARA LA ATENCIÓN DEL USUARIO";0102;NEGACIÓN DE TECNOLOGÍAS EN SALUD Y OTROS ELEMENTOS COMPLEMENTARIOS PARA LA ATENCIÓN DEL USUARIO;010201;NEGACIÓN EN LA ASIGNACIÓN DE CITAS O CONSULTAS;01020103;ESPECIALIDADES MÉDICAS ;01020103080;OTORRINOLARINGOLOGÍA;PROBLEMAS RELACIONADOS CON FACILIDADES DE ATENCIÓN MÉDICA U OTROS SERVICIOS DE SALUD;PROBLEMAS RELACIONADOS CON FACILIDADES DE ATENCIÓN MÉDICA U OTROS SERVICIOS DE SALUD;DISNEA;No aplica;SIMPLE
714;2024;7;Web;05;05001;US- 000002610552;A nombre propio;MUJER;23;DE 18 A 24 AÑOS;No Aplica;Contributivo;No Aplica;No Aplica;05;05001;SURAMERICANA EPS;RÉGIMEN CONTRIBUTIVO;EPS010;EPS SURA;05;05001;01;"BARRERAS EN EL ACCESO A TECNOLOGÍAS Y SERVICIOS DE SALUD; Y OTROS ELEMENTOS COMPLEMENTARIOS PARA LA ATENCIÓN DEL USUARIO";0101;FALTA DE OPORTUNIDAD EN LA PRESTACIÓN DE TECNOLOGÍAS EN SALUD Y OTROS ELEMENTOS COMPLEMENTARIOS PARA LA ATENCIÓN DEL USUARIO;010101;FALTA DE OPORTUNIDAD EN LAS CITAS O CONSULTAS;01010103;ESPECIALIDADES MÉDICAS ;01010103072;NEUROLOGÍA;ENFERMEDADES OSTEOARTICULARES;NEUROLÓGICAS;CEFALEA;No aplica;SIMPLE
715;2024;7;Correo;11;11001;US- 000004066660;Otro;HOMBRE;77;MAYOR DE 63 AÑOS ;No Aplica;Contributivo;No Aplica;No Aplica;11;11001;SANITAS;RÉGIMEN CONTRIBUTIVO;EPS005;SANITAS;11;11001;04;INSATISFACCIÓN DEL USUARIO CON EL PROCESO ADMINISTRATIVO;0405;PROBLEMAS EN EL RECONOCIMIENTO Y/O PAGO DE PRESTACIONES ECONÓMICAS;040502;NEGACIÓN Y/O FALTA DE OPORTUNIDAD EN EL RECONOCIMIENTO DE REEMBOLSOS;04050203;SERVICIOS HOSPITALARIOS;;;PROBLEMAS RELACIONADOS CON FACILIDADES DE ATENCIÓN MÉDICA U OTROS SERVICIOS DE SALUD;PROBLEMAS RELACIONADOS CON FACILIDADES DE ATENCIÓN MÉDICA U OTROS SERVICIOS DE SALUD;TRASTORNOS DEL METABOLISMO DE LA BILIRRUBINA, NO ESPECIFICADO;No aplica;SIMPLE
716;2024;7;Web;17;17001;US- 000004066661;A nombre propio;HOMBRE;23;DE 18 A 24 AÑOS;No Aplica;Contributivo;No Aplica;Persona con discapacidad;17;17001;SALUD TOTAL;RÉGIMEN CONTRIBUTIVO;EPS002;SALUD TOTAL;17;17001;01;"BARRERAS EN EL ACCESO A TECNOLOGÍAS Y SERVICIOS DE SALUD; Y OTROS ELEMENTOS COMPLEMENTARIOS PARA LA ATENCIÓN DEL USUARIO";0102;NEGACIÓN DE TECNOLOGÍAS EN SALUD Y OTROS ELEMENTOS COMPLEMENTARIOS PARA LA ATENCIÓN DEL USUARIO;010203;NEGACIÓN EN LA ATENCIÓN EN OTROS SERVICIOS DE SALUD;01020309;PROCEDIMIENTOS QUIRÚRGICOS;01020309003;OTROS PROCEDIMIENTOS QUIRÚRGICOS;ENFERMEDADES OSTEOARTICULARES;OTROS;OSTEOMIELITIS, NO ESPECIFICADA;No aplica;SIMPLE
717;2024;7;Web;11;11001;US- 000001082114;A nombre propio;MUJER;49;DE 38 A 49 AÑOS;No Aplica;Contributivo;No Aplica;No Aplica;11;11001;FAMISANAR;RÉGIMEN CONTRIBUTIVO;EPS017;FAMISANAR;11;11001;01;"BARRERAS EN EL ACCESO A TECNOLOGÍAS Y SERVICIOS DE SALUD; Y OTROS ELEMENTOS COMPLEMENTARIOS PARA LA ATENCIÓN DEL USUARIO";0102;NEGACIÓN DE TECNOLOGÍAS EN SALUD Y OTROS ELEMENTOS COMPLEMENTARIOS PARA LA ATENCIÓN DEL USUARIO;010201;NEGACIÓN EN LA ASIGNACIÓN DE CITAS O CONSULTAS;01020103;ESPECIALIDADES MÉDICAS ;01020103006;CARDIOLOGÍA;PROBLEMAS RELACIONADOS CON FACILIDADES DE ATENCIÓN MÉDICA U OTROS SERVICIOS DE SALUD;PROBLEMAS RELACIONADOS CON FACILIDADES DE ATENCIÓN MÉDICA U OTROS SERVICIOS DE SALUD;OTRAS CONSULTAS ESPECIFICADAS;No aplica;SIMPLE
718;2024;7;Telefónico;05;05308;US- 000004066662;A nombre propio;HOMBRE;35;DE 30 A 37 AÑOS;Universitario;No aplica;No Aplica;No Aplica;05;05308;DIRECCIÓN SECCIONAL DE SALUD DE ANTIOQUIA;ENTIDADES TERRITORIALES;999998;DIRECCION SECCIONAL DE SALUD DE ANTIOQUIA;05;05308;01;"BARRERAS EN EL ACCESO A TECNOLOGÍAS Y SERVICIOS DE SALUD; Y OTROS ELEMENTOS COMPLEMENTARIOS PARA LA ATENCIÓN DEL USUARIO";0101;FALTA DE OPORTUNIDAD EN LA PRESTACIÓN DE TECNOLOGÍAS EN SALUD Y OTROS ELEMENTOS COMPLEMENTARIOS PARA LA ATENCIÓN DEL USUARIO;010103;FALTA DE OPORTUNIDAD EN LA ATENCIÓN EN OTROS SERVICIOS DE SALUD;01010308;PROCEDIMIENTOS NO QUIRÚRGICOS;01010308001;IMAGENOLOGÍA;PROBLEMAS RELACIONADOS CON FACILIDADES DE ATENCIÓN MÉDICA U OTROS SERVICIOS DE SALUD;PROBLEMAS RELACIONADOS CON FACILIDADES DE ATENCIÓN MÉDICA U OTROS SERVICIOS DE SALUD;TRAUMATISMO DEL OJO Y DE LA ORBITA, NO ESPECIFICADO;No aplica;SIMPLE
719;2024;7;Personalizado;08;08634;US- 000003617237;A nombre propio;MUJER;40;DE 38 A 49 AÑOS;Secundaria;Contributivo;No Aplica;No Aplica;08;08634;SURAMERICANA EPS;RÉGIMEN CONTRIBUTIVO;EPS010;EPS SURA;08;08832;01;"BARRERAS EN EL ACCESO A TECNOLOGÍAS Y SERVICIOS DE SALUD; Y OTROS ELEMENTOS COMPLEMENTARIOS PARA LA ATENCIÓN DEL USUARIO";0103;FALTA DE OPORTUNIDAD EN LA AUTORIZACIÓN DE TECNOLOGÍAS EN SALUD Y OTROS ELEMENTOS COMPLEMENTARIOS PARA LA ATENCIÓN DEL USUARIO;010302;FALTA DE OPORTUNIDAD EN LA AUTORIZACIÓN DE CITAS DE CONSULTA;01030203;ESPECIALIDADES MÉDICAS ;01030203071;NEUROCIRUGÍA;PROBLEMAS RELACIONADOS CON FACILIDADES DE ATENCIÓN MÉDICA U OTROS SERVICIOS DE SALUD;PROBLEMAS RELACIONADOS CON FACILIDADES DE ATENCIÓN MÉDICA U OTROS SERVICIOS DE SALUD;OTROS TRASTORNOS ESPECIFICADOS DE LOS DISCOS INTERVERTEBRALES;No aplica;SIMPLE
720;2024;7;Personalizado;27;27001;US- 000002042669;A nombre propio;MUJER;82;MAYOR DE 63 AÑOS ;Primaria Incompleta;Subsidiado;Afrocolombiano o Afrodescendiente;Desplazado;27;27001;CCF DEL CHOCÓ -COMFACHOCO;RÉGIMEN SUBSIDIADO;CCF102;"CCF CHOCÓ ""CONMFACHOCÓ""";27;27001;01;"BARRERAS EN EL ACCESO A TECNOLOGÍAS Y SERVICIOS DE SALUD; Y OTROS ELEMENTOS COMPLEMENTARIOS PARA LA ATENCIÓN DEL USUARIO";0102;NEGACIÓN DE TECNOLOGÍAS EN SALUD Y OTROS ELEMENTOS COMPLEMENTARIOS PARA LA ATENCIÓN DEL USUARIO;010204;NEGACIÓN PARA LA ENTREGA DE TECNOLOGÍAS EN SALUD Y/O DE OTROS SERVICIOS AUTORIZADOS;01020401;MEDICAMENTOS UPC;;;PROBLEMAS RELACIONADOS CON FACILIDADES DE ATENCIÓN MÉDICA U OTROS SERVICIOS DE SALUD;PROBLEMAS RELACIONADOS CON FACILIDADES DE ATENCIÓN MÉDICA U OTROS SERVICIOS DE SALUD;QUISTE EPIDÉRMICO;No aplica;SIMPLE
721;2024;7;Telefónico;11;11001;US- 000003283184;Hijo (A);HOMBRE;77;MAYOR DE 63 AÑOS ;Primaria;Contributivo;No Aplica;No Aplica;11;11001;COMPENSAR;RÉGIMEN CONTRIBUTIVO;EPS008;COMPENSAR;11;11001;01;"BARRERAS EN EL ACCESO A TECNOLOGÍAS Y SERVICIOS DE SALUD; Y OTROS ELEMENTOS COMPLEMENTARIOS PARA LA ATENCIÓN DEL USUARIO";0102;NEGACIÓN DE TECNOLOGÍAS EN SALUD Y OTROS ELEMENTOS COMPLEMENTARIOS PARA LA ATENCIÓN DEL USUARIO;010201;NEGACIÓN EN LA ASIGNACIÓN DE CITAS O CONSULTAS;01020103;ESPECIALIDADES MÉDICAS ;01020103094;UROLOGÍA;PROBLEMAS RELACIONADOS CON FACILIDADES DE ATENCIÓN MÉDICA U OTROS SERVICIOS DE SALUD;PROBLEMAS RELACIONADOS CON FACILIDADES DE ATENCIÓN MÉDICA U OTROS SERVICIOS DE SALUD;ANEURISMA DE LA AORTA, SITIO NO ESPECIFICADO, SIN MENCIÓN DE RUPTURA;No aplica;SIMPLE
722;2024;7;Telefónico;25;25430;US- 000001767282;A nombre propio;MUJER;30;DE 30 A 37 AÑOS;Universitario Incompleto;Contributivo;No Aplica;No Aplica;25;25430;SALUD TOTAL;RÉGIMEN CONTRIBUTIVO;EPS002;SALUD TOTAL;11;11001;01;"BARRERAS EN EL ACCESO A TECNOLOGÍAS Y SERVICIOS DE SALUD; Y OTROS ELEMENTOS COMPLEMENTARIOS PARA LA ATENCIÓN DEL USUARIO";0102;NEGACIÓN DE TECNOLOGÍAS EN SALUD Y OTROS ELEMENTOS COMPLEMENTARIOS PARA LA ATENCIÓN DEL USUARIO;010201;NEGACIÓN EN LA ASIGNACIÓN DE CITAS O CONSULTAS;01020103;ESPECIALIDADES MÉDICAS ;01020103078;ORTOPEDIA Y TRAUMATOLOGÍA;ENFERMEDADES OSTEOARTICULARES;OTROS;ESGUINCES Y TORCEDURAS QUE COMPROMETEN EL LIGAMENTO CRUZADO (ANTERIOR) (POSTERIOR) DE LA RODILLA;No aplica;SIMPLE
723;2024;7;Web;66;66001;US- 000003704763;A nombre propio;MUJER;44;DE 38 A 49 AÑOS;No Aplica;Subsidiado;No Aplica;Persona con discapacidad;66;66001;COOSALUD;RÉGIMEN SUBSIDIADO;ESS024;COOSALUD;66;66001;01;"BARRERAS EN EL ACCESO A TECNOLOGÍAS Y SERVICIOS DE SALUD; Y OTROS ELEMENTOS COMPLEMENTARIOS PARA LA ATENCIÓN DEL USUARIO";0101;FALTA DE OPORTUNIDAD EN LA PRESTACIÓN DE TECNOLOGÍAS EN SALUD Y OTROS ELEMENTOS COMPLEMENTARIOS PARA LA ATENCIÓN DEL USUARIO;010104;FALTA DE OPORTUNIDAD EN LA ENTREGA O ENTREGA INCOMPLETA DE TECNOLOGÍAS EN SALUD Y/O PRESTACIÓN DE OTROS SERVICIOS;01010401;MEDICAMENTOS UPC;;;PROBLEMAS RELACIONADOS CON FACILIDADES DE ATENCIÓN MÉDICA U OTROS SERVICIOS DE SALUD;PROBLEMAS RELACIONADOS CON FACILIDADES DE ATENCIÓN MÉDICA U OTROS SERVICIOS DE SALUD;OTROS PROBLEMAS RELACIONADOS CON SERVICIOS MÉDICOS Y DE SALUD;No aplica;SIMPLE
724;2024;7;Personalizado;76;76001;US- 000004066663;A nombre propio;MUJER;53;DE 50 A 62 AÑOS;Primaria;Subsidiado;No Aplica;No Aplica;76;76001;SOS -SERVICIO OCCIDENTAL DE SALUD;RÉGIMEN CONTRIBUTIVO;EPS018;SERVICIO OCCIDENTAL DE SALUD (SOS);76;76001;01;"BARRERAS EN EL ACCESO A TECNOLOGÍAS Y SERVICIOS DE SALUD; Y OTROS ELEMENTOS COMPLEMENTARIOS PARA LA ATENCIÓN DEL USUARIO";0101;FALTA DE OPORTUNIDAD EN LA PRESTACIÓN DE TECNOLOGÍAS EN SALUD Y OTROS ELEMENTOS COMPLEMENTARIOS PARA LA ATENCIÓN DEL USUARIO;010103;FALTA DE OPORTUNIDAD EN LA ATENCIÓN EN OTROS SERVICIOS DE SALUD;01010309;PROCEDIMIENTOS QUIRÚRGICOS;01010309003;OTROS PROCEDIMIENTOS QUIRÚRGICOS;PROBLEMAS RELACIONADOS CON FACILIDADES DE ATENCIÓN MÉDICA U OTROS SERVICIOS DE SALUD;PROBLEMAS RELACIONADOS CON FACILIDADES DE ATENCIÓN MÉDICA U OTROS SERVICIOS DE SALUD;OTROS TUMORES BENIGNOS DEL TEJIDO CONJUNTIVO Y TEJIDO BLANDO;No aplica;SIMPLE
725;2024;7;Personalizado;23;23001;US- 000004066664;Amigo (A);MUJER;58;DE 50 A 62 AÑOS;Primaria;Subsidiado;No Aplica;No Aplica;23;23001;MUTUAL SER;RÉGIMEN SUBSIDIADO;ESS207;MUTUAL SER;23;23001;01;"BARRERAS EN EL ACCESO A TECNOLOGÍAS Y SERVICIOS DE SALUD; Y OTROS ELEMENTOS COMPLEMENTARIOS PARA LA ATENCIÓN DEL USUARIO";0102;NEGACIÓN DE TECNOLOGÍAS EN SALUD Y OTROS ELEMENTOS COMPLEMENTARIOS PARA LA ATENCIÓN DEL USUARIO;010204;NEGACIÓN PARA LA ENTREGA DE TECNOLOGÍAS EN SALUD Y/O DE OTROS SERVICIOS AUTORIZADOS;01020406;SOPORTE NUTRICIONAL;;;PROBLEMAS RELACIONADOS CON FACILIDADES DE ATENCIÓN MÉDICA U OTROS SERVICIOS DE SALUD;PROBLEMAS RELACIONADOS CON FACILIDADES DE ATENCIÓN MÉDICA U OTROS SERVICIOS DE SALUD;DESNUTRICIÓN PROTEICOCALORICA , NO ESPECIFICADA;No aplica;PRIORIZADO
726;2024;7;Web;76;76001;US- 000003883340;A nombre propio;MUJER;66;MAYOR DE 63 AÑOS ;No Aplica;Contributivo;No Aplica;No Aplica;76;76001;SURAMERICANA EPS;RÉGIMEN CONTRIBUTIVO;EPS010;EPS SURA;76;76001;01;"BARRERAS EN EL ACCESO A TECNOLOGÍAS Y SERVICIOS DE SALUD; Y OTROS ELEMENTOS COMPLEMENTARIOS PARA LA ATENCIÓN DEL USUARIO";0103;FALTA DE OPORTUNIDAD EN LA AUTORIZACIÓN DE TECNOLOGÍAS EN SALUD Y OTROS ELEMENTOS COMPLEMENTARIOS PARA LA ATENCIÓN DEL USUARIO;010302;FALTA DE OPORTUNIDAD EN LA AUTORIZACIÓN DE CITAS DE CONSULTA;01030203;ESPECIALIDADES MÉDICAS ;01030203037;ELECTROFISIOLOGÍA CARDÍACA;ENFERMEDADES CRÓNICAS NO TRASMISIBLES CARDIOVASCULARES;OTROS;ENFERMEDAD CARDIACA HIPERTENSIVA CON INSUFICIENCIA CARDIACA (CONGESTIVA);No aplica;PRIORIZADO
727;2024;7;Web;76;76001;US- 000000621098;Otro;MUJER;72;MAYOR DE 63 AÑOS ;No Aplica;Subsidiado;No Aplica;No Aplica;76;76364;SOS -SERVICIO OCCIDENTAL DE SALUD;RÉGIMEN CONTRIBUTIVO;EPS018;SERVICIO OCCIDENTAL DE SALUD (SOS);76;76364;01;"BARRERAS EN EL ACCESO A TECNOLOGÍAS Y SERVICIOS DE SALUD; Y OTROS ELEMENTOS COMPLEMENTARIOS PARA LA ATENCIÓN DEL USUARIO";0101;FALTA DE OPORTUNIDAD EN LA PRESTACIÓN DE TECNOLOGÍAS EN SALUD Y OTROS ELEMENTOS COMPLEMENTARIOS PARA LA ATENCIÓN DEL USUARIO;010103;FALTA DE OPORTUNIDAD EN LA ATENCIÓN EN OTROS SERVICIOS DE SALUD;01010301;URGENCIAS;;;ENFERMEDADES OSTEOARTICULARES;OTROS;FRACTURA DE LA EPÍFISIS SUPERIOR DE LA TIBIA;No aplica;PRIORIZADO
728;2024;7;Web;11;11001;US- 000004066665;A nombre propio;MUJER;54;DE 50 A 62 AÑOS;No Aplica;Subsidiado;No Aplica;No Aplica;11;11001;CAPITAL SALUD;RÉGIMEN SUBSIDIADO;EPSS34;CAPITAL SALUD;11;11001;01;"BARRERAS EN EL ACCESO A TECNOLOGÍAS Y SERVICIOS DE SALUD; Y OTROS ELEMENTOS COMPLEMENTARIOS PARA LA ATENCIÓN DEL USUARIO";0101;FALTA DE OPORTUNIDAD EN LA PRESTACIÓN DE TECNOLOGÍAS EN SALUD Y OTROS ELEMENTOS COMPLEMENTARIOS PARA LA ATENCIÓN DEL USUARIO;010101;FALTA DE OPORTUNIDAD EN LAS CITAS O CONSULTAS;01010103;ESPECIALIDADES MÉDICAS ;01010103078;ORTOPEDIA Y TRAUMATOLOGÍA;PROBLEMAS RELACIONADOS CON FACILIDADES DE ATENCIÓN MÉDICA U OTROS SERVICIOS DE SALUD;PROBLEMAS RELACIONADOS CON FACILIDADES DE ATENCIÓN MÉDICA U OTROS SERVICIOS DE SALUD;DOLOR EN MIEMBRO;No aplica;SIMPLE
729;2024;7;Escrito;47;47245;US- 000004066666;A nombre propio;MUJER;3;DE 0 A 5 AÑOS;No Aplica;Subsidiado;No Aplica;No Aplica;47;47245;COOSALUD;RÉGIMEN SUBSIDIADO;ESS024;COOSALUD;47;47245;01;"BARRERAS EN EL ACCESO A TECNOLOGÍAS Y SERVICIOS DE SALUD; Y OTROS ELEMENTOS COMPLEMENTARIOS PARA LA ATENCIÓN DEL USUARIO";0101;FALTA DE OPORTUNIDAD EN LA PRESTACIÓN DE TECNOLOGÍAS EN SALUD Y OTROS ELEMENTOS COMPLEMENTARIOS PARA LA ATENCIÓN DEL USUARIO;010104;FALTA DE OPORTUNIDAD EN LA ENTREGA O ENTREGA INCOMPLETA DE TECNOLOGÍAS EN SALUD Y/O PRESTACIÓN DE OTROS SERVICIOS;01010408;TRANSPORTE, ALOJAMIENTO O ALIMENTACIÓN;;;MATERNO INFANTIL;ATENCIÓN NIÑOS MENORES DE 5 AÑOS;DERMATITIS ATÓPICA;No aplica;SIMPLE
730;2024;7;Web;05;05001;US- 000003811016;A nombre propio;HOMBRE;14;DE 13 A 17 AÑOS;Ninguno;Subsidiado;No Aplica;Persona con discapacidad;05;05001;SAVIA SALUD;RÉGIMEN SUBSIDIADO;EPSS40;SAVIA SALUD EPS;05;05001;01;"BARRERAS EN EL ACCESO A TECNOLOGÍAS Y SERVICIOS DE SALUD; Y OTROS ELEMENTOS COMPLEMENTARIOS PARA LA ATENCIÓN DEL USUARIO";0102;NEGACIÓN DE TECNOLOGÍAS EN SALUD Y OTROS ELEMENTOS COMPLEMENTARIOS PARA LA ATENCIÓN DEL USUARIO;010204;NEGACIÓN PARA LA ENTREGA DE TECNOLOGÍAS EN SALUD Y/O DE OTROS SERVICIOS AUTORIZADOS;01020401;MEDICAMENTOS UPC;;;SALUD MENTAL;OTROS TRASTORNOS MENTALES;HIPERACTIVIDAD;No aplica;SIMPLE
731;2024;7;Web;13;13001;US- 000002184763;A nombre propio;MUJER;63;MAYOR DE 63 AÑOS ;No Aplica;Contributivo;No Aplica;No Aplica;13;13001;SALUD TOTAL;RÉGIMEN CONTRIBUTIVO;EPS002;SALUD TOTAL;13;13001;01;"BARRERAS EN EL ACCESO A TECNOLOGÍAS Y SERVICIOS DE SALUD; Y OTROS ELEMENTOS COMPLEMENTARIOS PARA LA ATENCIÓN DEL USUARIO";0102;NEGACIÓN DE TECNOLOGÍAS EN SALUD Y OTROS ELEMENTOS COMPLEMENTARIOS PARA LA ATENCIÓN DEL USUARIO;010204;NEGACIÓN PARA LA ENTREGA DE TECNOLOGÍAS EN SALUD Y/O DE OTROS SERVICIOS AUTORIZADOS;01020401;MEDICAMENTOS UPC;;;ENFERMEDADES CRÓNICAS NO TRASMISIBLES CARDIOVASCULARES;HTA (HIPERTENSIÓN ARTERIAL);SÍNDROME DE MANGUITO ROTATORIO;No aplica;SIMPLE
732;2024;7;Personalizado;05;05154;US- 000003666179;A nombre propio;MUJER;60;DE 50 A 62 AÑOS;Secundaria Incompleta;Subsidiado;No Aplica;No Aplica;05;05154;COOSALUD;RÉGIMEN SUBSIDIADO;ESS024;COOSALUD;05;05154;01;"BARRERAS EN EL ACCESO A TECNOLOGÍAS Y SERVICIOS DE SALUD; Y OTROS ELEMENTOS COMPLEMENTARIOS PARA LA ATENCIÓN DEL USUARIO";0102;NEGACIÓN DE TECNOLOGÍAS EN SALUD Y OTROS ELEMENTOS COMPLEMENTARIOS PARA LA ATENCIÓN DEL USUARIO;010203;NEGACIÓN EN LA ATENCIÓN EN OTROS SERVICIOS DE SALUD;01020308;PROCEDIMIENTOS NO QUIRÚRGICOS;01020308006;OTROS PROCEDIMIENTOS NO QUIRÚRGICOS;PROBLEMAS RELACIONADOS CON FACILIDADES DE ATENCIÓN MÉDICA U OTROS SERVICIOS DE SALUD;PROBLEMAS RELACIONADOS CON FACILIDADES DE ATENCIÓN MÉDICA U OTROS SERVICIOS DE SALUD;CALCULO DEL RIÑÓN;No aplica;SIMPLE
733;2024;7;Personalizado;11;11001;US- 000001918409;A nombre propio;HOMBRE;61;DE 50 A 62 AÑOS;Posgrado;Contributivo;No Aplica;No Aplica;11;11001;SURAMERICANA EPS;RÉGIMEN CONTRIBUTIVO;EPS010;EPS SURA;11;11001;01;"BARRERAS EN EL ACCESO A TECNOLOGÍAS Y SERVICIOS DE SALUD; Y OTROS ELEMENTOS COMPLEMENTARIOS PARA LA ATENCIÓN DEL USUARIO";0102;NEGACIÓN DE TECNOLOGÍAS EN SALUD Y OTROS ELEMENTOS COMPLEMENTARIOS PARA LA ATENCIÓN DEL USUARIO;010201;NEGACIÓN EN LA ASIGNACIÓN DE CITAS O CONSULTAS;01020103;ESPECIALIDADES MÉDICAS ;01020103083;PSIQUIATRÍA;ENFERMEDADES CRÓNICAS NO TRANSMISIBLES –DIABETES;DIABETES;TRASTORNOS DEL INICIO Y DEL MANTENIMIENTO DEL SUEÑO [INSOMNIOS];No aplica;SIMPLE
734;2024;7;Personalizado;54;54518;US- 000004057263;A nombre propio;MUJER;61;DE 50 A 62 AÑOS;No Aplica;Contributivo;No Aplica;No Aplica;54;54518;NUEVA EPS;RÉGIMEN CONTRIBUTIVO;EPS037;NUEVA EPS;54;54518;01;"BARRERAS EN EL ACCESO A TECNOLOGÍAS Y SERVICIOS DE SALUD; Y OTROS ELEMENTOS COMPLEMENTARIOS PARA LA ATENCIÓN DEL USUARIO";0103;FALTA DE OPORTUNIDAD EN LA AUTORIZACIÓN DE TECNOLOGÍAS EN SALUD Y OTROS ELEMENTOS COMPLEMENTARIOS PARA LA ATENCIÓN DEL USUARIO;010301;FALTA DE OPORTUNIDAD EN LA AUTORIZACIÓN DE TECNOLOGÍAS EN SALUD Y/O DE OTROS SERVICIOS;01030101;MEDICAMENTOS UPC;;;ENFERMEDADES CRÓNICAS NO TRANSMISIBLES –DIABETES;DIABETES;DIABETES MELLITUS NO INSULINODEPENDIENTE;No aplica;SIMPLE
735;2024;7;Web;68;68307;US- 000000508717;A nombre propio;HOMBRE;70;MAYOR DE 63 AÑOS ;No Aplica;Contributivo;Mulato ;Desplazado;68;68307;SALUD MIA;RÉGIMEN CONTRIBUTIVO;EPS046;FUNDACION SALUD MIA;68;68307;01;"BARRERAS EN EL ACCESO A TECNOLOGÍAS Y SERVICIOS DE SALUD; Y OTROS ELEMENTOS COMPLEMENTARIOS PARA LA ATENCIÓN DEL USUARIO";0102;NEGACIÓN DE TECNOLOGÍAS EN SALUD Y OTROS ELEMENTOS COMPLEMENTARIOS PARA LA ATENCIÓN DEL USUARIO;010204;NEGACIÓN PARA LA ENTREGA DE TECNOLOGÍAS EN SALUD Y/O DE OTROS SERVICIOS AUTORIZADOS;01020401;MEDICAMENTOS UPC;;;ENFERMEDADES CRÓNICAS NO TRANSMISIBLES –DIABETES;DIABETES;DIABETES MELLITUS INSULINODEPENDIENTE SIN MENCIÓN DE COMPLICACIÓN;No aplica;PRIORIZADO
736;2024;7;Web;76;76001;US- 000003295916;A nombre propio;MUJER;77;MAYOR DE 63 AÑOS ;No Aplica;Subsidiado;No Aplica;No Aplica;76;76001;EMSSANAR EPS;RÉGIMEN SUBSIDIADO;ESS118;EMSSANAR;76;76001;01;"BARRERAS EN EL ACCESO A TECNOLOGÍAS Y SERVICIOS DE SALUD; Y OTROS ELEMENTOS COMPLEMENTARIOS PARA LA ATENCIÓN DEL USUARIO";0103;FALTA DE OPORTUNIDAD EN LA AUTORIZACIÓN DE TECNOLOGÍAS EN SALUD Y OTROS ELEMENTOS COMPLEMENTARIOS PARA LA ATENCIÓN DEL USUARIO;010304;FALTA DE OPORTUNIDAD EN LA AUTORIZACIÓN DE OTROS SERVICIOS DE SALUD;01030408;PROCEDIMIENTOS NO QUIRÚRGICOS;01030408001;IMAGENOLOGÍA;ENFERMEDADES CRÓNICAS NO TRASMISIBLES CARDIOVASCULARES;HTA (HIPERTENSIÓN ARTERIAL);ARRITMIA CARDIACA, NO ESPECIFICADA;No aplica;SIMPLE
737;2024;7;Web;05;05847;US- 000004066667;A nombre propio;MUJER;58;DE 50 A 62 AÑOS;No Aplica;Subsidiado;No Aplica;Desplazado;05;05847;SAVIA SALUD;RÉGIMEN SUBSIDIADO;EPSS40;SAVIA SALUD EPS;05;05847;01;"BARRERAS EN EL ACCESO A TECNOLOGÍAS Y SERVICIOS DE SALUD; Y OTROS ELEMENTOS COMPLEMENTARIOS PARA LA ATENCIÓN DEL USUARIO";0103;FALTA DE OPORTUNIDAD EN LA AUTORIZACIÓN DE TECNOLOGÍAS EN SALUD Y OTROS ELEMENTOS COMPLEMENTARIOS PARA LA ATENCIÓN DEL USUARIO;010304;FALTA DE OPORTUNIDAD EN LA AUTORIZACIÓN DE OTROS SERVICIOS DE SALUD;01030408;PROCEDIMIENTOS NO QUIRÚRGICOS;01030408002;LABORATORIO CLÍNICO Y ANATOMOPATOLÓGICO;ENFERMEDADES CRÓNICAS NO TRANSMISIBLES- FACTORES DE RIESGO;MEDICIÓN DE FACTORES DE RIESGO;OBSERVACIÓN POR SOSPECHA DE TUMOR MALIGNO;No aplica;PRIORIZADO
738;2024;7;Web;76;76001;US- 000004066668;A nombre propio;HOMBRE;79;MAYOR DE 63 AÑOS ;No Aplica;Subsidiado;No Aplica;No Aplica;76;76001;COOSALUD;RÉGIMEN SUBSIDIADO;ESS024;COOSALUD;76;76001;01;"BARRERAS EN EL ACCESO A TECNOLOGÍAS Y SERVICIOS DE SALUD; Y OTROS ELEMENTOS COMPLEMENTARIOS PARA LA ATENCIÓN DEL USUARIO";0101;FALTA DE OPORTUNIDAD EN LA PRESTACIÓN DE TECNOLOGÍAS EN SALUD Y OTROS ELEMENTOS COMPLEMENTARIOS PARA LA ATENCIÓN DEL USUARIO;010103;FALTA DE OPORTUNIDAD EN LA ATENCIÓN EN OTROS SERVICIOS DE SALUD;01010308;PROCEDIMIENTOS NO QUIRÚRGICOS;01010308001;IMAGENOLOGÍA;ENFERMEDADES CRÓNICAS NO TRANSMISIBLES –RENALES;IRC-ENFERMEDAD RENAL;OTROS DOLORES ABDOMINALES Y LOS NO ESPECIFICADOS;No aplica;SIMPLE
739;2024;7;Personalizado;76;76364;US- 000001553442;Madre;MUJER;52;DE 50 A 62 AÑOS;Universitario;Contributivo;No Aplica;Persona con discapacidad;76;76364;NUEVA EPS;RÉGIMEN CONTRIBUTIVO;EPS037;NUEVA EPS;76;76364;01;"BARRERAS EN EL ACCESO A TECNOLOGÍAS Y SERVICIOS DE SALUD; Y OTROS ELEMENTOS COMPLEMENTARIOS PARA LA ATENCIÓN DEL USUARIO";0103;FALTA DE OPORTUNIDAD EN LA AUTORIZACIÓN DE TECNOLOGÍAS EN SALUD Y OTROS ELEMENTOS COMPLEMENTARIOS PARA LA ATENCIÓN DEL USUARIO;010304;FALTA DE OPORTUNIDAD EN LA AUTORIZACIÓN DE OTROS SERVICIOS DE SALUD;01030405;ATENCIÓN DOMICILIARIA;;;ENFERMEDADES CRÓNICAS NO TRASMISIBLES CARDIOVASCULARES;ACV (ACCIDENTE CEREBRO VASCULAR);OTRAS ENFERMEDADES CEREBROVASCULARES;No aplica;SIMPLE
740;2024;7;Personalizado;17;17486;US- 000002479623;A nombre propio;MUJER;73;MAYOR DE 63 AÑOS ;Primaria;Subsidiado;No Aplica;No Aplica;17;17486;NUEVA EPS;RÉGIMEN SUBSIDIADO;EPSS41;NUEVA EPS;17;17486;01;"BARRERAS EN EL ACCESO A TECNOLOGÍAS Y SERVICIOS DE SALUD; Y OTROS ELEMENTOS COMPLEMENTARIOS PARA LA ATENCIÓN DEL USUARIO";0102;NEGACIÓN DE TECNOLOGÍAS EN SALUD Y OTROS ELEMENTOS COMPLEMENTARIOS PARA LA ATENCIÓN DEL USUARIO;010204;NEGACIÓN PARA LA ENTREGA DE TECNOLOGÍAS EN SALUD Y/O DE OTROS SERVICIOS AUTORIZADOS;01020401;MEDICAMENTOS UPC;;;ENFERMEDADES CRÓNICAS NO TRANSMISIBLES –DIABETES;DIABETES;DIABETES MELLITUS INSULINODEPENDIENTE;No aplica;PRIORIZADO
741;2024;7;Personalizado;68;68081;US- 000004064842;A nombre propio;HOMBRE;69;MAYOR DE 63 AÑOS ;Secundaria Incompleta;Contributivo;No Aplica;No Aplica;68;68081;NUEVA EPS;RÉGIMEN CONTRIBUTIVO;EPS037;NUEVA EPS;68;68081;01;"BARRERAS EN EL ACCESO A TECNOLOGÍAS Y SERVICIOS DE SALUD; Y OTROS ELEMENTOS COMPLEMENTARIOS PARA LA ATENCIÓN DEL USUARIO";0101;FALTA DE OPORTUNIDAD EN LA PRESTACIÓN DE TECNOLOGÍAS EN SALUD Y OTROS ELEMENTOS COMPLEMENTARIOS PARA LA ATENCIÓN DEL USUARIO;010103;FALTA DE OPORTUNIDAD EN LA ATENCIÓN EN OTROS SERVICIOS DE SALUD;01010308;PROCEDIMIENTOS NO QUIRÚRGICOS;01010308006;OTROS PROCEDIMIENTOS NO QUIRÚRGICOS;ENFERMEDADES OSTEOARTICULARES;OTROS;OTROS EXÁMENES GENERALES;No aplica;SIMPLE
742;2024;7;Escrito;85;85001;US- 000004066669;Otro;HOMBRE;69;MAYOR DE 63 AÑOS ;No Aplica;Contributivo;No Aplica;No Aplica;85;85001;NUEVA EPS;RÉGIMEN CONTRIBUTIVO;EPS037;NUEVA EPS;85;85010;01;"BARRERAS EN EL ACCESO A TECNOLOGÍAS Y SERVICIOS DE SALUD; Y OTROS ELEMENTOS COMPLEMENTARIOS PARA LA ATENCIÓN DEL USUARIO";0103;FALTA DE OPORTUNIDAD EN LA AUTORIZACIÓN DE TECNOLOGÍAS EN SALUD Y OTROS ELEMENTOS COMPLEMENTARIOS PARA LA ATENCIÓN DEL USUARIO;010304;FALTA DE OPORTUNIDAD EN LA AUTORIZACIÓN DE OTROS SERVICIOS DE SALUD;01030403;UNIDAD DE CUIDADO INTENSIVO;;;ENFERMEDADES CRÓNICAS NO TRASMISIBLES CARDIOVASCULARES;OTROS;INFARTO AGUDO DEL MIOCARDIO, SIN OTRA ESPECIFICACIÓN;Manejo de pacientes en Unidades de cuidados intensivos;RIESGO VITAL
743;2024;7;Telefónico;11;11001;US- 000001669956;Otro;MUJER;50;DE 50 A 62 AÑOS;Primaria;Contributivo;No Aplica;Persona con discapacidad;11;11001;NUEVA EPS;RÉGIMEN CONTRIBUTIVO;EPS037;NUEVA EPS;11;11001;01;"BARRERAS EN EL ACCESO A TECNOLOGÍAS Y SERVICIOS DE SALUD; Y OTROS ELEMENTOS COMPLEMENTARIOS PARA LA ATENCIÓN DEL USUARIO";0101;FALTA DE OPORTUNIDAD EN LA PRESTACIÓN DE TECNOLOGÍAS EN SALUD Y OTROS ELEMENTOS COMPLEMENTARIOS PARA LA ATENCIÓN DEL USUARIO;010104;FALTA DE OPORTUNIDAD EN LA ENTREGA O ENTREGA INCOMPLETA DE TECNOLOGÍAS EN SALUD Y/O PRESTACIÓN DE OTROS SERVICIOS;01010406;SOPORTE NUTRICIONAL;;;ENFERMEDADES HUÉRFANAS;OTROS;ENFERMEDADES DE LAS NEURONAS MOTORAS;No aplica;PRIORIZADO
744;2024;7;Personalizado;52;52001;US- 000004066670;A nombre propio;MUJER;54;DE 50 A 62 AÑOS;Primaria;Subsidiado;No Aplica;No Aplica;52;52001;EMSSANAR EPS;RÉGIMEN SUBSIDIADO;ESS118;EMSSANAR;52;52001;01;"BARRERAS EN EL ACCESO A TECNOLOGÍAS Y SERVICIOS DE SALUD; Y OTROS ELEMENTOS COMPLEMENTARIOS PARA LA ATENCIÓN DEL USUARIO";0102;NEGACIÓN DE TECNOLOGÍAS EN SALUD Y OTROS ELEMENTOS COMPLEMENTARIOS PARA LA ATENCIÓN DEL USUARIO;010201;NEGACIÓN EN LA ASIGNACIÓN DE CITAS O CONSULTAS;01020103;ESPECIALIDADES MÉDICAS ;01020103078;ORTOPEDIA Y TRAUMATOLOGÍA;ENFERMEDADES OSTEOARTICULARES;OTROS;TENOSINOVITIS DE ESTILOIDES RADIAL [DE QUERVAIN];No aplica;SIMPLE
745;2024;7;Redes Sociales;47;47745;US- 000004066671;A nombre propio;MUJER;22;DE 18 A 24 AÑOS;No Aplica;Subsidiado;No Aplica;No Aplica;47;47745;NUEVA EPS;RÉGIMEN SUBSIDIADO;EPSS41;NUEVA EPS;47;47745;01;"BARRERAS EN EL ACCESO A TECNOLOGÍAS Y SERVICIOS DE SALUD; Y OTROS ELEMENTOS COMPLEMENTARIOS PARA LA ATENCIÓN DEL USUARIO";0101;FALTA DE OPORTUNIDAD EN LA PRESTACIÓN DE TECNOLOGÍAS EN SALUD Y OTROS ELEMENTOS COMPLEMENTARIOS PARA LA ATENCIÓN DEL USUARIO;010101;FALTA DE OPORTUNIDAD EN LAS CITAS O CONSULTAS;01010103;ESPECIALIDADES MÉDICAS ;01010103047;GINECOLOGÍA Y OBSTETRICIA;PROBLEMAS RELACIONADOS CON FACILIDADES DE ATENCIÓN MÉDICA U OTROS SERVICIOS DE SALUD;PROBLEMAS RELACIONADOS CON FACILIDADES DE ATENCIÓN MÉDICA U OTROS SERVICIOS DE SALUD;PROBLEMAS RELACIONADOS CON FACILIDADES DE ATENCIÓN MEDICA U OTROS SERVICIOS DE SALUD;No aplica;PRIORIZADO
746;2024;7;Telefónico;66;66075;US- 000000455596;A nombre propio;MUJER;19;DE 18 A 24 AÑOS;No Aplica;Subsidiado;No Aplica;No Aplica;66;66075;NUEVA EPS;RÉGIMEN SUBSIDIADO;EPSS41;NUEVA EPS;66;66075;01;"BARRERAS EN EL ACCESO A TECNOLOGÍAS Y SERVICIOS DE SALUD; Y OTROS ELEMENTOS COMPLEMENTARIOS PARA LA ATENCIÓN DEL USUARIO";0101;FALTA DE OPORTUNIDAD EN LA PRESTACIÓN DE TECNOLOGÍAS EN SALUD Y OTROS ELEMENTOS COMPLEMENTARIOS PARA LA ATENCIÓN DEL USUARIO;010101;FALTA DE OPORTUNIDAD EN LAS CITAS O CONSULTAS;01010103;ESPECIALIDADES MÉDICAS ;01010103080;OTORRINOLARINGOLOGÍA;PROBLEMAS RELACIONADOS CON FACILIDADES DE ATENCIÓN MÉDICA U OTROS SERVICIOS DE SALUD;PROBLEMAS RELACIONADOS CON FACILIDADES DE ATENCIÓN MÉDICA U OTROS SERVICIOS DE SALUD;OTROS PROBLEMAS RELACIONADOS CON SERVICIOS MÉDICOS Y DE SALUD;No aplica;SIMPLE
747;2024;7;Escrito;54;54223;US- 000001869181;A nombre propio;HOMBRE;10;DE 6 A 12 AÑOS;No Aplica;Subsidiado;No Aplica;No Aplica;54;54223;NUEVA EPS;RÉGIMEN CONTRIBUTIVO;EPS037;NUEVA EPS;54;54223;01;"BARRERAS EN EL ACCESO A TECNOLOGÍAS Y SERVICIOS DE SALUD; Y OTROS ELEMENTOS COMPLEMENTARIOS PARA LA ATENCIÓN DEL USUARIO";0102;NEGACIÓN DE TECNOLOGÍAS EN SALUD Y OTROS ELEMENTOS COMPLEMENTARIOS PARA LA ATENCIÓN DEL USUARIO;010207;NEGACIÓN EN LA AUTORIZACIÓN DE TECNOLOGÍAS EN SALUD Y/O DE OTROS SERVICIOS;01020701;MEDICAMENTOS UPC;;;PROBLEMAS RELACIONADOS CON FACILIDADES DE ATENCIÓN MÉDICA U OTROS SERVICIOS DE SALUD;PROBLEMAS RELACIONADOS CON FACILIDADES DE ATENCIÓN MÉDICA U OTROS SERVICIOS DE SALUD;PSORIASIS;No aplica;SIMPLE
748;2024;7;Escrito;08;08078;US- 000002999765;Otro;MUJER;11;DE 6 A 12 AÑOS;No Aplica;Subsidiado;No Aplica;No Aplica;08;08078;NUEVA EPS;RÉGIMEN SUBSIDIADO;EPSS41;NUEVA EPS;08;08078;01;"BARRERAS EN EL ACCESO A TECNOLOGÍAS Y SERVICIOS DE SALUD; Y OTROS ELEMENTOS COMPLEMENTARIOS PARA LA ATENCIÓN DEL USUARIO";0102;NEGACIÓN DE TECNOLOGÍAS EN SALUD Y OTROS ELEMENTOS COMPLEMENTARIOS PARA LA ATENCIÓN DEL USUARIO;010204;NEGACIÓN PARA LA ENTREGA DE TECNOLOGÍAS EN SALUD Y/O DE OTROS SERVICIOS AUTORIZADOS;01020401;MEDICAMENTOS UPC;;;ENFERMEDADES OSTEOARTICULARES;NEUROLÓGICAS;OTRAS CONVULSIONES Y LAS NO ESPECIFICADAS;No aplica;PRIORIZADO
749;2024;7;Personalizado;05;05045;US- 000004066672;Otro;MUJER;65;MAYOR DE 63 AÑOS ;Secundaria Incompleta;Subsidiado;No Aplica;No Aplica;27;27006;NUEVA EPS;RÉGIMEN SUBSIDIADO;EPSS41;NUEVA EPS;27;27006;01;"BARRERAS EN EL ACCESO A TECNOLOGÍAS Y SERVICIOS DE SALUD; Y OTROS ELEMENTOS COMPLEMENTARIOS PARA LA ATENCIÓN DEL USUARIO";0102;NEGACIÓN DE TECNOLOGÍAS EN SALUD Y OTROS ELEMENTOS COMPLEMENTARIOS PARA LA ATENCIÓN DEL USUARIO;010203;NEGACIÓN EN LA ATENCIÓN EN OTROS SERVICIOS DE SALUD;01020308;PROCEDIMIENTOS NO QUIRÚRGICOS;01020308006;OTROS PROCEDIMIENTOS NO QUIRÚRGICOS;ENFERMEDADES OSTEOARTICULARES;OTROS;DOLOR EN MIEMBRO;No aplica;SIMPLE
750;2024;7;Web;11;11001;US- 000004066673;A nombre propio;MUJER;38;DE 38 A 49 AÑOS;No Aplica;Contributivo;No Aplica;No Aplica;11;11001;COMPENSAR;RÉGIMEN CONTRIBUTIVO;EPS008;COMPENSAR;11;11001;04;INSATISFACCIÓN DEL USUARIO CON EL PROCESO ADMINISTRATIVO;0404;INSATISFACCIÓN RELACIONADA CON TRÁMITES ADMINISTRATIVOS;040401;RESTRICCIÓN EN LA LIBRE ESCOGENCIA;04040101;EPS;;;PROBLEMAS RELACIONADOS CON FACILIDADES DE ATENCIÓN MÉDICA U OTROS SERVICIOS DE SALUD;PROBLEMAS RELACIONADOS CON FACILIDADES DE ATENCIÓN MÉDICA U OTROS SERVICIOS DE SALUD;OTROS PROBLEMAS RELACIONADOS CON SERVICIOS MÉDICOS Y DE SALUD;No aplica;SIMPLE
751;2024;7;Personalizado;66;66001;US- 000000582957;A nombre propio;MUJER;73;MAYOR DE 63 AÑOS ;Primaria;Contributivo;No Aplica;No Aplica;66;66001;SOS -SERVICIO OCCIDENTAL DE SALUD;RÉGIMEN CONTRIBUTIVO;EPS018;SERVICIO OCCIDENTAL DE SALUD (SOS);66;66001;01;"BARRERAS EN EL ACCESO A TECNOLOGÍAS Y SERVICIOS DE SALUD; Y OTROS ELEMENTOS COMPLEMENTARIOS PARA LA ATENCIÓN DEL USUARIO";0102;NEGACIÓN DE TECNOLOGÍAS EN SALUD Y OTROS ELEMENTOS COMPLEMENTARIOS PARA LA ATENCIÓN DEL USUARIO;010203;NEGACIÓN EN LA ATENCIÓN EN OTROS SERVICIOS DE SALUD;01020308;PROCEDIMIENTOS NO QUIRÚRGICOS;01020308006;OTROS PROCEDIMIENTOS NO QUIRÚRGICOS;PROBLEMAS RELACIONADOS CON FACILIDADES DE ATENCIÓN MÉDICA U OTROS SERVICIOS DE SALUD;PROBLEMAS RELACIONADOS CON FACILIDADES DE ATENCIÓN MÉDICA U OTROS SERVICIOS DE SALUD;APNEA DEL SUEÑO;No aplica;SIMPLE
752;2024;7;Escrito;47;47605;US- 000001974823;A nombre propio;HOMBRE;75;MAYOR DE 63 AÑOS ;No Aplica;Subsidiado;No Aplica;No Aplica;47;47605;COOSALUD;RÉGIMEN SUBSIDIADO;ESS024;COOSALUD;47;47605;01;"BARRERAS EN EL ACCESO A TECNOLOGÍAS Y SERVICIOS DE SALUD; Y OTROS ELEMENTOS COMPLEMENTARIOS PARA LA ATENCIÓN DEL USUARIO";0101;FALTA DE OPORTUNIDAD EN LA PRESTACIÓN DE TECNOLOGÍAS EN SALUD Y OTROS ELEMENTOS COMPLEMENTARIOS PARA LA ATENCIÓN DEL USUARIO;010104;FALTA DE OPORTUNIDAD EN LA ENTREGA O ENTREGA INCOMPLETA DE TECNOLOGÍAS EN SALUD Y/O PRESTACIÓN DE OTROS SERVICIOS;01010401;MEDICAMENTOS UPC;;;PROBLEMAS RELACIONADOS CON FACILIDADES DE ATENCIÓN MÉDICA U OTROS SERVICIOS DE SALUD;PROBLEMAS RELACIONADOS CON FACILIDADES DE ATENCIÓN MÉDICA U OTROS SERVICIOS DE SALUD;OTROS PROBLEMAS RELACIONADOS CON SERVICIOS MÉDICOS Y DE SALUD;No aplica;SIMPLE
753;2024;7;Telefónico;11;11001;US- 000001602752;A nombre propio;MUJER;75;MAYOR DE 63 AÑOS ;Primaria;Contributivo;No Aplica;No Aplica;11;11001;COMPENSAR;RÉGIMEN CONTRIBUTIVO;EPS008;COMPENSAR;11;11001;01;"BARRERAS EN EL ACCESO A TECNOLOGÍAS Y SERVICIOS DE SALUD; Y OTROS ELEMENTOS COMPLEMENTARIOS PARA LA ATENCIÓN DEL USUARIO";0101;FALTA DE OPORTUNIDAD EN LA PRESTACIÓN DE TECNOLOGÍAS EN SALUD Y OTROS ELEMENTOS COMPLEMENTARIOS PARA LA ATENCIÓN DEL USUARIO;010103;FALTA DE OPORTUNIDAD EN LA ATENCIÓN EN OTROS SERVICIOS DE SALUD;01010308;PROCEDIMIENTOS NO QUIRÚRGICOS;01010308006;OTROS PROCEDIMIENTOS NO QUIRÚRGICOS;PROBLEMAS RELACIONADOS CON FACILIDADES DE ATENCIÓN MÉDICA U OTROS SERVICIOS DE SALUD;PROBLEMAS RELACIONADOS CON FACILIDADES DE ATENCIÓN MÉDICA U OTROS SERVICIOS DE SALUD;HERPES ZOSTER;No aplica;SIMPLE
754;2024;7;Personalizado;19;19698;US- 000002877904;Hijo (A);MUJER;59;DE 50 A 62 AÑOS;Primaria;Subsidiado;No Aplica;No Aplica;19;19698;ASMET SALUD EPS;RÉGIMEN SUBSIDIADO;ESS062;ASMET SALUD;19;19698;01;"BARRERAS EN EL ACCESO A TECNOLOGÍAS Y SERVICIOS DE SALUD; Y OTROS ELEMENTOS COMPLEMENTARIOS PARA LA ATENCIÓN DEL USUARIO";0102;NEGACIÓN DE TECNOLOGÍAS EN SALUD Y OTROS ELEMENTOS COMPLEMENTARIOS PARA LA ATENCIÓN DEL USUARIO;010201;NEGACIÓN EN LA ASIGNACIÓN DE CITAS O CONSULTAS;01020103;ESPECIALIDADES MÉDICAS ;01020103069;NEUMOLOGÍA;ENFERMEDADES CRÓNICAS NO TRANSMISIBLES RESPIRATORIAS;EPOC (ENFERMEDAD PULMONAR OBSTRUCTIVA CRÓNICA, BRONQUITIS CRÓNICA O ENFISEMA);ENFERMEDAD PULMONAR OBSTRUCTIVA CRÓNICA, NO ESPECIFICADA;No aplica;PRIORIZADO
755;2024;7;Personalizado;08;08573;US- 000004066674;A nombre propio;HOMBRE;61;DE 50 A 62 AÑOS;Secundaria Incompleta;Subsidiado;No Aplica;No Aplica;08;08573;SANITAS;RÉGIMEN CONTRIBUTIVO;EPS005;SANITAS;05;05088;01;"BARRERAS EN EL ACCESO A TECNOLOGÍAS Y SERVICIOS DE SALUD; Y OTROS ELEMENTOS COMPLEMENTARIOS PARA LA ATENCIÓN DEL USUARIO";0103;FALTA DE OPORTUNIDAD EN LA AUTORIZACIÓN DE TECNOLOGÍAS EN SALUD Y OTROS ELEMENTOS COMPLEMENTARIOS PARA LA ATENCIÓN DEL USUARIO;010304;FALTA DE OPORTUNIDAD EN LA AUTORIZACIÓN DE OTROS SERVICIOS DE SALUD;01030408;PROCEDIMIENTOS NO QUIRÚRGICOS;01030408001;IMAGENOLOGÍA;PROBLEMAS RELACIONADOS CON FACILIDADES DE ATENCIÓN MÉDICA U OTROS SERVICIOS DE SALUD;PROBLEMAS RELACIONADOS CON FACILIDADES DE ATENCIÓN MÉDICA U OTROS SERVICIOS DE SALUD;DISFAGIA;No aplica;SIMPLE
756;2024;7;Personalizado;68;68001;US- 000003128720;Otro;MUJER;87;MAYOR DE 63 AÑOS ;Ninguno;Subsidiado;No Aplica;No Aplica;68;68001;COOSALUD;RÉGIMEN SUBSIDIADO;ESS024;COOSALUD;68;68001;01;"BARRERAS EN EL ACCESO A TECNOLOGÍAS Y SERVICIOS DE SALUD; Y OTROS ELEMENTOS COMPLEMENTARIOS PARA LA ATENCIÓN DEL USUARIO";0102;NEGACIÓN DE TECNOLOGÍAS EN SALUD Y OTROS ELEMENTOS COMPLEMENTARIOS PARA LA ATENCIÓN DEL USUARIO;010203;NEGACIÓN EN LA ATENCIÓN EN OTROS SERVICIOS DE SALUD;01020305;ATENCIÓN DOMICILIARIA;;;ENFERMEDADES CRÓNICAS NO TRANSMISIBLES –RENALES;IRC-ENFERMEDAD RENAL;INSUFICIENCIA RENAL CRÓNICA, NO ESPECIFICADA;No aplica;SIMPLE
757;2024;7;Personalizado;68;68001;US- 000000311160;A nombre propio;MUJER;49;DE 38 A 49 AÑOS;Secundaria;Contributivo;No Aplica;No Aplica;68;68001;SALUD TOTAL;RÉGIMEN CONTRIBUTIVO;EPS002;SALUD TOTAL;68;68001;01;"BARRERAS EN EL ACCESO A TECNOLOGÍAS Y SERVICIOS DE SALUD; Y OTROS ELEMENTOS COMPLEMENTARIOS PARA LA ATENCIÓN DEL USUARIO";0102;NEGACIÓN DE TECNOLOGÍAS EN SALUD Y OTROS ELEMENTOS COMPLEMENTARIOS PARA LA ATENCIÓN DEL USUARIO;010203;NEGACIÓN EN LA ATENCIÓN EN OTROS SERVICIOS DE SALUD;01020308;PROCEDIMIENTOS NO QUIRÚRGICOS;01020308001;IMAGENOLOGÍA;PROBLEMAS RELACIONADOS CON FACILIDADES DE ATENCIÓN MÉDICA U OTROS SERVICIOS DE SALUD;PROBLEMAS RELACIONADOS CON FACILIDADES DE ATENCIÓN MÉDICA U OTROS SERVICIOS DE SALUD;HEMORRAGIA VAGINAL Y UTERINA ANORMAL, NO ESPECIFICADA;No aplica;SIMPLE
758;2024;7;Personalizado;70;70001;US- 000004066675;A nombre propio;MUJER;53;DE 50 A 62 AÑOS;Primaria Incompleta;Subsidiado;No Aplica;No Aplica;70;70001;NUEVA EPS;RÉGIMEN SUBSIDIADO;EPSS41;NUEVA EPS;70;70001;01;"BARRERAS EN EL ACCESO A TECNOLOGÍAS Y SERVICIOS DE SALUD; Y OTROS ELEMENTOS COMPLEMENTARIOS PARA LA ATENCIÓN DEL USUARIO";0102;NEGACIÓN DE TECNOLOGÍAS EN SALUD Y OTROS ELEMENTOS COMPLEMENTARIOS PARA LA ATENCIÓN DEL USUARIO;010201;NEGACIÓN EN LA ASIGNACIÓN DE CITAS O CONSULTAS;01020103;ESPECIALIDADES MÉDICAS ;01020103063;MEDICINA INTERNA;PROBLEMAS RELACIONADOS CON FACILIDADES DE ATENCIÓN MÉDICA U OTROS SERVICIOS DE SALUD;PROBLEMAS RELACIONADOS CON FACILIDADES DE ATENCIÓN MÉDICA U OTROS SERVICIOS DE SALUD;OTROS HIPOTIROIDISMOS ESPECIFICADOS;No aplica;SIMPLE
759;2024;7;Web;76;76233;US- 000004066676;A nombre propio;MUJER;67;MAYOR DE 63 AÑOS ;No Aplica;Régimen Especial;Afrocolombiano o Afrodescendiente;Desplazado;76;76233;MAGISTERIO;REGÍMENES DE EXCEPCIÓN Y ESPECIALES;REMG01;MAGISTERIO;76;76233;01;"BARRERAS EN EL ACCESO A TECNOLOGÍAS Y SERVICIOS DE SALUD; Y OTROS ELEMENTOS COMPLEMENTARIOS PARA LA ATENCIÓN DEL USUARIO";0101;FALTA DE OPORTUNIDAD EN LA PRESTACIÓN DE TECNOLOGÍAS EN SALUD Y OTROS ELEMENTOS COMPLEMENTARIOS PARA LA ATENCIÓN DEL USUARIO;010101;FALTA DE OPORTUNIDAD EN LAS CITAS O CONSULTAS;01010103;ESPECIALIDADES MÉDICAS ;01010103072;NEUROLOGÍA;PROBLEMAS RELACIONADOS CON FACILIDADES DE ATENCIÓN MÉDICA U OTROS SERVICIOS DE SALUD;PROBLEMAS RELACIONADOS CON FACILIDADES DE ATENCIÓN MÉDICA U OTROS SERVICIOS DE SALUD;OTROS PROBLEMAS RELACIONADOS CON SERVICIOS MÉDICOS Y DE SALUD;No aplica;SIMPLE
760;2024;7;Personalizado;44;44001;US- 000002755802;A nombre propio;HOMBRE;68;MAYOR DE 63 AÑOS ;Ninguno;Contributivo;No Aplica;No Aplica;44;44001;NUEVA EPS;RÉGIMEN SUBSIDIADO;EPSS41;NUEVA EPS;44;44001;01;"BARRERAS EN EL ACCESO A TECNOLOGÍAS Y SERVICIOS DE SALUD; Y OTROS ELEMENTOS COMPLEMENTARIOS PARA LA ATENCIÓN DEL USUARIO";0102;NEGACIÓN DE TECNOLOGÍAS EN SALUD Y OTROS ELEMENTOS COMPLEMENTARIOS PARA LA ATENCIÓN DEL USUARIO;010204;NEGACIÓN PARA LA ENTREGA DE TECNOLOGÍAS EN SALUD Y/O DE OTROS SERVICIOS AUTORIZADOS;01020403;DISPOSITIVOS MÉDICOS UPC;;;PROBLEMAS RELACIONADOS CON FACILIDADES DE ATENCIÓN MÉDICA U OTROS SERVICIOS DE SALUD;PROBLEMAS RELACIONADOS CON FACILIDADES DE ATENCIÓN MÉDICA U OTROS SERVICIOS DE SALUD;DESPRENDIMIENTO Y DESGARRO DE LA RETINA;No aplica;SIMPLE
761;2024;7;Telefónico;70;70001;US- 000004066677;Cónyuge;MUJER;35;DE 30 A 37 AÑOS;Secundaria;Subsidiado;No Aplica;No Aplica;70;70001;COOSALUD;RÉGIMEN SUBSIDIADO;ESS024;COOSALUD;70;70001;01;"BARRERAS EN EL ACCESO A TECNOLOGÍAS Y SERVICIOS DE SALUD; Y OTROS ELEMENTOS COMPLEMENTARIOS PARA LA ATENCIÓN DEL USUARIO";0101;FALTA DE OPORTUNIDAD EN LA PRESTACIÓN DE TECNOLOGÍAS EN SALUD Y OTROS ELEMENTOS COMPLEMENTARIOS PARA LA ATENCIÓN DEL USUARIO;010101;FALTA DE OPORTUNIDAD EN LAS CITAS O CONSULTAS;01010103;ESPECIALIDADES MÉDICAS ;01010103094;UROLOGÍA;PROBLEMAS RELACIONADOS CON FACILIDADES DE ATENCIÓN MÉDICA U OTROS SERVICIOS DE SALUD;PROBLEMAS RELACIONADOS CON FACILIDADES DE ATENCIÓN MÉDICA U OTROS SERVICIOS DE SALUD;CALCULO EN LA URETRA;No aplica;PRIORIZADO
762;2024;7;Web;05;05129;US- 000004066678;A nombre propio;HOMBRE;20;DE 18 A 24 AÑOS;No Aplica;Contributivo;No Aplica;No Aplica;05;05129;SURAMERICANA EPS;RÉGIMEN CONTRIBUTIVO;EPS010;EPS SURA;05;05129;01;"BARRERAS EN EL ACCESO A TECNOLOGÍAS Y SERVICIOS DE SALUD; Y OTROS ELEMENTOS COMPLEMENTARIOS PARA LA ATENCIÓN DEL USUARIO";0103;FALTA DE OPORTUNIDAD EN LA AUTORIZACIÓN DE TECNOLOGÍAS EN SALUD Y OTROS ELEMENTOS COMPLEMENTARIOS PARA LA ATENCIÓN DEL USUARIO;010302;FALTA DE OPORTUNIDAD EN LA AUTORIZACIÓN DE CITAS DE CONSULTA;01030203;ESPECIALIDADES MÉDICAS ;01030203094;UROLOGÍA;PROBLEMAS RELACIONADOS CON FACILIDADES DE ATENCIÓN MÉDICA U OTROS SERVICIOS DE SALUD;PROBLEMAS RELACIONADOS CON FACILIDADES DE ATENCIÓN MÉDICA U OTROS SERVICIOS DE SALUD;DOLOR AGUDO;No aplica;SIMPLE
763;2024;7;Telefónico;05;05890;US- 000004066679;Otro;MUJER;64;MAYOR DE 63 AÑOS ;Primaria;Subsidiado;No Aplica;Persona con discapacidad;05;05890;COOSALUD;RÉGIMEN SUBSIDIADO;ESS024;COOSALUD;05;05890;01;"BARRERAS EN EL ACCESO A TECNOLOGÍAS Y SERVICIOS DE SALUD; Y OTROS ELEMENTOS COMPLEMENTARIOS PARA LA ATENCIÓN DEL USUARIO";0101;FALTA DE OPORTUNIDAD EN LA PRESTACIÓN DE TECNOLOGÍAS EN SALUD Y OTROS ELEMENTOS COMPLEMENTARIOS PARA LA ATENCIÓN DEL USUARIO;010103;FALTA DE OPORTUNIDAD EN LA ATENCIÓN EN OTROS SERVICIOS DE SALUD;01010308;PROCEDIMIENTOS NO QUIRÚRGICOS;01010308001;IMAGENOLOGÍA;ENFERMEDADES CRÓNICAS NO TRANSMISIBLES- FACTORES DE RIESGO;MEDICIÓN DE FACTORES DE RIESGO;CEGUERA DE UN OJO, VISION SUBNORMAL DEL OTRO;No aplica;PRIORIZADO
764;2024;7;Personalizado;23;23001;US- 000003950917;A nombre propio;HOMBRE;78;MAYOR DE 63 AÑOS ;Primaria Incompleta;Subsidiado;No Aplica;Desplazado;23;23001;MUTUAL SER;RÉGIMEN SUBSIDIADO;ESS207;MUTUAL SER;23;23001;01;"BARRERAS EN EL ACCESO A TECNOLOGÍAS Y SERVICIOS DE SALUD; Y OTROS ELEMENTOS COMPLEMENTARIOS PARA LA ATENCIÓN DEL USUARIO";0102;NEGACIÓN DE TECNOLOGÍAS EN SALUD Y OTROS ELEMENTOS COMPLEMENTARIOS PARA LA ATENCIÓN DEL USUARIO;010201;NEGACIÓN EN LA ASIGNACIÓN DE CITAS O CONSULTAS;01020103;ESPECIALIDADES MÉDICAS ;01020103066;NEFROLOGÍA;PROBLEMAS RELACIONADOS CON FACILIDADES DE ATENCIÓN MÉDICA U OTROS SERVICIOS DE SALUD;PROBLEMAS RELACIONADOS CON FACILIDADES DE ATENCIÓN MÉDICA U OTROS SERVICIOS DE SALUD;INSUFICIENCIA RENAL NO ESPECIFICADA;No aplica;SIMPLE
765;2024;7;Escrito;54;54001;US- 000004066680;A nombre propio;HOMBRE;58;DE 50 A 62 AÑOS;No Aplica;Contributivo;No Aplica;No Aplica;54;54001;SANITAS;RÉGIMEN CONTRIBUTIVO;EPS005;SANITAS;54;54001;01;"BARRERAS EN EL ACCESO A TECNOLOGÍAS Y SERVICIOS DE SALUD; Y OTROS ELEMENTOS COMPLEMENTARIOS PARA LA ATENCIÓN DEL USUARIO";0101;FALTA DE OPORTUNIDAD EN LA PRESTACIÓN DE TECNOLOGÍAS EN SALUD Y OTROS ELEMENTOS COMPLEMENTARIOS PARA LA ATENCIÓN DEL USUARIO;010103;FALTA DE OPORTUNIDAD EN LA ATENCIÓN EN OTROS SERVICIOS DE SALUD;01010309;PROCEDIMIENTOS QUIRÚRGICOS;01010309003;OTROS PROCEDIMIENTOS QUIRÚRGICOS;ENFERMEDADES CRÓNICAS NO TRASMISIBLES CARDIOVASCULARES;OTROS;VENAS VARICOSAS DE LOS MIEMBROS INFERIORES CON ULCERA E INFLAMACIÓN;No aplica;SIMPLE
766;2024;7;Web;05;05001;US- 000004066681;A nombre propio;HOMBRE;28;DE 25 A 29 AÑOS;Ninguno;Contributivo;No Aplica;No Aplica;05;05001;NUEVA EPS;RÉGIMEN CONTRIBUTIVO;EPS037;NUEVA EPS;05;05001;01;"BARRERAS EN EL ACCESO A TECNOLOGÍAS Y SERVICIOS DE SALUD; Y OTROS ELEMENTOS COMPLEMENTARIOS PARA LA ATENCIÓN DEL USUARIO";0102;NEGACIÓN DE TECNOLOGÍAS EN SALUD Y OTROS ELEMENTOS COMPLEMENTARIOS PARA LA ATENCIÓN DEL USUARIO;010203;NEGACIÓN EN LA ATENCIÓN EN OTROS SERVICIOS DE SALUD;01020308;PROCEDIMIENTOS NO QUIRÚRGICOS;01020308001;IMAGENOLOGÍA;PROBLEMAS RELACIONADOS CON FACILIDADES DE ATENCIÓN MÉDICA U OTROS SERVICIOS DE SALUD;PROBLEMAS RELACIONADOS CON FACILIDADES DE ATENCIÓN MÉDICA U OTROS SERVICIOS DE SALUD;PROBLEMAS RELACIONADOS CON FACILIDADES DE ATENCIÓN MEDICA U OTROS SERVICIOS DE SALUD;No aplica;SIMPLE
767;2024;7;Personalizado;73;73001;US- 000004066682;Hijo (A);MUJER;92;MAYOR DE 63 AÑOS ;Primaria Incompleta;Subsidiado;No Aplica;No Aplica;73;73319;ASMET SALUD EPS;RÉGIMEN SUBSIDIADO;ESS062;ASMET SALUD;73;73319;01;"BARRERAS EN EL ACCESO A TECNOLOGÍAS Y SERVICIOS DE SALUD; Y OTROS ELEMENTOS COMPLEMENTARIOS PARA LA ATENCIÓN DEL USUARIO";0103;FALTA DE OPORTUNIDAD EN LA AUTORIZACIÓN DE TECNOLOGÍAS EN SALUD Y OTROS ELEMENTOS COMPLEMENTARIOS PARA LA ATENCIÓN DEL USUARIO;010301;FALTA DE OPORTUNIDAD EN LA AUTORIZACIÓN DE TECNOLOGÍAS EN SALUD Y/O DE OTROS SERVICIOS;01030106;SOPORTE NUTRICIONAL;;;PROBLEMAS RELACIONADOS CON FACILIDADES DE ATENCIÓN MÉDICA U OTROS SERVICIOS DE SALUD;PROBLEMAS RELACIONADOS CON FACILIDADES DE ATENCIÓN MÉDICA U OTROS SERVICIOS DE SALUD;DESNUTRICIÓN PROTEICOCALORICA SEVERA, NO ESPECIFICADA;No aplica;PRIORIZADO
768;2024;7;Escrito;54;54518;US- 000004066683;Otro;HOMBRE;27;DE 25 A 29 AÑOS;No Aplica;Subsidiado;No Aplica;No Aplica;54;54518;NUEVA EPS;RÉGIMEN SUBSIDIADO;EPSS41;NUEVA EPS;54;54518;01;"BARRERAS EN EL ACCESO A TECNOLOGÍAS Y SERVICIOS DE SALUD; Y OTROS ELEMENTOS COMPLEMENTARIOS PARA LA ATENCIÓN DEL USUARIO";0101;FALTA DE OPORTUNIDAD EN LA PRESTACIÓN DE TECNOLOGÍAS EN SALUD Y OTROS ELEMENTOS COMPLEMENTARIOS PARA LA ATENCIÓN DEL USUARIO;010101;FALTA DE OPORTUNIDAD EN LAS CITAS O CONSULTAS;01010103;ESPECIALIDADES MÉDICAS ;01010103080;OTORRINOLARINGOLOGÍA;PROBLEMAS RELACIONADOS CON FACILIDADES DE ATENCIÓN MÉDICA U OTROS SERVICIOS DE SALUD;PROBLEMAS RELACIONADOS CON FACILIDADES DE ATENCIÓN MÉDICA U OTROS SERVICIOS DE SALUD;OTROS PROBLEMAS RELACIONADOS CON SERVICIOS MÉDICOS Y DE SALUD;No aplica;SIMPLE
769;2024;7;Web;17;17001;US- 000001570283;Hijo (A);HOMBRE;84;MAYOR DE 63 AÑOS ;Ninguno;Contributivo;No Aplica;No Aplica;17;17174;NUEVA EPS;RÉGIMEN CONTRIBUTIVO;EPS037;NUEVA EPS;17;17174;01;"BARRERAS EN EL ACCESO A TECNOLOGÍAS Y SERVICIOS DE SALUD; Y OTROS ELEMENTOS COMPLEMENTARIOS PARA LA ATENCIÓN DEL USUARIO";0101;FALTA DE OPORTUNIDAD EN LA PRESTACIÓN DE TECNOLOGÍAS EN SALUD Y OTROS ELEMENTOS COMPLEMENTARIOS PARA LA ATENCIÓN DEL USUARIO;010103;FALTA DE OPORTUNIDAD EN LA ATENCIÓN EN OTROS SERVICIOS DE SALUD;01010309;PROCEDIMIENTOS QUIRÚRGICOS;01010309003;OTROS PROCEDIMIENTOS QUIRÚRGICOS;CÁNCER ;CÁNCER GÁSTRICO;TUMOR MALIGNO DEL ESÓFAGO, PORCIÓN ABDOMINAL;No aplica;PRIORIZADO
770;2024;7;Personalizado;08;08001;US- 000003973008;A nombre propio;HOMBRE;76;MAYOR DE 63 AÑOS ;Secundaria;Régimen Especial;No Aplica;No Aplica;08;08001;FERROCARRILES;ENTIDADES ADAPTADAS AL SISTEMA;EAS027;FONDO DE PASIVO SOCIAL DE FERROCARRILES NACIONALES DE COLOMBIA.;08;08001;01;"BARRERAS EN EL ACCESO A TECNOLOGÍAS Y SERVICIOS DE SALUD; Y OTROS ELEMENTOS COMPLEMENTARIOS PARA LA ATENCIÓN DEL USUARIO";0102;NEGACIÓN DE TECNOLOGÍAS EN SALUD Y OTROS ELEMENTOS COMPLEMENTARIOS PARA LA ATENCIÓN DEL USUARIO;010204;NEGACIÓN PARA LA ENTREGA DE TECNOLOGÍAS EN SALUD Y/O DE OTROS SERVICIOS AUTORIZADOS;01020401;MEDICAMENTOS UPC;;;PROBLEMAS RELACIONADOS CON FACILIDADES DE ATENCIÓN MÉDICA U OTROS SERVICIOS DE SALUD;PROBLEMAS RELACIONADOS CON FACILIDADES DE ATENCIÓN MÉDICA U OTROS SERVICIOS DE SALUD;HIPERPLASIA DE LA PRÓSTATA;No aplica;SIMPLE
771;2024;7;Personalizado;76;76109;US- 000004066684;Hijo (A);HOMBRE;84;MAYOR DE 63 AÑOS ;Primaria;Subsidiado;Afrocolombiano o Afrodescendiente;Persona con discapacidad;76;76109;EMSSANAR EPS;RÉGIMEN SUBSIDIADO;ESS118;EMSSANAR;76;76109;01;"BARRERAS EN EL ACCESO A TECNOLOGÍAS Y SERVICIOS DE SALUD; Y OTROS ELEMENTOS COMPLEMENTARIOS PARA LA ATENCIÓN DEL USUARIO";0102;NEGACIÓN DE TECNOLOGÍAS EN SALUD Y OTROS ELEMENTOS COMPLEMENTARIOS PARA LA ATENCIÓN DEL USUARIO;010204;NEGACIÓN PARA LA ENTREGA DE TECNOLOGÍAS EN SALUD Y/O DE OTROS SERVICIOS AUTORIZADOS;01020401;MEDICAMENTOS UPC;;;PROBLEMAS RELACIONADOS CON FACILIDADES DE ATENCIÓN MÉDICA U OTROS SERVICIOS DE SALUD;PROBLEMAS RELACIONADOS CON FACILIDADES DE ATENCIÓN MÉDICA U OTROS SERVICIOS DE SALUD;HIPERPLASIA DE LA PRÓSTATA;No aplica;SIMPLE
772;2024;7;Web;13;13001;US- 000001435927;A nombre propio;MUJER;5;DE 0 A 5 AÑOS;No Aplica;Contributivo;No Aplica;Persona con discapacidad;13;13001;SALUD TOTAL;RÉGIMEN CONTRIBUTIVO;EPS002;SALUD TOTAL;13;13001;01;"BARRERAS EN EL ACCESO A TECNOLOGÍAS Y SERVICIOS DE SALUD; Y OTROS ELEMENTOS COMPLEMENTARIOS PARA LA ATENCIÓN DEL USUARIO";0101;FALTA DE OPORTUNIDAD EN LA PRESTACIÓN DE TECNOLOGÍAS EN SALUD Y OTROS ELEMENTOS COMPLEMENTARIOS PARA LA ATENCIÓN DEL USUARIO;010104;FALTA DE OPORTUNIDAD EN LA ENTREGA O ENTREGA INCOMPLETA DE TECNOLOGÍAS EN SALUD Y/O PRESTACIÓN DE OTROS SERVICIOS;01010407;ELEMENTOS COMPLEMENTARIOS PARA LA ATENCIÓN DEL USUARIO (PAÑALES, PAÑITOS, ETC.);;;MATERNO INFANTIL;ATENCIÓN NIÑOS MENORES DE 5 AÑOS;PROBLEMAS RELACIONADOS CON FACILIDADES DE ATENCIÓN MEDICA U OTROS SERVICIOS DE SALUD;No aplica;SIMPLE
773;2024;7;Personalizado;68;68307;US- 000003907100;Madre;HOMBRE;10;DE 6 A 12 AÑOS;Primaria Incompleta;Régimen Especial;No Aplica;No Aplica;68;68307;FUERZAS MILITARES;REGÍMENES DE EXCEPCIÓN Y ESPECIALES;REFM01;FUERZAS MILITARES;68;68001;01;"BARRERAS EN EL ACCESO A TECNOLOGÍAS Y SERVICIOS DE SALUD; Y OTROS ELEMENTOS COMPLEMENTARIOS PARA LA ATENCIÓN DEL USUARIO";0103;FALTA DE OPORTUNIDAD EN LA AUTORIZACIÓN DE TECNOLOGÍAS EN SALUD Y OTROS ELEMENTOS COMPLEMENTARIOS PARA LA ATENCIÓN DEL USUARIO;010304;FALTA DE OPORTUNIDAD EN LA AUTORIZACIÓN DE OTROS SERVICIOS DE SALUD;01030408;PROCEDIMIENTOS NO QUIRÚRGICOS;01030408002;LABORATORIO CLÍNICO Y ANATOMOPATOLÓGICO;MATERNO INFANTIL;OTROS;RINITIS CRÓNICA;No aplica;SIMPLE
774;2024;7;Web;11;11001;US- 000004066685;A nombre propio;MUJER;68;MAYOR DE 63 AÑOS ;No Aplica;Contributivo;No Aplica;No Aplica;11;11001;SANITAS;RÉGIMEN CONTRIBUTIVO;EPS005;SANITAS;11;11001;01;"BARRERAS EN EL ACCESO A TECNOLOGÍAS Y SERVICIOS DE SALUD; Y OTROS ELEMENTOS COMPLEMENTARIOS PARA LA ATENCIÓN DEL USUARIO";0101;FALTA DE OPORTUNIDAD EN LA PRESTACIÓN DE TECNOLOGÍAS EN SALUD Y OTROS ELEMENTOS COMPLEMENTARIOS PARA LA ATENCIÓN DEL USUARIO;010101;FALTA DE OPORTUNIDAD EN LAS CITAS O CONSULTAS;01010103;ESPECIALIDADES MÉDICAS ;01010103063;MEDICINA INTERNA;ENFERMEDADES OSTEOARTICULARES;OTROS;LUMBAGO NO ESPECIFICADO;No aplica;SIMPLE
775;2024;7;Web;05;05001;US- 000003682259;A nombre propio;MUJER;50;DE 50 A 62 AÑOS;No Aplica;Contributivo;No Aplica;No Aplica;05;05001;SALUD TOTAL;RÉGIMEN CONTRIBUTIVO;EPS002;SALUD TOTAL;05;05001;01;"BARRERAS EN EL ACCESO A TECNOLOGÍAS Y SERVICIOS DE SALUD; Y OTROS ELEMENTOS COMPLEMENTARIOS PARA LA ATENCIÓN DEL USUARIO";0102;NEGACIÓN DE TECNOLOGÍAS EN SALUD Y OTROS ELEMENTOS COMPLEMENTARIOS PARA LA ATENCIÓN DEL USUARIO;010201;NEGACIÓN EN LA ASIGNACIÓN DE CITAS O CONSULTAS;01020103;ESPECIALIDADES MÉDICAS ;01020103078;ORTOPEDIA Y TRAUMATOLOGÍA;ENFERMEDADES OSTEOARTICULARES;OTROS;SÍNDROME DE MANGUITO ROTATORIO;No aplica;SIMPLE
776;2024;7;Telefónico;11;11001;US- 000004066686;Hijo (A);MUJER;91;MAYOR DE 63 AÑOS ;Primaria;Contributivo;No Aplica;No Aplica;11;11001;SANITAS;RÉGIMEN CONTRIBUTIVO;EPS005;SANITAS;11;11001;01;"BARRERAS EN EL ACCESO A TECNOLOGÍAS Y SERVICIOS DE SALUD; Y OTROS ELEMENTOS COMPLEMENTARIOS PARA LA ATENCIÓN DEL USUARIO";0101;FALTA DE OPORTUNIDAD EN LA PRESTACIÓN DE TECNOLOGÍAS EN SALUD Y OTROS ELEMENTOS COMPLEMENTARIOS PARA LA ATENCIÓN DEL USUARIO;010105;FALTA DE OPORTUNIDAD EN EL PROCESO DE REFERENCIA Y CONTRARREFERENCIA;;;;;ENFERMEDADES OSTEOARTICULARES;OTROS;FRACTURA DEL FÉMUR;No aplica;PRIORIZADO
777;2024;7;Web;05;05212;US- 000002540319;A nombre propio;MUJER;39;DE 38 A 49 AÑOS;No Aplica;Contributivo;No Aplica;No Aplica;05;05212;SURAMERICANA EPS;RÉGIMEN CONTRIBUTIVO;EPS010;EPS SURA;05;05212;01;"BARRERAS EN EL ACCESO A TECNOLOGÍAS Y SERVICIOS DE SALUD; Y OTROS ELEMENTOS COMPLEMENTARIOS PARA LA ATENCIÓN DEL USUARIO";0101;FALTA DE OPORTUNIDAD EN LA PRESTACIÓN DE TECNOLOGÍAS EN SALUD Y OTROS ELEMENTOS COMPLEMENTARIOS PARA LA ATENCIÓN DEL USUARIO;010101;FALTA DE OPORTUNIDAD EN LAS CITAS O CONSULTAS;01010103;ESPECIALIDADES MÉDICAS ;01010103057;MEDICINA DEL DEPORTE;PROBLEMAS RELACIONADOS CON FACILIDADES DE ATENCIÓN MÉDICA U OTROS SERVICIOS DE SALUD;PROBLEMAS RELACIONADOS CON FACILIDADES DE ATENCIÓN MÉDICA U OTROS SERVICIOS DE SALUD;OTROS PROBLEMAS RELACIONADOS CON SERVICIOS MÉDICOS Y DE SALUD;No aplica;SIMPLE
778;2024;7;Web;66;66682;US- 000002401313;Padre;HOMBRE;2;DE 0 A 5 AÑOS;No Aplica;Contributivo;No Aplica;No Aplica;66;66682;SALUD TOTAL;RÉGIMEN CONTRIBUTIVO;EPS002;SALUD TOTAL;66;66682;01;"BARRERAS EN EL ACCESO A TECNOLOGÍAS Y SERVICIOS DE SALUD; Y OTROS ELEMENTOS COMPLEMENTARIOS PARA LA ATENCIÓN DEL USUARIO";0102;NEGACIÓN DE TECNOLOGÍAS EN SALUD Y OTROS ELEMENTOS COMPLEMENTARIOS PARA LA ATENCIÓN DEL USUARIO;010201;NEGACIÓN EN LA ASIGNACIÓN DE CITAS O CONSULTAS;01020103;ESPECIALIDADES MÉDICAS ;01020103075;OFTALMOLOGÍA;MATERNO INFANTIL;ATENCIÓN NIÑOS MENORES DE 5 AÑOS;EXAMEN DE OJOS Y DE LA VISIÓN;No aplica;SIMPLE
779;2024;7;Personalizado;68;68307;US- 000001874470;Madre;MUJER;30;DE 30 A 37 AÑOS;Ninguno;Subsidiado;No Aplica;Persona con discapacidad;68;68307;SALUD TOTAL;RÉGIMEN CONTRIBUTIVO;EPS002;SALUD TOTAL;68;68001;01;"BARRERAS EN EL ACCESO A TECNOLOGÍAS Y SERVICIOS DE SALUD; Y OTROS ELEMENTOS COMPLEMENTARIOS PARA LA ATENCIÓN DEL USUARIO";0102;NEGACIÓN DE TECNOLOGÍAS EN SALUD Y OTROS ELEMENTOS COMPLEMENTARIOS PARA LA ATENCIÓN DEL USUARIO;010204;NEGACIÓN PARA LA ENTREGA DE TECNOLOGÍAS EN SALUD Y/O DE OTROS SERVICIOS AUTORIZADOS;01020401;MEDICAMENTOS UPC;;;ENFERMEDADES NEUROLÓGICAS;EPILEPSIA;EPILEPSIA, TIPO NO ESPECIFICADO;No aplica;PRIORIZADO
780;2024;7;Web;11;11001;US- 000004066687;A nombre propio;HOMBRE;49;DE 38 A 49 AÑOS;No Aplica;Régimen Especial;No Aplica;No Aplica;11;11001;POLICIA NACIONAL;REGÍMENES DE EXCEPCIÓN Y ESPECIALES;REPN01;POLICIA NACIONAL;11;11001;01;"BARRERAS EN EL ACCESO A TECNOLOGÍAS Y SERVICIOS DE SALUD; Y OTROS ELEMENTOS COMPLEMENTARIOS PARA LA ATENCIÓN DEL USUARIO";0101;FALTA DE OPORTUNIDAD EN LA PRESTACIÓN DE TECNOLOGÍAS EN SALUD Y OTROS ELEMENTOS COMPLEMENTARIOS PARA LA ATENCIÓN DEL USUARIO;010101;FALTA DE OPORTUNIDAD EN LAS CITAS O CONSULTAS;01010112;OPTOMETRÍA;;;PROBLEMAS RELACIONADOS CON FACILIDADES DE ATENCIÓN MÉDICA U OTROS SERVICIOS DE SALUD;PROBLEMAS RELACIONADOS CON FACILIDADES DE ATENCIÓN MÉDICA U OTROS SERVICIOS DE SALUD;VARICES ESCROTALES;No aplica;SIMPLE
781;2024;7;Web;11;11001;US- 000000152759;A nombre propio;MUJER;91;MAYOR DE 63 AÑOS ;No Aplica;Contributivo;No Aplica;No Aplica;11;11001;SANITAS;RÉGIMEN CONTRIBUTIVO;EPS005;SANITAS;11;11001;01;"BARRERAS EN EL ACCESO A TECNOLOGÍAS Y SERVICIOS DE SALUD; Y OTROS ELEMENTOS COMPLEMENTARIOS PARA LA ATENCIÓN DEL USUARIO";0101;FALTA DE OPORTUNIDAD EN LA PRESTACIÓN DE TECNOLOGÍAS EN SALUD Y OTROS ELEMENTOS COMPLEMENTARIOS PARA LA ATENCIÓN DEL USUARIO;010104;FALTA DE OPORTUNIDAD EN LA ENTREGA O ENTREGA INCOMPLETA DE TECNOLOGÍAS EN SALUD Y/O PRESTACIÓN DE OTROS SERVICIOS;01010401;MEDICAMENTOS UPC;;;SALUD MENTAL;OTROS TRASTORNOS MENTALES;ENFERMEDAD DE PARKINSON;No aplica;PRIORIZADO
782;2024;7;Personalizado;66;66001;US- 000004066688;A nombre propio;MUJER;37;DE 30 A 37 AÑOS;No Aplica;Contributivo;No Aplica;No Aplica;66;66001;SANITAS;RÉGIMEN CONTRIBUTIVO;EPS005;SANITAS;66;66001;01;"BARRERAS EN EL ACCESO A TECNOLOGÍAS Y SERVICIOS DE SALUD; Y OTROS ELEMENTOS COMPLEMENTARIOS PARA LA ATENCIÓN DEL USUARIO";0101;FALTA DE OPORTUNIDAD EN LA PRESTACIÓN DE TECNOLOGÍAS EN SALUD Y OTROS ELEMENTOS COMPLEMENTARIOS PARA LA ATENCIÓN DEL USUARIO;010103;FALTA DE OPORTUNIDAD EN LA ATENCIÓN EN OTROS SERVICIOS DE SALUD;01010309;PROCEDIMIENTOS QUIRÚRGICOS;01010309003;OTROS PROCEDIMIENTOS QUIRÚRGICOS;PROBLEMAS RELACIONADOS CON FACILIDADES DE ATENCIÓN MÉDICA U OTROS SERVICIOS DE SALUD;PROBLEMAS RELACIONADOS CON FACILIDADES DE ATENCIÓN MÉDICA U OTROS SERVICIOS DE SALUD;TUMOR BENIGNO LIPOMATOSO DE PIEL Y DE TEJIDO SUBCUTÁNEO DEL TRONCO;No aplica;SIMPLE
783;2024;7;Web;11;11001;US- 000004066689;A nombre propio;MUJER;75;MAYOR DE 63 AÑOS ;No Aplica;Régimen Especial;No Aplica;No Aplica;11;11001;POLICIA NACIONAL;REGÍMENES DE EXCEPCIÓN Y ESPECIALES;REPN01;POLICIA NACIONAL;11;11001;01;"BARRERAS EN EL ACCESO A TECNOLOGÍAS Y SERVICIOS DE SALUD; Y OTROS ELEMENTOS COMPLEMENTARIOS PARA LA ATENCIÓN DEL USUARIO";0102;NEGACIÓN DE TECNOLOGÍAS EN SALUD Y OTROS ELEMENTOS COMPLEMENTARIOS PARA LA ATENCIÓN DEL USUARIO;010201;NEGACIÓN EN LA ASIGNACIÓN DE CITAS O CONSULTAS;01020103;ESPECIALIDADES MÉDICAS ;01020103075;OFTALMOLOGÍA;PROBLEMAS RELACIONADOS CON FACILIDADES DE ATENCIÓN MÉDICA U OTROS SERVICIOS DE SALUD;PROBLEMAS RELACIONADOS CON FACILIDADES DE ATENCIÓN MÉDICA U OTROS SERVICIOS DE SALUD;SOSPECHA DE GLAUCOMA;No aplica;SIMPLE
784;2024;7;Escrito;19;19001;US- 000004066690;Otro;MUJER;32;DE 30 A 37 AÑOS;No Aplica;Subsidiado;No Aplica;No Aplica;19;19001;ASOCIACIÓN INDÍGENA DEL CAUCA (AIC) -EPSI;RÉGIMEN SUBSIDIADO;EPSI03;AIC - ASOCIACIÓN INDÍGENA DEL CAUCA (EPS-I CAUCA);19;19100;01;"BARRERAS EN EL ACCESO A TECNOLOGÍAS Y SERVICIOS DE SALUD; Y OTROS ELEMENTOS COMPLEMENTARIOS PARA LA ATENCIÓN DEL USUARIO";0103;FALTA DE OPORTUNIDAD EN LA AUTORIZACIÓN DE TECNOLOGÍAS EN SALUD Y OTROS ELEMENTOS COMPLEMENTARIOS PARA LA ATENCIÓN DEL USUARIO;010304;FALTA DE OPORTUNIDAD EN LA AUTORIZACIÓN DE OTROS SERVICIOS DE SALUD;01030408;PROCEDIMIENTOS NO QUIRÚRGICOS;01030408001;IMAGENOLOGÍA;PROBLEMAS RELACIONADOS CON FACILIDADES DE ATENCIÓN MÉDICA U OTROS SERVICIOS DE SALUD;PROBLEMAS RELACIONADOS CON FACILIDADES DE ATENCIÓN MÉDICA U OTROS SERVICIOS DE SALUD;GLAUCOMA PRIMARIO DE ANGULO ABIERTO;No aplica;SIMPLE
785;2024;7;Telefónico;11;11001;US- 000002463786;Cuidador (A);MUJER;70;MAYOR DE 63 AÑOS ;Universitario;Contributivo;No Aplica;No Aplica;11;11001;COMPENSAR;RÉGIMEN CONTRIBUTIVO;EPS008;COMPENSAR;11;11001;01;"BARRERAS EN EL ACCESO A TECNOLOGÍAS Y SERVICIOS DE SALUD; Y OTROS ELEMENTOS COMPLEMENTARIOS PARA LA ATENCIÓN DEL USUARIO";0101;FALTA DE OPORTUNIDAD EN LA PRESTACIÓN DE TECNOLOGÍAS EN SALUD Y OTROS ELEMENTOS COMPLEMENTARIOS PARA LA ATENCIÓN DEL USUARIO;010101;FALTA DE OPORTUNIDAD EN LAS CITAS O CONSULTAS;01010103;ESPECIALIDADES MÉDICAS ;01010103071;NEUROCIRUGÍA;ENFERMEDADES OSTEOARTICULARES;OTROS;ESCOLIOSIS;No aplica;SIMPLE
786;2024;7;Web;11;11001;US- 000004066691;Hijo (A);MUJER;46;DE 38 A 49 AÑOS;No Aplica;Contributivo;No Aplica;No Aplica;11;11001;SALUD TOTAL;RÉGIMEN CONTRIBUTIVO;EPS002;SALUD TOTAL;11;11001;01;"BARRERAS EN EL ACCESO A TECNOLOGÍAS Y SERVICIOS DE SALUD; Y OTROS ELEMENTOS COMPLEMENTARIOS PARA LA ATENCIÓN DEL USUARIO";0101;FALTA DE OPORTUNIDAD EN LA PRESTACIÓN DE TECNOLOGÍAS EN SALUD Y OTROS ELEMENTOS COMPLEMENTARIOS PARA LA ATENCIÓN DEL USUARIO;010103;FALTA DE OPORTUNIDAD EN LA ATENCIÓN EN OTROS SERVICIOS DE SALUD;01010309;PROCEDIMIENTOS QUIRÚRGICOS;01010309003;OTROS PROCEDIMIENTOS QUIRÚRGICOS;PROBLEMAS RELACIONADOS CON FACILIDADES DE ATENCIÓN MÉDICA U OTROS SERVICIOS DE SALUD;PROBLEMAS RELACIONADOS CON FACILIDADES DE ATENCIÓN MÉDICA U OTROS SERVICIOS DE SALUD;PROBLEMAS RELACIONADOS CON FACILIDADES DE ATENCIÓN MEDICA U OTROS SERVICIOS DE SALUD;No aplica;SIMPLE
787;2024;7;Web;15;15001;US- 000003856372;A nombre propio;HOMBRE;16;DE 13 A 17 AÑOS;No Aplica;Subsidiado;No Aplica;No Aplica;15;15001;NUEVA EPS;RÉGIMEN SUBSIDIADO;EPSS41;NUEVA EPS;15;15238;01;"BARRERAS EN EL ACCESO A TECNOLOGÍAS Y SERVICIOS DE SALUD; Y OTROS ELEMENTOS COMPLEMENTARIOS PARA LA ATENCIÓN DEL USUARIO";0101;FALTA DE OPORTUNIDAD EN LA PRESTACIÓN DE TECNOLOGÍAS EN SALUD Y OTROS ELEMENTOS COMPLEMENTARIOS PARA LA ATENCIÓN DEL USUARIO;010101;FALTA DE OPORTUNIDAD EN LAS CITAS O CONSULTAS;01010103;ESPECIALIDADES MÉDICAS ;01010103082;PEDIATRÍA;PROBLEMAS RELACIONADOS CON FACILIDADES DE ATENCIÓN MÉDICA U OTROS SERVICIOS DE SALUD;PROBLEMAS RELACIONADOS CON FACILIDADES DE ATENCIÓN MÉDICA U OTROS SERVICIOS DE SALUD;OTROS PROBLEMAS RELACIONADOS CON SERVICIOS MÉDICOS Y DE SALUD;No aplica;SIMPLE
788;2024;7;Web;66;66400;US- 000001011202;A nombre propio;MUJER;69;MAYOR DE 63 AÑOS ;Ninguno;Contributivo;No Aplica;No Aplica;66;66400;NUEVA EPS;RÉGIMEN CONTRIBUTIVO;EPS037;NUEVA EPS;66;66400;01;"BARRERAS EN EL ACCESO A TECNOLOGÍAS Y SERVICIOS DE SALUD; Y OTROS ELEMENTOS COMPLEMENTARIOS PARA LA ATENCIÓN DEL USUARIO";0101;FALTA DE OPORTUNIDAD EN LA PRESTACIÓN DE TECNOLOGÍAS EN SALUD Y OTROS ELEMENTOS COMPLEMENTARIOS PARA LA ATENCIÓN DEL USUARIO;010103;FALTA DE OPORTUNIDAD EN LA ATENCIÓN EN OTROS SERVICIOS DE SALUD;01010308;PROCEDIMIENTOS NO QUIRÚRGICOS;01010308006;OTROS PROCEDIMIENTOS NO QUIRÚRGICOS;PROBLEMAS RELACIONADOS CON FACILIDADES DE ATENCIÓN MÉDICA U OTROS SERVICIOS DE SALUD;PROBLEMAS RELACIONADOS CON FACILIDADES DE ATENCIÓN MÉDICA U OTROS SERVICIOS DE SALUD;PROBLEMAS RELACIONADOS CON FACILIDADES DE ATENCIÓN MEDICA U OTROS SERVICIOS DE SALUD;No aplica;SIMPLE
789;2024;7;Web;41;41359;US- 000002791774;A nombre propio;MUJER;59;DE 50 A 62 AÑOS;No Aplica;Subsidiado;No Aplica;No Aplica;41;41359;NUEVA EPS;RÉGIMEN SUBSIDIADO;EPSS41;NUEVA EPS;41;41359;01;"BARRERAS EN EL ACCESO A TECNOLOGÍAS Y SERVICIOS DE SALUD; Y OTROS ELEMENTOS COMPLEMENTARIOS PARA LA ATENCIÓN DEL USUARIO";0101;FALTA DE OPORTUNIDAD EN LA PRESTACIÓN DE TECNOLOGÍAS EN SALUD Y OTROS ELEMENTOS COMPLEMENTARIOS PARA LA ATENCIÓN DEL USUARIO;010101;FALTA DE OPORTUNIDAD EN LAS CITAS O CONSULTAS;01010103;ESPECIALIDADES MÉDICAS ;01010103072;NEUROLOGÍA;PROBLEMAS RELACIONADOS CON FACILIDADES DE ATENCIÓN MÉDICA U OTROS SERVICIOS DE SALUD;PROBLEMAS RELACIONADOS CON FACILIDADES DE ATENCIÓN MÉDICA U OTROS SERVICIOS DE SALUD;PROBLEMAS RELACIONADOS CON FACILIDADES DE ATENCIÓN MEDICA U OTROS SERVICIOS DE SALUD;No aplica;SIMPLE
790;2024;7;Web;52;52835;US- 000004066692;A nombre propio;MUJER;46;DE 38 A 49 AÑOS;No Aplica;Contributivo;Afrocolombiano o Afrodescendiente;Víctima del conflicto armado;52;52835;NUEVA EPS;RÉGIMEN CONTRIBUTIVO;EPS037;NUEVA EPS;52;52835;01;"BARRERAS EN EL ACCESO A TECNOLOGÍAS Y SERVICIOS DE SALUD; Y OTROS ELEMENTOS COMPLEMENTARIOS PARA LA ATENCIÓN DEL USUARIO";0102;NEGACIÓN DE TECNOLOGÍAS EN SALUD Y OTROS ELEMENTOS COMPLEMENTARIOS PARA LA ATENCIÓN DEL USUARIO;010201;NEGACIÓN EN LA ASIGNACIÓN DE CITAS O CONSULTAS;01020103;ESPECIALIDADES MÉDICAS ;01020103047;GINECOLOGÍA Y OBSTETRICIA;PROBLEMAS RELACIONADOS CON FACILIDADES DE ATENCIÓN MÉDICA U OTROS SERVICIOS DE SALUD;PROBLEMAS RELACIONADOS CON FACILIDADES DE ATENCIÓN MÉDICA U OTROS SERVICIOS DE SALUD;ENFERMEDAD INFLAMATORIA PÉLVICA FEMENINA, NO ESPECIFICADA;No aplica;SIMPLE
791;2024;7;Escrito;11;11001;US- 000001606752;A nombre propio;MUJER;69;MAYOR DE 63 AÑOS ;No Aplica;Contributivo;No Aplica;No Aplica;11;11001;COMPENSAR;RÉGIMEN CONTRIBUTIVO;EPS008;COMPENSAR;11;11001;01;"BARRERAS EN EL ACCESO A TECNOLOGÍAS Y SERVICIOS DE SALUD; Y OTROS ELEMENTOS COMPLEMENTARIOS PARA LA ATENCIÓN DEL USUARIO";0101;FALTA DE OPORTUNIDAD EN LA PRESTACIÓN DE TECNOLOGÍAS EN SALUD Y OTROS ELEMENTOS COMPLEMENTARIOS PARA LA ATENCIÓN DEL USUARIO;010103;FALTA DE OPORTUNIDAD EN LA ATENCIÓN EN OTROS SERVICIOS DE SALUD;01010309;PROCEDIMIENTOS QUIRÚRGICOS;01010309003;OTROS PROCEDIMIENTOS QUIRÚRGICOS;PROBLEMAS RELACIONADOS CON FACILIDADES DE ATENCIÓN MÉDICA U OTROS SERVICIOS DE SALUD;PROBLEMAS RELACIONADOS CON FACILIDADES DE ATENCIÓN MÉDICA U OTROS SERVICIOS DE SALUD;CATARATA, NO ESPECIFICADA;No aplica;SIMPLE
792;2024;7;Telefónico;23;23466;US- 000000440066;Madre;HOMBRE;19;DE 18 A 24 AÑOS;Universitario Incompleto;Contributivo;No Aplica;Desplazado;23;23466;SANITAS;RÉGIMEN CONTRIBUTIVO;EPS005;SANITAS;23;23466;01;"BARRERAS EN EL ACCESO A TECNOLOGÍAS Y SERVICIOS DE SALUD; Y OTROS ELEMENTOS COMPLEMENTARIOS PARA LA ATENCIÓN DEL USUARIO";0101;FALTA DE OPORTUNIDAD EN LA PRESTACIÓN DE TECNOLOGÍAS EN SALUD Y OTROS ELEMENTOS COMPLEMENTARIOS PARA LA ATENCIÓN DEL USUARIO;010104;FALTA DE OPORTUNIDAD EN LA ENTREGA O ENTREGA INCOMPLETA DE TECNOLOGÍAS EN SALUD Y/O PRESTACIÓN DE OTROS SERVICIOS;01010408;TRANSPORTE, ALOJAMIENTO O ALIMENTACIÓN;;;ENFERMEDADES OSTEOARTICULARES;NEUROLÓGICAS;TRASTORNO MIXTO DE ANSIEDAD Y DEPRESIÓN;No aplica;SIMPLE
793;2024;7;Personalizado;23;23001;US- 000004066693;Hijo (A);MUJER;92;MAYOR DE 63 AÑOS ;Secundaria;Contributivo;No Aplica;No Aplica;23;23001;NUEVA EPS;RÉGIMEN CONTRIBUTIVO;EPS037;NUEVA EPS;23;23001;01;"BARRERAS EN EL ACCESO A TECNOLOGÍAS Y SERVICIOS DE SALUD; Y OTROS ELEMENTOS COMPLEMENTARIOS PARA LA ATENCIÓN DEL USUARIO";0103;FALTA DE OPORTUNIDAD EN LA AUTORIZACIÓN DE TECNOLOGÍAS EN SALUD Y OTROS ELEMENTOS COMPLEMENTARIOS PARA LA ATENCIÓN DEL USUARIO;010304;FALTA DE OPORTUNIDAD EN LA AUTORIZACIÓN DE OTROS SERVICIOS DE SALUD;01030409;PROCEDIMIENTOS QUIRÚRGICOS;01030409003;OTROS PROCEDIMIENTOS QUIRÚRGICOS;ENFERMEDADES OSTEOARTICULARES;OTROS;FRACTURA DEL FÉMUR, PARTE NO ESPECIFICADA;Reemplazos articulares;PRIORIZADO
794;2024;7;Web;63;63001;US- 000004066694;A nombre propio;HOMBRE;31;DE 30 A 37 AÑOS;No Aplica;Contributivo;No Aplica;No Aplica;63;63001;NUEVA EPS;RÉGIMEN CONTRIBUTIVO;EPS037;NUEVA EPS;63;63001;01;"BARRERAS EN EL ACCESO A TECNOLOGÍAS Y SERVICIOS DE SALUD; Y OTROS ELEMENTOS COMPLEMENTARIOS PARA LA ATENCIÓN DEL USUARIO";0101;FALTA DE OPORTUNIDAD EN LA PRESTACIÓN DE TECNOLOGÍAS EN SALUD Y OTROS ELEMENTOS COMPLEMENTARIOS PARA LA ATENCIÓN DEL USUARIO;010103;FALTA DE OPORTUNIDAD EN LA ATENCIÓN EN OTROS SERVICIOS DE SALUD;01010308;PROCEDIMIENTOS NO QUIRÚRGICOS;01010308006;OTROS PROCEDIMIENTOS NO QUIRÚRGICOS;PROBLEMAS RELACIONADOS CON FACILIDADES DE ATENCIÓN MÉDICA U OTROS SERVICIOS DE SALUD;PROBLEMAS RELACIONADOS CON FACILIDADES DE ATENCIÓN MÉDICA U OTROS SERVICIOS DE SALUD;HIPOACUSIA, NO ESPECIFICADA;No aplica;SIMPLE
795;2024;7;Web;15;15238;US- 000003818624;A nombre propio;HOMBRE;17;DE 13 A 17 AÑOS;No Aplica;Subsidiado;No Aplica;No Aplica;15;15238;SANITAS;RÉGIMEN CONTRIBUTIVO;EPS005;SANITAS;15;15238;01;"BARRERAS EN EL ACCESO A TECNOLOGÍAS Y SERVICIOS DE SALUD; Y OTROS ELEMENTOS COMPLEMENTARIOS PARA LA ATENCIÓN DEL USUARIO";0101;FALTA DE OPORTUNIDAD EN LA PRESTACIÓN DE TECNOLOGÍAS EN SALUD Y OTROS ELEMENTOS COMPLEMENTARIOS PARA LA ATENCIÓN DEL USUARIO;010103;FALTA DE OPORTUNIDAD EN LA ATENCIÓN EN OTROS SERVICIOS DE SALUD;01010308;PROCEDIMIENTOS NO QUIRÚRGICOS;01010308001;IMAGENOLOGÍA;PROBLEMAS RELACIONADOS CON FACILIDADES DE ATENCIÓN MÉDICA U OTROS SERVICIOS DE SALUD;PROBLEMAS RELACIONADOS CON FACILIDADES DE ATENCIÓN MÉDICA U OTROS SERVICIOS DE SALUD;PROBLEMAS RELACIONADOS CON FACILIDADES DE ATENCIÓN MEDICA U OTROS SERVICIOS DE SALUD;No aplica;SIMPLE
796;2024;7;Web;81;81001;US- 000004066695;Otro;MUJER;51;DE 50 A 62 AÑOS;Ninguno;Subsidiado;No Aplica;No Aplica;81;81001;NUEVA EPS;RÉGIMEN SUBSIDIADO;EPSS41;NUEVA EPS;81;81001;01;"BARRERAS EN EL ACCESO A TECNOLOGÍAS Y SERVICIOS DE SALUD; Y OTROS ELEMENTOS COMPLEMENTARIOS PARA LA ATENCIÓN DEL USUARIO";0101;FALTA DE OPORTUNIDAD EN LA PRESTACIÓN DE TECNOLOGÍAS EN SALUD Y OTROS ELEMENTOS COMPLEMENTARIOS PARA LA ATENCIÓN DEL USUARIO;010105;FALTA DE OPORTUNIDAD EN EL PROCESO DE REFERENCIA Y CONTRARREFERENCIA;;;;;PROBLEMAS RELACIONADOS CON FACILIDADES DE ATENCIÓN MÉDICA U OTROS SERVICIOS DE SALUD;PROBLEMAS RELACIONADOS CON FACILIDADES DE ATENCIÓN MÉDICA U OTROS SERVICIOS DE SALUD;OTRAS ATENCIONES MEDICAS ESPECIFICADAS;No aplica;PRIORIZADO
797;2024;7;Web;11;11001;US- 000002555512;A nombre propio;MUJER;62;DE 50 A 62 AÑOS;No Aplica;Contributivo;No Aplica;No Aplica;11;11001;SANITAS;RÉGIMEN CONTRIBUTIVO;EPS005;SANITAS;11;11001;01;"BARRERAS EN EL ACCESO A TECNOLOGÍAS Y SERVICIOS DE SALUD; Y OTROS ELEMENTOS COMPLEMENTARIOS PARA LA ATENCIÓN DEL USUARIO";0103;FALTA DE OPORTUNIDAD EN LA AUTORIZACIÓN DE TECNOLOGÍAS EN SALUD Y OTROS ELEMENTOS COMPLEMENTARIOS PARA LA ATENCIÓN DEL USUARIO;010301;FALTA DE OPORTUNIDAD EN LA AUTORIZACIÓN DE TECNOLOGÍAS EN SALUD Y/O DE OTROS SERVICIOS;01030101;MEDICAMENTOS UPC;;;PROBLEMAS RELACIONADOS CON FACILIDADES DE ATENCIÓN MÉDICA U OTROS SERVICIOS DE SALUD;PROBLEMAS RELACIONADOS CON FACILIDADES DE ATENCIÓN MÉDICA U OTROS SERVICIOS DE SALUD;DOLOR CRÓNICO INTRATABLE;No aplica;SIMPLE
798;2024;7;Personalizado;25;25754;US- 000000345622;A nombre propio;HOMBRE;48;DE 38 A 49 AÑOS;Universitario Incompleto;Contributivo;No Aplica;No Aplica;25;25754;FAMISANAR;RÉGIMEN CONTRIBUTIVO;EPS017;FAMISANAR;25;25754;01;"BARRERAS EN EL ACCESO A TECNOLOGÍAS Y SERVICIOS DE SALUD; Y OTROS ELEMENTOS COMPLEMENTARIOS PARA LA ATENCIÓN DEL USUARIO";0102;NEGACIÓN DE TECNOLOGÍAS EN SALUD Y OTROS ELEMENTOS COMPLEMENTARIOS PARA LA ATENCIÓN DEL USUARIO;010203;NEGACIÓN EN LA ATENCIÓN EN OTROS SERVICIOS DE SALUD;01020309;PROCEDIMIENTOS QUIRÚRGICOS;01020309003;OTROS PROCEDIMIENTOS QUIRÚRGICOS;ENFERMEDADES OSTEOARTICULARES;OTROS;SÍNDROME DE MANGUITO ROTATORIO;No aplica;SIMPLE
799;2024;7;Escrito;11;11001;US- 000004066696;A nombre propio;MUJER;58;DE 50 A 62 AÑOS;No Aplica;No aplica;No Aplica;No Aplica;11;11001;SECRETARÍA DISTRITAL DE SALUD  DE BOGOTA;ENTIDADES TERRITORIALES;999998;SECRETARIA DISTRITAL DE SALUD  DE BOGOTA;11;11001;04;INSATISFACCIÓN DEL USUARIO CON EL PROCESO ADMINISTRATIVO;0404;INSATISFACCIÓN RELACIONADA CON TRÁMITES ADMINISTRATIVOS;040402;FALLAS O IRREGULARIDADES EN EL MANEJO TÉCNICO DE LA HISTORIA CLÍNICA Y/O REGISTROS ASISTENCIALES;;;;;PROBLEMAS RELACIONADOS CON FACILIDADES DE ATENCIÓN MÉDICA U OTROS SERVICIOS DE SALUD;PROBLEMAS RELACIONADOS CON FACILIDADES DE ATENCIÓN MÉDICA U OTROS SERVICIOS DE SALUD;PROBLEMAS RELACIONADOS CON FACILIDADES DE ATENCIÓN MEDICA U OTROS SERVICIOS DE SALUD;No aplica;SIMPLE
800;2024;7;Personalizado;05;05001;US- 000002371969;A nombre propio;MUJER;30;DE 30 A 37 AÑOS;Universitario Incompleto;Contributivo;No Aplica;No Aplica;05;05001;SALUD TOTAL;RÉGIMEN CONTRIBUTIVO;EPS002;SALUD TOTAL;05;05001;01;"BARRERAS EN EL ACCESO A TECNOLOGÍAS Y SERVICIOS DE SALUD; Y OTROS ELEMENTOS COMPLEMENTARIOS PARA LA ATENCIÓN DEL USUARIO";0102;NEGACIÓN DE TECNOLOGÍAS EN SALUD Y OTROS ELEMENTOS COMPLEMENTARIOS PARA LA ATENCIÓN DEL USUARIO;010201;NEGACIÓN EN LA ASIGNACIÓN DE CITAS O CONSULTAS;01020103;ESPECIALIDADES MÉDICAS ;01020103080;OTORRINOLARINGOLOGÍA;ENFERMEDADES OSTEOARTICULARES;OTROS;DESVIACIÓN DEL TABIQUE NASAL;No aplica;SIMPLE
801;2024;7;Telefónico;11;11001;US- 000001594089;Hijo (A);MUJER;55;DE 50 A 62 AÑOS;Primaria;Contributivo;No Aplica;Persona con discapacidad;11;11001;SANITAS;RÉGIMEN CONTRIBUTIVO;EPS005;SANITAS;11;11001;01;"BARRERAS EN EL ACCESO A TECNOLOGÍAS Y SERVICIOS DE SALUD; Y OTROS ELEMENTOS COMPLEMENTARIOS PARA LA ATENCIÓN DEL USUARIO";0101;FALTA DE OPORTUNIDAD EN LA PRESTACIÓN DE TECNOLOGÍAS EN SALUD Y OTROS ELEMENTOS COMPLEMENTARIOS PARA LA ATENCIÓN DEL USUARIO;010103;FALTA DE OPORTUNIDAD EN LA ATENCIÓN EN OTROS SERVICIOS DE SALUD;01010308;PROCEDIMIENTOS NO QUIRÚRGICOS;01010308006;OTROS PROCEDIMIENTOS NO QUIRÚRGICOS;PROBLEMAS RELACIONADOS CON FACILIDADES DE ATENCIÓN MÉDICA U OTROS SERVICIOS DE SALUD;PROBLEMAS RELACIONADOS CON FACILIDADES DE ATENCIÓN MÉDICA U OTROS SERVICIOS DE SALUD;GAMMOPATIA MONOCLONAL;No aplica;PRIORIZADO
802;2024;7;Web;08;08638;US- 000004066697;A nombre propio;HOMBRE;30;DE 30 A 37 AÑOS;No Aplica;Contributivo;No Aplica;No Aplica;08;08638;SALUD TOTAL;RÉGIMEN CONTRIBUTIVO;EPS002;SALUD TOTAL;08;08638;01;"BARRERAS EN EL ACCESO A TECNOLOGÍAS Y SERVICIOS DE SALUD; Y OTROS ELEMENTOS COMPLEMENTARIOS PARA LA ATENCIÓN DEL USUARIO";0103;FALTA DE OPORTUNIDAD EN LA AUTORIZACIÓN DE TECNOLOGÍAS EN SALUD Y OTROS ELEMENTOS COMPLEMENTARIOS PARA LA ATENCIÓN DEL USUARIO;010304;FALTA DE OPORTUNIDAD EN LA AUTORIZACIÓN DE OTROS SERVICIOS DE SALUD;01030409;PROCEDIMIENTOS QUIRÚRGICOS;01030409003;OTROS PROCEDIMIENTOS QUIRÚRGICOS;PROBLEMAS RELACIONADOS CON FACILIDADES DE ATENCIÓN MÉDICA U OTROS SERVICIOS DE SALUD;PROBLEMAS RELACIONADOS CON FACILIDADES DE ATENCIÓN MÉDICA U OTROS SERVICIOS DE SALUD;OTROS PROBLEMAS RELACIONADOS CON SERVICIOS MÉDICOS Y DE SALUD;No aplica;PRIORIZADO
803;2024;7;Telefónico;05;05001;US- 000003639692;A nombre propio;HOMBRE;38;DE 38 A 49 AÑOS;Universitario Incompleto;Contributivo;No Aplica;Persona con discapacidad;05;05001;SALUD TOTAL;RÉGIMEN CONTRIBUTIVO;EPS002;SALUD TOTAL;05;05088;04;INSATISFACCIÓN DEL USUARIO CON EL PROCESO ADMINISTRATIVO;0405;PROBLEMAS EN EL RECONOCIMIENTO Y/O PAGO DE PRESTACIONES ECONÓMICAS;040501;NO RECONOCIMIENTO Y/O PAGO DE LAS PRESTACIONES ECONÓMICAS;04050109;INCAPACIDAD POR ACCIDENTE DE TRÁNSITO;;;ENFERMEDADES OSTEOARTICULARES;OTROS;PROBLEMAS RELACIONADOS CON FACILIDADES DE ATENCIÓN MEDICA U OTROS SERVICIOS DE SALUD;No aplica;SIMPLE
804;2024;7;Escrito;08;08078;US- 000004066698;Otro;MUJER;2;DE 0 A 5 AÑOS;No Aplica;Subsidiado;No Aplica;No Aplica;08;08078;NUEVA EPS;RÉGIMEN SUBSIDIADO;EPSS41;NUEVA EPS;08;08078;01;"BARRERAS EN EL ACCESO A TECNOLOGÍAS Y SERVICIOS DE SALUD; Y OTROS ELEMENTOS COMPLEMENTARIOS PARA LA ATENCIÓN DEL USUARIO";0101;FALTA DE OPORTUNIDAD EN LA PRESTACIÓN DE TECNOLOGÍAS EN SALUD Y OTROS ELEMENTOS COMPLEMENTARIOS PARA LA ATENCIÓN DEL USUARIO;010103;FALTA DE OPORTUNIDAD EN LA ATENCIÓN EN OTROS SERVICIOS DE SALUD;01010308;PROCEDIMIENTOS NO QUIRÚRGICOS;01010308001;IMAGENOLOGÍA;MATERNO INFANTIL;ATENCIÓN NIÑOS MENORES DE 5 AÑOS;OTROS PROBLEMAS RELACIONADOS CON SERVICIOS MÉDICOS Y DE SALUD;No aplica;SIMPLE
805;2024;7;Personalizado;68;68001;US- 000004066699;A nombre propio;HOMBRE;69;MAYOR DE 63 AÑOS ;Universitario Incompleto;Subsidiado;No Aplica;No Aplica;68;68001;NUEVA EPS;RÉGIMEN SUBSIDIADO;EPSS41;NUEVA EPS;68;68001;01;"BARRERAS EN EL ACCESO A TECNOLOGÍAS Y SERVICIOS DE SALUD; Y OTROS ELEMENTOS COMPLEMENTARIOS PARA LA ATENCIÓN DEL USUARIO";0101;FALTA DE OPORTUNIDAD EN LA PRESTACIÓN DE TECNOLOGÍAS EN SALUD Y OTROS ELEMENTOS COMPLEMENTARIOS PARA LA ATENCIÓN DEL USUARIO;010104;FALTA DE OPORTUNIDAD EN LA ENTREGA O ENTREGA INCOMPLETA DE TECNOLOGÍAS EN SALUD Y/O PRESTACIÓN DE OTROS SERVICIOS;01010401;MEDICAMENTOS UPC;;;PROBLEMAS RELACIONADOS CON FACILIDADES DE ATENCIÓN MÉDICA U OTROS SERVICIOS DE SALUD;PROBLEMAS RELACIONADOS CON FACILIDADES DE ATENCIÓN MÉDICA U OTROS SERVICIOS DE SALUD;HIPERPLASIA DE LA PRÓSTATA;No aplica;SIMPLE
806;2024;7;Web;13;13001;US- 000004066700;A nombre propio;MUJER;63;MAYOR DE 63 AÑOS ;No Aplica;Contributivo;No Aplica;No Aplica;13;13001;SURAMERICANA EPS;RÉGIMEN CONTRIBUTIVO;EPS010;EPS SURA;13;13001;01;"BARRERAS EN EL ACCESO A TECNOLOGÍAS Y SERVICIOS DE SALUD; Y OTROS ELEMENTOS COMPLEMENTARIOS PARA LA ATENCIÓN DEL USUARIO";0101;FALTA DE OPORTUNIDAD EN LA PRESTACIÓN DE TECNOLOGÍAS EN SALUD Y OTROS ELEMENTOS COMPLEMENTARIOS PARA LA ATENCIÓN DEL USUARIO;010101;FALTA DE OPORTUNIDAD EN LAS CITAS O CONSULTAS;01010103;ESPECIALIDADES MÉDICAS ;01010103074;OCULOPLASTIA;PROBLEMAS RELACIONADOS CON FACILIDADES DE ATENCIÓN MÉDICA U OTROS SERVICIOS DE SALUD;PROBLEMAS RELACIONADOS CON FACILIDADES DE ATENCIÓN MÉDICA U OTROS SERVICIOS DE SALUD;TUMOR BENIGNO DE LA ORBITA, PARTE NO ESPECIFICADA;No aplica;SIMPLE
807;2024;7;Escrito;66;66001;US- 000004066701;A nombre propio;MUJER;46;DE 38 A 49 AÑOS;No Aplica;Contributivo;No Aplica;No Aplica;66;66001;SALUD TOTAL;RÉGIMEN CONTRIBUTIVO;EPS002;SALUD TOTAL;66;66001;04;INSATISFACCIÓN DEL USUARIO CON EL PROCESO ADMINISTRATIVO;0404;INSATISFACCIÓN RELACIONADA CON TRÁMITES ADMINISTRATIVOS;040403;INCONSISTENCIAS EN LA AFILIACIÓN;04040306;CAMBIO DE RÉGIMEN;;;PROBLEMAS RELACIONADOS CON FACILIDADES DE ATENCIÓN MÉDICA U OTROS SERVICIOS DE SALUD;PROBLEMAS RELACIONADOS CON FACILIDADES DE ATENCIÓN MÉDICA U OTROS SERVICIOS DE SALUD;OTROS PROBLEMAS RELACIONADOS CON SERVICIOS MÉDICOS Y DE SALUD;No aplica;SIMPLE
808;2024;7;Personalizado;05;05001;US- 000004066702;A nombre propio;MUJER;50;DE 50 A 62 AÑOS;Secundaria;Contributivo;No Aplica;No Aplica;05;05001;SALUD TOTAL;RÉGIMEN CONTRIBUTIVO;EPS002;SALUD TOTAL;05;05001;01;"BARRERAS EN EL ACCESO A TECNOLOGÍAS Y SERVICIOS DE SALUD; Y OTROS ELEMENTOS COMPLEMENTARIOS PARA LA ATENCIÓN DEL USUARIO";0102;NEGACIÓN DE TECNOLOGÍAS EN SALUD Y OTROS ELEMENTOS COMPLEMENTARIOS PARA LA ATENCIÓN DEL USUARIO;010201;NEGACIÓN EN LA ASIGNACIÓN DE CITAS O CONSULTAS;01020103;ESPECIALIDADES MÉDICAS ;01020103042;GASTROENTEROLOGÍA;PROBLEMAS RELACIONADOS CON FACILIDADES DE ATENCIÓN MÉDICA U OTROS SERVICIOS DE SALUD;PROBLEMAS RELACIONADOS CON FACILIDADES DE ATENCIÓN MÉDICA U OTROS SERVICIOS DE SALUD;SÍNDROME DEL COLON IRRITABLE;No aplica;SIMPLE
809;2024;7;Web;11;11001;US- 000004066703;A nombre propio;HOMBRE;62;DE 50 A 62 AÑOS;No Aplica;Subsidiado;No Aplica;No Aplica;11;11001;CAPITAL SALUD;RÉGIMEN SUBSIDIADO;EPSS34;CAPITAL SALUD;11;11001;01;"BARRERAS EN EL ACCESO A TECNOLOGÍAS Y SERVICIOS DE SALUD; Y OTROS ELEMENTOS COMPLEMENTARIOS PARA LA ATENCIÓN DEL USUARIO";0102;NEGACIÓN DE TECNOLOGÍAS EN SALUD Y OTROS ELEMENTOS COMPLEMENTARIOS PARA LA ATENCIÓN DEL USUARIO;010201;NEGACIÓN EN LA ASIGNACIÓN DE CITAS O CONSULTAS;01020103;ESPECIALIDADES MÉDICAS ;01020103094;UROLOGÍA;PROBLEMAS RELACIONADOS CON FACILIDADES DE ATENCIÓN MÉDICA U OTROS SERVICIOS DE SALUD;PROBLEMAS RELACIONADOS CON FACILIDADES DE ATENCIÓN MÉDICA U OTROS SERVICIOS DE SALUD;HIPERPLASIA DE LA PRÓSTATA;No aplica;SIMPLE
810;2024;7;Correo;44;44001;US- 000003692777;A nombre propio;MUJER;35;DE 30 A 37 AÑOS;No Aplica;Contributivo;No Aplica;No Aplica;44;44001;CAJACOPI EPS;RÉGIMEN SUBSIDIADO;CCF055;CAJACOPI EPS;44;44001;01;"BARRERAS EN EL ACCESO A TECNOLOGÍAS Y SERVICIOS DE SALUD; Y OTROS ELEMENTOS COMPLEMENTARIOS PARA LA ATENCIÓN DEL USUARIO";0101;FALTA DE OPORTUNIDAD EN LA PRESTACIÓN DE TECNOLOGÍAS EN SALUD Y OTROS ELEMENTOS COMPLEMENTARIOS PARA LA ATENCIÓN DEL USUARIO;010101;FALTA DE OPORTUNIDAD EN LAS CITAS O CONSULTAS;01010103;ESPECIALIDADES MÉDICAS ;01010103054;INFECTOLOGÍA;ENFERMEDADES OSTEOARTICULARES;OTROS;ESPONDILOPATIA INFLAMATORIA, NO ESPECIFICADA;No aplica;SIMPLE
811;2024;7;Telefónico;52;52399;US- 000003026935;A nombre propio;MUJER;37;DE 30 A 37 AÑOS;Universitario;Subsidiado;No Aplica;No Aplica;52;52399;MALLAMAS -EPSI;RÉGIMEN SUBSIDIADO;EPSI05;MALLAMAS (EPS-I);52;52399;01;"BARRERAS EN EL ACCESO A TECNOLOGÍAS Y SERVICIOS DE SALUD; Y OTROS ELEMENTOS COMPLEMENTARIOS PARA LA ATENCIÓN DEL USUARIO";0101;FALTA DE OPORTUNIDAD EN LA PRESTACIÓN DE TECNOLOGÍAS EN SALUD Y OTROS ELEMENTOS COMPLEMENTARIOS PARA LA ATENCIÓN DEL USUARIO;010101;FALTA DE OPORTUNIDAD EN LAS CITAS O CONSULTAS;01010101;MEDICINA GENERAL;;;PROBLEMAS RELACIONADOS CON FACILIDADES DE ATENCIÓN MÉDICA U OTROS SERVICIOS DE SALUD;PROBLEMAS RELACIONADOS CON FACILIDADES DE ATENCIÓN MÉDICA U OTROS SERVICIOS DE SALUD;ALERGIA NO ESPECIFICADA;No aplica;SIMPLE
812;2024;7;Escrito;20;20770;US- 000004066704;A nombre propio;MUJER;77;MAYOR DE 63 AÑOS ;No Aplica;Subsidiado;No Aplica;No Aplica;20;20770;ASMET SALUD EPS;RÉGIMEN SUBSIDIADO;ESS062;ASMET SALUD;20;20770;01;"BARRERAS EN EL ACCESO A TECNOLOGÍAS Y SERVICIOS DE SALUD; Y OTROS ELEMENTOS COMPLEMENTARIOS PARA LA ATENCIÓN DEL USUARIO";0103;FALTA DE OPORTUNIDAD EN LA AUTORIZACIÓN DE TECNOLOGÍAS EN SALUD Y OTROS ELEMENTOS COMPLEMENTARIOS PARA LA ATENCIÓN DEL USUARIO;010301;FALTA DE OPORTUNIDAD EN LA AUTORIZACIÓN DE TECNOLOGÍAS EN SALUD Y/O DE OTROS SERVICIOS;01030108;TRANSPORTE, ALOJAMIENTO O ALIMENTACIÓN;;;ENFERMEDADES CRÓNICAS NO TRASMISIBLES CARDIOVASCULARES;HTA (HIPERTENSIÓN ARTERIAL);PROLAPSO RECTAL;No aplica;SIMPLE
813;2024;7;Escrito;76;76834;US- 000004066705;A nombre propio;HOMBRE;52;DE 50 A 62 AÑOS;No Aplica;Contributivo;No Aplica;No Aplica;76;76834;SANITAS;RÉGIMEN CONTRIBUTIVO;EPS005;SANITAS;76;76834;01;"BARRERAS EN EL ACCESO A TECNOLOGÍAS Y SERVICIOS DE SALUD; Y OTROS ELEMENTOS COMPLEMENTARIOS PARA LA ATENCIÓN DEL USUARIO";0101;FALTA DE OPORTUNIDAD EN LA PRESTACIÓN DE TECNOLOGÍAS EN SALUD Y OTROS ELEMENTOS COMPLEMENTARIOS PARA LA ATENCIÓN DEL USUARIO;010104;FALTA DE OPORTUNIDAD EN LA ENTREGA O ENTREGA INCOMPLETA DE TECNOLOGÍAS EN SALUD Y/O PRESTACIÓN DE OTROS SERVICIOS;01010401;MEDICAMENTOS UPC;;;ENFERMEDADES CRÓNICAS NO TRANSMISIBLES –DIABETES;DIABETES;DIABETES MELLITUS NO INSULINODEPENDIENTE SIN MENCIÓN DE COMPLICACIÓN;No aplica;SIMPLE
814;2024;7;Web;11;11001;US- 000001188086;A nombre propio;MUJER;42;DE 38 A 49 AÑOS;No Aplica;Contributivo;No Aplica;No Aplica;11;11001;FAMISANAR;RÉGIMEN CONTRIBUTIVO;EPS017;FAMISANAR;11;11001;02;INSATISFACCIÓN RELACIONADA CON LA ATENCIÓN EN SALUD;0201;INSATISFACCIÓN RELACIONADA CON LA ATENCIÓN EN SALUD POR FALTA DE OPORTUNIDAD;020101;INSATISFACCIÓN POR FALTA DE OPORTUNIDAD EN LA ATENCIÓN POR PARTE DEL PERSONAL DE SALUD;02010104;SERVICIO DE URGENCIAS;;;PROBLEMAS RELACIONADOS CON FACILIDADES DE ATENCIÓN MÉDICA U OTROS SERVICIOS DE SALUD;PROBLEMAS RELACIONADOS CON FACILIDADES DE ATENCIÓN MÉDICA U OTROS SERVICIOS DE SALUD;OTROS PROBLEMAS RELACIONADOS CON SERVICIOS MÉDICOS Y DE SALUD;No aplica;SIMPLE
815;2024;7;Web;05;05001;US- 000003490728;A nombre propio;HOMBRE;49;DE 38 A 49 AÑOS;No Aplica;Contributivo;No Aplica;No Aplica;05;05001;SANITAS;RÉGIMEN CONTRIBUTIVO;EPS005;SANITAS;05;05001;01;"BARRERAS EN EL ACCESO A TECNOLOGÍAS Y SERVICIOS DE SALUD; Y OTROS ELEMENTOS COMPLEMENTARIOS PARA LA ATENCIÓN DEL USUARIO";0101;FALTA DE OPORTUNIDAD EN LA PRESTACIÓN DE TECNOLOGÍAS EN SALUD Y OTROS ELEMENTOS COMPLEMENTARIOS PARA LA ATENCIÓN DEL USUARIO;010103;FALTA DE OPORTUNIDAD EN LA ATENCIÓN EN OTROS SERVICIOS DE SALUD;01010309;PROCEDIMIENTOS QUIRÚRGICOS;01010309003;OTROS PROCEDIMIENTOS QUIRÚRGICOS;PROBLEMAS RELACIONADOS CON FACILIDADES DE ATENCIÓN MÉDICA U OTROS SERVICIOS DE SALUD;PROBLEMAS RELACIONADOS CON FACILIDADES DE ATENCIÓN MÉDICA U OTROS SERVICIOS DE SALUD;PROBLEMAS RELACIONADOS CON FACILIDADES DE ATENCIÓN MEDICA U OTROS SERVICIOS DE SALUD;No aplica;SIMPLE
816;2024;7;Web;76;76736;US- 000004066706;A nombre propio;MUJER;68;MAYOR DE 63 AÑOS ;No Aplica;Contributivo;No Aplica;No Aplica;76;76736;EMSSANAR EPS;RÉGIMEN SUBSIDIADO;ESS118;EMSSANAR;76;76736;01;"BARRERAS EN EL ACCESO A TECNOLOGÍAS Y SERVICIOS DE SALUD; Y OTROS ELEMENTOS COMPLEMENTARIOS PARA LA ATENCIÓN DEL USUARIO";0101;FALTA DE OPORTUNIDAD EN LA PRESTACIÓN DE TECNOLOGÍAS EN SALUD Y OTROS ELEMENTOS COMPLEMENTARIOS PARA LA ATENCIÓN DEL USUARIO;010103;FALTA DE OPORTUNIDAD EN LA ATENCIÓN EN OTROS SERVICIOS DE SALUD;01010309;PROCEDIMIENTOS QUIRÚRGICOS;01010309003;OTROS PROCEDIMIENTOS QUIRÚRGICOS;PROBLEMAS RELACIONADOS CON FACILIDADES DE ATENCIÓN MÉDICA U OTROS SERVICIOS DE SALUD;PROBLEMAS RELACIONADOS CON FACILIDADES DE ATENCIÓN MÉDICA U OTROS SERVICIOS DE SALUD;CATARATA SENIL NUCLEAR;No aplica;SIMPLE
817;2024;7;Telefónico;05;05400;US- 000001151732;A nombre propio;MUJER;40;DE 38 A 49 AÑOS;Secundaria;Subsidiado;No Aplica;Desplazado;05;05400;NUEVA EPS;RÉGIMEN SUBSIDIADO;EPSS41;NUEVA EPS;05;05001;01;"BARRERAS EN EL ACCESO A TECNOLOGÍAS Y SERVICIOS DE SALUD; Y OTROS ELEMENTOS COMPLEMENTARIOS PARA LA ATENCIÓN DEL USUARIO";0101;FALTA DE OPORTUNIDAD EN LA PRESTACIÓN DE TECNOLOGÍAS EN SALUD Y OTROS ELEMENTOS COMPLEMENTARIOS PARA LA ATENCIÓN DEL USUARIO;010103;FALTA DE OPORTUNIDAD EN LA ATENCIÓN EN OTROS SERVICIOS DE SALUD;01010308;PROCEDIMIENTOS NO QUIRÚRGICOS;01010308006;OTROS PROCEDIMIENTOS NO QUIRÚRGICOS;PROBLEMAS RELACIONADOS CON FACILIDADES DE ATENCIÓN MÉDICA U OTROS SERVICIOS DE SALUD;PROBLEMAS RELACIONADOS CON FACILIDADES DE ATENCIÓN MÉDICA U OTROS SERVICIOS DE SALUD;ESTRECHEZ URETRAL, NO ESPECIFICADA;No aplica;SIMPLE
818;2024;7;Personalizado;66;66001;US- 000004066707;A nombre propio;HOMBRE;61;DE 50 A 62 AÑOS;Secundaria;Contributivo;No Aplica;No Aplica;66;66001;SANITAS;RÉGIMEN CONTRIBUTIVO;EPS005;SANITAS;66;66001;01;"BARRERAS EN EL ACCESO A TECNOLOGÍAS Y SERVICIOS DE SALUD; Y OTROS ELEMENTOS COMPLEMENTARIOS PARA LA ATENCIÓN DEL USUARIO";0102;NEGACIÓN DE TECNOLOGÍAS EN SALUD Y OTROS ELEMENTOS COMPLEMENTARIOS PARA LA ATENCIÓN DEL USUARIO;010201;NEGACIÓN EN LA ASIGNACIÓN DE CITAS O CONSULTAS;01020103;ESPECIALIDADES MÉDICAS ;01020103002;ANESTESIOLOGÍA;PROBLEMAS RELACIONADOS CON FACILIDADES DE ATENCIÓN MÉDICA U OTROS SERVICIOS DE SALUD;PROBLEMAS RELACIONADOS CON FACILIDADES DE ATENCIÓN MÉDICA U OTROS SERVICIOS DE SALUD;CALCULO DEL URÉTER;No aplica;SIMPLE
819;2024;7;Telefónico;05;05376;US- 000002135154;Hijo (A);MUJER;66;MAYOR DE 63 AÑOS ;Primaria;Contributivo;No Aplica;No Aplica;05;05376;NUEVA EPS;RÉGIMEN CONTRIBUTIVO;EPS037;NUEVA EPS;05;05376;01;"BARRERAS EN EL ACCESO A TECNOLOGÍAS Y SERVICIOS DE SALUD; Y OTROS ELEMENTOS COMPLEMENTARIOS PARA LA ATENCIÓN DEL USUARIO";0102;NEGACIÓN DE TECNOLOGÍAS EN SALUD Y OTROS ELEMENTOS COMPLEMENTARIOS PARA LA ATENCIÓN DEL USUARIO;010203;NEGACIÓN EN LA ATENCIÓN EN OTROS SERVICIOS DE SALUD;01020309;PROCEDIMIENTOS QUIRÚRGICOS;01020309003;OTROS PROCEDIMIENTOS QUIRÚRGICOS;ENFERMEDADES CRÓNICAS NO TRASMISIBLES CARDIOVASCULARES;OTROS;INSUFICIENCIA CARDIACA CONGESTIVA;No aplica;PRIORIZADO
820;2024;7;Web;11;11001;US- 000000805843;Madre;HOMBRE;15;DE 13 A 17 AÑOS;No Aplica;Régimen Especial;No Aplica;No Aplica;11;11001;MAGISTERIO;REGÍMENES DE EXCEPCIÓN Y ESPECIALES;REMG01;MAGISTERIO;11;11001;01;"BARRERAS EN EL ACCESO A TECNOLOGÍAS Y SERVICIOS DE SALUD; Y OTROS ELEMENTOS COMPLEMENTARIOS PARA LA ATENCIÓN DEL USUARIO";0101;FALTA DE OPORTUNIDAD EN LA PRESTACIÓN DE TECNOLOGÍAS EN SALUD Y OTROS ELEMENTOS COMPLEMENTARIOS PARA LA ATENCIÓN DEL USUARIO;010103;FALTA DE OPORTUNIDAD EN LA ATENCIÓN EN OTROS SERVICIOS DE SALUD;01010308;PROCEDIMIENTOS NO QUIRÚRGICOS;01010308006;OTROS PROCEDIMIENTOS NO QUIRÚRGICOS;ENFERMEDADES CRÓNICAS NO TRASMISIBLES CARDIOVASCULARES;OTROS;ARRITMIA CARDIACA, NO ESPECIFICADA;No aplica;SIMPLE
821;2024;7;Personalizado;66;66001;US- 000004066708;A nombre propio;MUJER;95;MAYOR DE 63 AÑOS ;Primaria Incompleta;Subsidiado;No Aplica;No Aplica;66;66001;ASMET SALUD EPS;RÉGIMEN SUBSIDIADO;ESS062;ASMET SALUD;66;66170;01;"BARRERAS EN EL ACCESO A TECNOLOGÍAS Y SERVICIOS DE SALUD; Y OTROS ELEMENTOS COMPLEMENTARIOS PARA LA ATENCIÓN DEL USUARIO";0103;FALTA DE OPORTUNIDAD EN LA AUTORIZACIÓN DE TECNOLOGÍAS EN SALUD Y OTROS ELEMENTOS COMPLEMENTARIOS PARA LA ATENCIÓN DEL USUARIO;010301;FALTA DE OPORTUNIDAD EN LA AUTORIZACIÓN DE TECNOLOGÍAS EN SALUD Y/O DE OTROS SERVICIOS;01030106;SOPORTE NUTRICIONAL;;;PROBLEMAS RELACIONADOS CON FACILIDADES DE ATENCIÓN MÉDICA U OTROS SERVICIOS DE SALUD;PROBLEMAS RELACIONADOS CON FACILIDADES DE ATENCIÓN MÉDICA U OTROS SERVICIOS DE SALUD;DESNUTRICIÓN PROTEICOCALORICA MODERADA;No aplica;PRIORIZADO
822;2024;7;Personalizado;05;05001;US- 000004066709;Madre;MUJER;26;DE 25 A 29 AÑOS;Universitario;Subsidiado;No Aplica;No Aplica;05;05360;NUEVA EPS;RÉGIMEN CONTRIBUTIVO;EPS037;NUEVA EPS;05;05360;04;INSATISFACCIÓN DEL USUARIO CON EL PROCESO ADMINISTRATIVO;0404;INSATISFACCIÓN RELACIONADA CON TRÁMITES ADMINISTRATIVOS;040403;INCONSISTENCIAS EN LA AFILIACIÓN;04040303;SUSPENSIÓN POR MORA ;;;PROBLEMAS RELACIONADOS CON FACILIDADES DE ATENCIÓN MÉDICA U OTROS SERVICIOS DE SALUD;PROBLEMAS RELACIONADOS CON FACILIDADES DE ATENCIÓN MÉDICA U OTROS SERVICIOS DE SALUD;OTROS PROBLEMAS RELACIONADOS CON SERVICIOS MÉDICOS Y DE SALUD;No aplica;SIMPLE
823;2024;7;Telefónico;68;68081;US- 000001666684;A nombre propio;MUJER;53;DE 50 A 62 AÑOS;Primaria;Contributivo;No Aplica;Persona con discapacidad;68;68081;NUEVA EPS;RÉGIMEN CONTRIBUTIVO;EPS037;NUEVA EPS;68;68081;01;"BARRERAS EN EL ACCESO A TECNOLOGÍAS Y SERVICIOS DE SALUD; Y OTROS ELEMENTOS COMPLEMENTARIOS PARA LA ATENCIÓN DEL USUARIO";0101;FALTA DE OPORTUNIDAD EN LA PRESTACIÓN DE TECNOLOGÍAS EN SALUD Y OTROS ELEMENTOS COMPLEMENTARIOS PARA LA ATENCIÓN DEL USUARIO;010101;FALTA DE OPORTUNIDAD EN LAS CITAS O CONSULTAS;01010103;ESPECIALIDADES MÉDICAS ;01010103039;ENDOCRINOLOGÍA;PROBLEMAS RELACIONADOS CON FACILIDADES DE ATENCIÓN MÉDICA U OTROS SERVICIOS DE SALUD;PROBLEMAS RELACIONADOS CON FACILIDADES DE ATENCIÓN MÉDICA U OTROS SERVICIOS DE SALUD;PROBLEMAS RELACIONADOS CON FACILIDADES DE ATENCIÓN MEDICA U OTROS SERVICIOS DE SALUD;No aplica;SIMPLE
824;2024;7;Web;11;11001;US- 000003623890;A nombre propio;MUJER;38;DE 38 A 49 AÑOS;No Aplica;Subsidiado;No Aplica;No Aplica;11;11001;CAPITAL SALUD;RÉGIMEN SUBSIDIADO;EPSS34;CAPITAL SALUD;11;11001;01;"BARRERAS EN EL ACCESO A TECNOLOGÍAS Y SERVICIOS DE SALUD; Y OTROS ELEMENTOS COMPLEMENTARIOS PARA LA ATENCIÓN DEL USUARIO";0101;FALTA DE OPORTUNIDAD EN LA PRESTACIÓN DE TECNOLOGÍAS EN SALUD Y OTROS ELEMENTOS COMPLEMENTARIOS PARA LA ATENCIÓN DEL USUARIO;010101;FALTA DE OPORTUNIDAD EN LAS CITAS O CONSULTAS;01010103;ESPECIALIDADES MÉDICAS ;01010103002;ANESTESIOLOGÍA;PROBLEMAS RELACIONADOS CON FACILIDADES DE ATENCIÓN MÉDICA U OTROS SERVICIOS DE SALUD;PROBLEMAS RELACIONADOS CON FACILIDADES DE ATENCIÓN MÉDICA U OTROS SERVICIOS DE SALUD;OTROS TRASTORNOS DE LA MAMA;No aplica;SIMPLE
825;2024;7;Personalizado;70;70001;US- 000004066710;Hijo (A);MUJER;71;MAYOR DE 63 AÑOS ;Ninguno;Subsidiado;No Aplica;No Aplica;70;70001;NUEVA EPS;RÉGIMEN SUBSIDIADO;EPSS41;NUEVA EPS;70;70001;01;"BARRERAS EN EL ACCESO A TECNOLOGÍAS Y SERVICIOS DE SALUD; Y OTROS ELEMENTOS COMPLEMENTARIOS PARA LA ATENCIÓN DEL USUARIO";0102;NEGACIÓN DE TECNOLOGÍAS EN SALUD Y OTROS ELEMENTOS COMPLEMENTARIOS PARA LA ATENCIÓN DEL USUARIO;010201;NEGACIÓN EN LA ASIGNACIÓN DE CITAS O CONSULTAS;01020103;ESPECIALIDADES MÉDICAS ;01020103063;MEDICINA INTERNA;PROBLEMAS RELACIONADOS CON FACILIDADES DE ATENCIÓN MÉDICA U OTROS SERVICIOS DE SALUD;PROBLEMAS RELACIONADOS CON FACILIDADES DE ATENCIÓN MÉDICA U OTROS SERVICIOS DE SALUD;NÓDULO TIROIDEO SOLITARIO NO TOXICO;No aplica;SIMPLE
826;2024;7;Web;11;11001;US- 000001133938;Hijo (A);MUJER;70;MAYOR DE 63 AÑOS ;No Aplica;Subsidiado;No Aplica;No Aplica;11;11001;FAMISANAR;RÉGIMEN CONTRIBUTIVO;EPS017;FAMISANAR;11;11001;01;"BARRERAS EN EL ACCESO A TECNOLOGÍAS Y SERVICIOS DE SALUD; Y OTROS ELEMENTOS COMPLEMENTARIOS PARA LA ATENCIÓN DEL USUARIO";0101;FALTA DE OPORTUNIDAD EN LA PRESTACIÓN DE TECNOLOGÍAS EN SALUD Y OTROS ELEMENTOS COMPLEMENTARIOS PARA LA ATENCIÓN DEL USUARIO;010101;FALTA DE OPORTUNIDAD EN LAS CITAS O CONSULTAS;01010103;ESPECIALIDADES MÉDICAS ;01010103006;CARDIOLOGÍA;ENFERMEDADES CRÓNICAS NO TRASMISIBLES CARDIOVASCULARES;OTROS;ACCIDENTE VASCULAR ENCEFÁLICO AGUDO, NO ESPECIFICADO COMO HEMORRÁGICO O ISQUÉMICO;No aplica;PRIORIZADO
827;2024;7;Web;50;50001;US- 000002693488;A nombre propio;MUJER;38;DE 38 A 49 AÑOS;No Aplica;Contributivo;No Aplica;No Aplica;50;50001;SANITAS;RÉGIMEN CONTRIBUTIVO;EPS005;SANITAS;50;50001;01;"BARRERAS EN EL ACCESO A TECNOLOGÍAS Y SERVICIOS DE SALUD; Y OTROS ELEMENTOS COMPLEMENTARIOS PARA LA ATENCIÓN DEL USUARIO";0102;NEGACIÓN DE TECNOLOGÍAS EN SALUD Y OTROS ELEMENTOS COMPLEMENTARIOS PARA LA ATENCIÓN DEL USUARIO;010201;NEGACIÓN EN LA ASIGNACIÓN DE CITAS O CONSULTAS;01020103;ESPECIALIDADES MÉDICAS ;01020103039;ENDOCRINOLOGÍA;CÁNCER ;OTROS;OTROS PROBLEMAS RELACIONADOS CON SERVICIOS MÉDICOS Y DE SALUD;No aplica;PRIORIZADO
828;2024;7;Personalizado;76;76001;US- 000004066711;Hijo (A);HOMBRE;77;MAYOR DE 63 AÑOS ;Universitario Incompleto;Contributivo;No Aplica;No Aplica;76;76001;SURAMERICANA EPS;RÉGIMEN CONTRIBUTIVO;EPS010;EPS SURA;76;76001;01;"BARRERAS EN EL ACCESO A TECNOLOGÍAS Y SERVICIOS DE SALUD; Y OTROS ELEMENTOS COMPLEMENTARIOS PARA LA ATENCIÓN DEL USUARIO";0103;FALTA DE OPORTUNIDAD EN LA AUTORIZACIÓN DE TECNOLOGÍAS EN SALUD Y OTROS ELEMENTOS COMPLEMENTARIOS PARA LA ATENCIÓN DEL USUARIO;010304;FALTA DE OPORTUNIDAD EN LA AUTORIZACIÓN DE OTROS SERVICIOS DE SALUD;01030409;PROCEDIMIENTOS QUIRÚRGICOS;01030409003;OTROS PROCEDIMIENTOS QUIRÚRGICOS;CÁNCER ;OTROS;TUMOR MALIGNO DEL ESTOMAGO, PARTE NO ESPECIFICADA;No aplica;PRIORIZADO
829;2024;7;Escrito;54;54518;US- 000000792977;Otro;HOMBRE;9;DE 6 A 12 AÑOS;No Aplica;Contributivo;No Aplica;No Aplica;54;54518;SANITAS;RÉGIMEN CONTRIBUTIVO;EPS005;SANITAS;54;54518;01;"BARRERAS EN EL ACCESO A TECNOLOGÍAS Y SERVICIOS DE SALUD; Y OTROS ELEMENTOS COMPLEMENTARIOS PARA LA ATENCIÓN DEL USUARIO";0102;NEGACIÓN DE TECNOLOGÍAS EN SALUD Y OTROS ELEMENTOS COMPLEMENTARIOS PARA LA ATENCIÓN DEL USUARIO;010203;NEGACIÓN EN LA ATENCIÓN EN OTROS SERVICIOS DE SALUD;01020308;PROCEDIMIENTOS NO QUIRÚRGICOS;01020308001;IMAGENOLOGÍA;PROBLEMAS RELACIONADOS CON FACILIDADES DE ATENCIÓN MÉDICA U OTROS SERVICIOS DE SALUD;PROBLEMAS RELACIONADOS CON FACILIDADES DE ATENCIÓN MÉDICA U OTROS SERVICIOS DE SALUD;OTROS PROBLEMAS RELACIONADOS CON SERVICIOS MÉDICOS Y DE SALUD;No aplica;SIMPLE
830;2024;7;Chat;05;05001;US- 000002772861;Hijo (A);MUJER;77;MAYOR DE 63 AÑOS ;Secundaria Incompleta;Subsidiado;No Aplica;Desplazado;05;05284;COOSALUD;RÉGIMEN SUBSIDIADO;ESS024;COOSALUD;05;05284;01;"BARRERAS EN EL ACCESO A TECNOLOGÍAS Y SERVICIOS DE SALUD; Y OTROS ELEMENTOS COMPLEMENTARIOS PARA LA ATENCIÓN DEL USUARIO";0102;NEGACIÓN DE TECNOLOGÍAS EN SALUD Y OTROS ELEMENTOS COMPLEMENTARIOS PARA LA ATENCIÓN DEL USUARIO;010204;NEGACIÓN PARA LA ENTREGA DE TECNOLOGÍAS EN SALUD Y/O DE OTROS SERVICIOS AUTORIZADOS;01020401;MEDICAMENTOS UPC;;;ENFERMEDADES CRÓNICAS NO TRANSMISIBLES –DIABETES;DIABETES;DIABETES MELLITUS INSULINODEPENDIENTE;No aplica;PRIORIZADO
831;2024;7;Web;08;08638;US- 000004066712;A nombre propio;MUJER;59;DE 50 A 62 AÑOS;Ninguno;Régimen Especial;No Aplica;No Aplica;08;08638;MAGISTERIO;REGÍMENES DE EXCEPCIÓN Y ESPECIALES;REMG01;MAGISTERIO;08;08638;01;"BARRERAS EN EL ACCESO A TECNOLOGÍAS Y SERVICIOS DE SALUD; Y OTROS ELEMENTOS COMPLEMENTARIOS PARA LA ATENCIÓN DEL USUARIO";0102;NEGACIÓN DE TECNOLOGÍAS EN SALUD Y OTROS ELEMENTOS COMPLEMENTARIOS PARA LA ATENCIÓN DEL USUARIO;010203;NEGACIÓN EN LA ATENCIÓN EN OTROS SERVICIOS DE SALUD;01020309;PROCEDIMIENTOS QUIRÚRGICOS;01020309003;OTROS PROCEDIMIENTOS QUIRÚRGICOS;PROBLEMAS RELACIONADOS CON FACILIDADES DE ATENCIÓN MÉDICA U OTROS SERVICIOS DE SALUD;PROBLEMAS RELACIONADOS CON FACILIDADES DE ATENCIÓN MÉDICA U OTROS SERVICIOS DE SALUD;OTROS PROBLEMAS RELACIONADOS CON SERVICIOS MÉDICOS Y DE SALUD;No aplica;SIMPLE
832;2024;7;Web;05;05360;US- 000003102109;Madre;MUJER;87;MAYOR DE 63 AÑOS ;No Aplica;Contributivo;No Aplica;Persona con discapacidad;05;05266;SURAMERICANA EPS;RÉGIMEN CONTRIBUTIVO;EPS010;EPS SURA;05;05001;01;"BARRERAS EN EL ACCESO A TECNOLOGÍAS Y SERVICIOS DE SALUD; Y OTROS ELEMENTOS COMPLEMENTARIOS PARA LA ATENCIÓN DEL USUARIO";0101;FALTA DE OPORTUNIDAD EN LA PRESTACIÓN DE TECNOLOGÍAS EN SALUD Y OTROS ELEMENTOS COMPLEMENTARIOS PARA LA ATENCIÓN DEL USUARIO;010101;FALTA DE OPORTUNIDAD EN LAS CITAS O CONSULTAS;01010101;MEDICINA GENERAL;;;ENFERMEDADES CRÓNICAS NO TRASMISIBLES CARDIOVASCULARES;ACV (ACCIDENTE CEREBRO VASCULAR);ENFERMEDAD CEREBROVASCULAR, NO ESPECIFICADA;No aplica;PRIORIZADO
833;2024;7;Web;63;63001;US- 000004066713;Cónyuge;MUJER;54;DE 50 A 62 AÑOS;No Aplica;Contributivo;No Aplica;No Aplica;63;63001;SURAMERICANA EPS;RÉGIMEN CONTRIBUTIVO;EPS010;EPS SURA;63;63001;01;"BARRERAS EN EL ACCESO A TECNOLOGÍAS Y SERVICIOS DE SALUD; Y OTROS ELEMENTOS COMPLEMENTARIOS PARA LA ATENCIÓN DEL USUARIO";0103;FALTA DE OPORTUNIDAD EN LA AUTORIZACIÓN DE TECNOLOGÍAS EN SALUD Y OTROS ELEMENTOS COMPLEMENTARIOS PARA LA ATENCIÓN DEL USUARIO;010304;FALTA DE OPORTUNIDAD EN LA AUTORIZACIÓN DE OTROS SERVICIOS DE SALUD;01030402;HOSPITALIZACIÓN;;;CUIDADO INTENSIVO PARA CUALQUIER PATOLOGÍA;CUIDADO INTENSIVO PARA CUALQUIER PATOLOGÍA;TUMOR MALIGNO DEL FUNDUS GÁSTRICO;Quimioterapia y radioterapia para el cáncer;PRIORIZADO
834;2024;7;Personalizado;08;08001;US- 000004066714;Madre;HOMBRE;9;DE 6 A 12 AÑOS;No Aplica;Subsidiado;No Aplica;No Aplica;08;08001;MUTUAL SER;RÉGIMEN SUBSIDIADO;ESS207;MUTUAL SER;08;08001;01;"BARRERAS EN EL ACCESO A TECNOLOGÍAS Y SERVICIOS DE SALUD; Y OTROS ELEMENTOS COMPLEMENTARIOS PARA LA ATENCIÓN DEL USUARIO";0103;FALTA DE OPORTUNIDAD EN LA AUTORIZACIÓN DE TECNOLOGÍAS EN SALUD Y OTROS ELEMENTOS COMPLEMENTARIOS PARA LA ATENCIÓN DEL USUARIO;010301;FALTA DE OPORTUNIDAD EN LA AUTORIZACIÓN DE TECNOLOGÍAS EN SALUD Y/O DE OTROS SERVICIOS;01030101;MEDICAMENTOS UPC;;;SALUD MENTAL;OTROS TRASTORNOS MENTALES;PERTURBACIÓN DE LA ACTIVIDAD Y DE LA ATENCIÓN;No aplica;PRIORIZADO
835;2024;7;Telefónico;05;05212;US- 000003890549;Tío (A);HOMBRE;18;DE 18 A 24 AÑOS;Secundaria Incompleta;Subsidiado;No Aplica;No Aplica;68;68549;SALUD TOTAL;RÉGIMEN CONTRIBUTIVO;EPS002;SALUD TOTAL;68;68679;01;"BARRERAS EN EL ACCESO A TECNOLOGÍAS Y SERVICIOS DE SALUD; Y OTROS ELEMENTOS COMPLEMENTARIOS PARA LA ATENCIÓN DEL USUARIO";0101;FALTA DE OPORTUNIDAD EN LA PRESTACIÓN DE TECNOLOGÍAS EN SALUD Y OTROS ELEMENTOS COMPLEMENTARIOS PARA LA ATENCIÓN DEL USUARIO;010103;FALTA DE OPORTUNIDAD EN LA ATENCIÓN EN OTROS SERVICIOS DE SALUD;01010308;PROCEDIMIENTOS NO QUIRÚRGICOS;01010308004;RADIOTERAPIA;CÁNCER ;OTROS;TUMOR MALIGNO DE LA COLUMNA VERTEBRAL;Quimioterapia y radioterapia para el cáncer;PRIORIZADO
836;2024;7;Correo;54;54001;US- 000003159725;Hijo (A);MUJER;79;MAYOR DE 63 AÑOS ;No Aplica;Contributivo;No Aplica;No Aplica;54;54001;COMPENSAR;RÉGIMEN CONTRIBUTIVO;EPS008;COMPENSAR;54;54001;01;"BARRERAS EN EL ACCESO A TECNOLOGÍAS Y SERVICIOS DE SALUD; Y OTROS ELEMENTOS COMPLEMENTARIOS PARA LA ATENCIÓN DEL USUARIO";0101;FALTA DE OPORTUNIDAD EN LA PRESTACIÓN DE TECNOLOGÍAS EN SALUD Y OTROS ELEMENTOS COMPLEMENTARIOS PARA LA ATENCIÓN DEL USUARIO;010101;FALTA DE OPORTUNIDAD EN LAS CITAS O CONSULTAS;01010103;ESPECIALIDADES MÉDICAS ;01010103035;DOLOR Y CUIDADOS PALIATIVOS;ENFERMEDADES OSTEOARTICULARES;OTROS;CIÁTICA;No aplica;SIMPLE
837;2024;7;Personalizado;66;66170;US- 000003380297;A nombre propio;MUJER;57;DE 50 A 62 AÑOS;Secundaria;Subsidiado;No Aplica;No Aplica;66;66170;ASMET SALUD EPS;RÉGIMEN SUBSIDIADO;ESS062;ASMET SALUD;66;66001;01;"BARRERAS EN EL ACCESO A TECNOLOGÍAS Y SERVICIOS DE SALUD; Y OTROS ELEMENTOS COMPLEMENTARIOS PARA LA ATENCIÓN DEL USUARIO";0101;FALTA DE OPORTUNIDAD EN LA PRESTACIÓN DE TECNOLOGÍAS EN SALUD Y OTROS ELEMENTOS COMPLEMENTARIOS PARA LA ATENCIÓN DEL USUARIO;010101;FALTA DE OPORTUNIDAD EN LAS CITAS O CONSULTAS;01010103;ESPECIALIDADES MÉDICAS ;01010103042;GASTROENTEROLOGÍA;PROBLEMAS RELACIONADOS CON FACILIDADES DE ATENCIÓN MÉDICA U OTROS SERVICIOS DE SALUD;PROBLEMAS RELACIONADOS CON FACILIDADES DE ATENCIÓN MÉDICA U OTROS SERVICIOS DE SALUD;CONSTIPACIÓN;No aplica;SIMPLE
838;2024;7;Personalizado;17;17001;US- 000004002770;A nombre propio;HOMBRE;60;DE 50 A 62 AÑOS;Secundaria;Contributivo;No Aplica;No Aplica;17;17001;SALUD TOTAL;RÉGIMEN CONTRIBUTIVO;EPS002;SALUD TOTAL;17;17001;01;"BARRERAS EN EL ACCESO A TECNOLOGÍAS Y SERVICIOS DE SALUD; Y OTROS ELEMENTOS COMPLEMENTARIOS PARA LA ATENCIÓN DEL USUARIO";0102;NEGACIÓN DE TECNOLOGÍAS EN SALUD Y OTROS ELEMENTOS COMPLEMENTARIOS PARA LA ATENCIÓN DEL USUARIO;010204;NEGACIÓN PARA LA ENTREGA DE TECNOLOGÍAS EN SALUD Y/O DE OTROS SERVICIOS AUTORIZADOS;01020401;MEDICAMENTOS UPC;;;PROBLEMAS RELACIONADOS CON FACILIDADES DE ATENCIÓN MÉDICA U OTROS SERVICIOS DE SALUD;PROBLEMAS RELACIONADOS CON FACILIDADES DE ATENCIÓN MÉDICA U OTROS SERVICIOS DE SALUD;SÍNDROME DE MANGUITO ROTATORIO;No aplica;SIMPLE
839;2024;7;Web;11;11001;US- 000004066715;Tío (A);MUJER;19;DE 18 A 24 AÑOS;No Aplica;Subsidiado;Mulato ;No Aplica;11;11001;NUEVA EPS;RÉGIMEN CONTRIBUTIVO;EPS037;NUEVA EPS;11;11001;04;INSATISFACCIÓN DEL USUARIO CON EL PROCESO ADMINISTRATIVO;0404;INSATISFACCIÓN RELACIONADA CON TRÁMITES ADMINISTRATIVOS;040401;RESTRICCIÓN EN LA LIBRE ESCOGENCIA;04040101;EPS;;;PROBLEMAS RELACIONADOS CON FACILIDADES DE ATENCIÓN MÉDICA U OTROS SERVICIOS DE SALUD;PROBLEMAS RELACIONADOS CON FACILIDADES DE ATENCIÓN MÉDICA U OTROS SERVICIOS DE SALUD;PROBLEMAS RELACIONADOS CON FACILIDADES DE ATENCIÓN MEDICA U OTROS SERVICIOS DE SALUD;No aplica;SIMPLE
840;2024;7;Web;19;19001;US- 000004066716;A nombre propio;HOMBRE;29;DE 25 A 29 AÑOS;No Aplica;Contributivo;No Aplica;No Aplica;19;19001;SANITAS;RÉGIMEN CONTRIBUTIVO;EPS005;SANITAS;19;19001;01;"BARRERAS EN EL ACCESO A TECNOLOGÍAS Y SERVICIOS DE SALUD; Y OTROS ELEMENTOS COMPLEMENTARIOS PARA LA ATENCIÓN DEL USUARIO";0103;FALTA DE OPORTUNIDAD EN LA AUTORIZACIÓN DE TECNOLOGÍAS EN SALUD Y OTROS ELEMENTOS COMPLEMENTARIOS PARA LA ATENCIÓN DEL USUARIO;010304;FALTA DE OPORTUNIDAD EN LA AUTORIZACIÓN DE OTROS SERVICIOS DE SALUD;01030409;PROCEDIMIENTOS QUIRÚRGICOS;01030409003;OTROS PROCEDIMIENTOS QUIRÚRGICOS;PROBLEMAS RELACIONADOS CON FACILIDADES DE ATENCIÓN MÉDICA U OTROS SERVICIOS DE SALUD;PROBLEMAS RELACIONADOS CON FACILIDADES DE ATENCIÓN MÉDICA U OTROS SERVICIOS DE SALUD;CALCULO DEL RIÑÓN;No aplica;SIMPLE
841;2024;7;Escrito;11;11001;US- 000001767309;A nombre propio;HOMBRE;29;DE 25 A 29 AÑOS;No Aplica;Contributivo;No Aplica;No Aplica;11;11001;FAMISANAR;RÉGIMEN CONTRIBUTIVO;EPS017;FAMISANAR;11;11001;01;"BARRERAS EN EL ACCESO A TECNOLOGÍAS Y SERVICIOS DE SALUD; Y OTROS ELEMENTOS COMPLEMENTARIOS PARA LA ATENCIÓN DEL USUARIO";0102;NEGACIÓN DE TECNOLOGÍAS EN SALUD Y OTROS ELEMENTOS COMPLEMENTARIOS PARA LA ATENCIÓN DEL USUARIO;010201;NEGACIÓN EN LA ASIGNACIÓN DE CITAS O CONSULTAS;01020103;ESPECIALIDADES MÉDICAS ;01020103006;CARDIOLOGÍA;PROBLEMAS RELACIONADOS CON FACILIDADES DE ATENCIÓN MÉDICA U OTROS SERVICIOS DE SALUD;PROBLEMAS RELACIONADOS CON FACILIDADES DE ATENCIÓN MÉDICA U OTROS SERVICIOS DE SALUD;DEFECTO DEL TABIQUE AURICULAR;No aplica;PRIORIZADO
842;2024;7;Telefónico;25;25473;US- 000004066717;Madre;MUJER;14;DE 13 A 17 AÑOS;Secundaria Incompleta;Contributivo;No Aplica;No Aplica;25;25473;COMPENSAR;RÉGIMEN CONTRIBUTIVO;EPS008;COMPENSAR;11;11001;01;"BARRERAS EN EL ACCESO A TECNOLOGÍAS Y SERVICIOS DE SALUD; Y OTROS ELEMENTOS COMPLEMENTARIOS PARA LA ATENCIÓN DEL USUARIO";0102;NEGACIÓN DE TECNOLOGÍAS EN SALUD Y OTROS ELEMENTOS COMPLEMENTARIOS PARA LA ATENCIÓN DEL USUARIO;010201;NEGACIÓN EN LA ASIGNACIÓN DE CITAS O CONSULTAS;01020103;ESPECIALIDADES MÉDICAS ;01020103082;PEDIATRÍA;PROBLEMAS RELACIONADOS CON FACILIDADES DE ATENCIÓN MÉDICA U OTROS SERVICIOS DE SALUD;PROBLEMAS RELACIONADOS CON FACILIDADES DE ATENCIÓN MÉDICA U OTROS SERVICIOS DE SALUD;LESIÓN DE SITIOS CONTIGUOS DE LA LENGUA;No aplica;SIMPLE
843;2024;7;Personalizado;05;05154;US- 000003734992;Abuelo (A);MUJER;5;DE 0 A 5 AÑOS;Ninguno;Subsidiado;No Aplica;Desplazado;05;05154;COOSALUD;RÉGIMEN SUBSIDIADO;ESS024;COOSALUD;05;05154;01;"BARRERAS EN EL ACCESO A TECNOLOGÍAS Y SERVICIOS DE SALUD; Y OTROS ELEMENTOS COMPLEMENTARIOS PARA LA ATENCIÓN DEL USUARIO";0103;FALTA DE OPORTUNIDAD EN LA AUTORIZACIÓN DE TECNOLOGÍAS EN SALUD Y OTROS ELEMENTOS COMPLEMENTARIOS PARA LA ATENCIÓN DEL USUARIO;010302;FALTA DE OPORTUNIDAD EN LA AUTORIZACIÓN DE CITAS DE CONSULTA;01030203;ESPECIALIDADES MÉDICAS ;01030203026;CIRUGÍA PEDIÁTRICA;MATERNO INFANTIL;ATENCIÓN NIÑOS MENORES DE 5 AÑOS;HERNIA UMBILICAL SIN OBSTRUCCIÓN NI GANGRENA;No aplica;SIMPLE
844;2024;7;Personalizado;27;27001;US- 000002793602;A nombre propio;MUJER;77;MAYOR DE 63 AÑOS ;Primaria;Subsidiado;Afrocolombiano o Afrodescendiente;No Aplica;27;27001;CCF DEL CHOCÓ -COMFACHOCO;RÉGIMEN SUBSIDIADO;CCF102;"CCF CHOCÓ ""CONMFACHOCÓ""";27;27001;01;"BARRERAS EN EL ACCESO A TECNOLOGÍAS Y SERVICIOS DE SALUD; Y OTROS ELEMENTOS COMPLEMENTARIOS PARA LA ATENCIÓN DEL USUARIO";0103;FALTA DE OPORTUNIDAD EN LA AUTORIZACIÓN DE TECNOLOGÍAS EN SALUD Y OTROS ELEMENTOS COMPLEMENTARIOS PARA LA ATENCIÓN DEL USUARIO;010304;FALTA DE OPORTUNIDAD EN LA AUTORIZACIÓN DE OTROS SERVICIOS DE SALUD;01030408;PROCEDIMIENTOS NO QUIRÚRGICOS;01030408006;OTROS PROCEDIMIENTOS NO QUIRÚRGICOS;PROBLEMAS RELACIONADOS CON FACILIDADES DE ATENCIÓN MÉDICA U OTROS SERVICIOS DE SALUD;PROBLEMAS RELACIONADOS CON FACILIDADES DE ATENCIÓN MÉDICA U OTROS SERVICIOS DE SALUD;CATARATA, NO ESPECIFICADA;No aplica;SIMPLE
845;2024;7;Personalizado;76;76001;US- 000004066718;Hijo (A);HOMBRE;74;MAYOR DE 63 AÑOS ;Ninguno;Subsidiado;No Aplica;No Aplica;76;76001;EMSSANAR EPS;RÉGIMEN SUBSIDIADO;ESS118;EMSSANAR;76;76001;01;"BARRERAS EN EL ACCESO A TECNOLOGÍAS Y SERVICIOS DE SALUD; Y OTROS ELEMENTOS COMPLEMENTARIOS PARA LA ATENCIÓN DEL USUARIO";0103;FALTA DE OPORTUNIDAD EN LA AUTORIZACIÓN DE TECNOLOGÍAS EN SALUD Y OTROS ELEMENTOS COMPLEMENTARIOS PARA LA ATENCIÓN DEL USUARIO;010304;FALTA DE OPORTUNIDAD EN LA AUTORIZACIÓN DE OTROS SERVICIOS DE SALUD;01030408;PROCEDIMIENTOS NO QUIRÚRGICOS;01030408006;OTROS PROCEDIMIENTOS NO QUIRÚRGICOS;ENFERMEDADES CRÓNICAS NO TRANSMISIBLES RESPIRATORIAS;EPOC (ENFERMEDAD PULMONAR OBSTRUCTIVA CRÓNICA, BRONQUITIS CRÓNICA O ENFISEMA);PARASITOSIS INTESTINAL, SIN OTRA ESPECIFICACIÓN;No aplica;SIMPLE
846;2024;7;Web;25;25290;US- 000003013894;A nombre propio;HOMBRE;8;DE 6 A 12 AÑOS;No Aplica;Contributivo;No Aplica;Persona con discapacidad;25;25290;FAMISANAR;RÉGIMEN CONTRIBUTIVO;EPS017;FAMISANAR;25;25290;01;"BARRERAS EN EL ACCESO A TECNOLOGÍAS Y SERVICIOS DE SALUD; Y OTROS ELEMENTOS COMPLEMENTARIOS PARA LA ATENCIÓN DEL USUARIO";0101;FALTA DE OPORTUNIDAD EN LA PRESTACIÓN DE TECNOLOGÍAS EN SALUD Y OTROS ELEMENTOS COMPLEMENTARIOS PARA LA ATENCIÓN DEL USUARIO;010101;FALTA DE OPORTUNIDAD EN LAS CITAS O CONSULTAS;01010103;ESPECIALIDADES MÉDICAS ;01010103079;ORTOPEDIA Y TRAUMATOLOGÍA PEDIÁTRICA;MATERNO INFANTIL;INDICADORES GLOBALES MATERNO INFANTIL;ESPINA BÍFIDA, NO ESPECIFICADA;No aplica;SIMPLE
847;2024;7;Escrito;08;08372;US- 000002298454;A nombre propio;HOMBRE;38;DE 38 A 49 AÑOS;No Aplica;Subsidiado;No Aplica;No Aplica;08;08372;NUEVA EPS;RÉGIMEN SUBSIDIADO;EPSS41;NUEVA EPS;08;08372;01;"BARRERAS EN EL ACCESO A TECNOLOGÍAS Y SERVICIOS DE SALUD; Y OTROS ELEMENTOS COMPLEMENTARIOS PARA LA ATENCIÓN DEL USUARIO";0101;FALTA DE OPORTUNIDAD EN LA PRESTACIÓN DE TECNOLOGÍAS EN SALUD Y OTROS ELEMENTOS COMPLEMENTARIOS PARA LA ATENCIÓN DEL USUARIO;010101;FALTA DE OPORTUNIDAD EN LAS CITAS O CONSULTAS;01010103;ESPECIALIDADES MÉDICAS ;01010103028;CIRUGÍA PLÁSTICA, ESTÉTICA Y RECONSTRUCTIVA;PROBLEMAS RELACIONADOS CON FACILIDADES DE ATENCIÓN MÉDICA U OTROS SERVICIOS DE SALUD;PROBLEMAS RELACIONADOS CON FACILIDADES DE ATENCIÓN MÉDICA U OTROS SERVICIOS DE SALUD;ULCERA CRÓNICA DE LA PIEL, NO CLASIFICADA EN OTRA PARTE;No aplica;SIMPLE
848;2024;7;Personalizado;08;08758;US- 000000548336;A nombre propio;MUJER;74;MAYOR DE 63 AÑOS ;Primaria;Contributivo;No Aplica;No Aplica;08;08758;MUTUAL SER;RÉGIMEN CONTRIBUTIVO;EPS048;MUTUAL SER;08;08001;01;"BARRERAS EN EL ACCESO A TECNOLOGÍAS Y SERVICIOS DE SALUD; Y OTROS ELEMENTOS COMPLEMENTARIOS PARA LA ATENCIÓN DEL USUARIO";0102;NEGACIÓN DE TECNOLOGÍAS EN SALUD Y OTROS ELEMENTOS COMPLEMENTARIOS PARA LA ATENCIÓN DEL USUARIO;010204;NEGACIÓN PARA LA ENTREGA DE TECNOLOGÍAS EN SALUD Y/O DE OTROS SERVICIOS AUTORIZADOS;01020401;MEDICAMENTOS UPC;;;SALUD MENTAL;OTROS TRASTORNOS MENTALES;INSUFICIENCIA VENOSA (CRÓNICA) (PERIFÉRICA);No aplica;PRIORIZADO
849;2024;7;Personalizado;08;08001;US- 000001440885;A nombre propio;HOMBRE;66;MAYOR DE 63 AÑOS ;Secundaria Incompleta;Subsidiado;No Aplica;Desplazado;08;08001;NUEVA EPS;RÉGIMEN SUBSIDIADO;EPSS41;NUEVA EPS;08;08001;01;"BARRERAS EN EL ACCESO A TECNOLOGÍAS Y SERVICIOS DE SALUD; Y OTROS ELEMENTOS COMPLEMENTARIOS PARA LA ATENCIÓN DEL USUARIO";0102;NEGACIÓN DE TECNOLOGÍAS EN SALUD Y OTROS ELEMENTOS COMPLEMENTARIOS PARA LA ATENCIÓN DEL USUARIO;010201;NEGACIÓN EN LA ASIGNACIÓN DE CITAS O CONSULTAS;01020103;ESPECIALIDADES MÉDICAS ;01020103094;UROLOGÍA;PROBLEMAS RELACIONADOS CON FACILIDADES DE ATENCIÓN MÉDICA U OTROS SERVICIOS DE SALUD;PROBLEMAS RELACIONADOS CON FACILIDADES DE ATENCIÓN MÉDICA U OTROS SERVICIOS DE SALUD;HIPERPLASIA DE LA PRÓSTATA;No aplica;SIMPLE
850;2024;7;Web;11;11001;US- 000004066719;Madre;MUJER;4;DE 0 A 5 AÑOS;No Aplica;Contributivo;No Aplica;No Aplica;11;11001;COMPENSAR;RÉGIMEN CONTRIBUTIVO;EPS008;COMPENSAR;11;11001;02;INSATISFACCIÓN RELACIONADA CON LA ATENCIÓN EN SALUD;0202;INSATISFACCIÓN RELACIONADA CON LA ATENCIÓN DEL PERSONAL EN SALUD;020201;INSATISFACCIÓN RELACIONADA CON LA ATENCIÓN DEL PERSONAL EN SALUD;02020102;FALLAS EN LA PRÁCTICA MÉDICA;;;MATERNO INFANTIL;ATENCIÓN NIÑOS MENORES DE 5 AÑOS;APENDICITIS, NO ESPECIFICADA;No aplica;SIMPLE
851;2024;7;Web;25;25312;US- 000004066720;A nombre propio;MUJER;0;DE 0 A 5 AÑOS;No Aplica;Subsidiado;No Aplica;No Aplica;25;25312;NUEVA EPS;RÉGIMEN SUBSIDIADO;EPSS41;NUEVA EPS;25;25290;01;"BARRERAS EN EL ACCESO A TECNOLOGÍAS Y SERVICIOS DE SALUD; Y OTROS ELEMENTOS COMPLEMENTARIOS PARA LA ATENCIÓN DEL USUARIO";0101;FALTA DE OPORTUNIDAD EN LA PRESTACIÓN DE TECNOLOGÍAS EN SALUD Y OTROS ELEMENTOS COMPLEMENTARIOS PARA LA ATENCIÓN DEL USUARIO;010105;FALTA DE OPORTUNIDAD EN EL PROCESO DE REFERENCIA Y CONTRARREFERENCIA;;;;;MATERNO INFANTIL;ATENCIÓN NIÑOS MENORES DE 5 AÑOS;TOXOPLASMOSIS CONGÉNITA;No aplica;RIESGO VITAL
852;2024;7;Web;76;76001;US- 000003931760;Hijo (A);MUJER;51;DE 50 A 62 AÑOS;No Aplica;Contributivo;No Aplica;No Aplica;76;76001;SURAMERICANA EPS;RÉGIMEN CONTRIBUTIVO;EPS010;EPS SURA;76;76001;01;"BARRERAS EN EL ACCESO A TECNOLOGÍAS Y SERVICIOS DE SALUD; Y OTROS ELEMENTOS COMPLEMENTARIOS PARA LA ATENCIÓN DEL USUARIO";0103;FALTA DE OPORTUNIDAD EN LA AUTORIZACIÓN DE TECNOLOGÍAS EN SALUD Y OTROS ELEMENTOS COMPLEMENTARIOS PARA LA ATENCIÓN DEL USUARIO;010301;FALTA DE OPORTUNIDAD EN LA AUTORIZACIÓN DE TECNOLOGÍAS EN SALUD Y/O DE OTROS SERVICIOS;01030101;MEDICAMENTOS UPC;;;PROBLEMAS RELACIONADOS CON FACILIDADES DE ATENCIÓN MÉDICA U OTROS SERVICIOS DE SALUD;PROBLEMAS RELACIONADOS CON FACILIDADES DE ATENCIÓN MÉDICA U OTROS SERVICIOS DE SALUD;OTROS PROBLEMAS RELACIONADOS CON SERVICIOS MÉDICOS Y DE SALUD;No aplica;SIMPLE
853;2024;7;Personalizado;05;05001;US- 000004066721;A nombre propio;HOMBRE;60;DE 50 A 62 AÑOS;Secundaria Incompleta;Contributivo;No Aplica;No Aplica;05;05001;NUEVA EPS;RÉGIMEN CONTRIBUTIVO;EPS037;NUEVA EPS;05;05001;01;"BARRERAS EN EL ACCESO A TECNOLOGÍAS Y SERVICIOS DE SALUD; Y OTROS ELEMENTOS COMPLEMENTARIOS PARA LA ATENCIÓN DEL USUARIO";0101;FALTA DE OPORTUNIDAD EN LA PRESTACIÓN DE TECNOLOGÍAS EN SALUD Y OTROS ELEMENTOS COMPLEMENTARIOS PARA LA ATENCIÓN DEL USUARIO;010101;FALTA DE OPORTUNIDAD EN LAS CITAS O CONSULTAS;01010103;ESPECIALIDADES MÉDICAS ;01010103039;ENDOCRINOLOGÍA;ENFERMEDADES CRÓNICAS NO TRANSMISIBLES- FACTORES DE RIESGO;OBESIDAD;OBESIDAD;No aplica;SIMPLE
854;2024;7;Personalizado;41;41001;US- 000004066722;Hermano (A);MUJER;26;DE 25 A 29 AÑOS;Secundaria;Subsidiado;No Aplica;Mujer en estado de gestación;41;41001;COOSALUD;RÉGIMEN SUBSIDIADO;ESS024;COOSALUD;25;25307;01;"BARRERAS EN EL ACCESO A TECNOLOGÍAS Y SERVICIOS DE SALUD; Y OTROS ELEMENTOS COMPLEMENTARIOS PARA LA ATENCIÓN DEL USUARIO";0103;FALTA DE OPORTUNIDAD EN LA AUTORIZACIÓN DE TECNOLOGÍAS EN SALUD Y OTROS ELEMENTOS COMPLEMENTARIOS PARA LA ATENCIÓN DEL USUARIO;010304;FALTA DE OPORTUNIDAD EN LA AUTORIZACIÓN DE OTROS SERVICIOS DE SALUD;01030402;HOSPITALIZACIÓN;;;MATERNO INFANTIL;ATENCIÓN EN EL EMBARAZO;EMBARAZO CONFIRMADO;No aplica;PRIORIZADO
855;2024;7;Web;11;11001;US- 000004066723;A nombre propio;HOMBRE;60;DE 50 A 62 AÑOS;No Aplica;Contributivo;No Aplica;No Aplica;11;11001;NUEVA EPS;RÉGIMEN CONTRIBUTIVO;EPS037;NUEVA EPS;11;11001;01;"BARRERAS EN EL ACCESO A TECNOLOGÍAS Y SERVICIOS DE SALUD; Y OTROS ELEMENTOS COMPLEMENTARIOS PARA LA ATENCIÓN DEL USUARIO";0101;FALTA DE OPORTUNIDAD EN LA PRESTACIÓN DE TECNOLOGÍAS EN SALUD Y OTROS ELEMENTOS COMPLEMENTARIOS PARA LA ATENCIÓN DEL USUARIO;010103;FALTA DE OPORTUNIDAD EN LA ATENCIÓN EN OTROS SERVICIOS DE SALUD;01010309;PROCEDIMIENTOS QUIRÚRGICOS;01010309003;OTROS PROCEDIMIENTOS QUIRÚRGICOS;PROBLEMAS RELACIONADOS CON FACILIDADES DE ATENCIÓN MÉDICA U OTROS SERVICIOS DE SALUD;PROBLEMAS RELACIONADOS CON FACILIDADES DE ATENCIÓN MÉDICA U OTROS SERVICIOS DE SALUD;CATARATA SENIL NUCLEAR;No aplica;SIMPLE
856;2024;7;Web;05;05002;US- 000004066724;A nombre propio;MUJER;57;DE 50 A 62 AÑOS;No Aplica;Subsidiado;No Aplica;No Aplica;05;05002;SAVIA SALUD;RÉGIMEN SUBSIDIADO;EPSS40;SAVIA SALUD EPS;05;05002;01;"BARRERAS EN EL ACCESO A TECNOLOGÍAS Y SERVICIOS DE SALUD; Y OTROS ELEMENTOS COMPLEMENTARIOS PARA LA ATENCIÓN DEL USUARIO";0101;FALTA DE OPORTUNIDAD EN LA PRESTACIÓN DE TECNOLOGÍAS EN SALUD Y OTROS ELEMENTOS COMPLEMENTARIOS PARA LA ATENCIÓN DEL USUARIO;010105;FALTA DE OPORTUNIDAD EN EL PROCESO DE REFERENCIA Y CONTRARREFERENCIA;;;;;ENFERMEDADES CRÓNICAS NO TRANSMISIBLES- FACTORES DE RIESGO;OBESIDAD;NEUMONÍA ORGANISMO NO ESPECIFICADO;No aplica;PRIORIZADO
857;2024;7;Telefónico;52;52399;US- 000004066725;A nombre propio;HOMBRE;67;MAYOR DE 63 AÑOS ;No Aplica;Subsidiado;No Aplica;No Aplica;52;52399;NUEVA EPS;RÉGIMEN SUBSIDIADO;EPSS41;NUEVA EPS;52;52399;01;"BARRERAS EN EL ACCESO A TECNOLOGÍAS Y SERVICIOS DE SALUD; Y OTROS ELEMENTOS COMPLEMENTARIOS PARA LA ATENCIÓN DEL USUARIO";0101;FALTA DE OPORTUNIDAD EN LA PRESTACIÓN DE TECNOLOGÍAS EN SALUD Y OTROS ELEMENTOS COMPLEMENTARIOS PARA LA ATENCIÓN DEL USUARIO;010101;FALTA DE OPORTUNIDAD EN LAS CITAS O CONSULTAS;01010101;MEDICINA GENERAL;;;PROBLEMAS RELACIONADOS CON FACILIDADES DE ATENCIÓN MÉDICA U OTROS SERVICIOS DE SALUD;PROBLEMAS RELACIONADOS CON FACILIDADES DE ATENCIÓN MÉDICA U OTROS SERVICIOS DE SALUD;GASTRITIS CRÓNICA, NO ESPECIFICADA;No aplica;SIMPLE
858;2024;7;Web;54;54405;US- 000004066726;A nombre propio;MUJER;60;DE 50 A 62 AÑOS;No Aplica;Contributivo;No Aplica;No Aplica;54;54405;NUEVA EPS;RÉGIMEN CONTRIBUTIVO;EPS037;NUEVA EPS;54;54405;01;"BARRERAS EN EL ACCESO A TECNOLOGÍAS Y SERVICIOS DE SALUD; Y OTROS ELEMENTOS COMPLEMENTARIOS PARA LA ATENCIÓN DEL USUARIO";0101;FALTA DE OPORTUNIDAD EN LA PRESTACIÓN DE TECNOLOGÍAS EN SALUD Y OTROS ELEMENTOS COMPLEMENTARIOS PARA LA ATENCIÓN DEL USUARIO;010103;FALTA DE OPORTUNIDAD EN LA ATENCIÓN EN OTROS SERVICIOS DE SALUD;01010309;PROCEDIMIENTOS QUIRÚRGICOS;01010309003;OTROS PROCEDIMIENTOS QUIRÚRGICOS;PROBLEMAS RELACIONADOS CON FACILIDADES DE ATENCIÓN MÉDICA U OTROS SERVICIOS DE SALUD;PROBLEMAS RELACIONADOS CON FACILIDADES DE ATENCIÓN MÉDICA U OTROS SERVICIOS DE SALUD;BLEFAROCALASIA;No aplica;SIMPLE
859;2024;7;Web;76;76001;US- 000003786806;A nombre propio;MUJER;54;DE 50 A 62 AÑOS;No Aplica;Contributivo;No Aplica;No Aplica;76;76001;EMSSANAR EPS;RÉGIMEN SUBSIDIADO;ESS118;EMSSANAR;76;76001;01;"BARRERAS EN EL ACCESO A TECNOLOGÍAS Y SERVICIOS DE SALUD; Y OTROS ELEMENTOS COMPLEMENTARIOS PARA LA ATENCIÓN DEL USUARIO";0102;NEGACIÓN DE TECNOLOGÍAS EN SALUD Y OTROS ELEMENTOS COMPLEMENTARIOS PARA LA ATENCIÓN DEL USUARIO;010203;NEGACIÓN EN LA ATENCIÓN EN OTROS SERVICIOS DE SALUD;01020308;PROCEDIMIENTOS NO QUIRÚRGICOS;01020308006;OTROS PROCEDIMIENTOS NO QUIRÚRGICOS;CÁNCER ;OTROS;TUMOR MALIGNO DE LA PIEL, SITIO NO ESPECIFICADO;No aplica;PRIORIZADO
860;2024;7;Personalizado;23;23001;US- 000004066727;A nombre propio;MUJER;41;DE 38 A 49 AÑOS;Universitario Incompleto;Subsidiado;No Aplica;No Aplica;23;23001;MUTUAL SER;RÉGIMEN SUBSIDIADO;ESS207;MUTUAL SER;23;23001;01;"BARRERAS EN EL ACCESO A TECNOLOGÍAS Y SERVICIOS DE SALUD; Y OTROS ELEMENTOS COMPLEMENTARIOS PARA LA ATENCIÓN DEL USUARIO";0101;FALTA DE OPORTUNIDAD EN LA PRESTACIÓN DE TECNOLOGÍAS EN SALUD Y OTROS ELEMENTOS COMPLEMENTARIOS PARA LA ATENCIÓN DEL USUARIO;010103;FALTA DE OPORTUNIDAD EN LA ATENCIÓN EN OTROS SERVICIOS DE SALUD;01010308;PROCEDIMIENTOS NO QUIRÚRGICOS;01010308001;IMAGENOLOGÍA;ENFERMEDADES OSTEOARTICULARES;NEUROLÓGICAS;CEFALEA;No aplica;SIMPLE
861;2024;7;Escrito;08;08573;US- 000004066728;Otro;HOMBRE;14;DE 13 A 17 AÑOS;No Aplica;Contributivo;No Aplica;No Aplica;08;08001;SURAMERICANA EPS;RÉGIMEN CONTRIBUTIVO;EPS010;EPS SURA;08;08001;04;INSATISFACCIÓN DEL USUARIO CON EL PROCESO ADMINISTRATIVO;0405;PROBLEMAS EN EL RECONOCIMIENTO Y/O PAGO DE PRESTACIONES ECONÓMICAS;040502;NEGACIÓN Y/O FALTA DE OPORTUNIDAD EN EL RECONOCIMIENTO DE REEMBOLSOS;04050207;OTROS SERVICIOS DE SALUD;;;PROBLEMAS RELACIONADOS CON FACILIDADES DE ATENCIÓN MÉDICA U OTROS SERVICIOS DE SALUD;PROBLEMAS RELACIONADOS CON FACILIDADES DE ATENCIÓN MÉDICA U OTROS SERVICIOS DE SALUD;BRONQUITIS AGUDA, NO ESPECIFICADA;No aplica;SIMPLE
862;2024;7;Telefónico;76;76364;US- 000003819457;A nombre propio;MUJER;35;DE 30 A 37 AÑOS;Universitario;No aplica;No Aplica;No Aplica;76;76364;BOLIVAR;COMPAÑÍAS DE SEGUROS;EP007189;SEGUROS COMERCIALES BOLIVAR S.A.;76;76364;04;INSATISFACCIÓN DEL USUARIO CON EL PROCESO ADMINISTRATIVO;0405;PROBLEMAS EN EL RECONOCIMIENTO Y/O PAGO DE PRESTACIONES ECONÓMICAS;040501;NO RECONOCIMIENTO Y/O PAGO DE LAS PRESTACIONES ECONÓMICAS;04050107;INCAPACIDAD DE ENFERMEDAD GENERAL;;;PROBLEMAS RELACIONADOS CON FACILIDADES DE ATENCIÓN MÉDICA U OTROS SERVICIOS DE SALUD;PROBLEMAS RELACIONADOS CON FACILIDADES DE ATENCIÓN MÉDICA U OTROS SERVICIOS DE SALUD;INSUFICIENCIA VENOSA (CRÓNICA) (PERIFÉRICA);No aplica;SIMPLE
863;2024;7;Telefónico;76;76520;US- 000002734313;A nombre propio;HOMBRE;77;MAYOR DE 63 AÑOS ;No Aplica;Contributivo;No Aplica;No Aplica;76;76520;SOS -SERVICIO OCCIDENTAL DE SALUD;RÉGIMEN CONTRIBUTIVO;EPS018;SERVICIO OCCIDENTAL DE SALUD (SOS);76;76520;01;"BARRERAS EN EL ACCESO A TECNOLOGÍAS Y SERVICIOS DE SALUD; Y OTROS ELEMENTOS COMPLEMENTARIOS PARA LA ATENCIÓN DEL USUARIO";0102;NEGACIÓN DE TECNOLOGÍAS EN SALUD Y OTROS ELEMENTOS COMPLEMENTARIOS PARA LA ATENCIÓN DEL USUARIO;010201;NEGACIÓN EN LA ASIGNACIÓN DE CITAS O CONSULTAS;01020103;ESPECIALIDADES MÉDICAS ;01020103039;ENDOCRINOLOGÍA;CÁNCER ;OTROS;LEUCEMIA, NO ESPECIFICADA;No aplica;PRIORIZADO
864;2024;7;Personalizado;44;44001;US- 000002792302;A nombre propio;MUJER;89;MAYOR DE 63 AÑOS ;Primaria;Subsidiado;No Aplica;No Aplica;44;44001;SALUD TOTAL;RÉGIMEN CONTRIBUTIVO;EPS002;SALUD TOTAL;44;44001;01;"BARRERAS EN EL ACCESO A TECNOLOGÍAS Y SERVICIOS DE SALUD; Y OTROS ELEMENTOS COMPLEMENTARIOS PARA LA ATENCIÓN DEL USUARIO";0102;NEGACIÓN DE TECNOLOGÍAS EN SALUD Y OTROS ELEMENTOS COMPLEMENTARIOS PARA LA ATENCIÓN DEL USUARIO;010204;NEGACIÓN PARA LA ENTREGA DE TECNOLOGÍAS EN SALUD Y/O DE OTROS SERVICIOS AUTORIZADOS;01020407;ELEMENTOS COMPLEMENTARIOS PARA LA ATENCIÓN DEL USUARIO (PAÑALES, PAÑITOS, ETC.);;;ENFERMEDADES CRÓNICAS NO TRASMISIBLES CARDIOVASCULARES;HTA (HIPERTENSIÓN ARTERIAL);ENFERMEDAD PULMONAR OBSTRUCTIVA CRÓNICA, NO ESPECIFICADA;No aplica;SIMPLE
865;2024;7;Personalizado;68;68307;US- 000004066729;Hermano (A);HOMBRE;70;MAYOR DE 63 AÑOS ;Primaria Incompleta;Subsidiado;No Aplica;No Aplica;68;68169;NUEVA EPS;RÉGIMEN SUBSIDIADO;EPSS41;NUEVA EPS;68;68169;01;"BARRERAS EN EL ACCESO A TECNOLOGÍAS Y SERVICIOS DE SALUD; Y OTROS ELEMENTOS COMPLEMENTARIOS PARA LA ATENCIÓN DEL USUARIO";0102;NEGACIÓN DE TECNOLOGÍAS EN SALUD Y OTROS ELEMENTOS COMPLEMENTARIOS PARA LA ATENCIÓN DEL USUARIO;010204;NEGACIÓN PARA LA ENTREGA DE TECNOLOGÍAS EN SALUD Y/O DE OTROS SERVICIOS AUTORIZADOS;01020401;MEDICAMENTOS UPC;;;ENFERMEDADES NEUROLÓGICAS;EPILEPSIA;HIDROCELE, NO ESPECIFICADO;No aplica;PRIORIZADO
866;2024;7;Escrito;54;54001;US- 000002459330;Otro;HOMBRE;90;MAYOR DE 63 AÑOS ;No Aplica;Subsidiado;No Aplica;No Aplica;54;54001;COOSALUD;RÉGIMEN SUBSIDIADO;ESS024;COOSALUD;54;54001;01;"BARRERAS EN EL ACCESO A TECNOLOGÍAS Y SERVICIOS DE SALUD; Y OTROS ELEMENTOS COMPLEMENTARIOS PARA LA ATENCIÓN DEL USUARIO";0101;FALTA DE OPORTUNIDAD EN LA PRESTACIÓN DE TECNOLOGÍAS EN SALUD Y OTROS ELEMENTOS COMPLEMENTARIOS PARA LA ATENCIÓN DEL USUARIO;010104;FALTA DE OPORTUNIDAD EN LA ENTREGA O ENTREGA INCOMPLETA DE TECNOLOGÍAS EN SALUD Y/O PRESTACIÓN DE OTROS SERVICIOS;01010407;ELEMENTOS COMPLEMENTARIOS PARA LA ATENCIÓN DEL USUARIO (PAÑALES, PAÑITOS, ETC.);;;PROBLEMAS RELACIONADOS CON FACILIDADES DE ATENCIÓN MÉDICA U OTROS SERVICIOS DE SALUD;PROBLEMAS RELACIONADOS CON FACILIDADES DE ATENCIÓN MÉDICA U OTROS SERVICIOS DE SALUD;INCONTINENCIA URINARIA, NO ESPECIFICADA;No aplica;SIMPLE
867;2024;7;Telefónico;63;63001;US- 000004066730;A nombre propio;MUJER;30;DE 30 A 37 AÑOS;Ninguno;Contributivo;No Aplica;Mujer en estado de gestación;63;63001;SALUD TOTAL;RÉGIMEN CONTRIBUTIVO;EPS002;SALUD TOTAL;63;63001;01;"BARRERAS EN EL ACCESO A TECNOLOGÍAS Y SERVICIOS DE SALUD; Y OTROS ELEMENTOS COMPLEMENTARIOS PARA LA ATENCIÓN DEL USUARIO";0102;NEGACIÓN DE TECNOLOGÍAS EN SALUD Y OTROS ELEMENTOS COMPLEMENTARIOS PARA LA ATENCIÓN DEL USUARIO;010203;NEGACIÓN EN LA ATENCIÓN EN OTROS SERVICIOS DE SALUD;01020308;PROCEDIMIENTOS NO QUIRÚRGICOS;01020308006;OTROS PROCEDIMIENTOS NO QUIRÚRGICOS;MATERNO INFANTIL;ATENCIÓN EN EL EMBARAZO;EMBARAZO CONFIRMADO;No aplica;PRIORIZADO
868;2024;7;Chat;50;50001;US- 000004066731;Hijo (A);MUJER;76;MAYOR DE 63 AÑOS ;Primaria Incompleta;Contributivo;No Aplica;No Aplica;50;50001;SANITAS;RÉGIMEN CONTRIBUTIVO;EPS005;SANITAS;50;50001;01;"BARRERAS EN EL ACCESO A TECNOLOGÍAS Y SERVICIOS DE SALUD; Y OTROS ELEMENTOS COMPLEMENTARIOS PARA LA ATENCIÓN DEL USUARIO";0102;NEGACIÓN DE TECNOLOGÍAS EN SALUD Y OTROS ELEMENTOS COMPLEMENTARIOS PARA LA ATENCIÓN DEL USUARIO;010204;NEGACIÓN PARA LA ENTREGA DE TECNOLOGÍAS EN SALUD Y/O DE OTROS SERVICIOS AUTORIZADOS;01020401;MEDICAMENTOS UPC;;;ENFERMEDADES CRÓNICAS NO TRANSMISIBLES –DIABETES;DIABETES;DIABETES MELLITUS NO INSULINODEPENDIENTE;No aplica;SIMPLE
869;2024;7;Web;19;19001;US- 000003594776;Cónyuge;MUJER;80;MAYOR DE 63 AÑOS ;No Aplica;Contributivo;No Aplica;No Aplica;19;19001;SANITAS;RÉGIMEN CONTRIBUTIVO;EPS005;SANITAS;19;19001;01;"BARRERAS EN EL ACCESO A TECNOLOGÍAS Y SERVICIOS DE SALUD; Y OTROS ELEMENTOS COMPLEMENTARIOS PARA LA ATENCIÓN DEL USUARIO";0102;NEGACIÓN DE TECNOLOGÍAS EN SALUD Y OTROS ELEMENTOS COMPLEMENTARIOS PARA LA ATENCIÓN DEL USUARIO;010204;NEGACIÓN PARA LA ENTREGA DE TECNOLOGÍAS EN SALUD Y/O DE OTROS SERVICIOS AUTORIZADOS;01020401;MEDICAMENTOS UPC;;;SALUD MENTAL;OTROS TRASTORNOS MENTALES;OTROS PROBLEMAS RELACIONADOS CON SERVICIOS MÉDICOS Y DE SALUD;No aplica;PRIORIZADO
870;2024;7;Escrito;08;08001;US- 000003599345;A nombre propio;MUJER;74;MAYOR DE 63 AÑOS ;No Aplica;Subsidiado;No Aplica;No Aplica;08;08001;MUTUAL SER;RÉGIMEN SUBSIDIADO;ESS207;MUTUAL SER;08;08001;01;"BARRERAS EN EL ACCESO A TECNOLOGÍAS Y SERVICIOS DE SALUD; Y OTROS ELEMENTOS COMPLEMENTARIOS PARA LA ATENCIÓN DEL USUARIO";0101;FALTA DE OPORTUNIDAD EN LA PRESTACIÓN DE TECNOLOGÍAS EN SALUD Y OTROS ELEMENTOS COMPLEMENTARIOS PARA LA ATENCIÓN DEL USUARIO;010103;FALTA DE OPORTUNIDAD EN LA ATENCIÓN EN OTROS SERVICIOS DE SALUD;01010308;PROCEDIMIENTOS NO QUIRÚRGICOS;01010308006;OTROS PROCEDIMIENTOS NO QUIRÚRGICOS;PROBLEMAS RELACIONADOS CON FACILIDADES DE ATENCIÓN MÉDICA U OTROS SERVICIOS DE SALUD;PROBLEMAS RELACIONADOS CON FACILIDADES DE ATENCIÓN MÉDICA U OTROS SERVICIOS DE SALUD;PROBLEMAS RELACIONADOS CON FACILIDADES DE ATENCIÓN MEDICA U OTROS SERVICIOS DE SALUD;No aplica;SIMPLE
871;2024;7;Personalizado;66;66001;US- 000001305464;A nombre propio;HOMBRE;59;DE 50 A 62 AÑOS;Secundaria;Contributivo;No Aplica;No Aplica;66;66001;SOS -SERVICIO OCCIDENTAL DE SALUD;RÉGIMEN CONTRIBUTIVO;EPS018;SERVICIO OCCIDENTAL DE SALUD (SOS);66;66001;01;"BARRERAS EN EL ACCESO A TECNOLOGÍAS Y SERVICIOS DE SALUD; Y OTROS ELEMENTOS COMPLEMENTARIOS PARA LA ATENCIÓN DEL USUARIO";0102;NEGACIÓN DE TECNOLOGÍAS EN SALUD Y OTROS ELEMENTOS COMPLEMENTARIOS PARA LA ATENCIÓN DEL USUARIO;010201;NEGACIÓN EN LA ASIGNACIÓN DE CITAS O CONSULTAS;01020103;ESPECIALIDADES MÉDICAS ;01020103083;PSIQUIATRÍA;SALUD MENTAL;OTROS TRASTORNOS MENTALES;EPISODIO DEPRESIVO MODERADO;No aplica;PRIORIZADO
872;2024;7;Web;11;11001;US- 000004066719;Madre;MUJER;4;DE 0 A 5 AÑOS;No Aplica;No aplica;No Aplica;No Aplica;11;11001;SECRETARÍA DISTRITAL DE SALUD  DE BOGOTA;ENTIDADES TERRITORIALES;999998;SECRETARIA DISTRITAL DE SALUD  DE BOGOTA;11;11001;02;INSATISFACCIÓN RELACIONADA CON LA ATENCIÓN EN SALUD;0202;INSATISFACCIÓN RELACIONADA CON LA ATENCIÓN DEL PERSONAL EN SALUD;020201;INSATISFACCIÓN RELACIONADA CON LA ATENCIÓN DEL PERSONAL EN SALUD;02020102;FALLAS EN LA PRÁCTICA MÉDICA;;;MATERNO INFANTIL;ATENCIÓN NIÑOS MENORES DE 5 AÑOS;APENDICITIS, NO ESPECIFICADA;No aplica;SIMPLE
873;2024;7;Personalizado;08;08758;US- 000001158555;A nombre propio;MUJER;41;DE 38 A 49 AÑOS;Secundaria;Contributivo;No Aplica;No Aplica;08;08758;NUEVA EPS;RÉGIMEN CONTRIBUTIVO;EPS037;NUEVA EPS;08;08758;04;INSATISFACCIÓN DEL USUARIO CON EL PROCESO ADMINISTRATIVO;0404;INSATISFACCIÓN RELACIONADA CON TRÁMITES ADMINISTRATIVOS;040401;RESTRICCIÓN EN LA LIBRE ESCOGENCIA;04040102;PRESTADOR DE SERVICIO DE SALUD;;;ENFERMEDADES OSTEOARTICULARES;OTROS;ESCLEROSIS SISTÉMICA PROGRESIVA;No aplica;SIMPLE
874;2024;7;Personalizado;05;05266;US- 000000983382;Hijo (A);MUJER;81;MAYOR DE 63 AÑOS ;Secundaria Incompleta;Contributivo;No Aplica;No Aplica;05;05266;SURAMERICANA EPS;RÉGIMEN CONTRIBUTIVO;EPS010;EPS SURA;05;05266;01;"BARRERAS EN EL ACCESO A TECNOLOGÍAS Y SERVICIOS DE SALUD; Y OTROS ELEMENTOS COMPLEMENTARIOS PARA LA ATENCIÓN DEL USUARIO";0102;NEGACIÓN DE TECNOLOGÍAS EN SALUD Y OTROS ELEMENTOS COMPLEMENTARIOS PARA LA ATENCIÓN DEL USUARIO;010203;NEGACIÓN EN LA ATENCIÓN EN OTROS SERVICIOS DE SALUD;01020309;PROCEDIMIENTOS QUIRÚRGICOS;01020309003;OTROS PROCEDIMIENTOS QUIRÚRGICOS;CÁNCER ;OTROS;TUMOR MALIGNO DE LA CÚPULA VESICAL;No aplica;PRIORIZADO
875;2024;7;Escrito;08;08078;US- 000004066733;Otro;MUJER;54;DE 50 A 62 AÑOS;No Aplica;Subsidiado;No Aplica;No Aplica;08;08078;NUEVA EPS;RÉGIMEN SUBSIDIADO;EPSS41;NUEVA EPS;08;08078;01;"BARRERAS EN EL ACCESO A TECNOLOGÍAS Y SERVICIOS DE SALUD; Y OTROS ELEMENTOS COMPLEMENTARIOS PARA LA ATENCIÓN DEL USUARIO";0101;FALTA DE OPORTUNIDAD EN LA PRESTACIÓN DE TECNOLOGÍAS EN SALUD Y OTROS ELEMENTOS COMPLEMENTARIOS PARA LA ATENCIÓN DEL USUARIO;010101;FALTA DE OPORTUNIDAD EN LAS CITAS O CONSULTAS;01010103;ESPECIALIDADES MÉDICAS ;01010103006;CARDIOLOGÍA;PROBLEMAS RELACIONADOS CON FACILIDADES DE ATENCIÓN MÉDICA U OTROS SERVICIOS DE SALUD;PROBLEMAS RELACIONADOS CON FACILIDADES DE ATENCIÓN MÉDICA U OTROS SERVICIOS DE SALUD;OTROS PROBLEMAS RELACIONADOS CON SERVICIOS MÉDICOS Y DE SALUD;No aplica;SIMPLE
876;2024;7;Web;05;05088;US- 000004066734;A nombre propio;HOMBRE;68;MAYOR DE 63 AÑOS ;No Aplica;Régimen Especial;No Aplica;No Aplica;05;05088;MAGISTERIO;REGÍMENES DE EXCEPCIÓN Y ESPECIALES;REMG01;MAGISTERIO;05;05142;01;"BARRERAS EN EL ACCESO A TECNOLOGÍAS Y SERVICIOS DE SALUD; Y OTROS ELEMENTOS COMPLEMENTARIOS PARA LA ATENCIÓN DEL USUARIO";0103;FALTA DE OPORTUNIDAD EN LA AUTORIZACIÓN DE TECNOLOGÍAS EN SALUD Y OTROS ELEMENTOS COMPLEMENTARIOS PARA LA ATENCIÓN DEL USUARIO;010302;FALTA DE OPORTUNIDAD EN LA AUTORIZACIÓN DE CITAS DE CONSULTA;01030203;ESPECIALIDADES MÉDICAS ;01030203061;MEDICINA FÍSICA Y REHABILITACIÓN - FISIATRÍA;PROBLEMAS RELACIONADOS CON FACILIDADES DE ATENCIÓN MÉDICA U OTROS SERVICIOS DE SALUD;PROBLEMAS RELACIONADOS CON FACILIDADES DE ATENCIÓN MÉDICA U OTROS SERVICIOS DE SALUD;OTROS PROBLEMAS RELACIONADOS CON SERVICIOS MÉDICOS Y DE SALUD;No aplica;SIMPLE
877;2024;7;Web;11;11001;US- 000004066735;A nombre propio;HOMBRE;52;DE 50 A 62 AÑOS;No Aplica;Contributivo;No Aplica;No Aplica;11;11001;COMPENSAR;RÉGIMEN CONTRIBUTIVO;EPS008;COMPENSAR;11;11001;01;"BARRERAS EN EL ACCESO A TECNOLOGÍAS Y SERVICIOS DE SALUD; Y OTROS ELEMENTOS COMPLEMENTARIOS PARA LA ATENCIÓN DEL USUARIO";0101;FALTA DE OPORTUNIDAD EN LA PRESTACIÓN DE TECNOLOGÍAS EN SALUD Y OTROS ELEMENTOS COMPLEMENTARIOS PARA LA ATENCIÓN DEL USUARIO;010103;FALTA DE OPORTUNIDAD EN LA ATENCIÓN EN OTROS SERVICIOS DE SALUD;01010309;PROCEDIMIENTOS QUIRÚRGICOS;01010309003;OTROS PROCEDIMIENTOS QUIRÚRGICOS;CÁNCER ;OTROS;TUMOR MALIGNO DE SITIOS NO ESPECIFICADOS;No aplica;PRIORIZADO
878;2024;7;Web;11;11001;US- 000004066736;Otro;HOMBRE;10;DE 6 A 12 AÑOS;No Aplica;Contributivo;No Aplica;No Aplica;11;11001;SANITAS;RÉGIMEN CONTRIBUTIVO;EPS005;SANITAS;11;11001;01;"BARRERAS EN EL ACCESO A TECNOLOGÍAS Y SERVICIOS DE SALUD; Y OTROS ELEMENTOS COMPLEMENTARIOS PARA LA ATENCIÓN DEL USUARIO";0103;FALTA DE OPORTUNIDAD EN LA AUTORIZACIÓN DE TECNOLOGÍAS EN SALUD Y OTROS ELEMENTOS COMPLEMENTARIOS PARA LA ATENCIÓN DEL USUARIO;010304;FALTA DE OPORTUNIDAD EN LA AUTORIZACIÓN DE OTROS SERVICIOS DE SALUD;01030408;PROCEDIMIENTOS NO QUIRÚRGICOS;01030408001;IMAGENOLOGÍA;PROBLEMAS RELACIONADOS CON FACILIDADES DE ATENCIÓN MÉDICA U OTROS SERVICIOS DE SALUD;PROBLEMAS RELACIONADOS CON FACILIDADES DE ATENCIÓN MÉDICA U OTROS SERVICIOS DE SALUD;CEFALEA;No aplica;SIMPLE
879;2024;7;Web;47;47001;US- 000003640393;Otro;MUJER;62;DE 50 A 62 AÑOS;No Aplica;Subsidiado;No Aplica;No Aplica;47;47001;MUTUAL SER;RÉGIMEN SUBSIDIADO;ESS207;MUTUAL SER;47;47001;01;"BARRERAS EN EL ACCESO A TECNOLOGÍAS Y SERVICIOS DE SALUD; Y OTROS ELEMENTOS COMPLEMENTARIOS PARA LA ATENCIÓN DEL USUARIO";0102;NEGACIÓN DE TECNOLOGÍAS EN SALUD Y OTROS ELEMENTOS COMPLEMENTARIOS PARA LA ATENCIÓN DEL USUARIO;010204;NEGACIÓN PARA LA ENTREGA DE TECNOLOGÍAS EN SALUD Y/O DE OTROS SERVICIOS AUTORIZADOS;01020401;MEDICAMENTOS UPC;;;PROBLEMAS RELACIONADOS CON FACILIDADES DE ATENCIÓN MÉDICA U OTROS SERVICIOS DE SALUD;PROBLEMAS RELACIONADOS CON FACILIDADES DE ATENCIÓN MÉDICA U OTROS SERVICIOS DE SALUD;OTROS PROBLEMAS RELACIONADOS CON SERVICIOS MÉDICOS Y DE SALUD;No aplica;SIMPLE
880;2024;7;Telefónico;76;76001;US- 000000310612;A nombre propio;MUJER;41;DE 38 A 49 AÑOS;Secundaria Incompleta;Subsidiado;No Aplica;Desplazado;76;76001;MALLAMAS -EPSI;RÉGIMEN SUBSIDIADO;EPSI05;MALLAMAS (EPS-I);52;52399;01;"BARRERAS EN EL ACCESO A TECNOLOGÍAS Y SERVICIOS DE SALUD; Y OTROS ELEMENTOS COMPLEMENTARIOS PARA LA ATENCIÓN DEL USUARIO";0103;FALTA DE OPORTUNIDAD EN LA AUTORIZACIÓN DE TECNOLOGÍAS EN SALUD Y OTROS ELEMENTOS COMPLEMENTARIOS PARA LA ATENCIÓN DEL USUARIO;010304;FALTA DE OPORTUNIDAD EN LA AUTORIZACIÓN DE OTROS SERVICIOS DE SALUD;01030409;PROCEDIMIENTOS QUIRÚRGICOS;01030409003;OTROS PROCEDIMIENTOS QUIRÚRGICOS;PROBLEMAS RELACIONADOS CON FACILIDADES DE ATENCIÓN MÉDICA U OTROS SERVICIOS DE SALUD;PROBLEMAS RELACIONADOS CON FACILIDADES DE ATENCIÓN MÉDICA U OTROS SERVICIOS DE SALUD;QUISTE FOLICULAR DEL OVARIO;No aplica;SIMPLE
881;2024;7;Web;25;25269;US- 000003591650;A nombre propio;MUJER;26;DE 25 A 29 AÑOS;No Aplica;Contributivo;No Aplica;Mujer en estado de gestación;25;25269;SANITAS;RÉGIMEN CONTRIBUTIVO;EPS005;SANITAS;25;25269;01;"BARRERAS EN EL ACCESO A TECNOLOGÍAS Y SERVICIOS DE SALUD; Y OTROS ELEMENTOS COMPLEMENTARIOS PARA LA ATENCIÓN DEL USUARIO";0101;FALTA DE OPORTUNIDAD EN LA PRESTACIÓN DE TECNOLOGÍAS EN SALUD Y OTROS ELEMENTOS COMPLEMENTARIOS PARA LA ATENCIÓN DEL USUARIO;010103;FALTA DE OPORTUNIDAD EN LA ATENCIÓN EN OTROS SERVICIOS DE SALUD;01010308;PROCEDIMIENTOS NO QUIRÚRGICOS;01010308001;IMAGENOLOGÍA;MATERNO INFANTIL;ATENCIÓN EN EL EMBARAZO;SUPERVISIÓN DE EMBARAZO DE ALTO RIESGO, SIN OTRA ESPECIFICACIÓN;No aplica;PRIORIZADO
882;2024;7;Web;76;76001;US- 000002081586;Otro;MUJER;73;MAYOR DE 63 AÑOS ;Ninguno;Contributivo;No Aplica;No Aplica;76;76001;SURAMERICANA EPS;RÉGIMEN CONTRIBUTIVO;EPS010;EPS SURA;76;76001;01;"BARRERAS EN EL ACCESO A TECNOLOGÍAS Y SERVICIOS DE SALUD; Y OTROS ELEMENTOS COMPLEMENTARIOS PARA LA ATENCIÓN DEL USUARIO";0103;FALTA DE OPORTUNIDAD EN LA AUTORIZACIÓN DE TECNOLOGÍAS EN SALUD Y OTROS ELEMENTOS COMPLEMENTARIOS PARA LA ATENCIÓN DEL USUARIO;010302;FALTA DE OPORTUNIDAD EN LA AUTORIZACIÓN DE CITAS DE CONSULTA;01030203;ESPECIALIDADES MÉDICAS ;01030203024;CIRUGÍA MAXILOFACIAL;SALUD ORAL;SALUD ORAL;CARIES DENTAL, NO ESPECIFICADA;No aplica;SIMPLE
883;2024;7;Telefónico;25;25754;US- 000004066737;Otro;MUJER;74;MAYOR DE 63 AÑOS ;Primaria;Subsidiado;No Aplica;No Aplica;25;25754;FAMISANAR;RÉGIMEN CONTRIBUTIVO;EPS017;FAMISANAR;25;25754;01;"BARRERAS EN EL ACCESO A TECNOLOGÍAS Y SERVICIOS DE SALUD; Y OTROS ELEMENTOS COMPLEMENTARIOS PARA LA ATENCIÓN DEL USUARIO";0102;NEGACIÓN DE TECNOLOGÍAS EN SALUD Y OTROS ELEMENTOS COMPLEMENTARIOS PARA LA ATENCIÓN DEL USUARIO;010201;NEGACIÓN EN LA ASIGNACIÓN DE CITAS O CONSULTAS;01020103;ESPECIALIDADES MÉDICAS ;01020103075;OFTALMOLOGÍA;PROBLEMAS RELACIONADOS CON FACILIDADES DE ATENCIÓN MÉDICA U OTROS SERVICIOS DE SALUD;PROBLEMAS RELACIONADOS CON FACILIDADES DE ATENCIÓN MÉDICA U OTROS SERVICIOS DE SALUD;GLAUCOMA;No aplica;SIMPLE
884;2024;7;Telefónico;23;23466;US- 000001842261;Madre;MUJER;17;DE 13 A 17 AÑOS;Secundaria Incompleta;Contributivo;No Aplica;Desplazado;23;23466;SANITAS;RÉGIMEN CONTRIBUTIVO;EPS005;SANITAS;23;23466;01;"BARRERAS EN EL ACCESO A TECNOLOGÍAS Y SERVICIOS DE SALUD; Y OTROS ELEMENTOS COMPLEMENTARIOS PARA LA ATENCIÓN DEL USUARIO";0101;FALTA DE OPORTUNIDAD EN LA PRESTACIÓN DE TECNOLOGÍAS EN SALUD Y OTROS ELEMENTOS COMPLEMENTARIOS PARA LA ATENCIÓN DEL USUARIO;010104;FALTA DE OPORTUNIDAD EN LA ENTREGA O ENTREGA INCOMPLETA DE TECNOLOGÍAS EN SALUD Y/O PRESTACIÓN DE OTROS SERVICIOS;01010408;TRANSPORTE, ALOJAMIENTO O ALIMENTACIÓN;;;SALUD MENTAL;OTROS TRASTORNOS MENTALES;TRASTORNO MIXTO DE ANSIEDAD Y DEPRESIÓN;No aplica;SIMPLE
885;2024;7;Personalizado;05;05001;US- 000004066738;A nombre propio;MUJER;47;DE 38 A 49 AÑOS;Secundaria;Contributivo;No Aplica;Desplazado;05;05001;SAVIA SALUD;RÉGIMEN SUBSIDIADO;EPSS40;SAVIA SALUD EPS;05;05001;01;"BARRERAS EN EL ACCESO A TECNOLOGÍAS Y SERVICIOS DE SALUD; Y OTROS ELEMENTOS COMPLEMENTARIOS PARA LA ATENCIÓN DEL USUARIO";0102;NEGACIÓN DE TECNOLOGÍAS EN SALUD Y OTROS ELEMENTOS COMPLEMENTARIOS PARA LA ATENCIÓN DEL USUARIO;010201;NEGACIÓN EN LA ASIGNACIÓN DE CITAS O CONSULTAS;01020103;ESPECIALIDADES MÉDICAS ;01020103047;GINECOLOGÍA Y OBSTETRICIA;ENFERMEDADES CRÓNICAS NO TRASMISIBLES CARDIOVASCULARES;HTA (HIPERTENSIÓN ARTERIAL);HEMORRAGIA VAGINAL Y UTERINA ANORMAL, NO ESPECIFICADA;No aplica;SIMPLE
886;2024;7;Personalizado;41;41001;US- 000002734248;Padre;HOMBRE;84;MAYOR DE 63 AÑOS ;Secundaria;Contributivo;No Aplica;No Aplica;41;41001;FAMISANAR;RÉGIMEN CONTRIBUTIVO;EPS017;FAMISANAR;41;41001;01;"BARRERAS EN EL ACCESO A TECNOLOGÍAS Y SERVICIOS DE SALUD; Y OTROS ELEMENTOS COMPLEMENTARIOS PARA LA ATENCIÓN DEL USUARIO";0102;NEGACIÓN DE TECNOLOGÍAS EN SALUD Y OTROS ELEMENTOS COMPLEMENTARIOS PARA LA ATENCIÓN DEL USUARIO;010204;NEGACIÓN PARA LA ENTREGA DE TECNOLOGÍAS EN SALUD Y/O DE OTROS SERVICIOS AUTORIZADOS;01020401;MEDICAMENTOS UPC;;;SALUD MENTAL;OTROS TRASTORNOS MENTALES;TRASTORNO MIXTO DE ANSIEDAD Y DEPRESIÓN;No aplica;PRIORIZADO
887;2024;7;Telefónico;76;76001;US- 000004066739;Hermano (A);HOMBRE;58;DE 50 A 62 AÑOS;Secundaria Incompleta;Subsidiado;No Aplica;No Aplica;76;76001;COOSALUD;RÉGIMEN SUBSIDIADO;ESS024;COOSALUD;76;76001;01;"BARRERAS EN EL ACCESO A TECNOLOGÍAS Y SERVICIOS DE SALUD; Y OTROS ELEMENTOS COMPLEMENTARIOS PARA LA ATENCIÓN DEL USUARIO";0103;FALTA DE OPORTUNIDAD EN LA AUTORIZACIÓN DE TECNOLOGÍAS EN SALUD Y OTROS ELEMENTOS COMPLEMENTARIOS PARA LA ATENCIÓN DEL USUARIO;010304;FALTA DE OPORTUNIDAD EN LA AUTORIZACIÓN DE OTROS SERVICIOS DE SALUD;01030409;PROCEDIMIENTOS QUIRÚRGICOS;01030409003;OTROS PROCEDIMIENTOS QUIRÚRGICOS;ENFERMEDADES CRÓNICAS NO TRASMISIBLES CARDIOVASCULARES;OTROS;INFARTO AGUDO DEL MIOCARDIO, SIN OTRA ESPECIFICACIÓN;No aplica;PRIORIZADO
888;2024;7;Telefónico;11;11001;US- 000002310685;Hijo (A);HOMBRE;59;DE 50 A 62 AÑOS;Secundaria Incompleta;Subsidiado;No Aplica;No Aplica;11;11001;NUEVA EPS;RÉGIMEN CONTRIBUTIVO;EPS037;NUEVA EPS;11;11001;01;"BARRERAS EN EL ACCESO A TECNOLOGÍAS Y SERVICIOS DE SALUD; Y OTROS ELEMENTOS COMPLEMENTARIOS PARA LA ATENCIÓN DEL USUARIO";0101;FALTA DE OPORTUNIDAD EN LA PRESTACIÓN DE TECNOLOGÍAS EN SALUD Y OTROS ELEMENTOS COMPLEMENTARIOS PARA LA ATENCIÓN DEL USUARIO;010101;FALTA DE OPORTUNIDAD EN LAS CITAS O CONSULTAS;01010103;ESPECIALIDADES MÉDICAS ;01010103063;MEDICINA INTERNA;ENFERMEDADES CRÓNICAS NO TRANSMISIBLES –DIABETES;DIABETES;DIABETES MELLITUS INSULINODEPENDIENTE;No aplica;PRIORIZADO
889;2024;7;Personalizado;68;68001;US- 000002694942;Padre;HOMBRE;2;DE 0 A 5 AÑOS;No Aplica;Contributivo;No Aplica;No Aplica;68;68001;SANITAS;RÉGIMEN CONTRIBUTIVO;EPS005;SANITAS;68;68001;01;"BARRERAS EN EL ACCESO A TECNOLOGÍAS Y SERVICIOS DE SALUD; Y OTROS ELEMENTOS COMPLEMENTARIOS PARA LA ATENCIÓN DEL USUARIO";0102;NEGACIÓN DE TECNOLOGÍAS EN SALUD Y OTROS ELEMENTOS COMPLEMENTARIOS PARA LA ATENCIÓN DEL USUARIO;010204;NEGACIÓN PARA LA ENTREGA DE TECNOLOGÍAS EN SALUD Y/O DE OTROS SERVICIOS AUTORIZADOS;01020402;MEDICAMENTOS NO UPC;;;MATERNO INFANTIL;ATENCIÓN NIÑOS MENORES DE 5 AÑOS;OTRAS EPILEPSIAS Y SÍNDROMES EPILÉPTICOS GENERALIZADOS;No aplica;PRIORIZADO
890;2024;7;Web;81;81001;US- 000004066740;Otro;MUJER;49;DE 38 A 49 AÑOS;No Aplica;Subsidiado;No Aplica;No Aplica;81;81001;NUEVA EPS;RÉGIMEN SUBSIDIADO;EPSS41;NUEVA EPS;81;81001;01;"BARRERAS EN EL ACCESO A TECNOLOGÍAS Y SERVICIOS DE SALUD; Y OTROS ELEMENTOS COMPLEMENTARIOS PARA LA ATENCIÓN DEL USUARIO";0101;FALTA DE OPORTUNIDAD EN LA PRESTACIÓN DE TECNOLOGÍAS EN SALUD Y OTROS ELEMENTOS COMPLEMENTARIOS PARA LA ATENCIÓN DEL USUARIO;010105;FALTA DE OPORTUNIDAD EN EL PROCESO DE REFERENCIA Y CONTRARREFERENCIA;;;;;PROBLEMAS RELACIONADOS CON FACILIDADES DE ATENCIÓN MÉDICA U OTROS SERVICIOS DE SALUD;PROBLEMAS RELACIONADOS CON FACILIDADES DE ATENCIÓN MÉDICA U OTROS SERVICIOS DE SALUD;OTRAS CONSULTAS ESPECIFICADAS;No aplica;PRIORIZADO
891;2024;7;Personalizado;08;08001;US- 000002938749;A nombre propio;HOMBRE;66;MAYOR DE 63 AÑOS ;No Aplica;Contributivo;No Aplica;No Aplica;08;08001;SANITAS;RÉGIMEN CONTRIBUTIVO;EPS005;SANITAS;08;08001;01;"BARRERAS EN EL ACCESO A TECNOLOGÍAS Y SERVICIOS DE SALUD; Y OTROS ELEMENTOS COMPLEMENTARIOS PARA LA ATENCIÓN DEL USUARIO";0102;NEGACIÓN DE TECNOLOGÍAS EN SALUD Y OTROS ELEMENTOS COMPLEMENTARIOS PARA LA ATENCIÓN DEL USUARIO;010204;NEGACIÓN PARA LA ENTREGA DE TECNOLOGÍAS EN SALUD Y/O DE OTROS SERVICIOS AUTORIZADOS;01020403;DISPOSITIVOS MÉDICOS UPC;;;PROBLEMAS RELACIONADOS CON FACILIDADES DE ATENCIÓN MÉDICA U OTROS SERVICIOS DE SALUD;PROBLEMAS RELACIONADOS CON FACILIDADES DE ATENCIÓN MÉDICA U OTROS SERVICIOS DE SALUD;COLOSTOMÍA;No aplica;PRIORIZADO
892;2024;7;Personalizado;05;05001;US- 000004066741;Padre;MUJER;8;DE 6 A 12 AÑOS;Primaria Incompleta;Contributivo;No Aplica;No Aplica;05;05001;SURAMERICANA EPS;RÉGIMEN CONTRIBUTIVO;EPS010;EPS SURA;05;05380;01;"BARRERAS EN EL ACCESO A TECNOLOGÍAS Y SERVICIOS DE SALUD; Y OTROS ELEMENTOS COMPLEMENTARIOS PARA LA ATENCIÓN DEL USUARIO";0102;NEGACIÓN DE TECNOLOGÍAS EN SALUD Y OTROS ELEMENTOS COMPLEMENTARIOS PARA LA ATENCIÓN DEL USUARIO;010201;NEGACIÓN EN LA ASIGNACIÓN DE CITAS O CONSULTAS;01020103;ESPECIALIDADES MÉDICAS ;01020103080;OTORRINOLARINGOLOGÍA;PROBLEMAS RELACIONADOS CON FACILIDADES DE ATENCIÓN MÉDICA U OTROS SERVICIOS DE SALUD;PROBLEMAS RELACIONADOS CON FACILIDADES DE ATENCIÓN MÉDICA U OTROS SERVICIOS DE SALUD;HIPERTROFIA DE LAS ADENOIDES;No aplica;SIMPLE
893;2024;7;Personalizado;08;08001;US- 000002923147;Hijo (A);HOMBRE;76;MAYOR DE 63 AÑOS ;Universitario;Régimen Especial;No Aplica;Persona con discapacidad;08;08001;MAGISTERIO;REGÍMENES DE EXCEPCIÓN Y ESPECIALES;REMG01;MAGISTERIO;08;08001;01;"BARRERAS EN EL ACCESO A TECNOLOGÍAS Y SERVICIOS DE SALUD; Y OTROS ELEMENTOS COMPLEMENTARIOS PARA LA ATENCIÓN DEL USUARIO";0102;NEGACIÓN DE TECNOLOGÍAS EN SALUD Y OTROS ELEMENTOS COMPLEMENTARIOS PARA LA ATENCIÓN DEL USUARIO;010204;NEGACIÓN PARA LA ENTREGA DE TECNOLOGÍAS EN SALUD Y/O DE OTROS SERVICIOS AUTORIZADOS;01020401;MEDICAMENTOS UPC;;;ENFERMEDADES CRÓNICAS NO TRASMISIBLES CARDIOVASCULARES;HTA (HIPERTENSIÓN ARTERIAL);CARDIOMIOPATÍA DILATADA;No aplica;PRIORIZADO
894;2024;7;Web;05;05001;US- 000002870533;A nombre propio;MUJER;47;DE 38 A 49 AÑOS;No Aplica;Subsidiado;No Aplica;Persona con discapacidad;05;05001;SAVIA SALUD;RÉGIMEN SUBSIDIADO;EPSS40;SAVIA SALUD EPS;05;05001;01;"BARRERAS EN EL ACCESO A TECNOLOGÍAS Y SERVICIOS DE SALUD; Y OTROS ELEMENTOS COMPLEMENTARIOS PARA LA ATENCIÓN DEL USUARIO";0102;NEGACIÓN DE TECNOLOGÍAS EN SALUD Y OTROS ELEMENTOS COMPLEMENTARIOS PARA LA ATENCIÓN DEL USUARIO;010201;NEGACIÓN EN LA ASIGNACIÓN DE CITAS O CONSULTAS;01020103;ESPECIALIDADES MÉDICAS ;01020103002;ANESTESIOLOGÍA;PROBLEMAS RELACIONADOS CON FACILIDADES DE ATENCIÓN MÉDICA U OTROS SERVICIOS DE SALUD;PROBLEMAS RELACIONADOS CON FACILIDADES DE ATENCIÓN MÉDICA U OTROS SERVICIOS DE SALUD;OTROS PROBLEMAS RELACIONADOS CON SERVICIOS MÉDICOS Y DE SALUD;No aplica;SIMPLE
895;2024;7;Telefónico;25;25754;US- 000001737433;Madre;HOMBRE;24;DE 18 A 24 AÑOS;No Aplica;Contributivo;No Aplica;Persona con discapacidad;25;25754;NUEVA EPS;RÉGIMEN CONTRIBUTIVO;EPS037;NUEVA EPS;25;25754;01;"BARRERAS EN EL ACCESO A TECNOLOGÍAS Y SERVICIOS DE SALUD; Y OTROS ELEMENTOS COMPLEMENTARIOS PARA LA ATENCIÓN DEL USUARIO";0103;FALTA DE OPORTUNIDAD EN LA AUTORIZACIÓN DE TECNOLOGÍAS EN SALUD Y OTROS ELEMENTOS COMPLEMENTARIOS PARA LA ATENCIÓN DEL USUARIO;010302;FALTA DE OPORTUNIDAD EN LA AUTORIZACIÓN DE CITAS DE CONSULTA;01030203;ESPECIALIDADES MÉDICAS ;01030203042;GASTROENTEROLOGÍA;SALUD MENTAL;OTROS TRASTORNOS MENTALES;AUTISMO EN LA NIÑEZ;No aplica;PRIORIZADO
896;2024;7;Web;76;76001;US- 000002081586;Hijo (A);MUJER;73;MAYOR DE 63 AÑOS ;No Aplica;Contributivo;No Aplica;No Aplica;76;76001;SURAMERICANA EPS;RÉGIMEN CONTRIBUTIVO;EPS010;EPS SURA;76;76001;01;"BARRERAS EN EL ACCESO A TECNOLOGÍAS Y SERVICIOS DE SALUD; Y OTROS ELEMENTOS COMPLEMENTARIOS PARA LA ATENCIÓN DEL USUARIO";0102;NEGACIÓN DE TECNOLOGÍAS EN SALUD Y OTROS ELEMENTOS COMPLEMENTARIOS PARA LA ATENCIÓN DEL USUARIO;010204;NEGACIÓN PARA LA ENTREGA DE TECNOLOGÍAS EN SALUD Y/O DE OTROS SERVICIOS AUTORIZADOS;01020407;ELEMENTOS COMPLEMENTARIOS PARA LA ATENCIÓN DEL USUARIO (PAÑALES, PAÑITOS, ETC.);;;ENFERMEDADES OSTEOARTICULARES;NEUROLÓGICAS;INCONTINENCIA FECAL;No aplica;SIMPLE
897;2024;7;Web;20;20710;US- 000004066742;A nombre propio;HOMBRE;62;DE 50 A 62 AÑOS;No Aplica;Contributivo;No Aplica;No Aplica;20;20710;NUEVA EPS;RÉGIMEN CONTRIBUTIVO;EPS037;NUEVA EPS;20;20710;01;"BARRERAS EN EL ACCESO A TECNOLOGÍAS Y SERVICIOS DE SALUD; Y OTROS ELEMENTOS COMPLEMENTARIOS PARA LA ATENCIÓN DEL USUARIO";0101;FALTA DE OPORTUNIDAD EN LA PRESTACIÓN DE TECNOLOGÍAS EN SALUD Y OTROS ELEMENTOS COMPLEMENTARIOS PARA LA ATENCIÓN DEL USUARIO;010101;FALTA DE OPORTUNIDAD EN LAS CITAS O CONSULTAS;01010103;ESPECIALIDADES MÉDICAS ;01010103094;UROLOGÍA;PROBLEMAS RELACIONADOS CON FACILIDADES DE ATENCIÓN MÉDICA U OTROS SERVICIOS DE SALUD;PROBLEMAS RELACIONADOS CON FACILIDADES DE ATENCIÓN MÉDICA U OTROS SERVICIOS DE SALUD;OTROS PROBLEMAS RELACIONADOS CON SERVICIOS MÉDICOS Y DE SALUD;No aplica;SIMPLE
898;2024;7;Web;05;05360;US- 000003493449;A nombre propio;MUJER;53;DE 50 A 62 AÑOS;No Aplica;Contributivo;No Aplica;No Aplica;05;05360;SALUD TOTAL;RÉGIMEN CONTRIBUTIVO;EPS002;SALUD TOTAL;05;05360;01;"BARRERAS EN EL ACCESO A TECNOLOGÍAS Y SERVICIOS DE SALUD; Y OTROS ELEMENTOS COMPLEMENTARIOS PARA LA ATENCIÓN DEL USUARIO";0101;FALTA DE OPORTUNIDAD EN LA PRESTACIÓN DE TECNOLOGÍAS EN SALUD Y OTROS ELEMENTOS COMPLEMENTARIOS PARA LA ATENCIÓN DEL USUARIO;010104;FALTA DE OPORTUNIDAD EN LA ENTREGA O ENTREGA INCOMPLETA DE TECNOLOGÍAS EN SALUD Y/O PRESTACIÓN DE OTROS SERVICIOS;01010401;MEDICAMENTOS UPC;;;PROBLEMAS RELACIONADOS CON FACILIDADES DE ATENCIÓN MÉDICA U OTROS SERVICIOS DE SALUD;PROBLEMAS RELACIONADOS CON FACILIDADES DE ATENCIÓN MÉDICA U OTROS SERVICIOS DE SALUD;ESTADOS MENOPAÚSICOS Y CLIMATÉRICOS FEMENINOS;No aplica;SIMPLE
899;2024;7;Web;11;11001;US- 000004066743;A nombre propio;MUJER;74;MAYOR DE 63 AÑOS ;No Aplica;Subsidiado;No Aplica;No Aplica;11;11001;CAPITAL SALUD;RÉGIMEN SUBSIDIADO;EPSS34;CAPITAL SALUD;11;11001;01;"BARRERAS EN EL ACCESO A TECNOLOGÍAS Y SERVICIOS DE SALUD; Y OTROS ELEMENTOS COMPLEMENTARIOS PARA LA ATENCIÓN DEL USUARIO";0101;FALTA DE OPORTUNIDAD EN LA PRESTACIÓN DE TECNOLOGÍAS EN SALUD Y OTROS ELEMENTOS COMPLEMENTARIOS PARA LA ATENCIÓN DEL USUARIO;010101;FALTA DE OPORTUNIDAD EN LAS CITAS O CONSULTAS;01010103;ESPECIALIDADES MÉDICAS ;01010103075;OFTALMOLOGÍA;PROBLEMAS RELACIONADOS CON FACILIDADES DE ATENCIÓN MÉDICA U OTROS SERVICIOS DE SALUD;PROBLEMAS RELACIONADOS CON FACILIDADES DE ATENCIÓN MÉDICA U OTROS SERVICIOS DE SALUD;CEGUERA DE UN OJO, VISION SUBNORMAL DEL OTRO;No aplica;SIMPLE
900;2024;7;Web;05;05266;US- 000004066744;A nombre propio;MUJER;23;DE 18 A 24 AÑOS;No Aplica;Contributivo;No Aplica;No Aplica;05;05266;SURAMERICANA EPS;RÉGIMEN CONTRIBUTIVO;EPS010;EPS SURA;05;05266;01;"BARRERAS EN EL ACCESO A TECNOLOGÍAS Y SERVICIOS DE SALUD; Y OTROS ELEMENTOS COMPLEMENTARIOS PARA LA ATENCIÓN DEL USUARIO";0101;FALTA DE OPORTUNIDAD EN LA PRESTACIÓN DE TECNOLOGÍAS EN SALUD Y OTROS ELEMENTOS COMPLEMENTARIOS PARA LA ATENCIÓN DEL USUARIO;010103;FALTA DE OPORTUNIDAD EN LA ATENCIÓN EN OTROS SERVICIOS DE SALUD;01010309;PROCEDIMIENTOS QUIRÚRGICOS;01010309003;OTROS PROCEDIMIENTOS QUIRÚRGICOS;PROBLEMAS RELACIONADOS CON FACILIDADES DE ATENCIÓN MÉDICA U OTROS SERVICIOS DE SALUD;PROBLEMAS RELACIONADOS CON FACILIDADES DE ATENCIÓN MÉDICA U OTROS SERVICIOS DE SALUD;PROBLEMAS RELACIONADOS CON FACILIDADES DE ATENCIÓN MEDICA U OTROS SERVICIOS DE SALUD;No aplica;SIMPLE
901;2024;7;Escrito;70;70820;US- 000004066745;A nombre propio;HOMBRE;54;DE 50 A 62 AÑOS;No Aplica;Contributivo;No Aplica;No Aplica;70;70820;SALUD TOTAL;RÉGIMEN CONTRIBUTIVO;EPS002;SALUD TOTAL;70;70820;04;INSATISFACCIÓN DEL USUARIO CON EL PROCESO ADMINISTRATIVO;0404;INSATISFACCIÓN RELACIONADA CON TRÁMITES ADMINISTRATIVOS;040401;RESTRICCIÓN EN LA LIBRE ESCOGENCIA;04040101;EPS;;;PROBLEMAS RELACIONADOS CON FACILIDADES DE ATENCIÓN MÉDICA U OTROS SERVICIOS DE SALUD;PROBLEMAS RELACIONADOS CON FACILIDADES DE ATENCIÓN MÉDICA U OTROS SERVICIOS DE SALUD;OTROS PROBLEMAS RELACIONADOS CON SERVICIOS MÉDICOS Y DE SALUD;No aplica;SIMPLE
902;2024;7;Web;05;05686;US- 000003489782;Madre;MUJER;8;DE 6 A 12 AÑOS;No Aplica;Contributivo;No Aplica;No Aplica;05;05686;SURAMERICANA EPS;RÉGIMEN CONTRIBUTIVO;EPS010;EPS SURA;05;05686;01;"BARRERAS EN EL ACCESO A TECNOLOGÍAS Y SERVICIOS DE SALUD; Y OTROS ELEMENTOS COMPLEMENTARIOS PARA LA ATENCIÓN DEL USUARIO";0101;FALTA DE OPORTUNIDAD EN LA PRESTACIÓN DE TECNOLOGÍAS EN SALUD Y OTROS ELEMENTOS COMPLEMENTARIOS PARA LA ATENCIÓN DEL USUARIO;010104;FALTA DE OPORTUNIDAD EN LA ENTREGA O ENTREGA INCOMPLETA DE TECNOLOGÍAS EN SALUD Y/O PRESTACIÓN DE OTROS SERVICIOS;01010401;MEDICAMENTOS UPC;;;MATERNO INFANTIL;INDICADORES GLOBALES MATERNO INFANTIL;OTROS PROBLEMAS RELACIONADOS CON SERVICIOS MÉDICOS Y DE SALUD;No aplica;SIMPLE
903;2024;7;Personalizado;11;11001;US- 000003930369;A nombre propio;MUJER;78;MAYOR DE 63 AÑOS ;No Aplica;No aplica;No Aplica;No Aplica;11;11001;COLSANITAS;EMPRESAS DE MEDICINA PREPAGADA;EMP023;COLSANITAS S.A. COMPAA DE MEDICINA PREPAGADA;11;11001;01;"BARRERAS EN EL ACCESO A TECNOLOGÍAS Y SERVICIOS DE SALUD; Y OTROS ELEMENTOS COMPLEMENTARIOS PARA LA ATENCIÓN DEL USUARIO";0103;FALTA DE OPORTUNIDAD EN LA AUTORIZACIÓN DE TECNOLOGÍAS EN SALUD Y OTROS ELEMENTOS COMPLEMENTARIOS PARA LA ATENCIÓN DEL USUARIO;010304;FALTA DE OPORTUNIDAD EN LA AUTORIZACIÓN DE OTROS SERVICIOS DE SALUD;01030402;HOSPITALIZACIÓN;;;CÁNCER ;CÁNCER HEPÁTICO O DE HÍGADO;TUMOR MALIGNO DEL CONDUCTO PANCREÁTICO;No aplica;PRIORIZADO
904;2024;7;Web;81;81001;US- 000004066746;Otro;HOMBRE;86;MAYOR DE 63 AÑOS ;No Aplica;Subsidiado;No Aplica;No Aplica;81;81001;NUEVA EPS;RÉGIMEN SUBSIDIADO;EPSS41;NUEVA EPS;81;81001;01;"BARRERAS EN EL ACCESO A TECNOLOGÍAS Y SERVICIOS DE SALUD; Y OTROS ELEMENTOS COMPLEMENTARIOS PARA LA ATENCIÓN DEL USUARIO";0101;FALTA DE OPORTUNIDAD EN LA PRESTACIÓN DE TECNOLOGÍAS EN SALUD Y OTROS ELEMENTOS COMPLEMENTARIOS PARA LA ATENCIÓN DEL USUARIO;010105;FALTA DE OPORTUNIDAD EN EL PROCESO DE REFERENCIA Y CONTRARREFERENCIA;;;;;PROBLEMAS RELACIONADOS CON FACILIDADES DE ATENCIÓN MÉDICA U OTROS SERVICIOS DE SALUD;PROBLEMAS RELACIONADOS CON FACILIDADES DE ATENCIÓN MÉDICA U OTROS SERVICIOS DE SALUD;OTRAS CONSULTAS ESPECIFICADAS;No aplica;PRIORIZADO
905;2024;7;Personalizado;17;17873;US- 000003788122;A nombre propio;MUJER;52;DE 50 A 62 AÑOS;Secundaria Incompleta;Contributivo;No Aplica;No Aplica;17;17873;SALUD TOTAL;RÉGIMEN CONTRIBUTIVO;EPS002;SALUD TOTAL;17;17873;01;"BARRERAS EN EL ACCESO A TECNOLOGÍAS Y SERVICIOS DE SALUD; Y OTROS ELEMENTOS COMPLEMENTARIOS PARA LA ATENCIÓN DEL USUARIO";0101;FALTA DE OPORTUNIDAD EN LA PRESTACIÓN DE TECNOLOGÍAS EN SALUD Y OTROS ELEMENTOS COMPLEMENTARIOS PARA LA ATENCIÓN DEL USUARIO;010101;FALTA DE OPORTUNIDAD EN LAS CITAS O CONSULTAS;01010103;ESPECIALIDADES MÉDICAS ;01010103072;NEUROLOGÍA;ENFERMEDADES CRÓNICAS NO TRASMISIBLES CARDIOVASCULARES;HTA (HIPERTENSIÓN ARTERIAL);MIGRAÑA;No aplica;SIMPLE
906;2024;7;Web;05;05001;US- 000004066747;A nombre propio;MUJER;31;DE 30 A 37 AÑOS;No Aplica;Contributivo;No Aplica;No Aplica;05;05001;SURAMERICANA EPS;RÉGIMEN CONTRIBUTIVO;EPS010;EPS SURA;05;05001;01;"BARRERAS EN EL ACCESO A TECNOLOGÍAS Y SERVICIOS DE SALUD; Y OTROS ELEMENTOS COMPLEMENTARIOS PARA LA ATENCIÓN DEL USUARIO";0101;FALTA DE OPORTUNIDAD EN LA PRESTACIÓN DE TECNOLOGÍAS EN SALUD Y OTROS ELEMENTOS COMPLEMENTARIOS PARA LA ATENCIÓN DEL USUARIO;010101;FALTA DE OPORTUNIDAD EN LAS CITAS O CONSULTAS;01010103;ESPECIALIDADES MÉDICAS ;01010103075;OFTALMOLOGÍA;PROBLEMAS RELACIONADOS CON FACILIDADES DE ATENCIÓN MÉDICA U OTROS SERVICIOS DE SALUD;PROBLEMAS RELACIONADOS CON FACILIDADES DE ATENCIÓN MÉDICA U OTROS SERVICIOS DE SALUD;SOSPECHA DE GLAUCOMA;No aplica;SIMPLE
907;2024;7;Escrito;76;76001;US- 000004066748;A nombre propio;HOMBRE;78;MAYOR DE 63 AÑOS ;No Aplica;Subsidiado;No Aplica;No Aplica;76;76001;ASMET SALUD EPS;RÉGIMEN SUBSIDIADO;ESS062;ASMET SALUD;76;76001;01;"BARRERAS EN EL ACCESO A TECNOLOGÍAS Y SERVICIOS DE SALUD; Y OTROS ELEMENTOS COMPLEMENTARIOS PARA LA ATENCIÓN DEL USUARIO";0101;FALTA DE OPORTUNIDAD EN LA PRESTACIÓN DE TECNOLOGÍAS EN SALUD Y OTROS ELEMENTOS COMPLEMENTARIOS PARA LA ATENCIÓN DEL USUARIO;010104;FALTA DE OPORTUNIDAD EN LA ENTREGA O ENTREGA INCOMPLETA DE TECNOLOGÍAS EN SALUD Y/O PRESTACIÓN DE OTROS SERVICIOS;01010401;MEDICAMENTOS UPC;;;PROBLEMAS RELACIONADOS CON FACILIDADES DE ATENCIÓN MÉDICA U OTROS SERVICIOS DE SALUD;PROBLEMAS RELACIONADOS CON FACILIDADES DE ATENCIÓN MÉDICA U OTROS SERVICIOS DE SALUD;HIPERPLASIA DE LA PRÓSTATA;No aplica;SIMPLE
908;2024;7;Escrito;85;85250;US- 000002419065;A nombre propio;HOMBRE;5;DE 0 A 5 AÑOS;No Aplica;Subsidiado;No Aplica;No Aplica;85;85250;CAPRESOCA;RÉGIMEN SUBSIDIADO;EPS025;CAPRESOCA;85;85250;01;"BARRERAS EN EL ACCESO A TECNOLOGÍAS Y SERVICIOS DE SALUD; Y OTROS ELEMENTOS COMPLEMENTARIOS PARA LA ATENCIÓN DEL USUARIO";0102;NEGACIÓN DE TECNOLOGÍAS EN SALUD Y OTROS ELEMENTOS COMPLEMENTARIOS PARA LA ATENCIÓN DEL USUARIO;010204;NEGACIÓN PARA LA ENTREGA DE TECNOLOGÍAS EN SALUD Y/O DE OTROS SERVICIOS AUTORIZADOS;01020403;DISPOSITIVOS MÉDICOS UPC;;;MATERNO INFANTIL;ATENCIÓN NIÑOS MENORES DE 5 AÑOS;PARÁLISIS CEREBRAL INFANTIL;No aplica;SIMPLE
909;2024;7;Telefónico;05;05308;US- 000004066749;Nieto (A);HOMBRE;0;DE 0 A 5 AÑOS;No Aplica;Contributivo;No Aplica;No Aplica;05;05308;SURAMERICANA EPS;RÉGIMEN CONTRIBUTIVO;EPS010;EPS SURA;05;05308;01;"BARRERAS EN EL ACCESO A TECNOLOGÍAS Y SERVICIOS DE SALUD; Y OTROS ELEMENTOS COMPLEMENTARIOS PARA LA ATENCIÓN DEL USUARIO";0101;FALTA DE OPORTUNIDAD EN LA PRESTACIÓN DE TECNOLOGÍAS EN SALUD Y OTROS ELEMENTOS COMPLEMENTARIOS PARA LA ATENCIÓN DEL USUARIO;010101;FALTA DE OPORTUNIDAD EN LAS CITAS O CONSULTAS;01010103;ESPECIALIDADES MÉDICAS ;01010103024;CIRUGÍA MAXILOFACIAL;MATERNO INFANTIL;ATENCIÓN NIÑOS MENORES DE 5 AÑOS;PROBLEMAS RELACIONADOS CON FACILIDADES DE ATENCIÓN MEDICA U OTROS SERVICIOS DE SALUD;No aplica;PRIORIZADO
910;2024;7;Redes Sociales;11;11001;US- 000000579554;A nombre propio;HOMBRE;89;MAYOR DE 63 AÑOS ;No Aplica;Contributivo;No Aplica;No Aplica;11;11001;SANITAS;RÉGIMEN CONTRIBUTIVO;EPS005;SANITAS;11;11001;01;"BARRERAS EN EL ACCESO A TECNOLOGÍAS Y SERVICIOS DE SALUD; Y OTROS ELEMENTOS COMPLEMENTARIOS PARA LA ATENCIÓN DEL USUARIO";0101;FALTA DE OPORTUNIDAD EN LA PRESTACIÓN DE TECNOLOGÍAS EN SALUD Y OTROS ELEMENTOS COMPLEMENTARIOS PARA LA ATENCIÓN DEL USUARIO;010104;FALTA DE OPORTUNIDAD EN LA ENTREGA O ENTREGA INCOMPLETA DE TECNOLOGÍAS EN SALUD Y/O PRESTACIÓN DE OTROS SERVICIOS;01010401;MEDICAMENTOS UPC;;;PROBLEMAS RELACIONADOS CON FACILIDADES DE ATENCIÓN MÉDICA U OTROS SERVICIOS DE SALUD;PROBLEMAS RELACIONADOS CON FACILIDADES DE ATENCIÓN MÉDICA U OTROS SERVICIOS DE SALUD;OTROS PROBLEMAS RELACIONADOS CON SERVICIOS MÉDICOS Y DE SALUD;No aplica;PRIORIZADO
911;2024;7;Telefónico;05;05001;US- 000004066750;Otro;MUJER;58;DE 50 A 62 AÑOS;Universitario;Régimen Especial;Afrocolombiano o Afrodescendiente;No Aplica;05;05001;MAGISTERIO;REGÍMENES DE EXCEPCIÓN Y ESPECIALES;REMG01;MAGISTERIO;05;05001;01;"BARRERAS EN EL ACCESO A TECNOLOGÍAS Y SERVICIOS DE SALUD; Y OTROS ELEMENTOS COMPLEMENTARIOS PARA LA ATENCIÓN DEL USUARIO";0102;NEGACIÓN DE TECNOLOGÍAS EN SALUD Y OTROS ELEMENTOS COMPLEMENTARIOS PARA LA ATENCIÓN DEL USUARIO;010204;NEGACIÓN PARA LA ENTREGA DE TECNOLOGÍAS EN SALUD Y/O DE OTROS SERVICIOS AUTORIZADOS;01020401;MEDICAMENTOS UPC;;;ENFERMEDADES CRÓNICAS NO TRANSMISIBLES- FACTORES DE RIESGO;OBESIDAD;OBESIDAD, NO ESPECIFICADA;No aplica;SIMPLE
912;2024;7;Web;11;11001;US- 000001283014;A nombre propio;HOMBRE;54;DE 50 A 62 AÑOS;No Aplica;Contributivo;No Aplica;No Aplica;11;11001;COMPENSAR;RÉGIMEN CONTRIBUTIVO;EPS008;COMPENSAR;11;11001;01;"BARRERAS EN EL ACCESO A TECNOLOGÍAS Y SERVICIOS DE SALUD; Y OTROS ELEMENTOS COMPLEMENTARIOS PARA LA ATENCIÓN DEL USUARIO";0102;NEGACIÓN DE TECNOLOGÍAS EN SALUD Y OTROS ELEMENTOS COMPLEMENTARIOS PARA LA ATENCIÓN DEL USUARIO;010204;NEGACIÓN PARA LA ENTREGA DE TECNOLOGÍAS EN SALUD Y/O DE OTROS SERVICIOS AUTORIZADOS;01020403;DISPOSITIVOS MÉDICOS UPC;;;ENFERMEDADES CRÓNICAS NO TRANSMISIBLES –DIABETES;DIABETES;DIABETES MELLITUS INSULINODEPENDIENTE SIN MENCIÓN DE COMPLICACIÓN;No aplica;PRIORIZADO
913;2024;7;Personalizado;66;66001;US- 000003657337;A nombre propio;MUJER;54;DE 50 A 62 AÑOS;Secundaria;Contributivo;No Aplica;No Aplica;66;66001;SOS -SERVICIO OCCIDENTAL DE SALUD;RÉGIMEN CONTRIBUTIVO;EPS018;SERVICIO OCCIDENTAL DE SALUD (SOS);66;66170;01;"BARRERAS EN EL ACCESO A TECNOLOGÍAS Y SERVICIOS DE SALUD; Y OTROS ELEMENTOS COMPLEMENTARIOS PARA LA ATENCIÓN DEL USUARIO";0102;NEGACIÓN DE TECNOLOGÍAS EN SALUD Y OTROS ELEMENTOS COMPLEMENTARIOS PARA LA ATENCIÓN DEL USUARIO;010202;NEGACIÓN DE SERVICIOS DE COMPLEMENTACIÓN TERAPÉUTICA;01020201;TERAPIA FÍSICA;;;PROBLEMAS RELACIONADOS CON FACILIDADES DE ATENCIÓN MÉDICA U OTROS SERVICIOS DE SALUD;PROBLEMAS RELACIONADOS CON FACILIDADES DE ATENCIÓN MÉDICA U OTROS SERVICIOS DE SALUD;CERVICALGIA;No aplica;SIMPLE
914;2024;7;Personalizado;52;52001;US- 000004066751;Padre;MUJER;45;DE 38 A 49 AÑOS;Universitario;Subsidiado;No Aplica;No Aplica;52;52001;FAMISANAR;RÉGIMEN CONTRIBUTIVO;EPS017;FAMISANAR;52;52001;01;"BARRERAS EN EL ACCESO A TECNOLOGÍAS Y SERVICIOS DE SALUD; Y OTROS ELEMENTOS COMPLEMENTARIOS PARA LA ATENCIÓN DEL USUARIO";0103;FALTA DE OPORTUNIDAD EN LA AUTORIZACIÓN DE TECNOLOGÍAS EN SALUD Y OTROS ELEMENTOS COMPLEMENTARIOS PARA LA ATENCIÓN DEL USUARIO;010304;FALTA DE OPORTUNIDAD EN LA AUTORIZACIÓN DE OTROS SERVICIOS DE SALUD;01030408;PROCEDIMIENTOS NO QUIRÚRGICOS;01030408002;LABORATORIO CLÍNICO Y ANATOMOPATOLÓGICO;CÁNCER ;OTROS;TUMOR DE COMPORTAMIENTO INCIERTO O DESCONOCIDO DEL HIGADO, DE LA VESÍCULA BILIAR Y DEL CONDUCTO BILIAR;No aplica;PRIORIZADO
915;2024;7;Telefónico;73;73001;US- 000002242902;A nombre propio;MUJER;48;DE 38 A 49 AÑOS;Universitario Incompleto;Régimen Especial;No Aplica;No Aplica;73;73001;FUERZAS MILITARES;REGÍMENES DE EXCEPCIÓN Y ESPECIALES;REFM01;FUERZAS MILITARES;73;73001;01;"BARRERAS EN EL ACCESO A TECNOLOGÍAS Y SERVICIOS DE SALUD; Y OTROS ELEMENTOS COMPLEMENTARIOS PARA LA ATENCIÓN DEL USUARIO";0101;FALTA DE OPORTUNIDAD EN LA PRESTACIÓN DE TECNOLOGÍAS EN SALUD Y OTROS ELEMENTOS COMPLEMENTARIOS PARA LA ATENCIÓN DEL USUARIO;010103;FALTA DE OPORTUNIDAD EN LA ATENCIÓN EN OTROS SERVICIOS DE SALUD;01010308;PROCEDIMIENTOS NO QUIRÚRGICOS;01010308001;IMAGENOLOGÍA;ENFERMEDADES CRÓNICAS NO TRASMISIBLES CARDIOVASCULARES;HTA (HIPERTENSIÓN ARTERIAL);PARESTESIA DE LA PIEL;No aplica;SIMPLE
916;2024;7;Personalizado;08;08758;US- 000003425874;A nombre propio;HOMBRE;75;MAYOR DE 63 AÑOS ;Secundaria;Contributivo;No Aplica;No Aplica;08;08758;MUTUAL SER;RÉGIMEN CONTRIBUTIVO;EPS048;MUTUAL SER;08;08001;01;"BARRERAS EN EL ACCESO A TECNOLOGÍAS Y SERVICIOS DE SALUD; Y OTROS ELEMENTOS COMPLEMENTARIOS PARA LA ATENCIÓN DEL USUARIO";0102;NEGACIÓN DE TECNOLOGÍAS EN SALUD Y OTROS ELEMENTOS COMPLEMENTARIOS PARA LA ATENCIÓN DEL USUARIO;010204;NEGACIÓN PARA LA ENTREGA DE TECNOLOGÍAS EN SALUD Y/O DE OTROS SERVICIOS AUTORIZADOS;01020401;MEDICAMENTOS UPC;;;ENFERMEDADES CRÓNICAS NO TRANSMISIBLES –DIABETES;DIABETES;DIABETES MELLITUS INSULINODEPENDIENTE;No aplica;PRIORIZADO
917;2024;7;Escrito;15;15753;US- 000004066752;A nombre propio;MUJER;74;MAYOR DE 63 AÑOS ;No Aplica;Subsidiado;No Aplica;No Aplica;15;15753;NUEVA EPS;RÉGIMEN SUBSIDIADO;EPSS41;NUEVA EPS;15;15753;01;"BARRERAS EN EL ACCESO A TECNOLOGÍAS Y SERVICIOS DE SALUD; Y OTROS ELEMENTOS COMPLEMENTARIOS PARA LA ATENCIÓN DEL USUARIO";0101;FALTA DE OPORTUNIDAD EN LA PRESTACIÓN DE TECNOLOGÍAS EN SALUD Y OTROS ELEMENTOS COMPLEMENTARIOS PARA LA ATENCIÓN DEL USUARIO;010104;FALTA DE OPORTUNIDAD EN LA ENTREGA O ENTREGA INCOMPLETA DE TECNOLOGÍAS EN SALUD Y/O PRESTACIÓN DE OTROS SERVICIOS;01010408;TRANSPORTE, ALOJAMIENTO O ALIMENTACIÓN;;;ENFERMEDADES OSTEOARTICULARES;ARTRITIS REUMATOIDEA;GONARTROSIS, NO ESPECIFICADA;No aplica;SIMPLE
918;2024;7;Web;11;11001;US- 000002971494;A nombre propio;MUJER;14;DE 13 A 17 AÑOS;No Aplica;Contributivo;No Aplica;No Aplica;11;11001;FAMISANAR;RÉGIMEN CONTRIBUTIVO;EPS017;FAMISANAR;11;11001;01;"BARRERAS EN EL ACCESO A TECNOLOGÍAS Y SERVICIOS DE SALUD; Y OTROS ELEMENTOS COMPLEMENTARIOS PARA LA ATENCIÓN DEL USUARIO";0102;NEGACIÓN DE TECNOLOGÍAS EN SALUD Y OTROS ELEMENTOS COMPLEMENTARIOS PARA LA ATENCIÓN DEL USUARIO;010203;NEGACIÓN EN LA ATENCIÓN EN OTROS SERVICIOS DE SALUD;01020308;PROCEDIMIENTOS NO QUIRÚRGICOS;01020308006;OTROS PROCEDIMIENTOS NO QUIRÚRGICOS;PROBLEMAS RELACIONADOS CON FACILIDADES DE ATENCIÓN MÉDICA U OTROS SERVICIOS DE SALUD;PROBLEMAS RELACIONADOS CON FACILIDADES DE ATENCIÓN MÉDICA U OTROS SERVICIOS DE SALUD;OTRAS GASTRITIS;No aplica;SIMPLE
919;2024;7;Web;05;05172;US- 000001265664;A nombre propio;HOMBRE;40;DE 38 A 49 AÑOS;No Aplica;Contributivo;No Aplica;No Aplica;05;05172;SURAMERICANA EPS;RÉGIMEN CONTRIBUTIVO;EPS010;EPS SURA;05;05172;01;"BARRERAS EN EL ACCESO A TECNOLOGÍAS Y SERVICIOS DE SALUD; Y OTROS ELEMENTOS COMPLEMENTARIOS PARA LA ATENCIÓN DEL USUARIO";0101;FALTA DE OPORTUNIDAD EN LA PRESTACIÓN DE TECNOLOGÍAS EN SALUD Y OTROS ELEMENTOS COMPLEMENTARIOS PARA LA ATENCIÓN DEL USUARIO;010103;FALTA DE OPORTUNIDAD EN LA ATENCIÓN EN OTROS SERVICIOS DE SALUD;01010309;PROCEDIMIENTOS QUIRÚRGICOS;01010309003;OTROS PROCEDIMIENTOS QUIRÚRGICOS;PROBLEMAS RELACIONADOS CON FACILIDADES DE ATENCIÓN MÉDICA U OTROS SERVICIOS DE SALUD;PROBLEMAS RELACIONADOS CON FACILIDADES DE ATENCIÓN MÉDICA U OTROS SERVICIOS DE SALUD;FIBROSIS Y AFECCIONES CICATRICIALES DE LA PIEL;No aplica;SIMPLE
920;2024;7;Web;20;20228;US- 000004066753;Otro;HOMBRE;37;DE 30 A 37 AÑOS;No Aplica;Subsidiado;No Aplica;No Aplica;20;20228;CAJACOPI EPS;RÉGIMEN SUBSIDIADO;CCF055;CAJACOPI EPS;20;20228;01;"BARRERAS EN EL ACCESO A TECNOLOGÍAS Y SERVICIOS DE SALUD; Y OTROS ELEMENTOS COMPLEMENTARIOS PARA LA ATENCIÓN DEL USUARIO";0101;FALTA DE OPORTUNIDAD EN LA PRESTACIÓN DE TECNOLOGÍAS EN SALUD Y OTROS ELEMENTOS COMPLEMENTARIOS PARA LA ATENCIÓN DEL USUARIO;010101;FALTA DE OPORTUNIDAD EN LAS CITAS O CONSULTAS;01010103;ESPECIALIDADES MÉDICAS ;01010103072;NEUROLOGÍA;PROBLEMAS RELACIONADOS CON FACILIDADES DE ATENCIÓN MÉDICA U OTROS SERVICIOS DE SALUD;PROBLEMAS RELACIONADOS CON FACILIDADES DE ATENCIÓN MÉDICA U OTROS SERVICIOS DE SALUD;HERNIA INGUINAL UNILATERAL O NO ESPECIFICADA, SIN OBSTRUCCIÓN NI GANGRENA;No aplica;SIMPLE
921;2024;7;Personalizado;05;05045;US- 000003104832;A nombre propio;MUJER;76;MAYOR DE 63 AÑOS ;Primaria Incompleta;Subsidiado;No Aplica;No Aplica;05;05045;SAVIA SALUD;RÉGIMEN SUBSIDIADO;EPSS40;SAVIA SALUD EPS;05;05045;01;"BARRERAS EN EL ACCESO A TECNOLOGÍAS Y SERVICIOS DE SALUD; Y OTROS ELEMENTOS COMPLEMENTARIOS PARA LA ATENCIÓN DEL USUARIO";0102;NEGACIÓN DE TECNOLOGÍAS EN SALUD Y OTROS ELEMENTOS COMPLEMENTARIOS PARA LA ATENCIÓN DEL USUARIO;010207;NEGACIÓN EN LA AUTORIZACIÓN DE TECNOLOGÍAS EN SALUD Y/O DE OTROS SERVICIOS;01020708;TRANSPORTE, ALOJAMIENTO O ALIMENTACIÓN;;;ENFERMEDADES OSTEOARTICULARES;OTROS;OTROS PROBLEMAS RELACIONADOS CON SERVICIOS MÉDICOS Y DE SALUD;No aplica;SIMPLE
922;2024;7;Telefónico;05;05001;US- 000002583291;A nombre propio;HOMBRE;41;DE 38 A 49 AÑOS;Universitario;Contributivo;No Aplica;No Aplica;05;05001;SURAMERICANA EPS;RÉGIMEN CONTRIBUTIVO;EPS010;EPS SURA;05;05001;01;"BARRERAS EN EL ACCESO A TECNOLOGÍAS Y SERVICIOS DE SALUD; Y OTROS ELEMENTOS COMPLEMENTARIOS PARA LA ATENCIÓN DEL USUARIO";0102;NEGACIÓN DE TECNOLOGÍAS EN SALUD Y OTROS ELEMENTOS COMPLEMENTARIOS PARA LA ATENCIÓN DEL USUARIO;010201;NEGACIÓN EN LA ASIGNACIÓN DE CITAS O CONSULTAS;01020103;ESPECIALIDADES MÉDICAS ;01020103033;DERMATOLOGÍA;PROBLEMAS RELACIONADOS CON FACILIDADES DE ATENCIÓN MÉDICA U OTROS SERVICIOS DE SALUD;PROBLEMAS RELACIONADOS CON FACILIDADES DE ATENCIÓN MÉDICA U OTROS SERVICIOS DE SALUD;PROBLEMAS RELACIONADOS CON FACILIDADES DE ATENCIÓN MEDICA U OTROS SERVICIOS DE SALUD;No aplica;SIMPLE
923;2024;7;Web;76;76001;US- 000001281637;A nombre propio;HOMBRE;50;DE 50 A 62 AÑOS;No Aplica;Contributivo;No Aplica;No Aplica;76;76001;SANITAS;RÉGIMEN CONTRIBUTIVO;EPS005;SANITAS;76;76001;01;"BARRERAS EN EL ACCESO A TECNOLOGÍAS Y SERVICIOS DE SALUD; Y OTROS ELEMENTOS COMPLEMENTARIOS PARA LA ATENCIÓN DEL USUARIO";0101;FALTA DE OPORTUNIDAD EN LA PRESTACIÓN DE TECNOLOGÍAS EN SALUD Y OTROS ELEMENTOS COMPLEMENTARIOS PARA LA ATENCIÓN DEL USUARIO;010101;FALTA DE OPORTUNIDAD EN LAS CITAS O CONSULTAS;01010103;ESPECIALIDADES MÉDICAS ;01010103075;OFTALMOLOGÍA;ENFERMEDADES CRÓNICAS NO TRANSMISIBLES –DIABETES;DIABETES;RETINOPATÍA DIABÉTICA (E10-E14† CON CUARTO CARÁCTER COMÚN .3);No aplica;SIMPLE
924;2024;7;Telefónico;19;19001;US- 000004066754;Amigo (A);MUJER;60;DE 50 A 62 AÑOS;Secundaria;Régimen Especial;No Aplica;No Aplica;19;19001;POLICIA NACIONAL;REGÍMENES DE EXCEPCIÓN Y ESPECIALES;REPN01;POLICIA NACIONAL;19;19001;01;"BARRERAS EN EL ACCESO A TECNOLOGÍAS Y SERVICIOS DE SALUD; Y OTROS ELEMENTOS COMPLEMENTARIOS PARA LA ATENCIÓN DEL USUARIO";0103;FALTA DE OPORTUNIDAD EN LA AUTORIZACIÓN DE TECNOLOGÍAS EN SALUD Y OTROS ELEMENTOS COMPLEMENTARIOS PARA LA ATENCIÓN DEL USUARIO;010302;FALTA DE OPORTUNIDAD EN LA AUTORIZACIÓN DE CITAS DE CONSULTA;01030203;ESPECIALIDADES MÉDICAS ;01030203029;CIRUGÍA VASCULAR;PROBLEMAS RELACIONADOS CON FACILIDADES DE ATENCIÓN MÉDICA U OTROS SERVICIOS DE SALUD;PROBLEMAS RELACIONADOS CON FACILIDADES DE ATENCIÓN MÉDICA U OTROS SERVICIOS DE SALUD;INSUFICIENCIA VENOSA (CRÓNICA) (PERIFÉRICA);No aplica;SIMPLE
925;2024;7;Personalizado;11;11001;US- 000001714947;A nombre propio;HOMBRE;43;DE 38 A 49 AÑOS;Secundaria;Contributivo;No Aplica;Persona con discapacidad;11;11001;CAJACOPI EPS;RÉGIMEN SUBSIDIADO;CCF055;CAJACOPI EPS;20;20013;04;INSATISFACCIÓN DEL USUARIO CON EL PROCESO ADMINISTRATIVO;0404;INSATISFACCIÓN RELACIONADA CON TRÁMITES ADMINISTRATIVOS;040403;INCONSISTENCIAS EN LA AFILIACIÓN;04040309;OTRAS INCONSISTENCIAS;;;PROBLEMAS RELACIONADOS CON FACILIDADES DE ATENCIÓN MÉDICA U OTROS SERVICIOS DE SALUD;PROBLEMAS RELACIONADOS CON FACILIDADES DE ATENCIÓN MÉDICA U OTROS SERVICIOS DE SALUD;OTROS PROBLEMAS RELACIONADOS CON SERVICIOS MÉDICOS Y DE SALUD;No aplica;SIMPLE
926;2024;7;Personalizado;68;68255;US- 000004066755;A nombre propio;HOMBRE;66;MAYOR DE 63 AÑOS ;Primaria;Subsidiado;No Aplica;No Aplica;68;68255;NUEVA EPS;RÉGIMEN SUBSIDIADO;EPSS41;NUEVA EPS;68;68255;01;"BARRERAS EN EL ACCESO A TECNOLOGÍAS Y SERVICIOS DE SALUD; Y OTROS ELEMENTOS COMPLEMENTARIOS PARA LA ATENCIÓN DEL USUARIO";0102;NEGACIÓN DE TECNOLOGÍAS EN SALUD Y OTROS ELEMENTOS COMPLEMENTARIOS PARA LA ATENCIÓN DEL USUARIO;010203;NEGACIÓN EN LA ATENCIÓN EN OTROS SERVICIOS DE SALUD;01020309;PROCEDIMIENTOS QUIRÚRGICOS;01020309003;OTROS PROCEDIMIENTOS QUIRÚRGICOS;CÁNCER ;CÁNCER DE PULMÓN;TUMOR MALIGNO DE LOS BRONQUIOS O DEL PULMÓN, PARTE NO ESPECIFICADA;No aplica;PRIORIZADO
927;2024;7;Web;17;17001;US- 000002953520;A nombre propio;MUJER;22;DE 18 A 24 AÑOS;No Aplica;Contributivo;No Aplica;No Aplica;17;17001;SALUD TOTAL;RÉGIMEN CONTRIBUTIVO;EPS002;SALUD TOTAL;17;17001;01;"BARRERAS EN EL ACCESO A TECNOLOGÍAS Y SERVICIOS DE SALUD; Y OTROS ELEMENTOS COMPLEMENTARIOS PARA LA ATENCIÓN DEL USUARIO";0102;NEGACIÓN DE TECNOLOGÍAS EN SALUD Y OTROS ELEMENTOS COMPLEMENTARIOS PARA LA ATENCIÓN DEL USUARIO;010201;NEGACIÓN EN LA ASIGNACIÓN DE CITAS O CONSULTAS;01020103;ESPECIALIDADES MÉDICAS ;01020103080;OTORRINOLARINGOLOGÍA;PROBLEMAS RELACIONADOS CON FACILIDADES DE ATENCIÓN MÉDICA U OTROS SERVICIOS DE SALUD;PROBLEMAS RELACIONADOS CON FACILIDADES DE ATENCIÓN MÉDICA U OTROS SERVICIOS DE SALUD;MIGRAÑA, NO ESPECIFICADA;No aplica;SIMPLE
928;2024;7;Personalizado;68;68276;US- 000003852807;A nombre propio;MUJER;73;MAYOR DE 63 AÑOS ;Secundaria;Contributivo;No Aplica;No Aplica;68;68276;SALUD TOTAL;RÉGIMEN CONTRIBUTIVO;EPS002;SALUD TOTAL;68;68001;01;"BARRERAS EN EL ACCESO A TECNOLOGÍAS Y SERVICIOS DE SALUD; Y OTROS ELEMENTOS COMPLEMENTARIOS PARA LA ATENCIÓN DEL USUARIO";0102;NEGACIÓN DE TECNOLOGÍAS EN SALUD Y OTROS ELEMENTOS COMPLEMENTARIOS PARA LA ATENCIÓN DEL USUARIO;010201;NEGACIÓN EN LA ASIGNACIÓN DE CITAS O CONSULTAS;01020103;ESPECIALIDADES MÉDICAS ;01020103075;OFTALMOLOGÍA;PROBLEMAS RELACIONADOS CON FACILIDADES DE ATENCIÓN MÉDICA U OTROS SERVICIOS DE SALUD;PROBLEMAS RELACIONADOS CON FACILIDADES DE ATENCIÓN MÉDICA U OTROS SERVICIOS DE SALUD;GLAUCOMA PRIMARIO DE ANGULO ABIERTO;No aplica;SIMPLE
929;2024;7;Web;11;11001;US- 000000894997;A nombre propio;HOMBRE;34;DE 30 A 37 AÑOS;No Aplica;Régimen Especial;No Aplica;Persona con discapacidad;11;11001;POLICIA NACIONAL;REGÍMENES DE EXCEPCIÓN Y ESPECIALES;REPN01;POLICIA NACIONAL;11;11001;01;"BARRERAS EN EL ACCESO A TECNOLOGÍAS Y SERVICIOS DE SALUD; Y OTROS ELEMENTOS COMPLEMENTARIOS PARA LA ATENCIÓN DEL USUARIO";0102;NEGACIÓN DE TECNOLOGÍAS EN SALUD Y OTROS ELEMENTOS COMPLEMENTARIOS PARA LA ATENCIÓN DEL USUARIO;010201;NEGACIÓN EN LA ASIGNACIÓN DE CITAS O CONSULTAS;01020103;ESPECIALIDADES MÉDICAS ;01020103069;NEUMOLOGÍA;ENFERMEDADES OSTEOARTICULARES;NEUROLÓGICAS;APNEA DEL SUEÑO;No aplica;SIMPLE
930;2024;7;Web;68;68081;US- 000003161533;Otro;MUJER;72;MAYOR DE 63 AÑOS ;No Aplica;Contributivo;No Aplica;No Aplica;68;68079;NUEVA EPS;RÉGIMEN CONTRIBUTIVO;EPS037;NUEVA EPS;68;68679;01;"BARRERAS EN EL ACCESO A TECNOLOGÍAS Y SERVICIOS DE SALUD; Y OTROS ELEMENTOS COMPLEMENTARIOS PARA LA ATENCIÓN DEL USUARIO";0101;FALTA DE OPORTUNIDAD EN LA PRESTACIÓN DE TECNOLOGÍAS EN SALUD Y OTROS ELEMENTOS COMPLEMENTARIOS PARA LA ATENCIÓN DEL USUARIO;010104;FALTA DE OPORTUNIDAD EN LA ENTREGA O ENTREGA INCOMPLETA DE TECNOLOGÍAS EN SALUD Y/O PRESTACIÓN DE OTROS SERVICIOS;01010401;MEDICAMENTOS UPC;;;ENFERMEDADES CRÓNICAS NO TRASMISIBLES CARDIOVASCULARES;HTA (HIPERTENSIÓN ARTERIAL);HIPERTENSIÓN ESENCIAL (PRIMARIA);No aplica;SIMPLE
931;2024;7;Telefónico;11;11001;US- 000004066756;A nombre propio;MUJER;34;DE 30 A 37 AÑOS;Secundaria;Subsidiado;No Aplica;No Aplica;11;11001;CAPITAL SALUD;RÉGIMEN SUBSIDIADO;EPSS34;CAPITAL SALUD;11;11001;01;"BARRERAS EN EL ACCESO A TECNOLOGÍAS Y SERVICIOS DE SALUD; Y OTROS ELEMENTOS COMPLEMENTARIOS PARA LA ATENCIÓN DEL USUARIO";0101;FALTA DE OPORTUNIDAD EN LA PRESTACIÓN DE TECNOLOGÍAS EN SALUD Y OTROS ELEMENTOS COMPLEMENTARIOS PARA LA ATENCIÓN DEL USUARIO;010101;FALTA DE OPORTUNIDAD EN LAS CITAS O CONSULTAS;01010103;ESPECIALIDADES MÉDICAS ;01010103071;NEUROCIRUGÍA;PROBLEMAS RELACIONADOS CON FACILIDADES DE ATENCIÓN MÉDICA U OTROS SERVICIOS DE SALUD;PROBLEMAS RELACIONADOS CON FACILIDADES DE ATENCIÓN MÉDICA U OTROS SERVICIOS DE SALUD;OTROS DESPLAZAMIENTOS ESPECIFICADOS DE DISCO INTERVERTEBRAL ;No aplica;SIMPLE
932;2024;7;Escrito;54;54518;US- 000004066757;Otro;MUJER;67;MAYOR DE 63 AÑOS ;No Aplica;Subsidiado;No Aplica;No Aplica;54;54518;NUEVA EPS;RÉGIMEN SUBSIDIADO;EPSS41;NUEVA EPS;54;54518;01;"BARRERAS EN EL ACCESO A TECNOLOGÍAS Y SERVICIOS DE SALUD; Y OTROS ELEMENTOS COMPLEMENTARIOS PARA LA ATENCIÓN DEL USUARIO";0102;NEGACIÓN DE TECNOLOGÍAS EN SALUD Y OTROS ELEMENTOS COMPLEMENTARIOS PARA LA ATENCIÓN DEL USUARIO;010204;NEGACIÓN PARA LA ENTREGA DE TECNOLOGÍAS EN SALUD Y/O DE OTROS SERVICIOS AUTORIZADOS;01020401;MEDICAMENTOS UPC;;;PROBLEMAS RELACIONADOS CON FACILIDADES DE ATENCIÓN MÉDICA U OTROS SERVICIOS DE SALUD;PROBLEMAS RELACIONADOS CON FACILIDADES DE ATENCIÓN MÉDICA U OTROS SERVICIOS DE SALUD;OTROS PROBLEMAS RELACIONADOS CON SERVICIOS MÉDICOS Y DE SALUD;No aplica;SIMPLE
933;2024;7;Telefónico;05;05360;US- 000004036812;Hermano (A);HOMBRE;58;DE 50 A 62 AÑOS;Primaria Incompleta;Contributivo;No Aplica;No Aplica;05;05360;SURAMERICANA EPS;RÉGIMEN CONTRIBUTIVO;EPS010;EPS SURA;05;05360;01;"BARRERAS EN EL ACCESO A TECNOLOGÍAS Y SERVICIOS DE SALUD; Y OTROS ELEMENTOS COMPLEMENTARIOS PARA LA ATENCIÓN DEL USUARIO";0103;FALTA DE OPORTUNIDAD EN LA AUTORIZACIÓN DE TECNOLOGÍAS EN SALUD Y OTROS ELEMENTOS COMPLEMENTARIOS PARA LA ATENCIÓN DEL USUARIO;010304;FALTA DE OPORTUNIDAD EN LA AUTORIZACIÓN DE OTROS SERVICIOS DE SALUD;01030408;PROCEDIMIENTOS NO QUIRÚRGICOS;01030408006;OTROS PROCEDIMIENTOS NO QUIRÚRGICOS;ENFERMEDADES CRÓNICAS NO TRANSMISIBLES –RENALES;IRC-ENFERMEDAD RENAL;INSUFICIENCIA RENAL NO ESPECIFICADA;No aplica;PRIORIZADO
934;2024;7;Web;52;52210;US- 000004066758;A nombre propio;MUJER;35;DE 30 A 37 AÑOS;No Aplica;Subsidiado;No Aplica;No Aplica;52;52210;MALLAMAS -EPSI;RÉGIMEN SUBSIDIADO;EPSI05;MALLAMAS (EPS-I);52;52210;01;"BARRERAS EN EL ACCESO A TECNOLOGÍAS Y SERVICIOS DE SALUD; Y OTROS ELEMENTOS COMPLEMENTARIOS PARA LA ATENCIÓN DEL USUARIO";0103;FALTA DE OPORTUNIDAD EN LA AUTORIZACIÓN DE TECNOLOGÍAS EN SALUD Y OTROS ELEMENTOS COMPLEMENTARIOS PARA LA ATENCIÓN DEL USUARIO;010304;FALTA DE OPORTUNIDAD EN LA AUTORIZACIÓN DE OTROS SERVICIOS DE SALUD;01030409;PROCEDIMIENTOS QUIRÚRGICOS;01030409003;OTROS PROCEDIMIENTOS QUIRÚRGICOS;PROBLEMAS RELACIONADOS CON FACILIDADES DE ATENCIÓN MÉDICA U OTROS SERVICIOS DE SALUD;PROBLEMAS RELACIONADOS CON FACILIDADES DE ATENCIÓN MÉDICA U OTROS SERVICIOS DE SALUD;DISPLASIA CERVICAL SEVERA, NO CLASIFICADA EN OTRA PARTE;No aplica;SIMPLE
935;2024;7;Web;76;76147;US- 000004066759;A nombre propio;HOMBRE;29;DE 25 A 29 AÑOS;No Aplica;Contributivo;No Aplica;No Aplica;76;76147;NUEVA EPS;RÉGIMEN CONTRIBUTIVO;EPS037;NUEVA EPS;76;76147;01;"BARRERAS EN EL ACCESO A TECNOLOGÍAS Y SERVICIOS DE SALUD; Y OTROS ELEMENTOS COMPLEMENTARIOS PARA LA ATENCIÓN DEL USUARIO";0101;FALTA DE OPORTUNIDAD EN LA PRESTACIÓN DE TECNOLOGÍAS EN SALUD Y OTROS ELEMENTOS COMPLEMENTARIOS PARA LA ATENCIÓN DEL USUARIO;010101;FALTA DE OPORTUNIDAD EN LAS CITAS O CONSULTAS;01010103;ESPECIALIDADES MÉDICAS ;01010103094;UROLOGÍA;PROBLEMAS RELACIONADOS CON FACILIDADES DE ATENCIÓN MÉDICA U OTROS SERVICIOS DE SALUD;PROBLEMAS RELACIONADOS CON FACILIDADES DE ATENCIÓN MÉDICA U OTROS SERVICIOS DE SALUD;CALCULO URINARIO, NO ESPECIFICADO;No aplica;SIMPLE
936;2024;7;Telefónico;76;76001;US- 000000917035;Madre;HOMBRE;8;DE 6 A 12 AÑOS;No Aplica;Subsidiado;No Aplica;Persona con discapacidad;76;76001;EMSSANAR EPS;RÉGIMEN SUBSIDIADO;ESS118;EMSSANAR;76;76001;01;"BARRERAS EN EL ACCESO A TECNOLOGÍAS Y SERVICIOS DE SALUD; Y OTROS ELEMENTOS COMPLEMENTARIOS PARA LA ATENCIÓN DEL USUARIO";0101;FALTA DE OPORTUNIDAD EN LA PRESTACIÓN DE TECNOLOGÍAS EN SALUD Y OTROS ELEMENTOS COMPLEMENTARIOS PARA LA ATENCIÓN DEL USUARIO;010103;FALTA DE OPORTUNIDAD EN LA ATENCIÓN EN OTROS SERVICIOS DE SALUD;01010305;ATENCIÓN DOMICILIARIA;;;ENFERMEDADES HUÉRFANAS;OTROS;OTRAS CONVULSIONES Y LAS NO ESPECIFICADAS;No aplica;PRIORIZADO
937;2024;7;Personalizado;76;76001;US- 000000502193;Cónyuge;HOMBRE;73;MAYOR DE 63 AÑOS ;Ninguno;Contributivo;No Aplica;No Aplica;76;76001;SOS -SERVICIO OCCIDENTAL DE SALUD;RÉGIMEN CONTRIBUTIVO;EPS018;SERVICIO OCCIDENTAL DE SALUD (SOS);76;76001;01;"BARRERAS EN EL ACCESO A TECNOLOGÍAS Y SERVICIOS DE SALUD; Y OTROS ELEMENTOS COMPLEMENTARIOS PARA LA ATENCIÓN DEL USUARIO";0102;NEGACIÓN DE TECNOLOGÍAS EN SALUD Y OTROS ELEMENTOS COMPLEMENTARIOS PARA LA ATENCIÓN DEL USUARIO;010201;NEGACIÓN EN LA ASIGNACIÓN DE CITAS O CONSULTAS;01020103;ESPECIALIDADES MÉDICAS ;01020103075;OFTALMOLOGÍA;ENFERMEDADES CRÓNICAS NO TRASMISIBLES CARDIOVASCULARES;HTA (HIPERTENSIÓN ARTERIAL);TRASTORNO DE LA CORNEA, NO ESPECIFICADO;No aplica;PRIORIZADO
938;2024;7;Escrito;11;11001;US- 000000294511;A nombre propio;MUJER;51;DE 50 A 62 AÑOS;Ninguno;Subsidiado;No Aplica;No Aplica;11;11001;FAMISANAR;RÉGIMEN CONTRIBUTIVO;EPS017;FAMISANAR;11;11001;01;"BARRERAS EN EL ACCESO A TECNOLOGÍAS Y SERVICIOS DE SALUD; Y OTROS ELEMENTOS COMPLEMENTARIOS PARA LA ATENCIÓN DEL USUARIO";0101;FALTA DE OPORTUNIDAD EN LA PRESTACIÓN DE TECNOLOGÍAS EN SALUD Y OTROS ELEMENTOS COMPLEMENTARIOS PARA LA ATENCIÓN DEL USUARIO;010103;FALTA DE OPORTUNIDAD EN LA ATENCIÓN EN OTROS SERVICIOS DE SALUD;01010309;PROCEDIMIENTOS QUIRÚRGICOS;01010309003;OTROS PROCEDIMIENTOS QUIRÚRGICOS;ENFERMEDADES OSTEOARTICULARES;OTROS;OTROS TIPOS DE OBESIDAD;No aplica;SIMPLE
939;2024;7;Personalizado;50;50226;US- 000004066760;Hijo (A);MUJER;54;DE 50 A 62 AÑOS;Ninguno;Subsidiado;No Aplica;Desplazado;50;50226;CAJACOPI EPS;RÉGIMEN SUBSIDIADO;CCF055;CAJACOPI EPS;50;50226;01;"BARRERAS EN EL ACCESO A TECNOLOGÍAS Y SERVICIOS DE SALUD; Y OTROS ELEMENTOS COMPLEMENTARIOS PARA LA ATENCIÓN DEL USUARIO";0102;NEGACIÓN DE TECNOLOGÍAS EN SALUD Y OTROS ELEMENTOS COMPLEMENTARIOS PARA LA ATENCIÓN DEL USUARIO;010204;NEGACIÓN PARA LA ENTREGA DE TECNOLOGÍAS EN SALUD Y/O DE OTROS SERVICIOS AUTORIZADOS;01020401;MEDICAMENTOS UPC;;;CÁNCER ;CÁNCER DE ÚTERO;TUMOR MALIGNO DEL ÚTERO, PARTE NO ESPECIFICADA;No aplica;PRIORIZADO
940;2024;7;Escrito;08;08078;US- 000004066761;Otro;HOMBRE;10;DE 6 A 12 AÑOS;No Aplica;Subsidiado;No Aplica;No Aplica;08;08078;NUEVA EPS;RÉGIMEN SUBSIDIADO;EPSS41;NUEVA EPS;08;08078;01;"BARRERAS EN EL ACCESO A TECNOLOGÍAS Y SERVICIOS DE SALUD; Y OTROS ELEMENTOS COMPLEMENTARIOS PARA LA ATENCIÓN DEL USUARIO";0101;FALTA DE OPORTUNIDAD EN LA PRESTACIÓN DE TECNOLOGÍAS EN SALUD Y OTROS ELEMENTOS COMPLEMENTARIOS PARA LA ATENCIÓN DEL USUARIO;010103;FALTA DE OPORTUNIDAD EN LA ATENCIÓN EN OTROS SERVICIOS DE SALUD;01010309;PROCEDIMIENTOS QUIRÚRGICOS;01010309003;OTROS PROCEDIMIENTOS QUIRÚRGICOS;PROBLEMAS RELACIONADOS CON FACILIDADES DE ATENCIÓN MÉDICA U OTROS SERVICIOS DE SALUD;PROBLEMAS RELACIONADOS CON FACILIDADES DE ATENCIÓN MÉDICA U OTROS SERVICIOS DE SALUD;OTROS PROBLEMAS RELACIONADOS CON SERVICIOS MÉDICOS Y DE SALUD;No aplica;SIMPLE
941;2024;7;Web;11;11001;US- 000004066762;A nombre propio;MUJER;79;MAYOR DE 63 AÑOS ;No Aplica;Contributivo;No Aplica;No Aplica;11;11001;COMPENSAR;RÉGIMEN CONTRIBUTIVO;EPS008;COMPENSAR;11;11001;01;"BARRERAS EN EL ACCESO A TECNOLOGÍAS Y SERVICIOS DE SALUD; Y OTROS ELEMENTOS COMPLEMENTARIOS PARA LA ATENCIÓN DEL USUARIO";0102;NEGACIÓN DE TECNOLOGÍAS EN SALUD Y OTROS ELEMENTOS COMPLEMENTARIOS PARA LA ATENCIÓN DEL USUARIO;010203;NEGACIÓN EN LA ATENCIÓN EN OTROS SERVICIOS DE SALUD;01020308;PROCEDIMIENTOS NO QUIRÚRGICOS;01020308006;OTROS PROCEDIMIENTOS NO QUIRÚRGICOS;ENFERMEDADES OSTEOARTICULARES;OTROS;RADICULOPATÍA;No aplica;PRIORIZADO
942;2024;7;Web;76;76147;US- 000004066763;A nombre propio;MUJER;47;DE 38 A 49 AÑOS;No Aplica;Subsidiado;No Aplica;No Aplica;76;76147;SOS -SERVICIO OCCIDENTAL DE SALUD;RÉGIMEN CONTRIBUTIVO;EPS018;SERVICIO OCCIDENTAL DE SALUD (SOS);76;76147;01;"BARRERAS EN EL ACCESO A TECNOLOGÍAS Y SERVICIOS DE SALUD; Y OTROS ELEMENTOS COMPLEMENTARIOS PARA LA ATENCIÓN DEL USUARIO";0101;FALTA DE OPORTUNIDAD EN LA PRESTACIÓN DE TECNOLOGÍAS EN SALUD Y OTROS ELEMENTOS COMPLEMENTARIOS PARA LA ATENCIÓN DEL USUARIO;010103;FALTA DE OPORTUNIDAD EN LA ATENCIÓN EN OTROS SERVICIOS DE SALUD;01010308;PROCEDIMIENTOS NO QUIRÚRGICOS;01010308001;IMAGENOLOGÍA;PROBLEMAS RELACIONADOS CON FACILIDADES DE ATENCIÓN MÉDICA U OTROS SERVICIOS DE SALUD;PROBLEMAS RELACIONADOS CON FACILIDADES DE ATENCIÓN MÉDICA U OTROS SERVICIOS DE SALUD;HEMORROIDES EXTERNAS SIN COMPLICACIÓN;No aplica;SIMPLE
943;2024;7;Personalizado;11;11001;US- 000001800546;Madre;HOMBRE;18;DE 18 A 24 AÑOS;Secundaria;Contributivo;No Aplica;Persona con discapacidad;11;11001;COMPENSAR;RÉGIMEN CONTRIBUTIVO;EPS008;COMPENSAR;11;11001;01;"BARRERAS EN EL ACCESO A TECNOLOGÍAS Y SERVICIOS DE SALUD; Y OTROS ELEMENTOS COMPLEMENTARIOS PARA LA ATENCIÓN DEL USUARIO";0102;NEGACIÓN DE TECNOLOGÍAS EN SALUD Y OTROS ELEMENTOS COMPLEMENTARIOS PARA LA ATENCIÓN DEL USUARIO;010201;NEGACIÓN EN LA ASIGNACIÓN DE CITAS O CONSULTAS;01020103;ESPECIALIDADES MÉDICAS ;01020103083;PSIQUIATRÍA;ENFERMEDADES OSTEOARTICULARES;NEUROLÓGICAS;TRASTORNO HIPERCINÉTICO, NO ESPECIFICADO;No aplica;PRIORIZADO
944;2024;7;Escrito;81;81300;US- 000004066764;Otro;MUJER;8;DE 6 A 12 AÑOS;No Aplica;Subsidiado;No Aplica;No Aplica;81;81300;NUEVA EPS;RÉGIMEN SUBSIDIADO;EPSS41;NUEVA EPS;81;81300;01;"BARRERAS EN EL ACCESO A TECNOLOGÍAS Y SERVICIOS DE SALUD; Y OTROS ELEMENTOS COMPLEMENTARIOS PARA LA ATENCIÓN DEL USUARIO";0101;FALTA DE OPORTUNIDAD EN LA PRESTACIÓN DE TECNOLOGÍAS EN SALUD Y OTROS ELEMENTOS COMPLEMENTARIOS PARA LA ATENCIÓN DEL USUARIO;010105;FALTA DE OPORTUNIDAD EN EL PROCESO DE REFERENCIA Y CONTRARREFERENCIA;;;;;ENFERMEDAD TRANSMITIDA POR VECTORES;MALARIA, DENGUE;FIEBRE DEL DENGUE [DENGUE CLÁSICO];No aplica;RIESGO VITAL
945;2024;7;Telefónico;11;11001;US- 000002347689;A nombre propio;MUJER;30;DE 30 A 37 AÑOS;Universitario;Subsidiado;No Aplica;No Aplica;11;11001;SURAMERICANA EPS;RÉGIMEN CONTRIBUTIVO;EPS010;EPS SURA;11;11001;01;"BARRERAS EN EL ACCESO A TECNOLOGÍAS Y SERVICIOS DE SALUD; Y OTROS ELEMENTOS COMPLEMENTARIOS PARA LA ATENCIÓN DEL USUARIO";0102;NEGACIÓN DE TECNOLOGÍAS EN SALUD Y OTROS ELEMENTOS COMPLEMENTARIOS PARA LA ATENCIÓN DEL USUARIO;010204;NEGACIÓN PARA LA ENTREGA DE TECNOLOGÍAS EN SALUD Y/O DE OTROS SERVICIOS AUTORIZADOS;01020401;MEDICAMENTOS UPC;;;ENFERMEDADES CRÓNICAS NO TRASMISIBLES CARDIOVASCULARES;OTROS;TAQUICARDIA, NO ESPECIFICADA;No aplica;PRIORIZADO
946;2024;7;Escrito;15;15104;US- 000002783173;Hermano (A);MUJER;48;DE 38 A 49 AÑOS;No Aplica;Subsidiado;No Aplica;No Aplica;15;15599;NUEVA EPS;RÉGIMEN SUBSIDIADO;EPSS41;NUEVA EPS;15;15599;01;"BARRERAS EN EL ACCESO A TECNOLOGÍAS Y SERVICIOS DE SALUD; Y OTROS ELEMENTOS COMPLEMENTARIOS PARA LA ATENCIÓN DEL USUARIO";0103;FALTA DE OPORTUNIDAD EN LA AUTORIZACIÓN DE TECNOLOGÍAS EN SALUD Y OTROS ELEMENTOS COMPLEMENTARIOS PARA LA ATENCIÓN DEL USUARIO;010303;FALTA DE OPORTUNIDAD EN LA AUTORIZACIÓN PARA SERVICIOS DE COMPLEMENTACIÓN TERAPÉUTICA;01030306;TERAPIA LENGUAJE;;;PROBLEMAS RELACIONADOS CON FACILIDADES DE ATENCIÓN MÉDICA U OTROS SERVICIOS DE SALUD;PROBLEMAS RELACIONADOS CON FACILIDADES DE ATENCIÓN MÉDICA U OTROS SERVICIOS DE SALUD;HIPOACUSIA NEUROSENSORIAL, SIN OTRA ESPECIFICACIÓN;No aplica;SIMPLE
947;2024;7;Telefónico;13;13244;US- 000004066765;Otro;HOMBRE;89;MAYOR DE 63 AÑOS ;No Aplica;Subsidiado;No Aplica;Desplazado;13;13244;MUTUAL SER;RÉGIMEN SUBSIDIADO;ESS207;MUTUAL SER;13;13244;01;"BARRERAS EN EL ACCESO A TECNOLOGÍAS Y SERVICIOS DE SALUD; Y OTROS ELEMENTOS COMPLEMENTARIOS PARA LA ATENCIÓN DEL USUARIO";0101;FALTA DE OPORTUNIDAD EN LA PRESTACIÓN DE TECNOLOGÍAS EN SALUD Y OTROS ELEMENTOS COMPLEMENTARIOS PARA LA ATENCIÓN DEL USUARIO;010106;FALTA DE OPORTUNIDAD EN EL TRASLADO EN AMBULANCIA;01010603;MEDICALIZADA HOSPITALARIA;;;ENFERMEDADES CRÓNICAS NO TRASMISIBLES CARDIOVASCULARES;OTROS;INSUFICIENCIA CARDIACA, NO ESPECIFICADA;No aplica;RIESGO VITAL
948;2024;7;Personalizado;05;05001;US- 000004066766;Padre;MUJER;5;DE 0 A 5 AÑOS;No Aplica;Contributivo;No Aplica;No Aplica;05;05380;SURAMERICANA EPS;RÉGIMEN CONTRIBUTIVO;EPS010;EPS SURA;05;05380;01;"BARRERAS EN EL ACCESO A TECNOLOGÍAS Y SERVICIOS DE SALUD; Y OTROS ELEMENTOS COMPLEMENTARIOS PARA LA ATENCIÓN DEL USUARIO";0102;NEGACIÓN DE TECNOLOGÍAS EN SALUD Y OTROS ELEMENTOS COMPLEMENTARIOS PARA LA ATENCIÓN DEL USUARIO;010201;NEGACIÓN EN LA ASIGNACIÓN DE CITAS O CONSULTAS;01020103;ESPECIALIDADES MÉDICAS ;01020103080;OTORRINOLARINGOLOGÍA;MATERNO INFANTIL;ATENCIÓN NIÑOS MENORES DE 5 AÑOS;HIPERTROFIA DE LAS ADENOIDES;No aplica;SIMPLE
949;2024;7;Personalizado;76;76001;US- 000003697504;Padre;MUJER;33;DE 30 A 37 AÑOS;Secundaria;Subsidiado;No Aplica;No Aplica;76;76001;ASMET SALUD EPS;RÉGIMEN SUBSIDIADO;ESS062;ASMET SALUD;76;76001;01;"BARRERAS EN EL ACCESO A TECNOLOGÍAS Y SERVICIOS DE SALUD; Y OTROS ELEMENTOS COMPLEMENTARIOS PARA LA ATENCIÓN DEL USUARIO";0102;NEGACIÓN DE TECNOLOGÍAS EN SALUD Y OTROS ELEMENTOS COMPLEMENTARIOS PARA LA ATENCIÓN DEL USUARIO;010204;NEGACIÓN PARA LA ENTREGA DE TECNOLOGÍAS EN SALUD Y/O DE OTROS SERVICIOS AUTORIZADOS;01020401;MEDICAMENTOS UPC;;;SALUD MENTAL;OTROS TRASTORNOS MENTALES;TRASTORNO ESQUIZOAFECTIVO, NO ESPECIFICADO;No aplica;PRIORIZADO
950;2024;7;Escrito;11;11001;US- 000004066767;A nombre propio;HOMBRE;24;DE 18 A 24 AÑOS;Ninguno;Contributivo;No Aplica;No Aplica;11;11001;SURAMERICANA EPS;RÉGIMEN CONTRIBUTIVO;EPS010;EPS SURA;11;11001;04;INSATISFACCIÓN DEL USUARIO CON EL PROCESO ADMINISTRATIVO;0404;INSATISFACCIÓN RELACIONADA CON TRÁMITES ADMINISTRATIVOS;040404;INCONSISTENCIA RELACIONADA CON COBROS Y/O APORTES;04040401;COTIZACIONES AL SGSSS;;;PROBLEMAS RELACIONADOS CON FACILIDADES DE ATENCIÓN MÉDICA U OTROS SERVICIOS DE SALUD;PROBLEMAS RELACIONADOS CON FACILIDADES DE ATENCIÓN MÉDICA U OTROS SERVICIOS DE SALUD;OTROS PROBLEMAS RELACIONADOS CON SERVICIOS MÉDICOS Y DE SALUD;No aplica;SIMPLE
951;2024;7;Telefónico;17;17001;US- 000002360851;Hermano (A);HOMBRE;66;MAYOR DE 63 AÑOS ;Secundaria;Contributivo;No Aplica;No Aplica;17;17001;SALUD TOTAL;RÉGIMEN CONTRIBUTIVO;EPS002;SALUD TOTAL;17;17001;01;"BARRERAS EN EL ACCESO A TECNOLOGÍAS Y SERVICIOS DE SALUD; Y OTROS ELEMENTOS COMPLEMENTARIOS PARA LA ATENCIÓN DEL USUARIO";0103;FALTA DE OPORTUNIDAD EN LA AUTORIZACIÓN DE TECNOLOGÍAS EN SALUD Y OTROS ELEMENTOS COMPLEMENTARIOS PARA LA ATENCIÓN DEL USUARIO;010301;FALTA DE OPORTUNIDAD EN LA AUTORIZACIÓN DE TECNOLOGÍAS EN SALUD Y/O DE OTROS SERVICIOS;01030101;MEDICAMENTOS UPC;;;ENFERMEDADES CRÓNICAS NO TRASMISIBLES CARDIOVASCULARES;HTA (HIPERTENSIÓN ARTERIAL);HIPERTENSIÓN ESENCIAL (PRIMARIA);No aplica;SIMPLE
952;2024;7;Personalizado;11;11001;US- 000002540470;A nombre propio;HOMBRE;83;MAYOR DE 63 AÑOS ;Primaria;Subsidiado;No Aplica;No Aplica;11;11001;CAPITAL SALUD;RÉGIMEN SUBSIDIADO;EPSS34;CAPITAL SALUD;11;11001;01;"BARRERAS EN EL ACCESO A TECNOLOGÍAS Y SERVICIOS DE SALUD; Y OTROS ELEMENTOS COMPLEMENTARIOS PARA LA ATENCIÓN DEL USUARIO";0101;FALTA DE OPORTUNIDAD EN LA PRESTACIÓN DE TECNOLOGÍAS EN SALUD Y OTROS ELEMENTOS COMPLEMENTARIOS PARA LA ATENCIÓN DEL USUARIO;010103;FALTA DE OPORTUNIDAD EN LA ATENCIÓN EN OTROS SERVICIOS DE SALUD;01010309;PROCEDIMIENTOS QUIRÚRGICOS;01010309003;OTROS PROCEDIMIENTOS QUIRÚRGICOS;CÁNCER ;OTROS;TUMOR MALIGNO DE LA PIEL DE OTRAS PARTES Y DE LAS NO ESPECIFICADAS DE LA CARA;No aplica;PRIORIZADO
953;2024;7;Escrito;68;68001;US- 000000460396;A nombre propio;MUJER;28;DE 25 A 29 AÑOS;No Aplica;Contributivo;No Aplica;No Aplica;68;68001;SANITAS;RÉGIMEN CONTRIBUTIVO;EPS005;SANITAS;68;68001;01;"BARRERAS EN EL ACCESO A TECNOLOGÍAS Y SERVICIOS DE SALUD; Y OTROS ELEMENTOS COMPLEMENTARIOS PARA LA ATENCIÓN DEL USUARIO";0101;FALTA DE OPORTUNIDAD EN LA PRESTACIÓN DE TECNOLOGÍAS EN SALUD Y OTROS ELEMENTOS COMPLEMENTARIOS PARA LA ATENCIÓN DEL USUARIO;010103;FALTA DE OPORTUNIDAD EN LA ATENCIÓN EN OTROS SERVICIOS DE SALUD;01010309;PROCEDIMIENTOS QUIRÚRGICOS;01010309003;OTROS PROCEDIMIENTOS QUIRÚRGICOS;ENFERMEDADES OSTEOARTICULARES;OTROS;PIE CAVUS;No aplica;SIMPLE
954;2024;7;Telefónico;15;15362;US- 000004066768;A nombre propio;MUJER;42;DE 38 A 49 AÑOS;Universitario;Contributivo;No Aplica;No Aplica;15;15362;SANITAS;RÉGIMEN CONTRIBUTIVO;EPS005;SANITAS;15;15759;01;"BARRERAS EN EL ACCESO A TECNOLOGÍAS Y SERVICIOS DE SALUD; Y OTROS ELEMENTOS COMPLEMENTARIOS PARA LA ATENCIÓN DEL USUARIO";0102;NEGACIÓN DE TECNOLOGÍAS EN SALUD Y OTROS ELEMENTOS COMPLEMENTARIOS PARA LA ATENCIÓN DEL USUARIO;010201;NEGACIÓN EN LA ASIGNACIÓN DE CITAS O CONSULTAS;01020103;ESPECIALIDADES MÉDICAS ;01020103078;ORTOPEDIA Y TRAUMATOLOGÍA;ENFERMEDADES OSTEOARTICULARES;OTROS;(OSTEO)ARTROSIS PRIMARIA GENERALIZADA;No aplica;SIMPLE
955;2024;7;Personalizado;05;05001;US- 000000165916;A nombre propio;MUJER;86;MAYOR DE 63 AÑOS ;No Aplica;Contributivo;No Aplica;No Aplica;05;05001;NUEVA EPS;RÉGIMEN CONTRIBUTIVO;EPS037;NUEVA EPS;05;05001;01;"BARRERAS EN EL ACCESO A TECNOLOGÍAS Y SERVICIOS DE SALUD; Y OTROS ELEMENTOS COMPLEMENTARIOS PARA LA ATENCIÓN DEL USUARIO";0101;FALTA DE OPORTUNIDAD EN LA PRESTACIÓN DE TECNOLOGÍAS EN SALUD Y OTROS ELEMENTOS COMPLEMENTARIOS PARA LA ATENCIÓN DEL USUARIO;010101;FALTA DE OPORTUNIDAD EN LAS CITAS O CONSULTAS;01010103;ESPECIALIDADES MÉDICAS ;01010103078;ORTOPEDIA Y TRAUMATOLOGÍA;PROBLEMAS RELACIONADOS CON FACILIDADES DE ATENCIÓN MÉDICA U OTROS SERVICIOS DE SALUD;PROBLEMAS RELACIONADOS CON FACILIDADES DE ATENCIÓN MÉDICA U OTROS SERVICIOS DE SALUD;FRACTURA DE MIEMBRO INFERIOR, NIVEL NO ESPECIFICADO;No aplica;SIMPLE
956;2024;7;Personalizado;73;73001;US- 000003496343;A nombre propio;MUJER;50;DE 50 A 62 AÑOS;Secundaria Incompleta;Subsidiado;No Aplica;No Aplica;73;73001;NUEVA EPS;RÉGIMEN SUBSIDIADO;EPSS41;NUEVA EPS;73;73001;01;"BARRERAS EN EL ACCESO A TECNOLOGÍAS Y SERVICIOS DE SALUD; Y OTROS ELEMENTOS COMPLEMENTARIOS PARA LA ATENCIÓN DEL USUARIO";0101;FALTA DE OPORTUNIDAD EN LA PRESTACIÓN DE TECNOLOGÍAS EN SALUD Y OTROS ELEMENTOS COMPLEMENTARIOS PARA LA ATENCIÓN DEL USUARIO;010103;FALTA DE OPORTUNIDAD EN LA ATENCIÓN EN OTROS SERVICIOS DE SALUD;01010308;PROCEDIMIENTOS NO QUIRÚRGICOS;01010308001;IMAGENOLOGÍA;ENFERMEDADES NEUROLÓGICAS;EPILEPSIA;ESGUINCES Y TORCEDURAS DEL TOBILLO;No aplica;SIMPLE
957;2024;7;Escrito;08;08421;US- 000004066769;Otro;MUJER;46;DE 38 A 49 AÑOS;No Aplica;Subsidiado;No Aplica;Persona con discapacidad;08;08421;NUEVA EPS;RÉGIMEN SUBSIDIADO;EPSS41;NUEVA EPS;08;08421;04;INSATISFACCIÓN DEL USUARIO CON EL PROCESO ADMINISTRATIVO;0404;INSATISFACCIÓN RELACIONADA CON TRÁMITES ADMINISTRATIVOS;040403;INCONSISTENCIAS EN LA AFILIACIÓN;04040308;TRASLADO NO SOLICITADO POR EL USUARIO;;;ENFERMEDADES CRÓNICAS NO TRANSMISIBLES –DIABETES;DIABETES;SÍNDROME DEL MIEMBRO FANTASMA SIN DOLOR;No aplica;SIMPLE
958;2024;7;Correo;54;54001;US- 000004066770;A nombre propio;HOMBRE;64;MAYOR DE 63 AÑOS ;No Aplica;Subsidiado;No Aplica;No Aplica;54;54001;COOSALUD;RÉGIMEN SUBSIDIADO;ESS024;COOSALUD;54;54001;01;"BARRERAS EN EL ACCESO A TECNOLOGÍAS Y SERVICIOS DE SALUD; Y OTROS ELEMENTOS COMPLEMENTARIOS PARA LA ATENCIÓN DEL USUARIO";0101;FALTA DE OPORTUNIDAD EN LA PRESTACIÓN DE TECNOLOGÍAS EN SALUD Y OTROS ELEMENTOS COMPLEMENTARIOS PARA LA ATENCIÓN DEL USUARIO;010101;FALTA DE OPORTUNIDAD EN LAS CITAS O CONSULTAS;01010103;ESPECIALIDADES MÉDICAS ;01010103033;DERMATOLOGÍA;PROBLEMAS RELACIONADOS CON FACILIDADES DE ATENCIÓN MÉDICA U OTROS SERVICIOS DE SALUD;PROBLEMAS RELACIONADOS CON FACILIDADES DE ATENCIÓN MÉDICA U OTROS SERVICIOS DE SALUD;LESIÓN DE SITIOS CONTIGUOS DE LA PIEL;No aplica;SIMPLE
959;2024;7;Web;25;25286;US- 000004066771;Otro;MUJER;75;MAYOR DE 63 AÑOS ;No Aplica;Subsidiado;Mulato ;No Aplica;11;11001;CAPITAL SALUD;RÉGIMEN SUBSIDIADO;EPSS34;CAPITAL SALUD;11;11001;02;INSATISFACCIÓN RELACIONADA CON LA ATENCIÓN EN SALUD;0201;INSATISFACCIÓN RELACIONADA CON LA ATENCIÓN EN SALUD POR FALTA DE OPORTUNIDAD;020101;INSATISFACCIÓN POR FALTA DE OPORTUNIDAD EN LA ATENCIÓN POR PARTE DEL PERSONAL DE SALUD;02010104;SERVICIO DE URGENCIAS;;;PROBLEMAS RELACIONADOS CON FACILIDADES DE ATENCIÓN MÉDICA U OTROS SERVICIOS DE SALUD;PROBLEMAS RELACIONADOS CON FACILIDADES DE ATENCIÓN MÉDICA U OTROS SERVICIOS DE SALUD;OTROS PROBLEMAS RELACIONADOS CON SERVICIOS MÉDICOS Y DE SALUD;No aplica;PRIORIZADO
960;2024;7;Telefónico;05;05001;US- 000000058007;A nombre propio;MUJER;33;DE 30 A 37 AÑOS;Universitario Incompleto;Contributivo;No Aplica;Persona con discapacidad;05;05001;SURAMERICANA EPS;RÉGIMEN CONTRIBUTIVO;EPS010;EPS SURA;05;05001;01;"BARRERAS EN EL ACCESO A TECNOLOGÍAS Y SERVICIOS DE SALUD; Y OTROS ELEMENTOS COMPLEMENTARIOS PARA LA ATENCIÓN DEL USUARIO";0101;FALTA DE OPORTUNIDAD EN LA PRESTACIÓN DE TECNOLOGÍAS EN SALUD Y OTROS ELEMENTOS COMPLEMENTARIOS PARA LA ATENCIÓN DEL USUARIO;010101;FALTA DE OPORTUNIDAD EN LAS CITAS O CONSULTAS;01010104;ESPECIALIDADES ODONTOLÓGICAS;01010104003;ENDODONCIA;PROBLEMAS RELACIONADOS CON FACILIDADES DE ATENCIÓN MÉDICA U OTROS SERVICIOS DE SALUD;PROBLEMAS RELACIONADOS CON FACILIDADES DE ATENCIÓN MÉDICA U OTROS SERVICIOS DE SALUD;PERIODONTITIS AGUDA;No aplica;SIMPLE
961;2024;7;Web;85;85001;US- 000003893927;A nombre propio;HOMBRE;58;DE 50 A 62 AÑOS;No Aplica;Subsidiado;No Aplica;No Aplica;85;85001;CAPRESOCA;RÉGIMEN SUBSIDIADO;EPS025;CAPRESOCA;85;85001;01;"BARRERAS EN EL ACCESO A TECNOLOGÍAS Y SERVICIOS DE SALUD; Y OTROS ELEMENTOS COMPLEMENTARIOS PARA LA ATENCIÓN DEL USUARIO";0103;FALTA DE OPORTUNIDAD EN LA AUTORIZACIÓN DE TECNOLOGÍAS EN SALUD Y OTROS ELEMENTOS COMPLEMENTARIOS PARA LA ATENCIÓN DEL USUARIO;010301;FALTA DE OPORTUNIDAD EN LA AUTORIZACIÓN DE TECNOLOGÍAS EN SALUD Y/O DE OTROS SERVICIOS;01030101;MEDICAMENTOS UPC;;;PROBLEMAS RELACIONADOS CON FACILIDADES DE ATENCIÓN MÉDICA U OTROS SERVICIOS DE SALUD;PROBLEMAS RELACIONADOS CON FACILIDADES DE ATENCIÓN MÉDICA U OTROS SERVICIOS DE SALUD;OTRAS OSTEOMIELITIS AGUDAS;No aplica;SIMPLE
962;2024;7;Personalizado;76;76001;US- 000004066772;A nombre propio;MUJER;84;MAYOR DE 63 AÑOS ;Secundaria;Subsidiado;No Aplica;No Aplica;76;76001;EMSSANAR EPS;RÉGIMEN SUBSIDIADO;ESS118;EMSSANAR;76;76001;01;"BARRERAS EN EL ACCESO A TECNOLOGÍAS Y SERVICIOS DE SALUD; Y OTROS ELEMENTOS COMPLEMENTARIOS PARA LA ATENCIÓN DEL USUARIO";0102;NEGACIÓN DE TECNOLOGÍAS EN SALUD Y OTROS ELEMENTOS COMPLEMENTARIOS PARA LA ATENCIÓN DEL USUARIO;010204;NEGACIÓN PARA LA ENTREGA DE TECNOLOGÍAS EN SALUD Y/O DE OTROS SERVICIOS AUTORIZADOS;01020401;MEDICAMENTOS UPC;;;ENFERMEDADES CRÓNICAS NO TRANSMISIBLES –RENALES;IRC-ENFERMEDAD RENAL;OTRAS INSUFICIENCIAS RENALES AGUDAS;No aplica;SIMPLE
963;2024;7;Web;81;81001;US- 000004066773;Otro;HOMBRE;73;MAYOR DE 63 AÑOS ;No Aplica;Subsidiado;No Aplica;No Aplica;81;81001;NUEVA EPS;RÉGIMEN SUBSIDIADO;EPSS41;NUEVA EPS;81;81001;01;"BARRERAS EN EL ACCESO A TECNOLOGÍAS Y SERVICIOS DE SALUD; Y OTROS ELEMENTOS COMPLEMENTARIOS PARA LA ATENCIÓN DEL USUARIO";0101;FALTA DE OPORTUNIDAD EN LA PRESTACIÓN DE TECNOLOGÍAS EN SALUD Y OTROS ELEMENTOS COMPLEMENTARIOS PARA LA ATENCIÓN DEL USUARIO;010105;FALTA DE OPORTUNIDAD EN EL PROCESO DE REFERENCIA Y CONTRARREFERENCIA;;;;;CÁNCER ;OTROS;OTRAS CONSULTAS ESPECIFICADAS;No aplica;PRIORIZADO
964;2024;7;Escrito;76;76001;US- 000001953788;A nombre propio;HOMBRE;70;MAYOR DE 63 AÑOS ;No Aplica;Contributivo;No Aplica;No Aplica;76;76001;COMFENALCO VALLE;RÉGIMEN CONTRIBUTIVO;EPS012;COMFENALCO  VALLE;76;76001;01;"BARRERAS EN EL ACCESO A TECNOLOGÍAS Y SERVICIOS DE SALUD; Y OTROS ELEMENTOS COMPLEMENTARIOS PARA LA ATENCIÓN DEL USUARIO";0101;FALTA DE OPORTUNIDAD EN LA PRESTACIÓN DE TECNOLOGÍAS EN SALUD Y OTROS ELEMENTOS COMPLEMENTARIOS PARA LA ATENCIÓN DEL USUARIO;010101;FALTA DE OPORTUNIDAD EN LAS CITAS O CONSULTAS;01010103;ESPECIALIDADES MÉDICAS ;01010103076;ONCOLOGÍA;CÁNCER ;CÁNCER GÁSTRICO;TUMOR MALIGNO DEL FUNDUS GÁSTRICO;Quimioterapia y radioterapia para el cáncer;PRIORIZADO
965;2024;7;Personalizado;05;05045;US- 000001591955;A nombre propio;MUJER;49;DE 38 A 49 AÑOS;Secundaria Incompleta;Contributivo;No Aplica;Desplazado;05;05045;SURAMERICANA EPS;RÉGIMEN CONTRIBUTIVO;EPS010;EPS SURA;05;05045;01;"BARRERAS EN EL ACCESO A TECNOLOGÍAS Y SERVICIOS DE SALUD; Y OTROS ELEMENTOS COMPLEMENTARIOS PARA LA ATENCIÓN DEL USUARIO";0102;NEGACIÓN DE TECNOLOGÍAS EN SALUD Y OTROS ELEMENTOS COMPLEMENTARIOS PARA LA ATENCIÓN DEL USUARIO;010201;NEGACIÓN EN LA ASIGNACIÓN DE CITAS O CONSULTAS;01020103;ESPECIALIDADES MÉDICAS ;01020103063;MEDICINA INTERNA;ENFERMEDADES CRÓNICAS NO TRANSMISIBLES –DIABETES;DIABETES;DIABETES MELLITUS INSULINODEPENDIENTE SIN MENCIÓN DE COMPLICACIÓN;No aplica;SIMPLE
966;2024;7;Medios de comunicación;11;11001;US- 000004066774;A nombre propio;HOMBRE;27;DE 25 A 29 AÑOS;Secundaria;No aplica;No Aplica;No Aplica;11;11001;SECRETARÍA DISTRITAL DE SALUD  DE BOGOTA;ENTIDADES TERRITORIALES;999998;SECRETARIA DISTRITAL DE SALUD  DE BOGOTA;11;11001;01;"BARRERAS EN EL ACCESO A TECNOLOGÍAS Y SERVICIOS DE SALUD; Y OTROS ELEMENTOS COMPLEMENTARIOS PARA LA ATENCIÓN DEL USUARIO";0102;NEGACIÓN DE TECNOLOGÍAS EN SALUD Y OTROS ELEMENTOS COMPLEMENTARIOS PARA LA ATENCIÓN DEL USUARIO;010203;NEGACIÓN EN LA ATENCIÓN EN OTROS SERVICIOS DE SALUD;01020309;PROCEDIMIENTOS QUIRÚRGICOS;01020309003;OTROS PROCEDIMIENTOS QUIRÚRGICOS;PROBLEMAS RELACIONADOS CON FACILIDADES DE ATENCIÓN MÉDICA U OTROS SERVICIOS DE SALUD;PROBLEMAS RELACIONADOS CON FACILIDADES DE ATENCIÓN MÉDICA U OTROS SERVICIOS DE SALUD;FRACTURA DE OTROS HUESOS METACARPIANOS;No aplica;SIMPLE
967;2024;7;Web;66;66170;US- 000002160563;A nombre propio;MUJER;44;DE 38 A 49 AÑOS;No Aplica;Contributivo;No Aplica;No Aplica;66;66170;SANITAS;RÉGIMEN CONTRIBUTIVO;EPS005;SANITAS;66;66170;01;"BARRERAS EN EL ACCESO A TECNOLOGÍAS Y SERVICIOS DE SALUD; Y OTROS ELEMENTOS COMPLEMENTARIOS PARA LA ATENCIÓN DEL USUARIO";0102;NEGACIÓN DE TECNOLOGÍAS EN SALUD Y OTROS ELEMENTOS COMPLEMENTARIOS PARA LA ATENCIÓN DEL USUARIO;010201;NEGACIÓN EN LA ASIGNACIÓN DE CITAS O CONSULTAS;01020103;ESPECIALIDADES MÉDICAS ;01020103072;NEUROLOGÍA;PROBLEMAS RELACIONADOS CON FACILIDADES DE ATENCIÓN MÉDICA U OTROS SERVICIOS DE SALUD;PROBLEMAS RELACIONADOS CON FACILIDADES DE ATENCIÓN MÉDICA U OTROS SERVICIOS DE SALUD;OTROS PROBLEMAS RELACIONADOS CON SERVICIOS MÉDICOS Y DE SALUD;No aplica;SIMPLE
968;2024;7;Escrito;05;05088;US- 000004066775;A nombre propio;MUJER;60;DE 50 A 62 AÑOS;No Aplica;Contributivo;No Aplica;No Aplica;05;05088;NUEVA EPS;RÉGIMEN CONTRIBUTIVO;EPS037;NUEVA EPS;05;05088;01;"BARRERAS EN EL ACCESO A TECNOLOGÍAS Y SERVICIOS DE SALUD; Y OTROS ELEMENTOS COMPLEMENTARIOS PARA LA ATENCIÓN DEL USUARIO";0102;NEGACIÓN DE TECNOLOGÍAS EN SALUD Y OTROS ELEMENTOS COMPLEMENTARIOS PARA LA ATENCIÓN DEL USUARIO;010201;NEGACIÓN EN LA ASIGNACIÓN DE CITAS O CONSULTAS;01020103;ESPECIALIDADES MÉDICAS ;01020103075;OFTALMOLOGÍA;PROBLEMAS RELACIONADOS CON FACILIDADES DE ATENCIÓN MÉDICA U OTROS SERVICIOS DE SALUD;PROBLEMAS RELACIONADOS CON FACILIDADES DE ATENCIÓN MÉDICA U OTROS SERVICIOS DE SALUD;GLAUCOMA, NO ESPECIFICADO;No aplica;SIMPLE
969;2024;7;Personalizado;66;66001;US- 000000581030;A nombre propio;MUJER;43;DE 38 A 49 AÑOS;Secundaria;Subsidiado;No Aplica;No Aplica;66;66001;ASMET SALUD EPS;RÉGIMEN SUBSIDIADO;ESS062;ASMET SALUD;66;66001;01;"BARRERAS EN EL ACCESO A TECNOLOGÍAS Y SERVICIOS DE SALUD; Y OTROS ELEMENTOS COMPLEMENTARIOS PARA LA ATENCIÓN DEL USUARIO";0102;NEGACIÓN DE TECNOLOGÍAS EN SALUD Y OTROS ELEMENTOS COMPLEMENTARIOS PARA LA ATENCIÓN DEL USUARIO;010203;NEGACIÓN EN LA ATENCIÓN EN OTROS SERVICIOS DE SALUD;01020308;PROCEDIMIENTOS NO QUIRÚRGICOS;01020308006;OTROS PROCEDIMIENTOS NO QUIRÚRGICOS;VIH SIDA Y OTRAS ET SEXUAL;VIH SIDA;ENFERMEDAD POR VIRUS DE LA INMUNODEFICIENCIA HUMANA (VIH), SIN OTRA ESPECIFICACIÓN;Diagnóstico y manejo del paciente infectado por VIH;PRIORIZADO
970;2024;7;Personalizado;54;54498;US- 000004066776;Amigo (A);MUJER;47;DE 38 A 49 AÑOS;Primaria Incompleta;Subsidiado;No Aplica;No Aplica;54;54498;COOSALUD;RÉGIMEN SUBSIDIADO;ESS024;COOSALUD;54;54498;01;"BARRERAS EN EL ACCESO A TECNOLOGÍAS Y SERVICIOS DE SALUD; Y OTROS ELEMENTOS COMPLEMENTARIOS PARA LA ATENCIÓN DEL USUARIO";0102;NEGACIÓN DE TECNOLOGÍAS EN SALUD Y OTROS ELEMENTOS COMPLEMENTARIOS PARA LA ATENCIÓN DEL USUARIO;010203;NEGACIÓN EN LA ATENCIÓN EN OTROS SERVICIOS DE SALUD;01020308;PROCEDIMIENTOS NO QUIRÚRGICOS;01020308001;IMAGENOLOGÍA;ENFERMEDADES OSTEOARTICULARES;OTROS;TRAUMATISMO DE TENDÓN DEL MANGUITO ROTATORIO DEL HOMBRO;No aplica;SIMPLE
971;2024;7;Web;11;11001;US- 000003851636;A nombre propio;HOMBRE;65;MAYOR DE 63 AÑOS ;No Aplica;Contributivo;Indígena;No Aplica;11;11001;SANITAS;RÉGIMEN CONTRIBUTIVO;EPS005;SANITAS;11;11001;01;"BARRERAS EN EL ACCESO A TECNOLOGÍAS Y SERVICIOS DE SALUD; Y OTROS ELEMENTOS COMPLEMENTARIOS PARA LA ATENCIÓN DEL USUARIO";0102;NEGACIÓN DE TECNOLOGÍAS EN SALUD Y OTROS ELEMENTOS COMPLEMENTARIOS PARA LA ATENCIÓN DEL USUARIO;010201;NEGACIÓN EN LA ASIGNACIÓN DE CITAS O CONSULTAS;01020103;ESPECIALIDADES MÉDICAS ;01020103078;ORTOPEDIA Y TRAUMATOLOGÍA;ENFERMEDADES OSTEOARTICULARES;OTROS;TRASTORNO INTERNO DE LA RODILLA;No aplica;SIMPLE
972;2024;7;Escrito;73;73268;US- 000002414695;A nombre propio;HOMBRE;10;DE 6 A 12 AÑOS;No Aplica;Contributivo;No Aplica;No Aplica;73;73268;SALUD TOTAL;RÉGIMEN CONTRIBUTIVO;EPS002;SALUD TOTAL;73;73268;01;"BARRERAS EN EL ACCESO A TECNOLOGÍAS Y SERVICIOS DE SALUD; Y OTROS ELEMENTOS COMPLEMENTARIOS PARA LA ATENCIÓN DEL USUARIO";0101;FALTA DE OPORTUNIDAD EN LA PRESTACIÓN DE TECNOLOGÍAS EN SALUD Y OTROS ELEMENTOS COMPLEMENTARIOS PARA LA ATENCIÓN DEL USUARIO;010103;FALTA DE OPORTUNIDAD EN LA ATENCIÓN EN OTROS SERVICIOS DE SALUD;01010308;PROCEDIMIENTOS NO QUIRÚRGICOS;01010308001;IMAGENOLOGÍA;ENFERMEDADES HUÉRFANAS;DISTROFIA MUSCULAR TIPO DUCHENNE;DISTROFIA MUSCULAR;No aplica;PRIORIZADO
973;2024;7;Telefónico;05;05318;US- 000004066777;Otro;HOMBRE;57;DE 50 A 62 AÑOS;Secundaria;Contributivo;No Aplica;No Aplica;05;05318;SURAMERICANA EPS;RÉGIMEN CONTRIBUTIVO;EPS010;EPS SURA;05;05318;01;"BARRERAS EN EL ACCESO A TECNOLOGÍAS Y SERVICIOS DE SALUD; Y OTROS ELEMENTOS COMPLEMENTARIOS PARA LA ATENCIÓN DEL USUARIO";0102;NEGACIÓN DE TECNOLOGÍAS EN SALUD Y OTROS ELEMENTOS COMPLEMENTARIOS PARA LA ATENCIÓN DEL USUARIO;010201;NEGACIÓN EN LA ASIGNACIÓN DE CITAS O CONSULTAS;01020103;ESPECIALIDADES MÉDICAS ;01020103094;UROLOGÍA;PROBLEMAS RELACIONADOS CON FACILIDADES DE ATENCIÓN MÉDICA U OTROS SERVICIOS DE SALUD;PROBLEMAS RELACIONADOS CON FACILIDADES DE ATENCIÓN MÉDICA U OTROS SERVICIOS DE SALUD;OTROS PROBLEMAS RELACIONADOS CON SERVICIOS MÉDICOS Y DE SALUD;No aplica;SIMPLE
974;2024;7;Personalizado;08;08638;US- 000004066778;A nombre propio;MUJER;59;DE 50 A 62 AÑOS;No Aplica;Subsidiado;No Aplica;No Aplica;08;08638;COOSALUD;RÉGIMEN SUBSIDIADO;ESS024;COOSALUD;08;08638;01;"BARRERAS EN EL ACCESO A TECNOLOGÍAS Y SERVICIOS DE SALUD; Y OTROS ELEMENTOS COMPLEMENTARIOS PARA LA ATENCIÓN DEL USUARIO";0102;NEGACIÓN DE TECNOLOGÍAS EN SALUD Y OTROS ELEMENTOS COMPLEMENTARIOS PARA LA ATENCIÓN DEL USUARIO;010204;NEGACIÓN PARA LA ENTREGA DE TECNOLOGÍAS EN SALUD Y/O DE OTROS SERVICIOS AUTORIZADOS;01020402;MEDICAMENTOS NO UPC;;;PROBLEMAS RELACIONADOS CON FACILIDADES DE ATENCIÓN MÉDICA U OTROS SERVICIOS DE SALUD;PROBLEMAS RELACIONADOS CON FACILIDADES DE ATENCIÓN MÉDICA U OTROS SERVICIOS DE SALUD;DESNUTRICIÓN PROTEICOCALORICA MODERADA;No aplica;PRIORIZADO
975;2024;7;Personalizado;63;63001;US- 000001227899;A nombre propio;HOMBRE;66;MAYOR DE 63 AÑOS ;Primaria;Contributivo;No Aplica;Víctima del conflicto armado;63;63001;SURAMERICANA EPS;RÉGIMEN CONTRIBUTIVO;EPS010;EPS SURA;63;63001;01;"BARRERAS EN EL ACCESO A TECNOLOGÍAS Y SERVICIOS DE SALUD; Y OTROS ELEMENTOS COMPLEMENTARIOS PARA LA ATENCIÓN DEL USUARIO";0103;FALTA DE OPORTUNIDAD EN LA AUTORIZACIÓN DE TECNOLOGÍAS EN SALUD Y OTROS ELEMENTOS COMPLEMENTARIOS PARA LA ATENCIÓN DEL USUARIO;010304;FALTA DE OPORTUNIDAD EN LA AUTORIZACIÓN DE OTROS SERVICIOS DE SALUD;01030408;PROCEDIMIENTOS NO QUIRÚRGICOS;01030408001;IMAGENOLOGÍA;ENFERMEDADES OSTEOARTICULARES;OTROS;DOLOR EN ARTICULACIÓN;No aplica;SIMPLE
976;2024;7;Personalizado;70;70001;US- 000004066779;A nombre propio;MUJER;66;MAYOR DE 63 AÑOS ;Universitario Incompleto;Contributivo;No Aplica;No Aplica;70;70001;SALUD TOTAL;RÉGIMEN CONTRIBUTIVO;EPS002;SALUD TOTAL;70;70001;01;"BARRERAS EN EL ACCESO A TECNOLOGÍAS Y SERVICIOS DE SALUD; Y OTROS ELEMENTOS COMPLEMENTARIOS PARA LA ATENCIÓN DEL USUARIO";0102;NEGACIÓN DE TECNOLOGÍAS EN SALUD Y OTROS ELEMENTOS COMPLEMENTARIOS PARA LA ATENCIÓN DEL USUARIO;010204;NEGACIÓN PARA LA ENTREGA DE TECNOLOGÍAS EN SALUD Y/O DE OTROS SERVICIOS AUTORIZADOS;01020401;MEDICAMENTOS UPC;;;PROBLEMAS RELACIONADOS CON FACILIDADES DE ATENCIÓN MÉDICA U OTROS SERVICIOS DE SALUD;PROBLEMAS RELACIONADOS CON FACILIDADES DE ATENCIÓN MÉDICA U OTROS SERVICIOS DE SALUD;ESPASMO HEMIFACIAL CLÓNICO;No aplica;SIMPLE
977;2024;7;Escrito;68;68001;US- 000003034634;A nombre propio;MUJER;27;DE 25 A 29 AÑOS;No Aplica;Contributivo;No Aplica;Persona con discapacidad;68;68001;NUEVA EPS;RÉGIMEN CONTRIBUTIVO;EPS037;NUEVA EPS;68;68276;01;"BARRERAS EN EL ACCESO A TECNOLOGÍAS Y SERVICIOS DE SALUD; Y OTROS ELEMENTOS COMPLEMENTARIOS PARA LA ATENCIÓN DEL USUARIO";0101;FALTA DE OPORTUNIDAD EN LA PRESTACIÓN DE TECNOLOGÍAS EN SALUD Y OTROS ELEMENTOS COMPLEMENTARIOS PARA LA ATENCIÓN DEL USUARIO;010104;FALTA DE OPORTUNIDAD EN LA ENTREGA O ENTREGA INCOMPLETA DE TECNOLOGÍAS EN SALUD Y/O PRESTACIÓN DE OTROS SERVICIOS;01010407;ELEMENTOS COMPLEMENTARIOS PARA LA ATENCIÓN DEL USUARIO (PAÑALES, PAÑITOS, ETC.);;;ENFERMEDADES OSTEOARTICULARES;OTROS;OTRAS MALFORMACIONES CONGÉNITAS DE LA MEDULA ESPINAL;No aplica;SIMPLE
978;2024;7;Web;47;47570;US- 000004066780;Otro;HOMBRE;48;DE 38 A 49 AÑOS;No Aplica;Subsidiado;No Aplica;No Aplica;11;11001;SANITAS;RÉGIMEN CONTRIBUTIVO;EPS005;SANITAS;11;11001;01;"BARRERAS EN EL ACCESO A TECNOLOGÍAS Y SERVICIOS DE SALUD; Y OTROS ELEMENTOS COMPLEMENTARIOS PARA LA ATENCIÓN DEL USUARIO";0101;FALTA DE OPORTUNIDAD EN LA PRESTACIÓN DE TECNOLOGÍAS EN SALUD Y OTROS ELEMENTOS COMPLEMENTARIOS PARA LA ATENCIÓN DEL USUARIO;010103;FALTA DE OPORTUNIDAD EN LA ATENCIÓN EN OTROS SERVICIOS DE SALUD;01010302;HOSPITALIZACIÓN;;;ENFERMEDADES HUÉRFANAS;LEPTOSPIROSIS;LEPTOSPIROSIS;No aplica;PRIORIZADO
979;2024;7;Personalizado;27;27413;US- 000004066781;A nombre propio;MUJER;40;DE 38 A 49 AÑOS;Secundaria;Subsidiado;No Aplica;Desplazado;27;27413;SAVIA SALUD;RÉGIMEN SUBSIDIADO;EPSS40;SAVIA SALUD EPS;05;05001;04;INSATISFACCIÓN DEL USUARIO CON EL PROCESO ADMINISTRATIVO;0404;INSATISFACCIÓN RELACIONADA CON TRÁMITES ADMINISTRATIVOS;040401;RESTRICCIÓN EN LA LIBRE ESCOGENCIA;04040101;EPS;;;PROBLEMAS RELACIONADOS CON FACILIDADES DE ATENCIÓN MÉDICA U OTROS SERVICIOS DE SALUD;PROBLEMAS RELACIONADOS CON FACILIDADES DE ATENCIÓN MÉDICA U OTROS SERVICIOS DE SALUD;OTROS PROBLEMAS RELACIONADOS CON SERVICIOS MÉDICOS Y DE SALUD;No aplica;SIMPLE
980;2024;7;Escrito;76;76001;US- 000004066782;A nombre propio;HOMBRE;27;DE 25 A 29 AÑOS;No Aplica;Contributivo;No Aplica;No Aplica;76;76001;SURAMERICANA EPS;RÉGIMEN CONTRIBUTIVO;EPS010;EPS SURA;76;76001;01;"BARRERAS EN EL ACCESO A TECNOLOGÍAS Y SERVICIOS DE SALUD; Y OTROS ELEMENTOS COMPLEMENTARIOS PARA LA ATENCIÓN DEL USUARIO";0102;NEGACIÓN DE TECNOLOGÍAS EN SALUD Y OTROS ELEMENTOS COMPLEMENTARIOS PARA LA ATENCIÓN DEL USUARIO;010203;NEGACIÓN EN LA ATENCIÓN EN OTROS SERVICIOS DE SALUD;01020308;PROCEDIMIENTOS NO QUIRÚRGICOS;01020308006;OTROS PROCEDIMIENTOS NO QUIRÚRGICOS;PROBLEMAS RELACIONADOS CON FACILIDADES DE ATENCIÓN MÉDICA U OTROS SERVICIOS DE SALUD;PROBLEMAS RELACIONADOS CON FACILIDADES DE ATENCIÓN MÉDICA U OTROS SERVICIOS DE SALUD;OTROS PROBLEMAS RELACIONADOS CON SERVICIOS MÉDICOS Y DE SALUD;No aplica;SIMPLE
981;2024;7;Telefónico;23;23162;US- 000001839724;A nombre propio;HOMBRE;36;DE 30 A 37 AÑOS;Universitario;Contributivo;No Aplica;No Aplica;23;23162;NUEVA EPS;RÉGIMEN CONTRIBUTIVO;EPS037;NUEVA EPS;23;23162;01;"BARRERAS EN EL ACCESO A TECNOLOGÍAS Y SERVICIOS DE SALUD; Y OTROS ELEMENTOS COMPLEMENTARIOS PARA LA ATENCIÓN DEL USUARIO";0102;NEGACIÓN DE TECNOLOGÍAS EN SALUD Y OTROS ELEMENTOS COMPLEMENTARIOS PARA LA ATENCIÓN DEL USUARIO;010204;NEGACIÓN PARA LA ENTREGA DE TECNOLOGÍAS EN SALUD Y/O DE OTROS SERVICIOS AUTORIZADOS;01020404;DISPOSITIVOS MÉDICOS NO UPC;;;ENFERMEDADES CRÓNICAS NO TRANSMISIBLES –DIABETES;DIABETES;DIABETES MELLITUS INSULINODEPENDIENTE;No aplica;PRIORIZADO
982;2024;7;Telefónico;11;11001;US- 000003602414;Hijo (A);HOMBRE;84;MAYOR DE 63 AÑOS ;No Aplica;Contributivo;No Aplica;No Aplica;11;11001;COMPENSAR;RÉGIMEN CONTRIBUTIVO;EPS008;COMPENSAR;11;11001;01;"BARRERAS EN EL ACCESO A TECNOLOGÍAS Y SERVICIOS DE SALUD; Y OTROS ELEMENTOS COMPLEMENTARIOS PARA LA ATENCIÓN DEL USUARIO";0102;NEGACIÓN DE TECNOLOGÍAS EN SALUD Y OTROS ELEMENTOS COMPLEMENTARIOS PARA LA ATENCIÓN DEL USUARIO;010201;NEGACIÓN EN LA ASIGNACIÓN DE CITAS O CONSULTAS;01020103;ESPECIALIDADES MÉDICAS ;01020103075;OFTALMOLOGÍA;PROBLEMAS RELACIONADOS CON FACILIDADES DE ATENCIÓN MÉDICA U OTROS SERVICIOS DE SALUD;PROBLEMAS RELACIONADOS CON FACILIDADES DE ATENCIÓN MÉDICA U OTROS SERVICIOS DE SALUD;OTROS TRASTORNOS DE LA RETINA;No aplica;SIMPLE
983;2024;7;Web;13;13001;US- 000004066783;A nombre propio;MUJER;33;DE 30 A 37 AÑOS;No Aplica;Contributivo;No Aplica;No Aplica;13;13001;SALUD TOTAL;RÉGIMEN CONTRIBUTIVO;EPS002;SALUD TOTAL;13;13001;04;INSATISFACCIÓN DEL USUARIO CON EL PROCESO ADMINISTRATIVO;0404;INSATISFACCIÓN RELACIONADA CON TRÁMITES ADMINISTRATIVOS;040402;FALLAS O IRREGULARIDADES EN EL MANEJO TÉCNICO DE LA HISTORIA CLÍNICA Y/O REGISTROS ASISTENCIALES;;;;;PROBLEMAS RELACIONADOS CON FACILIDADES DE ATENCIÓN MÉDICA U OTROS SERVICIOS DE SALUD;PROBLEMAS RELACIONADOS CON FACILIDADES DE ATENCIÓN MÉDICA U OTROS SERVICIOS DE SALUD;PROBLEMAS RELACIONADOS CON FACILIDADES DE ATENCIÓN MEDICA U OTROS SERVICIOS DE SALUD;No aplica;SIMPLE
984;2024;7;Escrito;54;54518;US- 000004066784;Otro;HOMBRE;47;DE 38 A 49 AÑOS;No Aplica;Subsidiado;No Aplica;No Aplica;54;54518;CCF DEL ORIENTE COLOMBIANO -COMFAORIENTE;RÉGIMEN SUBSIDIADO;CCF049;"CCF ORIENTE ""COMFAORIENTE""";54;54518;01;"BARRERAS EN EL ACCESO A TECNOLOGÍAS Y SERVICIOS DE SALUD; Y OTROS ELEMENTOS COMPLEMENTARIOS PARA LA ATENCIÓN DEL USUARIO";0101;FALTA DE OPORTUNIDAD EN LA PRESTACIÓN DE TECNOLOGÍAS EN SALUD Y OTROS ELEMENTOS COMPLEMENTARIOS PARA LA ATENCIÓN DEL USUARIO;010101;FALTA DE OPORTUNIDAD EN LAS CITAS O CONSULTAS;01010103;ESPECIALIDADES MÉDICAS ;01010103016;CIRUGÍA DE RODILLA - ORTOPEDIA;ENFERMEDADES OSTEOARTICULARES;OTROS;OTROS PROBLEMAS RELACIONADOS CON SERVICIOS MÉDICOS Y DE SALUD;No aplica;SIMPLE
985;2024;7;Personalizado;05;05001;US- 000003102530;A nombre propio;MUJER;73;MAYOR DE 63 AÑOS ;Primaria Incompleta;Contributivo;No Aplica;Desplazado;05;05001;SURAMERICANA EPS;RÉGIMEN CONTRIBUTIVO;EPS010;EPS SURA;05;05001;01;"BARRERAS EN EL ACCESO A TECNOLOGÍAS Y SERVICIOS DE SALUD; Y OTROS ELEMENTOS COMPLEMENTARIOS PARA LA ATENCIÓN DEL USUARIO";0101;FALTA DE OPORTUNIDAD EN LA PRESTACIÓN DE TECNOLOGÍAS EN SALUD Y OTROS ELEMENTOS COMPLEMENTARIOS PARA LA ATENCIÓN DEL USUARIO;010103;FALTA DE OPORTUNIDAD EN LA ATENCIÓN EN OTROS SERVICIOS DE SALUD;01010309;PROCEDIMIENTOS QUIRÚRGICOS;01010309003;OTROS PROCEDIMIENTOS QUIRÚRGICOS;PROBLEMAS RELACIONADOS CON FACILIDADES DE ATENCIÓN MÉDICA U OTROS SERVICIOS DE SALUD;PROBLEMAS RELACIONADOS CON FACILIDADES DE ATENCIÓN MÉDICA U OTROS SERVICIOS DE SALUD;PROLAPSO ANAL;No aplica;SIMPLE
986;2024;7;Redes Sociales;66;66001;US- 000001385127;A nombre propio;MUJER;34;DE 30 A 37 AÑOS;No Aplica;Contributivo;No Aplica;No Aplica;66;66001;SALUD TOTAL;RÉGIMEN CONTRIBUTIVO;EPS002;SALUD TOTAL;66;66001;01;"BARRERAS EN EL ACCESO A TECNOLOGÍAS Y SERVICIOS DE SALUD; Y OTROS ELEMENTOS COMPLEMENTARIOS PARA LA ATENCIÓN DEL USUARIO";0101;FALTA DE OPORTUNIDAD EN LA PRESTACIÓN DE TECNOLOGÍAS EN SALUD Y OTROS ELEMENTOS COMPLEMENTARIOS PARA LA ATENCIÓN DEL USUARIO;010101;FALTA DE OPORTUNIDAD EN LAS CITAS O CONSULTAS;01010103;ESPECIALIDADES MÉDICAS ;01010103063;MEDICINA INTERNA;PROBLEMAS RELACIONADOS CON FACILIDADES DE ATENCIÓN MÉDICA U OTROS SERVICIOS DE SALUD;PROBLEMAS RELACIONADOS CON FACILIDADES DE ATENCIÓN MÉDICA U OTROS SERVICIOS DE SALUD;OTROS PROBLEMAS RELACIONADOS CON SERVICIOS MÉDICOS Y DE SALUD;No aplica;PRIORIZADO
987;2024;7;Web;13;13001;US- 000004066785;A nombre propio;MUJER;25;DE 25 A 29 AÑOS;No Aplica;Contributivo;No Aplica;No Aplica;13;13001;SALUD TOTAL;RÉGIMEN CONTRIBUTIVO;EPS002;SALUD TOTAL;13;13001;01;"BARRERAS EN EL ACCESO A TECNOLOGÍAS Y SERVICIOS DE SALUD; Y OTROS ELEMENTOS COMPLEMENTARIOS PARA LA ATENCIÓN DEL USUARIO";0101;FALTA DE OPORTUNIDAD EN LA PRESTACIÓN DE TECNOLOGÍAS EN SALUD Y OTROS ELEMENTOS COMPLEMENTARIOS PARA LA ATENCIÓN DEL USUARIO;010103;FALTA DE OPORTUNIDAD EN LA ATENCIÓN EN OTROS SERVICIOS DE SALUD;01010308;PROCEDIMIENTOS NO QUIRÚRGICOS;01010308001;IMAGENOLOGÍA;PROBLEMAS RELACIONADOS CON FACILIDADES DE ATENCIÓN MÉDICA U OTROS SERVICIOS DE SALUD;PROBLEMAS RELACIONADOS CON FACILIDADES DE ATENCIÓN MÉDICA U OTROS SERVICIOS DE SALUD;DISMENORREA, NO ESPECIFICADA;No aplica;SIMPLE
988;2024;7;Personalizado;23;23660;US- 000004066786;Hermano (A);MUJER;63;MAYOR DE 63 AÑOS ;Secundaria;Subsidiado;No Aplica;Desplazado;23;23660;COOSALUD;RÉGIMEN SUBSIDIADO;ESS024;COOSALUD;23;23660;01;"BARRERAS EN EL ACCESO A TECNOLOGÍAS Y SERVICIOS DE SALUD; Y OTROS ELEMENTOS COMPLEMENTARIOS PARA LA ATENCIÓN DEL USUARIO";0102;NEGACIÓN DE TECNOLOGÍAS EN SALUD Y OTROS ELEMENTOS COMPLEMENTARIOS PARA LA ATENCIÓN DEL USUARIO;010204;NEGACIÓN PARA LA ENTREGA DE TECNOLOGÍAS EN SALUD Y/O DE OTROS SERVICIOS AUTORIZADOS;01020401;MEDICAMENTOS UPC;;;SALUD MENTAL;OTROS TRASTORNOS MENTALES;ESQUIZOFRENIA PARANOIDE;No aplica;PRIORIZADO
989;2024;7;Telefónico;05;05001;US- 000002509559;A nombre propio;MUJER;71;MAYOR DE 63 AÑOS ;Primaria;Contributivo;No Aplica;No Aplica;05;05001;NUEVA EPS;RÉGIMEN CONTRIBUTIVO;EPS037;NUEVA EPS;05;05001;01;"BARRERAS EN EL ACCESO A TECNOLOGÍAS Y SERVICIOS DE SALUD; Y OTROS ELEMENTOS COMPLEMENTARIOS PARA LA ATENCIÓN DEL USUARIO";0101;FALTA DE OPORTUNIDAD EN LA PRESTACIÓN DE TECNOLOGÍAS EN SALUD Y OTROS ELEMENTOS COMPLEMENTARIOS PARA LA ATENCIÓN DEL USUARIO;010101;FALTA DE OPORTUNIDAD EN LAS CITAS O CONSULTAS;01010103;ESPECIALIDADES MÉDICAS ;01010103022;CIRUGÍA GENERAL;PROBLEMAS RELACIONADOS CON FACILIDADES DE ATENCIÓN MÉDICA U OTROS SERVICIOS DE SALUD;PROBLEMAS RELACIONADOS CON FACILIDADES DE ATENCIÓN MÉDICA U OTROS SERVICIOS DE SALUD;OBSTRUCCIÓN DE LA VESÍCULA BILIAR;No aplica;SIMPLE
990;2024;7;Web;11;11001;US- 000004066787;A nombre propio;MUJER;40;DE 38 A 49 AÑOS;No Aplica;Contributivo;No Aplica;No Aplica;11;11001;NUEVA EPS;RÉGIMEN CONTRIBUTIVO;EPS037;NUEVA EPS;11;11001;01;"BARRERAS EN EL ACCESO A TECNOLOGÍAS Y SERVICIOS DE SALUD; Y OTROS ELEMENTOS COMPLEMENTARIOS PARA LA ATENCIÓN DEL USUARIO";0101;FALTA DE OPORTUNIDAD EN LA PRESTACIÓN DE TECNOLOGÍAS EN SALUD Y OTROS ELEMENTOS COMPLEMENTARIOS PARA LA ATENCIÓN DEL USUARIO;010103;FALTA DE OPORTUNIDAD EN LA ATENCIÓN EN OTROS SERVICIOS DE SALUD;01010302;HOSPITALIZACIÓN;;;CÁNCER ;OTROS;TUMOR MALIGNO DEL ESTOMAGO, PARTE NO ESPECIFICADA;No aplica;PRIORIZADO
991;2024;7;Telefónico;05;05001;US- 000002507788;Hijo (A);MUJER;62;DE 50 A 62 AÑOS;Secundaria;Contributivo;No Aplica;No Aplica;05;05001;SALUD TOTAL;RÉGIMEN CONTRIBUTIVO;EPS002;SALUD TOTAL;05;05001;01;"BARRERAS EN EL ACCESO A TECNOLOGÍAS Y SERVICIOS DE SALUD; Y OTROS ELEMENTOS COMPLEMENTARIOS PARA LA ATENCIÓN DEL USUARIO";0101;FALTA DE OPORTUNIDAD EN LA PRESTACIÓN DE TECNOLOGÍAS EN SALUD Y OTROS ELEMENTOS COMPLEMENTARIOS PARA LA ATENCIÓN DEL USUARIO;010101;FALTA DE OPORTUNIDAD EN LAS CITAS O CONSULTAS;01010103;ESPECIALIDADES MÉDICAS ;01010103042;GASTROENTEROLOGÍA;PROBLEMAS RELACIONADOS CON FACILIDADES DE ATENCIÓN MÉDICA U OTROS SERVICIOS DE SALUD;PROBLEMAS RELACIONADOS CON FACILIDADES DE ATENCIÓN MÉDICA U OTROS SERVICIOS DE SALUD;OTRAS GASTRITIS;No aplica;SIMPLE
992;2024;7;Escrito;54;54001;US- 000004066788;Otro;MUJER;65;MAYOR DE 63 AÑOS ;No Aplica;Subsidiado;No Aplica;No Aplica;54;54001;NUEVA EPS;RÉGIMEN CONTRIBUTIVO;EPS037;NUEVA EPS;54;54001;01;"BARRERAS EN EL ACCESO A TECNOLOGÍAS Y SERVICIOS DE SALUD; Y OTROS ELEMENTOS COMPLEMENTARIOS PARA LA ATENCIÓN DEL USUARIO";0101;FALTA DE OPORTUNIDAD EN LA PRESTACIÓN DE TECNOLOGÍAS EN SALUD Y OTROS ELEMENTOS COMPLEMENTARIOS PARA LA ATENCIÓN DEL USUARIO;010104;FALTA DE OPORTUNIDAD EN LA ENTREGA O ENTREGA INCOMPLETA DE TECNOLOGÍAS EN SALUD Y/O PRESTACIÓN DE OTROS SERVICIOS;01010401;MEDICAMENTOS UPC;;;ENFERMEDADES CRÓNICAS NO TRANSMISIBLES- FACTORES DE RIESGO;OBESIDAD;OBESIDAD;No aplica;SIMPLE
993;2024;7;Personalizado;66;66001;US- 000004066789;A nombre propio;HOMBRE;13;DE 13 A 17 AÑOS;Primaria;Subsidiado;No Aplica;No Aplica;66;66001;CAJACOPI EPS;RÉGIMEN SUBSIDIADO;CCF055;CAJACOPI EPS;23;23807;04;INSATISFACCIÓN DEL USUARIO CON EL PROCESO ADMINISTRATIVO;0404;INSATISFACCIÓN RELACIONADA CON TRÁMITES ADMINISTRATIVOS;040405;INCONSISTENCIA CON TRASLADOS DEL MUNICIPIO DE LA AFILIACIÓN Y SOLICITUDES DE MOVILIDAD O PORTABILIDAD;04040503;DEMORA EN LA PORTABILIDAD;;;PROBLEMAS RELACIONADOS CON FACILIDADES DE ATENCIÓN MÉDICA U OTROS SERVICIOS DE SALUD;PROBLEMAS RELACIONADOS CON FACILIDADES DE ATENCIÓN MÉDICA U OTROS SERVICIOS DE SALUD;OTROS PROBLEMAS RELACIONADOS CON SERVICIOS MÉDICOS Y DE SALUD;No aplica;SIMPLE
994;2024;7;Personalizado;25;25754;US- 000004066790;A nombre propio;MUJER;54;DE 50 A 62 AÑOS;Primaria Incompleta;Contributivo;No Aplica;No Aplica;25;25754;FAMISANAR;RÉGIMEN CONTRIBUTIVO;EPS017;FAMISANAR;25;25754;01;"BARRERAS EN EL ACCESO A TECNOLOGÍAS Y SERVICIOS DE SALUD; Y OTROS ELEMENTOS COMPLEMENTARIOS PARA LA ATENCIÓN DEL USUARIO";0102;NEGACIÓN DE TECNOLOGÍAS EN SALUD Y OTROS ELEMENTOS COMPLEMENTARIOS PARA LA ATENCIÓN DEL USUARIO;010202;NEGACIÓN DE SERVICIOS DE COMPLEMENTACIÓN TERAPÉUTICA;01020201;TERAPIA FÍSICA;;;ENFERMEDADES OSTEOARTICULARES;NEUROLÓGICAS;CEFALEA;No aplica;SIMPLE
995;2024;7;Escrito;11;11001;US- 000004066791;A nombre propio;MUJER;66;MAYOR DE 63 AÑOS ;No Aplica;Contributivo;No Aplica;No Aplica;11;11001;FAMISANAR;RÉGIMEN CONTRIBUTIVO;EPS017;FAMISANAR;11;11001;01;"BARRERAS EN EL ACCESO A TECNOLOGÍAS Y SERVICIOS DE SALUD; Y OTROS ELEMENTOS COMPLEMENTARIOS PARA LA ATENCIÓN DEL USUARIO";0102;NEGACIÓN DE TECNOLOGÍAS EN SALUD Y OTROS ELEMENTOS COMPLEMENTARIOS PARA LA ATENCIÓN DEL USUARIO;010201;NEGACIÓN EN LA ASIGNACIÓN DE CITAS O CONSULTAS;01020103;ESPECIALIDADES MÉDICAS ;01020103048;HEMATOLOGÍA;ENFERMEDADES CRÓNICAS NO TRASMISIBLES CARDIOVASCULARES;OTROS;TROMBOCITOSIS ESENCIAL;No aplica;SIMPLE
996;2024;7;Telefónico;11;11001;US- 000004066792;Hermano (A);HOMBRE;44;DE 38 A 49 AÑOS;Primaria;Subsidiado;No Aplica;No Aplica;11;11001;CAPITAL SALUD;RÉGIMEN SUBSIDIADO;EPSS34;CAPITAL SALUD;11;11001;01;"BARRERAS EN EL ACCESO A TECNOLOGÍAS Y SERVICIOS DE SALUD; Y OTROS ELEMENTOS COMPLEMENTARIOS PARA LA ATENCIÓN DEL USUARIO";0101;FALTA DE OPORTUNIDAD EN LA PRESTACIÓN DE TECNOLOGÍAS EN SALUD Y OTROS ELEMENTOS COMPLEMENTARIOS PARA LA ATENCIÓN DEL USUARIO;010101;FALTA DE OPORTUNIDAD EN LAS CITAS O CONSULTAS;01010103;ESPECIALIDADES MÉDICAS ;01010103080;OTORRINOLARINGOLOGÍA;PROBLEMAS RELACIONADOS CON FACILIDADES DE ATENCIÓN MÉDICA U OTROS SERVICIOS DE SALUD;PROBLEMAS RELACIONADOS CON FACILIDADES DE ATENCIÓN MÉDICA U OTROS SERVICIOS DE SALUD;OTROS PÓLIPOS DE LOS SENOS PARANASALES;No aplica;SIMPLE
997;2024;7;Web;91;91530;US- 000004066793;A nombre propio;HOMBRE;46;DE 38 A 49 AÑOS;No Aplica;Subsidiado;Indígena;Víctima del conflicto armado;91;91530;MALLAMAS -EPSI;RÉGIMEN SUBSIDIADO;EPSI05;MALLAMAS (EPS-I);91;91530;01;"BARRERAS EN EL ACCESO A TECNOLOGÍAS Y SERVICIOS DE SALUD; Y OTROS ELEMENTOS COMPLEMENTARIOS PARA LA ATENCIÓN DEL USUARIO";0101;FALTA DE OPORTUNIDAD EN LA PRESTACIÓN DE TECNOLOGÍAS EN SALUD Y OTROS ELEMENTOS COMPLEMENTARIOS PARA LA ATENCIÓN DEL USUARIO;010101;FALTA DE OPORTUNIDAD EN LAS CITAS O CONSULTAS;01010103;ESPECIALIDADES MÉDICAS ;01010103075;OFTALMOLOGÍA;PROBLEMAS RELACIONADOS CON FACILIDADES DE ATENCIÓN MÉDICA U OTROS SERVICIOS DE SALUD;PROBLEMAS RELACIONADOS CON FACILIDADES DE ATENCIÓN MÉDICA U OTROS SERVICIOS DE SALUD;TRASTORNO DEL OJO Y SUS ANEXOS, NO ESPECIFICADO;No aplica;PRIORIZADO
998;2024;7;Web;76;76001;US- 000004066794;A nombre propio;MUJER;64;MAYOR DE 63 AÑOS ;No Aplica;Contributivo;No Aplica;No Aplica;76;76001;SURAMERICANA EPS;RÉGIMEN CONTRIBUTIVO;EPS010;EPS SURA;76;76001;02;INSATISFACCIÓN RELACIONADA CON LA ATENCIÓN EN SALUD;0202;INSATISFACCIÓN RELACIONADA CON LA ATENCIÓN DEL PERSONAL EN SALUD;020201;INSATISFACCIÓN RELACIONADA CON LA ATENCIÓN DEL PERSONAL EN SALUD;02020102;FALLAS EN LA PRÁCTICA MÉDICA;;;SALUD ORAL;SALUD ORAL;TRASTORNOS DE LA ARTICULACIÓN TEMPOROMAXILAR;No aplica;SIMPLE
999;2024;7;Personalizado;23;23001;US- 000003009247;Padre;MUJER;7;DE 6 A 12 AÑOS;Ninguno;Subsidiado;No Aplica;Persona con discapacidad;23;23001;MUTUAL SER;RÉGIMEN SUBSIDIADO;ESS207;MUTUAL SER;23;23001;01;"BARRERAS EN EL ACCESO A TECNOLOGÍAS Y SERVICIOS DE SALUD; Y OTROS ELEMENTOS COMPLEMENTARIOS PARA LA ATENCIÓN DEL USUARIO";0102;NEGACIÓN DE TECNOLOGÍAS EN SALUD Y OTROS ELEMENTOS COMPLEMENTARIOS PARA LA ATENCIÓN DEL USUARIO;010204;NEGACIÓN PARA LA ENTREGA DE TECNOLOGÍAS EN SALUD Y/O DE OTROS SERVICIOS AUTORIZADOS;01020401;MEDICAMENTOS UPC;;;ENFERMEDADES OSTEOARTICULARES;NEUROLÓGICAS;EPILEPSIA;No aplica;PRIORIZADO
1000;2024;7;Telefónico;05;05001;US- 000004066795;Otro;MUJER;72;MAYOR DE 63 AÑOS ;Primaria;Contributivo;No Aplica;No Aplica;05;05001;SURAMERICANA EPS;RÉGIMEN CONTRIBUTIVO;EPS010;EPS SURA;05;05001;01;"BARRERAS EN EL ACCESO A TECNOLOGÍAS Y SERVICIOS DE SALUD; Y OTROS ELEMENTOS COMPLEMENTARIOS PARA LA ATENCIÓN DEL USUARIO";0101;FALTA DE OPORTUNIDAD EN LA PRESTACIÓN DE TECNOLOGÍAS EN SALUD Y OTROS ELEMENTOS COMPLEMENTARIOS PARA LA ATENCIÓN DEL USUARIO;010104;FALTA DE OPORTUNIDAD EN LA ENTREGA O ENTREGA INCOMPLETA DE TECNOLOGÍAS EN SALUD Y/O PRESTACIÓN DE OTROS SERVICIOS;01010401;MEDICAMENTOS UPC;;;CÁNCER ;CÁNCER DE MAMA;TUMOR MALIGNO DE LA MAMA, PARTE NO ESPECIFICADA;No aplica;PRIORIZADO
