OBJECTID;periodo;mes;pqr_canal;pet_cod_depto;pet_cod_mpio;id_afec;afec_parentesco;afec_genero;afec_edad;afec_edadr;afec_educ;afec_regafiliacion;afec_getnico;afec_pobespecial;afec_cod_depto;afec_cod_mpio;ent_nombre;ent_tipovig_sns;ent_cod_sns;ent_alias_sn;ent_cod_depto;ent_cod_mpio;cod_macromot;macromotivo;cod_motgen;motivo_general;cod_motesp;motivo_especifico;cod_tipo_motesp;tipo_de_motivo_especifico;cod_subtipo_motesp;subtipo_de_motivo_especifico;patologia_1;patologia_tipo;cie_10;alto_costo;clasificacion_de_riesgo
1;2023;7;Personalizado;11;11001;US- 000002456900;A nombre propio;HOMBRE;69;MAYOR DE 63 AÑOS ;Primaria;Contributivo;No Aplica;No Aplica;11;11001;NUEVA EPS;RÉGIMEN CONTRIBUTIVO;EPS037;NUEVA EPS;11;11001;01;"BARRERAS EN EL ACCESO A TECNOLOGÍAS Y SERVICIOS DE SALUD; Y OTROS ELEMENTOS COMPLEMENTARIOS PARA LA ATENCIÓN DEL USUARIO";0101;FALTA DE OPORTUNIDAD EN LA PRESTACIÓN DE TECNOLOGÍAS EN SALUD Y OTROS ELEMENTOS COMPLEMENTARIOS PARA LA ATENCIÓN DEL USUARIO;010103;FALTA DE OPORTUNIDAD EN LA ATENCIÓN EN OTROS SERVICIOS DE SALUD;01010308;PROCEDIMIENTOS NO QUIRÚRGICOS;01010308001;IMAGENOLOGÍA;ENFERMEDADES CRÓNICAS NO TRASMISIBLES CARDIOVASCULARES;HTA (HIPERTENSIÓN ARTERIAL);HERNIA ABDOMINAL NO ESPECIFICADA, SIN OBSTRUCCIÓN NI GANGRENA;No aplica;SIMPLE
2;2023;7;Web;11;11001;US- 000002368140;A nombre propio;MUJER;35;DE 30 A 37 AÑOS;No Aplica;Contributivo;No Aplica;No Aplica;11;11001;SANITAS;RÉGIMEN CONTRIBUTIVO;EPS005;SANITAS;11;11001;04;INSATISFACCIÓN DEL USUARIO CON EL PROCESO ADMINISTRATIVO;0404;INSATISFACCIÓN RELACIONADA CON TRÁMITES ADMINISTRATIVOS;040402;FALLAS O IRREGULARIDADES EN EL MANEJO TÉCNICO DE LA HISTORIA CLÍNICA Y/O REGISTROS ASISTENCIALES;;;;;ENFERMEDADES HUÉRFANAS;OTROS;ENFERMEDAD DE CROHN, NO ESPECIFICADA;No aplica;PRIORIZADO
3;2023;7;Personalizado;70;70702;US- 000003298634;A nombre propio;MUJER;77;MAYOR DE 63 AÑOS ;Universitario;Régimen Especial;No Aplica;No Aplica;70;70702;MAGISTERIO;REGÍMENES DE EXCEPCIÓN Y ESPECIALES;REMG01;MAGISTERIO;70;70001;01;"BARRERAS EN EL ACCESO A TECNOLOGÍAS Y SERVICIOS DE SALUD; Y OTROS ELEMENTOS COMPLEMENTARIOS PARA LA ATENCIÓN DEL USUARIO";0103;FALTA DE OPORTUNIDAD EN LA AUTORIZACIÓN DE TECNOLOGÍAS EN SALUD Y OTROS ELEMENTOS COMPLEMENTARIOS PARA LA ATENCIÓN DEL USUARIO;010301;FALTA DE OPORTUNIDAD EN LA AUTORIZACIÓN DE TECNOLOGÍAS EN SALUD Y/O DE OTROS SERVICIOS;01030101;MEDICAMENTOS UPC;;;ENFERMEDADES CRÓNICAS NO TRASMISIBLES CARDIOVASCULARES;HTA (HIPERTENSIÓN ARTERIAL);DIABETES MELLITUS INSULINODEPENDIENTE;No aplica;PRIORIZADO
4;2023;7;Escrito;76;76892;US- 000003300829;Otro;HOMBRE;71;MAYOR DE 63 AÑOS ;No Aplica;Subsidiado;No Aplica;No Aplica;76;76892;ASMET SALUD EPS;RÉGIMEN SUBSIDIADO;ESS062;ASMET SALUD;76;76892;01;"BARRERAS EN EL ACCESO A TECNOLOGÍAS Y SERVICIOS DE SALUD; Y OTROS ELEMENTOS COMPLEMENTARIOS PARA LA ATENCIÓN DEL USUARIO";0101;FALTA DE OPORTUNIDAD EN LA PRESTACIÓN DE TECNOLOGÍAS EN SALUD Y OTROS ELEMENTOS COMPLEMENTARIOS PARA LA ATENCIÓN DEL USUARIO;010104;FALTA DE OPORTUNIDAD EN LA ENTREGA O ENTREGA INCOMPLETA DE TECNOLOGÍAS EN SALUD Y/O PRESTACIÓN DE OTROS SERVICIOS;01010401;MEDICAMENTOS UPC;;;PROBLEMAS RELACIONADOS CON FACILIDADES DE ATENCIÓN MÉDICA U OTROS SERVICIOS DE SALUD;PROBLEMAS RELACIONADOS CON FACILIDADES DE ATENCIÓN MÉDICA U OTROS SERVICIOS DE SALUD;PROBLEMAS RELACIONADOS CON FACILIDADES DE ATENCIÓN MEDICA U OTROS SERVICIOS DE SALUD;No aplica;SIMPLE
5;2023;7;Personalizado;08;08001;US- 000003286661;A nombre propio;MUJER;48;DE 38 A 49 AÑOS;Secundaria;Subsidiado;No Aplica;No Aplica;08;08001;CAJACOPI EPS;RÉGIMEN SUBSIDIADO;CCF055;CAJACOPI EPS;08;08001;01;"BARRERAS EN EL ACCESO A TECNOLOGÍAS Y SERVICIOS DE SALUD; Y OTROS ELEMENTOS COMPLEMENTARIOS PARA LA ATENCIÓN DEL USUARIO";0103;FALTA DE OPORTUNIDAD EN LA AUTORIZACIÓN DE TECNOLOGÍAS EN SALUD Y OTROS ELEMENTOS COMPLEMENTARIOS PARA LA ATENCIÓN DEL USUARIO;010304;FALTA DE OPORTUNIDAD EN LA AUTORIZACIÓN DE OTROS SERVICIOS DE SALUD;01030409;PROCEDIMIENTOS QUIRÚRGICOS;01030409003;OTROS PROCEDIMIENTOS QUIRÚRGICOS;PROBLEMAS RELACIONADOS CON FACILIDADES DE ATENCIÓN MÉDICA U OTROS SERVICIOS DE SALUD;PROBLEMAS RELACIONADOS CON FACILIDADES DE ATENCIÓN MÉDICA U OTROS SERVICIOS DE SALUD;HEMORRAGIA VAGINAL Y UTERINA ANORMAL, NO ESPECIFICADA;No aplica;SIMPLE
6;2023;7;Chat;05;05001;US- 000002969844;A nombre propio;HOMBRE;36;DE 30 A 37 AÑOS;Secundaria;Contributivo;No Aplica;No Aplica;05;05001;SANITAS;RÉGIMEN CONTRIBUTIVO;EPS005;SANITAS;05;05001;01;"BARRERAS EN EL ACCESO A TECNOLOGÍAS Y SERVICIOS DE SALUD; Y OTROS ELEMENTOS COMPLEMENTARIOS PARA LA ATENCIÓN DEL USUARIO";0101;FALTA DE OPORTUNIDAD EN LA PRESTACIÓN DE TECNOLOGÍAS EN SALUD Y OTROS ELEMENTOS COMPLEMENTARIOS PARA LA ATENCIÓN DEL USUARIO;010101;FALTA DE OPORTUNIDAD EN LAS CITAS O CONSULTAS;01010103;ESPECIALIDADES MÉDICAS ;01010103078;ORTOPEDIA Y TRAUMATOLOGÍA;ENFERMEDADES OSTEOARTICULARES;OTROS;CONDROMALACIA;No aplica;SIMPLE
7;2023;7;Chat;05;05237;US- 000003285480;Nieto (A);MUJER;70;MAYOR DE 63 AÑOS ;Primaria;Subsidiado;No Aplica;No Aplica;05;05237;SAVIA SALUD;RÉGIMEN SUBSIDIADO;EPSS40;SAVIA SALUD EPS;05;05237;01;"BARRERAS EN EL ACCESO A TECNOLOGÍAS Y SERVICIOS DE SALUD; Y OTROS ELEMENTOS COMPLEMENTARIOS PARA LA ATENCIÓN DEL USUARIO";0101;FALTA DE OPORTUNIDAD EN LA PRESTACIÓN DE TECNOLOGÍAS EN SALUD Y OTROS ELEMENTOS COMPLEMENTARIOS PARA LA ATENCIÓN DEL USUARIO;010101;FALTA DE OPORTUNIDAD EN LAS CITAS O CONSULTAS;01010102;ODONTOLOGÍA GENERAL;;;SALUD ORAL;SALUD ORAL;EXAMEN ODONTOLÓGICO;No aplica;SIMPLE
8;2023;7;Web;05;05045;US- 000002658168;A nombre propio;MUJER;37;DE 30 A 37 AÑOS;No Aplica;Contributivo;Mulato ;Desplazado;05;05045;SURAMERICANA EPS;RÉGIMEN CONTRIBUTIVO;EPS010;EPS SURA;05;05045;01;"BARRERAS EN EL ACCESO A TECNOLOGÍAS Y SERVICIOS DE SALUD; Y OTROS ELEMENTOS COMPLEMENTARIOS PARA LA ATENCIÓN DEL USUARIO";0101;FALTA DE OPORTUNIDAD EN LA PRESTACIÓN DE TECNOLOGÍAS EN SALUD Y OTROS ELEMENTOS COMPLEMENTARIOS PARA LA ATENCIÓN DEL USUARIO;010101;FALTA DE OPORTUNIDAD EN LAS CITAS O CONSULTAS;01010103;ESPECIALIDADES MÉDICAS ;01010103061;MEDICINA FÍSICA Y REHABILITACIÓN - FISIATRÍA;ENFERMEDADES OSTEOARTICULARES;OTROS;MIALGIA;No aplica;SIMPLE
9;2023;7;Personalizado;68;68001;US- 000002941292;Hijo (A);HOMBRE;62;DE 50 A 62 AÑOS;Primaria;Contributivo;No Aplica;No Aplica;68;68001;SALUD TOTAL;RÉGIMEN CONTRIBUTIVO;EPS002;SALUD TOTAL;68;68276;01;"BARRERAS EN EL ACCESO A TECNOLOGÍAS Y SERVICIOS DE SALUD; Y OTROS ELEMENTOS COMPLEMENTARIOS PARA LA ATENCIÓN DEL USUARIO";0101;FALTA DE OPORTUNIDAD EN LA PRESTACIÓN DE TECNOLOGÍAS EN SALUD Y OTROS ELEMENTOS COMPLEMENTARIOS PARA LA ATENCIÓN DEL USUARIO;010101;FALTA DE OPORTUNIDAD EN LAS CITAS O CONSULTAS;01010103;ESPECIALIDADES MÉDICAS ;01010103076;ONCOLOGÍA;CÁNCER ;OTROS;TUMOR MALIGNO DEL FUNDUS GÁSTRICO;Quimioterapia y radioterapia para el cáncer;PRIORIZADO
10;2023;7;Escrito;47;47001;US- 000003303880;Otro;MUJER;39;DE 38 A 49 AÑOS;No Aplica;Contributivo;No Aplica;No Aplica;47;47001;FAMISANAR;RÉGIMEN CONTRIBUTIVO;EPS017;FAMISANAR;47;47001;01;"BARRERAS EN EL ACCESO A TECNOLOGÍAS Y SERVICIOS DE SALUD; Y OTROS ELEMENTOS COMPLEMENTARIOS PARA LA ATENCIÓN DEL USUARIO";0103;FALTA DE OPORTUNIDAD EN LA AUTORIZACIÓN DE TECNOLOGÍAS EN SALUD Y OTROS ELEMENTOS COMPLEMENTARIOS PARA LA ATENCIÓN DEL USUARIO;010302;FALTA DE OPORTUNIDAD EN LA AUTORIZACIÓN DE CITAS DE CONSULTA;01030203;ESPECIALIDADES MÉDICAS ;01030203058;MEDICINA DEL TRABAJO O SEGURIDAD Y SALUD EN EL TRABAJO;ENFERMEDADES OSTEOARTICULARES;OTROS;CERVICALGIA;No aplica;SIMPLE
11;2023;7;Personalizado;11;11001;US- 000001051491;A nombre propio;HOMBRE;61;DE 50 A 62 AÑOS;Universitario Incompleto;Contributivo;No Aplica;Desplazado;11;11001;COMPENSAR;RÉGIMEN CONTRIBUTIVO;EPS008;COMPENSAR;11;11001;01;"BARRERAS EN EL ACCESO A TECNOLOGÍAS Y SERVICIOS DE SALUD; Y OTROS ELEMENTOS COMPLEMENTARIOS PARA LA ATENCIÓN DEL USUARIO";0103;FALTA DE OPORTUNIDAD EN LA AUTORIZACIÓN DE TECNOLOGÍAS EN SALUD Y OTROS ELEMENTOS COMPLEMENTARIOS PARA LA ATENCIÓN DEL USUARIO;010304;FALTA DE OPORTUNIDAD EN LA AUTORIZACIÓN DE OTROS SERVICIOS DE SALUD;01030409;PROCEDIMIENTOS QUIRÚRGICOS;01030409003;OTROS PROCEDIMIENTOS QUIRÚRGICOS;ENFERMEDADES OSTEOARTICULARES;OTROS;OTROS TRASTORNOS DE LOS MENISCOS;No aplica;SIMPLE
12;2023;7;Web;68;68001;US- 000001394472;A nombre propio;HOMBRE;29;DE 25 A 29 AÑOS;No Aplica;Contributivo;No Aplica;Persona con discapacidad;68;68001;SALUD MIA;RÉGIMEN CONTRIBUTIVO;EPS046;FUNDACION SALUD MIA;68;68001;01;"BARRERAS EN EL ACCESO A TECNOLOGÍAS Y SERVICIOS DE SALUD; Y OTROS ELEMENTOS COMPLEMENTARIOS PARA LA ATENCIÓN DEL USUARIO";0101;FALTA DE OPORTUNIDAD EN LA PRESTACIÓN DE TECNOLOGÍAS EN SALUD Y OTROS ELEMENTOS COMPLEMENTARIOS PARA LA ATENCIÓN DEL USUARIO;010104;FALTA DE OPORTUNIDAD EN LA ENTREGA O ENTREGA INCOMPLETA DE TECNOLOGÍAS EN SALUD Y/O PRESTACIÓN DE OTROS SERVICIOS;01010401;MEDICAMENTOS UPC;;;PROBLEMAS RELACIONADOS CON FACILIDADES DE ATENCIÓN MÉDICA U OTROS SERVICIOS DE SALUD;PROBLEMAS RELACIONADOS CON FACILIDADES DE ATENCIÓN MÉDICA U OTROS SERVICIOS DE SALUD;OTROS SÍNTOMAS Y SIGNOS GENERALES;No aplica;SIMPLE
13;2023;7;Web;25;25754;US- 000000158101;Hijo (A);MUJER;76;MAYOR DE 63 AÑOS ;Secundaria;Contributivo;No Aplica;No Aplica;11;11001;FAMISANAR;RÉGIMEN CONTRIBUTIVO;EPS017;FAMISANAR;11;11001;01;"BARRERAS EN EL ACCESO A TECNOLOGÍAS Y SERVICIOS DE SALUD; Y OTROS ELEMENTOS COMPLEMENTARIOS PARA LA ATENCIÓN DEL USUARIO";0102;NEGACIÓN DE TECNOLOGÍAS EN SALUD Y OTROS ELEMENTOS COMPLEMENTARIOS PARA LA ATENCIÓN DEL USUARIO;010202;NEGACIÓN DE SERVICIOS DE COMPLEMENTACIÓN TERAPÉUTICA;01020202;TERAPIA RESPIRATORIA;;;ENFERMEDADES CRÓNICAS NO TRANSMISIBLES –RENALES;IRC-ENFERMEDAD RENAL;DERRAME PLEURAL NO CLASIFICADO EN OTRA PARTE;Hemodiálisis;RIESGO VITAL
14;2023;7;Telefónico;76;76122;US- 000001049350;Hijo (A);MUJER;76;MAYOR DE 63 AÑOS ;Primaria Incompleta;Subsidiado;No Aplica;Persona con discapacidad;76;76122;EMSSANAR EPS;RÉGIMEN SUBSIDIADO;ESS118;EMSSANAR;76;76122;01;"BARRERAS EN EL ACCESO A TECNOLOGÍAS Y SERVICIOS DE SALUD; Y OTROS ELEMENTOS COMPLEMENTARIOS PARA LA ATENCIÓN DEL USUARIO";0103;FALTA DE OPORTUNIDAD EN LA AUTORIZACIÓN DE TECNOLOGÍAS EN SALUD Y OTROS ELEMENTOS COMPLEMENTARIOS PARA LA ATENCIÓN DEL USUARIO;010301;FALTA DE OPORTUNIDAD EN LA AUTORIZACIÓN DE TECNOLOGÍAS EN SALUD Y/O DE OTROS SERVICIOS;01030107;ELEMENTOS COMPLEMENTARIOS PARA LA ATENCIÓN DEL USUARIO (PAÑALES, PAÑITOS, ETC.);;;ENFERMEDADES CRÓNICAS NO TRASMISIBLES CARDIOVASCULARES;ACV (ACCIDENTE CEREBRO VASCULAR);ENFERMEDAD CEREBROVASCULAR, NO ESPECIFICADA;No aplica;PRIORIZADO
15;2023;7;Telefónico;05;05045;US- 000003296267;Otro;MUJER;44;DE 38 A 49 AÑOS;Secundaria Incompleta;Subsidiado;No Aplica;No Aplica;05;05045;SAVIA SALUD;RÉGIMEN SUBSIDIADO;EPSS40;SAVIA SALUD EPS;05;05045;02;INSATISFACCIÓN RELACIONADA CON LA ATENCIÓN EN SALUD;0201;INSATISFACCIÓN RELACIONADA CON LA ATENCIÓN EN SALUD POR FALTA DE OPORTUNIDAD;020101;INSATISFACCIÓN POR FALTA DE OPORTUNIDAD EN LA ATENCIÓN POR PARTE DEL PERSONAL DE SALUD;02010108;ATENCIÓN DOMICILIARIA;;;CÁNCER ;OTROS;OTRAS LEUCEMIAS ESPECIFICADAS;No aplica;RIESGO VITAL
16;2023;7;Web;05;05360;US- 000002991759;Madre;MUJER;1;DE 0 A 5 AÑOS;No Aplica;Contributivo;No Aplica;No Aplica;05;05360;SANITAS;RÉGIMEN CONTRIBUTIVO;EPS005;SANITAS;05;05360;01;"BARRERAS EN EL ACCESO A TECNOLOGÍAS Y SERVICIOS DE SALUD; Y OTROS ELEMENTOS COMPLEMENTARIOS PARA LA ATENCIÓN DEL USUARIO";0101;FALTA DE OPORTUNIDAD EN LA PRESTACIÓN DE TECNOLOGÍAS EN SALUD Y OTROS ELEMENTOS COMPLEMENTARIOS PARA LA ATENCIÓN DEL USUARIO;010101;FALTA DE OPORTUNIDAD EN LAS CITAS O CONSULTAS;01010101;MEDICINA GENERAL;;;MATERNO INFANTIL;ATENCIÓN NIÑOS MENORES DE 5 AÑOS;CONTROL DE SALUD DE RUTINA DEL NIÑO;No aplica;SIMPLE
17;2023;7;Web;05;05001;US- 000003264154;A nombre propio;MUJER;33;DE 30 A 37 AÑOS;No Aplica;Subsidiado;No Aplica;No Aplica;05;05001;SAVIA SALUD;RÉGIMEN SUBSIDIADO;EPSS40;SAVIA SALUD EPS;05;05001;01;"BARRERAS EN EL ACCESO A TECNOLOGÍAS Y SERVICIOS DE SALUD; Y OTROS ELEMENTOS COMPLEMENTARIOS PARA LA ATENCIÓN DEL USUARIO";0103;FALTA DE OPORTUNIDAD EN LA AUTORIZACIÓN DE TECNOLOGÍAS EN SALUD Y OTROS ELEMENTOS COMPLEMENTARIOS PARA LA ATENCIÓN DEL USUARIO;010304;FALTA DE OPORTUNIDAD EN LA AUTORIZACIÓN DE OTROS SERVICIOS DE SALUD;01030409;PROCEDIMIENTOS QUIRÚRGICOS;01030409003;OTROS PROCEDIMIENTOS QUIRÚRGICOS;PROBLEMAS RELACIONADOS CON FACILIDADES DE ATENCIÓN MÉDICA U OTROS SERVICIOS DE SALUD;PROBLEMAS RELACIONADOS CON FACILIDADES DE ATENCIÓN MÉDICA U OTROS SERVICIOS DE SALUD;OTROS PROBLEMAS RELACIONADOS CON SERVICIOS MÉDICOS Y DE SALUD;No aplica;SIMPLE
18;2023;7;Web;47;47555;US- 000002525744;A nombre propio;MUJER;73;MAYOR DE 63 AÑOS ;No Aplica;Régimen Especial;No Aplica;Persona con discapacidad;47;47555;MAGISTERIO;REGÍMENES DE EXCEPCIÓN Y ESPECIALES;REMG01;MAGISTERIO;47;47555;01;"BARRERAS EN EL ACCESO A TECNOLOGÍAS Y SERVICIOS DE SALUD; Y OTROS ELEMENTOS COMPLEMENTARIOS PARA LA ATENCIÓN DEL USUARIO";0101;FALTA DE OPORTUNIDAD EN LA PRESTACIÓN DE TECNOLOGÍAS EN SALUD Y OTROS ELEMENTOS COMPLEMENTARIOS PARA LA ATENCIÓN DEL USUARIO;010103;FALTA DE OPORTUNIDAD EN LA ATENCIÓN EN OTROS SERVICIOS DE SALUD;01010308;PROCEDIMIENTOS NO QUIRÚRGICOS;01010308001;IMAGENOLOGÍA;PROBLEMAS RELACIONADOS CON FACILIDADES DE ATENCIÓN MÉDICA U OTROS SERVICIOS DE SALUD;PROBLEMAS RELACIONADOS CON FACILIDADES DE ATENCIÓN MÉDICA U OTROS SERVICIOS DE SALUD;PROBLEMAS RELACIONADOS CON FACILIDADES DE ATENCIÓN MEDICA U OTROS SERVICIOS DE SALUD;No aplica;PRIORIZADO
19;2023;7;Web;11;11001;US- 000000040032;A nombre propio;MUJER;27;DE 25 A 29 AÑOS;No Aplica;Contributivo;No Aplica;No Aplica;11;11001;COMPENSAR;RÉGIMEN CONTRIBUTIVO;EPS008;COMPENSAR;11;11001;01;"BARRERAS EN EL ACCESO A TECNOLOGÍAS Y SERVICIOS DE SALUD; Y OTROS ELEMENTOS COMPLEMENTARIOS PARA LA ATENCIÓN DEL USUARIO";0101;FALTA DE OPORTUNIDAD EN LA PRESTACIÓN DE TECNOLOGÍAS EN SALUD Y OTROS ELEMENTOS COMPLEMENTARIOS PARA LA ATENCIÓN DEL USUARIO;010103;FALTA DE OPORTUNIDAD EN LA ATENCIÓN EN OTROS SERVICIOS DE SALUD;01010309;PROCEDIMIENTOS QUIRÚRGICOS;01010309003;OTROS PROCEDIMIENTOS QUIRÚRGICOS;ENFERMEDADES OSTEOARTICULARES;OTROS;HALLUX VALGUS (ADQUIRIDO);No aplica;SIMPLE
20;2023;7;Telefónico;11;11001;US- 000002894454;A nombre propio;MUJER;37;DE 30 A 37 AÑOS;Primaria Incompleta;Subsidiado;No Aplica;No Aplica;11;11001;CAPITAL SALUD;RÉGIMEN SUBSIDIADO;EPSS34;CAPITAL SALUD;11;11001;01;"BARRERAS EN EL ACCESO A TECNOLOGÍAS Y SERVICIOS DE SALUD; Y OTROS ELEMENTOS COMPLEMENTARIOS PARA LA ATENCIÓN DEL USUARIO";0101;FALTA DE OPORTUNIDAD EN LA PRESTACIÓN DE TECNOLOGÍAS EN SALUD Y OTROS ELEMENTOS COMPLEMENTARIOS PARA LA ATENCIÓN DEL USUARIO;010104;FALTA DE OPORTUNIDAD EN LA ENTREGA O ENTREGA INCOMPLETA DE TECNOLOGÍAS EN SALUD Y/O PRESTACIÓN DE OTROS SERVICIOS;01010401;MEDICAMENTOS UPC;;;ENFERMEDADES CRÓNICAS NO TRANSMISIBLES- FACTORES DE RIESGO;MEDICIÓN DE FACTORES DE RIESGO;MIGRAÑA, NO ESPECIFICADA;No aplica;SIMPLE
21;2023;7;Web;41;41132;US- 000003080881;A nombre propio;HOMBRE;43;DE 38 A 49 AÑOS;No Aplica;Contributivo;No Aplica;No Aplica;41;41132;SANITAS;RÉGIMEN CONTRIBUTIVO;EPS005;SANITAS;41;41132;01;"BARRERAS EN EL ACCESO A TECNOLOGÍAS Y SERVICIOS DE SALUD; Y OTROS ELEMENTOS COMPLEMENTARIOS PARA LA ATENCIÓN DEL USUARIO";0101;FALTA DE OPORTUNIDAD EN LA PRESTACIÓN DE TECNOLOGÍAS EN SALUD Y OTROS ELEMENTOS COMPLEMENTARIOS PARA LA ATENCIÓN DEL USUARIO;010104;FALTA DE OPORTUNIDAD EN LA ENTREGA O ENTREGA INCOMPLETA DE TECNOLOGÍAS EN SALUD Y/O PRESTACIÓN DE OTROS SERVICIOS;01010407;ELEMENTOS COMPLEMENTARIOS PARA LA ATENCIÓN DEL USUARIO (PAÑALES, PAÑITOS, ETC.);;;PROBLEMAS RELACIONADOS CON FACILIDADES DE ATENCIÓN MÉDICA U OTROS SERVICIOS DE SALUD;PROBLEMAS RELACIONADOS CON FACILIDADES DE ATENCIÓN MÉDICA U OTROS SERVICIOS DE SALUD;PROBLEMAS RELACIONADOS CON FACILIDADES DE ATENCIÓN MEDICA U OTROS SERVICIOS DE SALUD;No aplica;SIMPLE
22;2023;7;Telefónico;13;13001;US- 000002586695;A nombre propio;HOMBRE;53;DE 50 A 62 AÑOS;Secundaria;Subsidiado;No Aplica;No Aplica;13;13001;NUEVA EPS;RÉGIMEN SUBSIDIADO;EPSS41;NUEVA EPS;13;13001;01;"BARRERAS EN EL ACCESO A TECNOLOGÍAS Y SERVICIOS DE SALUD; Y OTROS ELEMENTOS COMPLEMENTARIOS PARA LA ATENCIÓN DEL USUARIO";0101;FALTA DE OPORTUNIDAD EN LA PRESTACIÓN DE TECNOLOGÍAS EN SALUD Y OTROS ELEMENTOS COMPLEMENTARIOS PARA LA ATENCIÓN DEL USUARIO;010103;FALTA DE OPORTUNIDAD EN LA ATENCIÓN EN OTROS SERVICIOS DE SALUD;01010309;PROCEDIMIENTOS QUIRÚRGICOS;01010309003;OTROS PROCEDIMIENTOS QUIRÚRGICOS;ENFERMEDADES CRÓNICAS NO TRANSMISIBLES- FACTORES DE RIESGO;MEDICIÓN DE FACTORES DE RIESGO;CATARATA SENIL;No aplica;SIMPLE
23;2023;7;Redes Sociales;08;08433;US- 000003309139;A nombre propio;HOMBRE;23;DE 18 A 24 AÑOS;No Aplica;Régimen Especial;No Aplica;No Aplica;08;08433;FUERZAS MILITARES;REGÍMENES DE EXCEPCIÓN Y ESPECIALES;REFM01;FUERZAS MILITARES;08;08433;01;"BARRERAS EN EL ACCESO A TECNOLOGÍAS Y SERVICIOS DE SALUD; Y OTROS ELEMENTOS COMPLEMENTARIOS PARA LA ATENCIÓN DEL USUARIO";0101;FALTA DE OPORTUNIDAD EN LA PRESTACIÓN DE TECNOLOGÍAS EN SALUD Y OTROS ELEMENTOS COMPLEMENTARIOS PARA LA ATENCIÓN DEL USUARIO;010103;FALTA DE OPORTUNIDAD EN LA ATENCIÓN EN OTROS SERVICIOS DE SALUD;01010308;PROCEDIMIENTOS NO QUIRÚRGICOS;01010308006;OTROS PROCEDIMIENTOS NO QUIRÚRGICOS;PROBLEMAS RELACIONADOS CON FACILIDADES DE ATENCIÓN MÉDICA U OTROS SERVICIOS DE SALUD;PROBLEMAS RELACIONADOS CON FACILIDADES DE ATENCIÓN MÉDICA U OTROS SERVICIOS DE SALUD;OTROS PROBLEMAS RELACIONADOS CON SERVICIOS MÉDICOS Y DE SALUD;No aplica;PRIORIZADO
24;2023;7;Telefónico;05;05615;US- 000000646412;A nombre propio;MUJER;68;MAYOR DE 63 AÑOS ;Secundaria;Subsidiado;No Aplica;No Aplica;05;05615;SAVIA SALUD;RÉGIMEN SUBSIDIADO;EPSS40;SAVIA SALUD EPS;05;05615;01;"BARRERAS EN EL ACCESO A TECNOLOGÍAS Y SERVICIOS DE SALUD; Y OTROS ELEMENTOS COMPLEMENTARIOS PARA LA ATENCIÓN DEL USUARIO";0101;FALTA DE OPORTUNIDAD EN LA PRESTACIÓN DE TECNOLOGÍAS EN SALUD Y OTROS ELEMENTOS COMPLEMENTARIOS PARA LA ATENCIÓN DEL USUARIO;010101;FALTA DE OPORTUNIDAD EN LAS CITAS O CONSULTAS;01010103;ESPECIALIDADES MÉDICAS ;01010103078;ORTOPEDIA Y TRAUMATOLOGÍA;ENFERMEDADES OSTEOARTICULARES;OTROS;ARTRITIS, NO ESPECIFICADA;No aplica;SIMPLE
25;2023;7;Web;76;76001;US- 000003303544;A nombre propio;MUJER;45;DE 38 A 49 AÑOS;No Aplica;Subsidiado;Afrocolombiano o Afrodescendiente;No Aplica;76;76001;NUEVA EPS;RÉGIMEN CONTRIBUTIVO;EPS037;NUEVA EPS;76;76001;01;"BARRERAS EN EL ACCESO A TECNOLOGÍAS Y SERVICIOS DE SALUD; Y OTROS ELEMENTOS COMPLEMENTARIOS PARA LA ATENCIÓN DEL USUARIO";0101;FALTA DE OPORTUNIDAD EN LA PRESTACIÓN DE TECNOLOGÍAS EN SALUD Y OTROS ELEMENTOS COMPLEMENTARIOS PARA LA ATENCIÓN DEL USUARIO;010101;FALTA DE OPORTUNIDAD EN LAS CITAS O CONSULTAS;01010103;ESPECIALIDADES MÉDICAS ;01010103094;UROLOGÍA;PROBLEMAS RELACIONADOS CON FACILIDADES DE ATENCIÓN MÉDICA U OTROS SERVICIOS DE SALUD;PROBLEMAS RELACIONADOS CON FACILIDADES DE ATENCIÓN MÉDICA U OTROS SERVICIOS DE SALUD;OTROS PROBLEMAS RELACIONADOS CON SERVICIOS MÉDICOS Y DE SALUD;No aplica;SIMPLE
26;2023;7;Personalizado;76;76001;US- 000003165019;A nombre propio;MUJER;75;MAYOR DE 63 AÑOS ;No Aplica;Contributivo;No Aplica;No Aplica;76;76001;SURAMERICANA EPS;RÉGIMEN CONTRIBUTIVO;EPS010;EPS SURA;76;76001;01;"BARRERAS EN EL ACCESO A TECNOLOGÍAS Y SERVICIOS DE SALUD; Y OTROS ELEMENTOS COMPLEMENTARIOS PARA LA ATENCIÓN DEL USUARIO";0102;NEGACIÓN DE TECNOLOGÍAS EN SALUD Y OTROS ELEMENTOS COMPLEMENTARIOS PARA LA ATENCIÓN DEL USUARIO;010203;NEGACIÓN EN LA ATENCIÓN EN OTROS SERVICIOS DE SALUD;01020309;PROCEDIMIENTOS QUIRÚRGICOS;01020309003;OTROS PROCEDIMIENTOS QUIRÚRGICOS;PROBLEMAS RELACIONADOS CON FACILIDADES DE ATENCIÓN MÉDICA U OTROS SERVICIOS DE SALUD;PROBLEMAS RELACIONADOS CON FACILIDADES DE ATENCIÓN MÉDICA U OTROS SERVICIOS DE SALUD;OTRAS CATARATAS;No aplica;SIMPLE
27;2023;7;Telefónico;70;70001;US- 000003275162;Otro;HOMBRE;0;DE 0 A 5 AÑOS;No Aplica;Subsidiado;No Aplica;Desplazado;70;70001;COOSALUD;RÉGIMEN SUBSIDIADO;ESS024;COOSALUD;70;70713;01;"BARRERAS EN EL ACCESO A TECNOLOGÍAS Y SERVICIOS DE SALUD; Y OTROS ELEMENTOS COMPLEMENTARIOS PARA LA ATENCIÓN DEL USUARIO";0101;FALTA DE OPORTUNIDAD EN LA PRESTACIÓN DE TECNOLOGÍAS EN SALUD Y OTROS ELEMENTOS COMPLEMENTARIOS PARA LA ATENCIÓN DEL USUARIO;010105;FALTA DE OPORTUNIDAD EN EL PROCESO DE REFERENCIA Y CONTRARREFERENCIA;;;;;MATERNO INFANTIL;ATENCIÓN NIÑOS MENORES DE 5 AÑOS;OTRAS CONVULSIONES Y LAS NO ESPECIFICADAS;No aplica;RIESGO VITAL
28;2023;7;Web;05;05088;US- 000003279748;A nombre propio;MUJER;30;DE 30 A 37 AÑOS;No Aplica;Contributivo;No Aplica;No Aplica;05;05088;SURAMERICANA EPS;RÉGIMEN CONTRIBUTIVO;EPS010;EPS SURA;05;05088;01;"BARRERAS EN EL ACCESO A TECNOLOGÍAS Y SERVICIOS DE SALUD; Y OTROS ELEMENTOS COMPLEMENTARIOS PARA LA ATENCIÓN DEL USUARIO";0101;FALTA DE OPORTUNIDAD EN LA PRESTACIÓN DE TECNOLOGÍAS EN SALUD Y OTROS ELEMENTOS COMPLEMENTARIOS PARA LA ATENCIÓN DEL USUARIO;010102;FALTA DE OPORTUNIDAD PARA SERVICIOS DE COMPLEMENTACIÓN TERAPÉUTICA;01010201;TERAPIA FÍSICA;;;PROBLEMAS RELACIONADOS CON FACILIDADES DE ATENCIÓN MÉDICA U OTROS SERVICIOS DE SALUD;PROBLEMAS RELACIONADOS CON FACILIDADES DE ATENCIÓN MÉDICA U OTROS SERVICIOS DE SALUD;TRASTORNO INTERNO DE LA RODILLA;No aplica;SIMPLE
29;2023;7;Web;11;11001;US- 000003168429;A nombre propio;MUJER;58;DE 50 A 62 AÑOS;No Aplica;Subsidiado;No Aplica;No Aplica;11;11001;NUEVA EPS;RÉGIMEN CONTRIBUTIVO;EPS037;NUEVA EPS;11;11001;01;"BARRERAS EN EL ACCESO A TECNOLOGÍAS Y SERVICIOS DE SALUD; Y OTROS ELEMENTOS COMPLEMENTARIOS PARA LA ATENCIÓN DEL USUARIO";0102;NEGACIÓN DE TECNOLOGÍAS EN SALUD Y OTROS ELEMENTOS COMPLEMENTARIOS PARA LA ATENCIÓN DEL USUARIO;010201;NEGACIÓN EN LA ASIGNACIÓN DE CITAS O CONSULTAS;01020101;MEDICINA GENERAL;;;ENFERMEDADES OSTEOARTICULARES;OTROS;(OSTEO)ARTROSIS PRIMARIA GENERALIZADA;No aplica;SIMPLE
30;2023;7;Web;73;73001;US- 000003195576;A nombre propio;HOMBRE;86;MAYOR DE 63 AÑOS ;No Aplica;Contributivo;No Aplica;No Aplica;73;73001;SANITAS;RÉGIMEN CONTRIBUTIVO;EPS005;SANITAS;73;73001;01;"BARRERAS EN EL ACCESO A TECNOLOGÍAS Y SERVICIOS DE SALUD; Y OTROS ELEMENTOS COMPLEMENTARIOS PARA LA ATENCIÓN DEL USUARIO";0101;FALTA DE OPORTUNIDAD EN LA PRESTACIÓN DE TECNOLOGÍAS EN SALUD Y OTROS ELEMENTOS COMPLEMENTARIOS PARA LA ATENCIÓN DEL USUARIO;010103;FALTA DE OPORTUNIDAD EN LA ATENCIÓN EN OTROS SERVICIOS DE SALUD;01010308;PROCEDIMIENTOS NO QUIRÚRGICOS;01010308006;OTROS PROCEDIMIENTOS NO QUIRÚRGICOS;PROBLEMAS RELACIONADOS CON FACILIDADES DE ATENCIÓN MÉDICA U OTROS SERVICIOS DE SALUD;PROBLEMAS RELACIONADOS CON FACILIDADES DE ATENCIÓN MÉDICA U OTROS SERVICIOS DE SALUD;OTRA ATENCIÓN MEDICA;No aplica;SIMPLE
31;2023;7;Web;63;63594;US- 000001514051;A nombre propio;MUJER;52;DE 50 A 62 AÑOS;No Aplica;Subsidiado;No Aplica;No Aplica;63;63594;ASMET SALUD EPS;RÉGIMEN SUBSIDIADO;ESS062;ASMET SALUD;63;63594;01;"BARRERAS EN EL ACCESO A TECNOLOGÍAS Y SERVICIOS DE SALUD; Y OTROS ELEMENTOS COMPLEMENTARIOS PARA LA ATENCIÓN DEL USUARIO";0101;FALTA DE OPORTUNIDAD EN LA PRESTACIÓN DE TECNOLOGÍAS EN SALUD Y OTROS ELEMENTOS COMPLEMENTARIOS PARA LA ATENCIÓN DEL USUARIO;010104;FALTA DE OPORTUNIDAD EN LA ENTREGA O ENTREGA INCOMPLETA DE TECNOLOGÍAS EN SALUD Y/O PRESTACIÓN DE OTROS SERVICIOS;01010401;MEDICAMENTOS UPC;;;PROBLEMAS RELACIONADOS CON FACILIDADES DE ATENCIÓN MÉDICA U OTROS SERVICIOS DE SALUD;PROBLEMAS RELACIONADOS CON FACILIDADES DE ATENCIÓN MÉDICA U OTROS SERVICIOS DE SALUD;OTROS PROBLEMAS RELACIONADOS CON SERVICIOS MÉDICOS Y DE SALUD;No aplica;SIMPLE
32;2023;7;Web;11;11001;US- 000001251394;A nombre propio;HOMBRE;49;DE 38 A 49 AÑOS;No Aplica;Contributivo;No Aplica;No Aplica;11;11001;ALIANSALUD;RÉGIMEN CONTRIBUTIVO;EPS001;ALIANSALUD;11;11001;01;"BARRERAS EN EL ACCESO A TECNOLOGÍAS Y SERVICIOS DE SALUD; Y OTROS ELEMENTOS COMPLEMENTARIOS PARA LA ATENCIÓN DEL USUARIO";0103;FALTA DE OPORTUNIDAD EN LA AUTORIZACIÓN DE TECNOLOGÍAS EN SALUD Y OTROS ELEMENTOS COMPLEMENTARIOS PARA LA ATENCIÓN DEL USUARIO;010304;FALTA DE OPORTUNIDAD EN LA AUTORIZACIÓN DE OTROS SERVICIOS DE SALUD;01030408;PROCEDIMIENTOS NO QUIRÚRGICOS;01030408002;LABORATORIO CLÍNICO Y ANATOMOPATOLÓGICO;ENFERMEDADES CRÓNICAS NO TRANSMISIBLES –DIABETES;DIABETES;ENFERMEDAD POR VIRUS DE LA INMUNODEFICIENCIA HUMANA (VIH), SIN OTRA ESPECIFICACIÓN;No aplica;PRIORIZADO
33;2023;7;Web;11;11001;US- 000002362199;Madre;MUJER;5;DE 0 A 5 AÑOS;Ninguno;Contributivo;No Aplica;No Aplica;11;11001;COMPENSAR;RÉGIMEN CONTRIBUTIVO;EPS008;COMPENSAR;11;11001;01;"BARRERAS EN EL ACCESO A TECNOLOGÍAS Y SERVICIOS DE SALUD; Y OTROS ELEMENTOS COMPLEMENTARIOS PARA LA ATENCIÓN DEL USUARIO";0103;FALTA DE OPORTUNIDAD EN LA AUTORIZACIÓN DE TECNOLOGÍAS EN SALUD Y OTROS ELEMENTOS COMPLEMENTARIOS PARA LA ATENCIÓN DEL USUARIO;010301;FALTA DE OPORTUNIDAD EN LA AUTORIZACIÓN DE TECNOLOGÍAS EN SALUD Y/O DE OTROS SERVICIOS;01030108;TRANSPORTE, ALOJAMIENTO O ALIMENTACIÓN;;;SALUD MENTAL;OTROS TRASTORNOS MENTALES;PERTURBACIÓN DE LA ACTIVIDAD Y DE LA ATENCIÓN;No aplica;SIMPLE
34;2023;7;Web;76;76001;US- 000003279989;Otro;MUJER;0;DE 0 A 5 AÑOS;No Aplica;Subsidiado;No Aplica;No Aplica;76;76001;EMSSANAR EPS;RÉGIMEN SUBSIDIADO;ESS118;EMSSANAR;76;76001;01;"BARRERAS EN EL ACCESO A TECNOLOGÍAS Y SERVICIOS DE SALUD; Y OTROS ELEMENTOS COMPLEMENTARIOS PARA LA ATENCIÓN DEL USUARIO";0101;FALTA DE OPORTUNIDAD EN LA PRESTACIÓN DE TECNOLOGÍAS EN SALUD Y OTROS ELEMENTOS COMPLEMENTARIOS PARA LA ATENCIÓN DEL USUARIO;010104;FALTA DE OPORTUNIDAD EN LA ENTREGA O ENTREGA INCOMPLETA DE TECNOLOGÍAS EN SALUD Y/O PRESTACIÓN DE OTROS SERVICIOS;01010401;MEDICAMENTOS UPC;;;PROBLEMAS RELACIONADOS CON FACILIDADES DE ATENCIÓN MÉDICA U OTROS SERVICIOS DE SALUD;PROBLEMAS RELACIONADOS CON FACILIDADES DE ATENCIÓN MÉDICA U OTROS SERVICIOS DE SALUD;OTROS RECIÉN NACIDOS PRETÉRMINO;No aplica;PRIORIZADO
35;2023;7;Web;17;17001;US- 000003269985;A nombre propio;MUJER;27;DE 25 A 29 AÑOS;No Aplica;Subsidiado;Afrocolombiano o Afrodescendiente;No Aplica;17;17001;SALUD TOTAL;RÉGIMEN CONTRIBUTIVO;EPS002;SALUD TOTAL;17;17001;01;"BARRERAS EN EL ACCESO A TECNOLOGÍAS Y SERVICIOS DE SALUD; Y OTROS ELEMENTOS COMPLEMENTARIOS PARA LA ATENCIÓN DEL USUARIO";0101;FALTA DE OPORTUNIDAD EN LA PRESTACIÓN DE TECNOLOGÍAS EN SALUD Y OTROS ELEMENTOS COMPLEMENTARIOS PARA LA ATENCIÓN DEL USUARIO;010103;FALTA DE OPORTUNIDAD EN LA ATENCIÓN EN OTROS SERVICIOS DE SALUD;01010309;PROCEDIMIENTOS QUIRÚRGICOS;01010309003;OTROS PROCEDIMIENTOS QUIRÚRGICOS;PROBLEMAS RELACIONADOS CON FACILIDADES DE ATENCIÓN MÉDICA U OTROS SERVICIOS DE SALUD;PROBLEMAS RELACIONADOS CON FACILIDADES DE ATENCIÓN MÉDICA U OTROS SERVICIOS DE SALUD;CALCULO DE LA VESÍCULA BILIAR SIN COLECISTITIS;No aplica;SIMPLE
36;2023;7;Web;05;05001;US- 000000271077;A nombre propio;MUJER;62;DE 50 A 62 AÑOS;No Aplica;Subsidiado;No Aplica;No Aplica;05;05001;SAVIA SALUD;RÉGIMEN SUBSIDIADO;EPSS40;SAVIA SALUD EPS;05;05001;01;"BARRERAS EN EL ACCESO A TECNOLOGÍAS Y SERVICIOS DE SALUD; Y OTROS ELEMENTOS COMPLEMENTARIOS PARA LA ATENCIÓN DEL USUARIO";0101;FALTA DE OPORTUNIDAD EN LA PRESTACIÓN DE TECNOLOGÍAS EN SALUD Y OTROS ELEMENTOS COMPLEMENTARIOS PARA LA ATENCIÓN DEL USUARIO;010104;FALTA DE OPORTUNIDAD EN LA ENTREGA O ENTREGA INCOMPLETA DE TECNOLOGÍAS EN SALUD Y/O PRESTACIÓN DE OTROS SERVICIOS;01010401;MEDICAMENTOS UPC;;;PROBLEMAS RELACIONADOS CON FACILIDADES DE ATENCIÓN MÉDICA U OTROS SERVICIOS DE SALUD;PROBLEMAS RELACIONADOS CON FACILIDADES DE ATENCIÓN MÉDICA U OTROS SERVICIOS DE SALUD;OTROS TRASTORNOS ESPECIFICADOS DEL APARATO LAGRIMAL;No aplica;SIMPLE
37;2023;7;Web;25;25899;US- 000003298040;A nombre propio;MUJER;67;MAYOR DE 63 AÑOS ;No Aplica;Subsidiado;No Aplica;No Aplica;25;25899;FAMISANAR;RÉGIMEN CONTRIBUTIVO;EPS017;FAMISANAR;25;25899;01;"BARRERAS EN EL ACCESO A TECNOLOGÍAS Y SERVICIOS DE SALUD; Y OTROS ELEMENTOS COMPLEMENTARIOS PARA LA ATENCIÓN DEL USUARIO";0102;NEGACIÓN DE TECNOLOGÍAS EN SALUD Y OTROS ELEMENTOS COMPLEMENTARIOS PARA LA ATENCIÓN DEL USUARIO;010204;NEGACIÓN PARA LA ENTREGA DE TECNOLOGÍAS EN SALUD Y/O DE OTROS SERVICIOS AUTORIZADOS;01020401;MEDICAMENTOS UPC;;;ENFERMEDADES OSTEOARTICULARES;NEUROLÓGICAS;ENFERMEDAD DE PARKINSON;No aplica;SIMPLE
38;2023;7;Web;41;41001;US- 000003021872;A nombre propio;HOMBRE;37;DE 30 A 37 AÑOS;Ninguno;Contributivo;No Aplica;No Aplica;41;41001;NUEVA EPS;RÉGIMEN CONTRIBUTIVO;EPS037;NUEVA EPS;41;41503;04;INSATISFACCIÓN DEL USUARIO CON EL PROCESO ADMINISTRATIVO;0404;INSATISFACCIÓN RELACIONADA CON TRÁMITES ADMINISTRATIVOS;040403;INCONSISTENCIAS EN LA AFILIACIÓN;04040309;OTRAS INCONSISTENCIAS;;;PROBLEMAS RELACIONADOS CON FACILIDADES DE ATENCIÓN MÉDICA U OTROS SERVICIOS DE SALUD;PROBLEMAS RELACIONADOS CON FACILIDADES DE ATENCIÓN MÉDICA U OTROS SERVICIOS DE SALUD;OTRAS CONSULTAS ESPECIFICADAS;No aplica;SIMPLE
39;2023;7;Web;25;25754;US- 000001415480;A nombre propio;MUJER;32;DE 30 A 37 AÑOS;No Aplica;Contributivo;Afrocolombiano o Afrodescendiente;Desplazado;25;25754;COMPENSAR;RÉGIMEN CONTRIBUTIVO;EPS008;COMPENSAR;25;25754;01;"BARRERAS EN EL ACCESO A TECNOLOGÍAS Y SERVICIOS DE SALUD; Y OTROS ELEMENTOS COMPLEMENTARIOS PARA LA ATENCIÓN DEL USUARIO";0101;FALTA DE OPORTUNIDAD EN LA PRESTACIÓN DE TECNOLOGÍAS EN SALUD Y OTROS ELEMENTOS COMPLEMENTARIOS PARA LA ATENCIÓN DEL USUARIO;010101;FALTA DE OPORTUNIDAD EN LAS CITAS O CONSULTAS;01010101;MEDICINA GENERAL;;;PROBLEMAS RELACIONADOS CON FACILIDADES DE ATENCIÓN MÉDICA U OTROS SERVICIOS DE SALUD;PROBLEMAS RELACIONADOS CON FACILIDADES DE ATENCIÓN MÉDICA U OTROS SERVICIOS DE SALUD;OTROS PROBLEMAS RELACIONADOS CON SERVICIOS MÉDICOS Y DE SALUD;No aplica;SIMPLE
40;2023;7;Web;25;25754;US- 000000240549;A nombre propio;MUJER;61;DE 50 A 62 AÑOS;No Aplica;Contributivo;No Aplica;No Aplica;25;25754;SALUD TOTAL;RÉGIMEN CONTRIBUTIVO;EPS002;SALUD TOTAL;25;25754;01;"BARRERAS EN EL ACCESO A TECNOLOGÍAS Y SERVICIOS DE SALUD; Y OTROS ELEMENTOS COMPLEMENTARIOS PARA LA ATENCIÓN DEL USUARIO";0101;FALTA DE OPORTUNIDAD EN LA PRESTACIÓN DE TECNOLOGÍAS EN SALUD Y OTROS ELEMENTOS COMPLEMENTARIOS PARA LA ATENCIÓN DEL USUARIO;010101;FALTA DE OPORTUNIDAD EN LAS CITAS O CONSULTAS;01010103;ESPECIALIDADES MÉDICAS ;01010103042;GASTROENTEROLOGÍA;PROBLEMAS RELACIONADOS CON FACILIDADES DE ATENCIÓN MÉDICA U OTROS SERVICIOS DE SALUD;PROBLEMAS RELACIONADOS CON FACILIDADES DE ATENCIÓN MÉDICA U OTROS SERVICIOS DE SALUD;GASTRITIS CRÓNICA, NO ESPECIFICADA;No aplica;SIMPLE
41;2023;7;Web;11;11001;US- 000003281307;A nombre propio;HOMBRE;3;DE 0 A 5 AÑOS;No Aplica;Subsidiado;No Aplica;Persona con discapacidad;11;11001;CAPITAL SALUD;RÉGIMEN SUBSIDIADO;EPSS34;CAPITAL SALUD;11;11001;01;"BARRERAS EN EL ACCESO A TECNOLOGÍAS Y SERVICIOS DE SALUD; Y OTROS ELEMENTOS COMPLEMENTARIOS PARA LA ATENCIÓN DEL USUARIO";0101;FALTA DE OPORTUNIDAD EN LA PRESTACIÓN DE TECNOLOGÍAS EN SALUD Y OTROS ELEMENTOS COMPLEMENTARIOS PARA LA ATENCIÓN DEL USUARIO;010102;FALTA DE OPORTUNIDAD PARA SERVICIOS DE COMPLEMENTACIÓN TERAPÉUTICA;01010203;TERAPIA OCUPACIONAL;;;PROBLEMAS RELACIONADOS CON FACILIDADES DE ATENCIÓN MÉDICA U OTROS SERVICIOS DE SALUD;PROBLEMAS RELACIONADOS CON FACILIDADES DE ATENCIÓN MÉDICA U OTROS SERVICIOS DE SALUD;PERTURBACIÓN DE LA ACTIVIDAD Y DE LA ATENCIÓN;No aplica;SIMPLE
42;2023;7;Web;05;05887;US- 000003282195;A nombre propio;HOMBRE;51;DE 50 A 62 AÑOS;No Aplica;Contributivo;No Aplica;No Aplica;05;05887;NUEVA EPS;RÉGIMEN CONTRIBUTIVO;EPS037;NUEVA EPS;05;05887;01;"BARRERAS EN EL ACCESO A TECNOLOGÍAS Y SERVICIOS DE SALUD; Y OTROS ELEMENTOS COMPLEMENTARIOS PARA LA ATENCIÓN DEL USUARIO";0101;FALTA DE OPORTUNIDAD EN LA PRESTACIÓN DE TECNOLOGÍAS EN SALUD Y OTROS ELEMENTOS COMPLEMENTARIOS PARA LA ATENCIÓN DEL USUARIO;010103;FALTA DE OPORTUNIDAD EN LA ATENCIÓN EN OTROS SERVICIOS DE SALUD;01010308;PROCEDIMIENTOS NO QUIRÚRGICOS;01010308001;IMAGENOLOGÍA;PROBLEMAS RELACIONADOS CON FACILIDADES DE ATENCIÓN MÉDICA U OTROS SERVICIOS DE SALUD;PROBLEMAS RELACIONADOS CON FACILIDADES DE ATENCIÓN MÉDICA U OTROS SERVICIOS DE SALUD;MAREO Y DESVANECIMIENTO;No aplica;SIMPLE
43;2023;7;Web;05;05789;US- 000003306630;A nombre propio;HOMBRE;39;DE 38 A 49 AÑOS;No Aplica;Subsidiado;No Aplica;No Aplica;05;05789;SAVIA SALUD;RÉGIMEN SUBSIDIADO;EPSS40;SAVIA SALUD EPS;05;05789;01;"BARRERAS EN EL ACCESO A TECNOLOGÍAS Y SERVICIOS DE SALUD; Y OTROS ELEMENTOS COMPLEMENTARIOS PARA LA ATENCIÓN DEL USUARIO";0101;FALTA DE OPORTUNIDAD EN LA PRESTACIÓN DE TECNOLOGÍAS EN SALUD Y OTROS ELEMENTOS COMPLEMENTARIOS PARA LA ATENCIÓN DEL USUARIO;010101;FALTA DE OPORTUNIDAD EN LAS CITAS O CONSULTAS;01010103;ESPECIALIDADES MÉDICAS ;01010103075;OFTALMOLOGÍA;PROBLEMAS RELACIONADOS CON FACILIDADES DE ATENCIÓN MÉDICA U OTROS SERVICIOS DE SALUD;PROBLEMAS RELACIONADOS CON FACILIDADES DE ATENCIÓN MÉDICA U OTROS SERVICIOS DE SALUD;GLAUCOMA;No aplica;SIMPLE
44;2023;7;Web;05;05001;US- 000003260888;A nombre propio;MUJER;21;DE 18 A 24 AÑOS;No Aplica;Subsidiado;No Aplica;Persona con discapacidad;05;05001;SAVIA SALUD;RÉGIMEN SUBSIDIADO;EPSS40;SAVIA SALUD EPS;05;05001;01;"BARRERAS EN EL ACCESO A TECNOLOGÍAS Y SERVICIOS DE SALUD; Y OTROS ELEMENTOS COMPLEMENTARIOS PARA LA ATENCIÓN DEL USUARIO";0101;FALTA DE OPORTUNIDAD EN LA PRESTACIÓN DE TECNOLOGÍAS EN SALUD Y OTROS ELEMENTOS COMPLEMENTARIOS PARA LA ATENCIÓN DEL USUARIO;010101;FALTA DE OPORTUNIDAD EN LAS CITAS O CONSULTAS;01010101;MEDICINA GENERAL;;;PROBLEMAS RELACIONADOS CON FACILIDADES DE ATENCIÓN MÉDICA U OTROS SERVICIOS DE SALUD;PROBLEMAS RELACIONADOS CON FACILIDADES DE ATENCIÓN MÉDICA U OTROS SERVICIOS DE SALUD;QUERATOCONO;No aplica;SIMPLE
45;2023;7;Web;15;15759;US- 000003300638;A nombre propio;MUJER;64;MAYOR DE 63 AÑOS ;No Aplica;Subsidiado;No Aplica;No Aplica;15;15759;NUEVA EPS;RÉGIMEN SUBSIDIADO;EPSS41;NUEVA EPS;15;15759;01;"BARRERAS EN EL ACCESO A TECNOLOGÍAS Y SERVICIOS DE SALUD; Y OTROS ELEMENTOS COMPLEMENTARIOS PARA LA ATENCIÓN DEL USUARIO";0101;FALTA DE OPORTUNIDAD EN LA PRESTACIÓN DE TECNOLOGÍAS EN SALUD Y OTROS ELEMENTOS COMPLEMENTARIOS PARA LA ATENCIÓN DEL USUARIO;010101;FALTA DE OPORTUNIDAD EN LAS CITAS O CONSULTAS;01010103;ESPECIALIDADES MÉDICAS ;01010103072;NEUROLOGÍA;ENFERMEDADES OSTEOARTICULARES;NEUROLÓGICAS;CEFALEA;No aplica;SIMPLE
46;2023;7;Web;18;18150;US- 000002485660;A nombre propio;MUJER;73;MAYOR DE 63 AÑOS ;No Aplica;Subsidiado;No Aplica;No Aplica;18;18150;ASMET SALUD EPS;RÉGIMEN SUBSIDIADO;ESS062;ASMET SALUD;18;18150;01;"BARRERAS EN EL ACCESO A TECNOLOGÍAS Y SERVICIOS DE SALUD; Y OTROS ELEMENTOS COMPLEMENTARIOS PARA LA ATENCIÓN DEL USUARIO";0101;FALTA DE OPORTUNIDAD EN LA PRESTACIÓN DE TECNOLOGÍAS EN SALUD Y OTROS ELEMENTOS COMPLEMENTARIOS PARA LA ATENCIÓN DEL USUARIO;010101;FALTA DE OPORTUNIDAD EN LAS CITAS O CONSULTAS;01010103;ESPECIALIDADES MÉDICAS ;01010103072;NEUROLOGÍA;PROBLEMAS RELACIONADOS CON FACILIDADES DE ATENCIÓN MÉDICA U OTROS SERVICIOS DE SALUD;PROBLEMAS RELACIONADOS CON FACILIDADES DE ATENCIÓN MÉDICA U OTROS SERVICIOS DE SALUD;PROBLEMAS RELACIONADOS CON FACILIDADES DE ATENCIÓN MEDICA U OTROS SERVICIOS DE SALUD;No aplica;SIMPLE
47;2023;7;Web;47;47288;US- 000003272745;Madre;MUJER;3;DE 0 A 5 AÑOS;No Aplica;Subsidiado;No Aplica;Persona con discapacidad;47;47288;NUEVA EPS;RÉGIMEN SUBSIDIADO;EPSS41;NUEVA EPS;47;47288;01;"BARRERAS EN EL ACCESO A TECNOLOGÍAS Y SERVICIOS DE SALUD; Y OTROS ELEMENTOS COMPLEMENTARIOS PARA LA ATENCIÓN DEL USUARIO";0101;FALTA DE OPORTUNIDAD EN LA PRESTACIÓN DE TECNOLOGÍAS EN SALUD Y OTROS ELEMENTOS COMPLEMENTARIOS PARA LA ATENCIÓN DEL USUARIO;010102;FALTA DE OPORTUNIDAD PARA SERVICIOS DE COMPLEMENTACIÓN TERAPÉUTICA;01010209;OTRAS TERAPIAS;;;PROBLEMAS RELACIONADOS CON FACILIDADES DE ATENCIÓN MÉDICA U OTROS SERVICIOS DE SALUD;PROBLEMAS RELACIONADOS CON FACILIDADES DE ATENCIÓN MÉDICA U OTROS SERVICIOS DE SALUD;AUTISMO EN LA NIÑEZ;No aplica;SIMPLE
48;2023;7;Web;25;25754;US- 000003058974;A nombre propio;MUJER;11;DE 6 A 12 AÑOS;No Aplica;Contributivo;No Aplica;No Aplica;25;25754;SANITAS;RÉGIMEN CONTRIBUTIVO;EPS005;SANITAS;25;25754;01;"BARRERAS EN EL ACCESO A TECNOLOGÍAS Y SERVICIOS DE SALUD; Y OTROS ELEMENTOS COMPLEMENTARIOS PARA LA ATENCIÓN DEL USUARIO";0101;FALTA DE OPORTUNIDAD EN LA PRESTACIÓN DE TECNOLOGÍAS EN SALUD Y OTROS ELEMENTOS COMPLEMENTARIOS PARA LA ATENCIÓN DEL USUARIO;010101;FALTA DE OPORTUNIDAD EN LAS CITAS O CONSULTAS;01010103;ESPECIALIDADES MÉDICAS ;01010103078;ORTOPEDIA Y TRAUMATOLOGÍA;ENFERMEDADES OSTEOARTICULARES;OTROS;SACROILIITIS, NO CLASIFICADA EN OTRA PARTE;No aplica;SIMPLE
49;2023;7;Web;76;76122;US- 000003290757;Hijo (A);MUJER;62;DE 50 A 62 AÑOS;No Aplica;Subsidiado;No Aplica;No Aplica;76;76122;NUEVA EPS;RÉGIMEN SUBSIDIADO;EPSS41;NUEVA EPS;76;76122;01;"BARRERAS EN EL ACCESO A TECNOLOGÍAS Y SERVICIOS DE SALUD; Y OTROS ELEMENTOS COMPLEMENTARIOS PARA LA ATENCIÓN DEL USUARIO";0101;FALTA DE OPORTUNIDAD EN LA PRESTACIÓN DE TECNOLOGÍAS EN SALUD Y OTROS ELEMENTOS COMPLEMENTARIOS PARA LA ATENCIÓN DEL USUARIO;010101;FALTA DE OPORTUNIDAD EN LAS CITAS O CONSULTAS;01010103;ESPECIALIDADES MÉDICAS ;01010103039;ENDOCRINOLOGÍA;PROBLEMAS RELACIONADOS CON FACILIDADES DE ATENCIÓN MÉDICA U OTROS SERVICIOS DE SALUD;PROBLEMAS RELACIONADOS CON FACILIDADES DE ATENCIÓN MÉDICA U OTROS SERVICIOS DE SALUD;PROBLEMAS RELACIONADOS CON FACILIDADES DE ATENCIÓN MEDICA U OTROS SERVICIOS DE SALUD;No aplica;SIMPLE
50;2023;7;Web;11;11001;US- 000001766209;Madre;HOMBRE;6;DE 6 A 12 AÑOS;No Aplica;Contributivo;No Aplica;Persona con discapacidad;11;11001;SURAMERICANA EPS;RÉGIMEN CONTRIBUTIVO;EPS010;EPS SURA;11;11001;04;INSATISFACCIÓN DEL USUARIO CON EL PROCESO ADMINISTRATIVO;0404;INSATISFACCIÓN RELACIONADA CON TRÁMITES ADMINISTRATIVOS;040401;RESTRICCIÓN EN LA LIBRE ESCOGENCIA;04040102;PRESTADOR DE SERVICIO DE SALUD;;;PROBLEMAS RELACIONADOS CON FACILIDADES DE ATENCIÓN MÉDICA U OTROS SERVICIOS DE SALUD;PROBLEMAS RELACIONADOS CON FACILIDADES DE ATENCIÓN MÉDICA U OTROS SERVICIOS DE SALUD;OTROS PROBLEMAS RELACIONADOS CON SERVICIOS MÉDICOS Y DE SALUD;No aplica;SIMPLE
51;2023;7;Web;76;76001;US- 000003275908;A nombre propio;HOMBRE;16;DE 13 A 17 AÑOS;No Aplica;Contributivo;No Aplica;No Aplica;76;76001;SANITAS;RÉGIMEN CONTRIBUTIVO;EPS005;SANITAS;76;76001;01;"BARRERAS EN EL ACCESO A TECNOLOGÍAS Y SERVICIOS DE SALUD; Y OTROS ELEMENTOS COMPLEMENTARIOS PARA LA ATENCIÓN DEL USUARIO";0103;FALTA DE OPORTUNIDAD EN LA AUTORIZACIÓN DE TECNOLOGÍAS EN SALUD Y OTROS ELEMENTOS COMPLEMENTARIOS PARA LA ATENCIÓN DEL USUARIO;010304;FALTA DE OPORTUNIDAD EN LA AUTORIZACIÓN DE OTROS SERVICIOS DE SALUD;01030409;PROCEDIMIENTOS QUIRÚRGICOS;01030409003;OTROS PROCEDIMIENTOS QUIRÚRGICOS;PROBLEMAS RELACIONADOS CON FACILIDADES DE ATENCIÓN MÉDICA U OTROS SERVICIOS DE SALUD;PROBLEMAS RELACIONADOS CON FACILIDADES DE ATENCIÓN MÉDICA U OTROS SERVICIOS DE SALUD;QUERATOCONO;No aplica;SIMPLE
52;2023;7;Web;66;66440;US- 000003262104;A nombre propio;MUJER;24;DE 18 A 24 AÑOS;No Aplica;Contributivo;No Aplica;No Aplica;66;66440;SALUD TOTAL;RÉGIMEN CONTRIBUTIVO;EPS002;SALUD TOTAL;76;76834;04;INSATISFACCIÓN DEL USUARIO CON EL PROCESO ADMINISTRATIVO;0405;PROBLEMAS EN EL RECONOCIMIENTO Y/O PAGO DE PRESTACIONES ECONÓMICAS;040501;NO RECONOCIMIENTO Y/O PAGO DE LAS PRESTACIONES ECONÓMICAS;04050101;LICENCIA DE MATERNIDAD;;;PROBLEMAS RELACIONADOS CON FACILIDADES DE ATENCIÓN MÉDICA U OTROS SERVICIOS DE SALUD;PROBLEMAS RELACIONADOS CON FACILIDADES DE ATENCIÓN MÉDICA U OTROS SERVICIOS DE SALUD;PROBLEMAS RELACIONADOS CON FACILIDADES DE ATENCIÓN MEDICA U OTROS SERVICIOS DE SALUD;No aplica;SIMPLE
53;2023;7;Web;11;11001;US- 000003293867;A nombre propio;MUJER;66;MAYOR DE 63 AÑOS ;No Aplica;No aplica;No Aplica;No Aplica;11;11001;ALLIANZ;COMPAÑÍAS DE SEGUROS;EP00111;ALLIANZ SEGUROS S.A;11;11001;04;INSATISFACCIÓN DEL USUARIO CON EL PROCESO ADMINISTRATIVO;0404;INSATISFACCIÓN RELACIONADA CON TRÁMITES ADMINISTRATIVOS;040402;FALLAS O IRREGULARIDADES EN EL MANEJO TÉCNICO DE LA HISTORIA CLÍNICA Y/O REGISTROS ASISTENCIALES;;;;;PROBLEMAS RELACIONADOS CON FACILIDADES DE ATENCIÓN MÉDICA U OTROS SERVICIOS DE SALUD;PROBLEMAS RELACIONADOS CON FACILIDADES DE ATENCIÓN MÉDICA U OTROS SERVICIOS DE SALUD;OTRA ATENCIÓN MEDICA;No aplica;SIMPLE
54;2023;7;Web;11;11001;US- 000003287494;A nombre propio;MUJER;76;MAYOR DE 63 AÑOS ;No Aplica;Subsidiado;No Aplica;No Aplica;11;11001;SANITAS;RÉGIMEN CONTRIBUTIVO;EPS005;SANITAS;11;11001;01;"BARRERAS EN EL ACCESO A TECNOLOGÍAS Y SERVICIOS DE SALUD; Y OTROS ELEMENTOS COMPLEMENTARIOS PARA LA ATENCIÓN DEL USUARIO";0101;FALTA DE OPORTUNIDAD EN LA PRESTACIÓN DE TECNOLOGÍAS EN SALUD Y OTROS ELEMENTOS COMPLEMENTARIOS PARA LA ATENCIÓN DEL USUARIO;010103;FALTA DE OPORTUNIDAD EN LA ATENCIÓN EN OTROS SERVICIOS DE SALUD;01010308;PROCEDIMIENTOS NO QUIRÚRGICOS;01010308001;IMAGENOLOGÍA;ENFERMEDADES OSTEOARTICULARES;OTROS;OTROS SÍNTOMAS Y SIGNOS QUE INVOLUCRAN LA FUNCIÓN COGNOSCITIVA Y LA CONCIENCIA Y LOS NO ESPECIFICADOS;No aplica;SIMPLE
55;2023;7;Web;68;68547;US- 000003295449;A nombre propio;MUJER;41;DE 38 A 49 AÑOS;No Aplica;Contributivo;No Aplica;No Aplica;68;68547;SALUD MIA;RÉGIMEN CONTRIBUTIVO;EPS046;FUNDACION SALUD MIA;68;68547;01;"BARRERAS EN EL ACCESO A TECNOLOGÍAS Y SERVICIOS DE SALUD; Y OTROS ELEMENTOS COMPLEMENTARIOS PARA LA ATENCIÓN DEL USUARIO";0103;FALTA DE OPORTUNIDAD EN LA AUTORIZACIÓN DE TECNOLOGÍAS EN SALUD Y OTROS ELEMENTOS COMPLEMENTARIOS PARA LA ATENCIÓN DEL USUARIO;010304;FALTA DE OPORTUNIDAD EN LA AUTORIZACIÓN DE OTROS SERVICIOS DE SALUD;01030409;PROCEDIMIENTOS QUIRÚRGICOS;01030409003;OTROS PROCEDIMIENTOS QUIRÚRGICOS;PROBLEMAS RELACIONADOS CON FACILIDADES DE ATENCIÓN MÉDICA U OTROS SERVICIOS DE SALUD;PROBLEMAS RELACIONADOS CON FACILIDADES DE ATENCIÓN MÉDICA U OTROS SERVICIOS DE SALUD;PROBLEMAS RELACIONADOS CON FACILIDADES DE ATENCIÓN MEDICA U OTROS SERVICIOS DE SALUD;No aplica;SIMPLE
56;2023;7;Web;66;66682;US- 000003273572;A nombre propio;MUJER;29;DE 25 A 29 AÑOS;No Aplica;Contributivo;No Aplica;Mujer en estado de gestación;66;66682;NUEVA EPS;RÉGIMEN CONTRIBUTIVO;EPS037;NUEVA EPS;66;66682;01;"BARRERAS EN EL ACCESO A TECNOLOGÍAS Y SERVICIOS DE SALUD; Y OTROS ELEMENTOS COMPLEMENTARIOS PARA LA ATENCIÓN DEL USUARIO";0101;FALTA DE OPORTUNIDAD EN LA PRESTACIÓN DE TECNOLOGÍAS EN SALUD Y OTROS ELEMENTOS COMPLEMENTARIOS PARA LA ATENCIÓN DEL USUARIO;010101;FALTA DE OPORTUNIDAD EN LAS CITAS O CONSULTAS;01010103;ESPECIALIDADES MÉDICAS ;01010103047;GINECOLOGÍA Y OBSTETRICIA;MATERNO INFANTIL;ATENCIÓN EN EL EMBARAZO;EMBARAZO CONFIRMADO;No aplica;PRIORIZADO
57;2023;7;Web;05;05001;US- 000003183770;A nombre propio;MUJER;63;MAYOR DE 63 AÑOS ;No Aplica;Contributivo;No Aplica;No Aplica;05;05001;SURAMERICANA EPS;RÉGIMEN CONTRIBUTIVO;EPS010;EPS SURA;05;05001;01;"BARRERAS EN EL ACCESO A TECNOLOGÍAS Y SERVICIOS DE SALUD; Y OTROS ELEMENTOS COMPLEMENTARIOS PARA LA ATENCIÓN DEL USUARIO";0101;FALTA DE OPORTUNIDAD EN LA PRESTACIÓN DE TECNOLOGÍAS EN SALUD Y OTROS ELEMENTOS COMPLEMENTARIOS PARA LA ATENCIÓN DEL USUARIO;010102;FALTA DE OPORTUNIDAD PARA SERVICIOS DE COMPLEMENTACIÓN TERAPÉUTICA;01010201;TERAPIA FÍSICA;;;ENFERMEDADES OSTEOARTICULARES;OTROS;PROBLEMAS RELACIONADOS CON FACILIDADES DE ATENCIÓN MEDICA U OTROS SERVICIOS DE SALUD;No aplica;SIMPLE
58;2023;7;Web;85;85010;US- 000003287487;A nombre propio;MUJER;69;MAYOR DE 63 AÑOS ;No Aplica;Contributivo;No Aplica;No Aplica;85;85010;NUEVA EPS;RÉGIMEN CONTRIBUTIVO;EPS037;NUEVA EPS;85;85010;01;"BARRERAS EN EL ACCESO A TECNOLOGÍAS Y SERVICIOS DE SALUD; Y OTROS ELEMENTOS COMPLEMENTARIOS PARA LA ATENCIÓN DEL USUARIO";0101;FALTA DE OPORTUNIDAD EN LA PRESTACIÓN DE TECNOLOGÍAS EN SALUD Y OTROS ELEMENTOS COMPLEMENTARIOS PARA LA ATENCIÓN DEL USUARIO;010104;FALTA DE OPORTUNIDAD EN LA ENTREGA O ENTREGA INCOMPLETA DE TECNOLOGÍAS EN SALUD Y/O PRESTACIÓN DE OTROS SERVICIOS;01010401;MEDICAMENTOS UPC;;;ENFERMEDADES CRÓNICAS NO TRANSMISIBLES –DIABETES;DIABETES;HIPERTENSIÓN ESENCIAL (PRIMARIA);No aplica;SIMPLE
59;2023;7;Web;23;23001;US- 000003270786;Madre;MUJER;3;DE 0 A 5 AÑOS;No Aplica;Contributivo;Indígena;No Aplica;23;23001;NUEVA EPS;RÉGIMEN CONTRIBUTIVO;EPS037;NUEVA EPS;23;23001;03;INSATISFACCIÓN RELACIONADA CON INFRAESTRUCTURA Y LOGÍSTICA;0302;INSATISFACCIÓN RELACIONADA CON PROCESOS LOGÍSTICOS QUE AFECTAN LA CALIDAD EN SALUD;030201;INSATISFACCIÓN RELACIONADA CON FALLAS EN EL MANEJO, ALMACENAMIENTO Y/O DISPENSACIÓN DE MEDICAMENTOS Y DISPOSITIVOS MÉDICOS;03020105;ENTREGA ERRADA DE MEDICAMENTO ;;;MATERNO INFANTIL;ATENCIÓN NIÑOS MENORES DE 5 AÑOS;OTROS PROBLEMAS RELACIONADOS CON SERVICIOS MÉDICOS Y DE SALUD;No aplica;SIMPLE
60;2023;7;Web;52;52001;US- 000003273196;A nombre propio;MUJER;37;DE 30 A 37 AÑOS;Secundaria;Contributivo;No Aplica;Mujer en estado de gestación;52;52001;SANITAS;RÉGIMEN CONTRIBUTIVO;EPS005;SANITAS;52;52001;01;"BARRERAS EN EL ACCESO A TECNOLOGÍAS Y SERVICIOS DE SALUD; Y OTROS ELEMENTOS COMPLEMENTARIOS PARA LA ATENCIÓN DEL USUARIO";0101;FALTA DE OPORTUNIDAD EN LA PRESTACIÓN DE TECNOLOGÍAS EN SALUD Y OTROS ELEMENTOS COMPLEMENTARIOS PARA LA ATENCIÓN DEL USUARIO;010103;FALTA DE OPORTUNIDAD EN LA ATENCIÓN EN OTROS SERVICIOS DE SALUD;01010309;PROCEDIMIENTOS QUIRÚRGICOS;01010309002;INTERRUPCIÓN VOLUNTARIA DEL EMBARAZO -IVE;MATERNO INFANTIL;ATENCIÓN EN EL EMBARAZO;EMBARAZO ABDOMINAL;No aplica;PRIORIZADO
61;2023;7;Web;25;25817;US- 000003272541;Padre;HOMBRE;14;DE 13 A 17 AÑOS;Secundaria Incompleta;Subsidiado;No Aplica;No Aplica;25;25823;NUEVA EPS;RÉGIMEN SUBSIDIADO;EPSS41;NUEVA EPS;25;25823;04;INSATISFACCIÓN DEL USUARIO CON EL PROCESO ADMINISTRATIVO;0404;INSATISFACCIÓN RELACIONADA CON TRÁMITES ADMINISTRATIVOS;040401;RESTRICCIÓN EN LA LIBRE ESCOGENCIA;04040101;EPS;;;PROBLEMAS RELACIONADOS CON FACILIDADES DE ATENCIÓN MÉDICA U OTROS SERVICIOS DE SALUD;PROBLEMAS RELACIONADOS CON FACILIDADES DE ATENCIÓN MÉDICA U OTROS SERVICIOS DE SALUD;PROBLEMAS RELACIONADOS CON FACILIDADES DE ATENCIÓN MEDICA U OTROS SERVICIOS DE SALUD;No aplica;SIMPLE
62;2023;7;Web;25;25899;US- 000003294405;A nombre propio;MUJER;59;DE 50 A 62 AÑOS;No Aplica;Contributivo;No Aplica;No Aplica;25;25899;COMPENSAR;RÉGIMEN CONTRIBUTIVO;EPS008;COMPENSAR;11;11001;01;"BARRERAS EN EL ACCESO A TECNOLOGÍAS Y SERVICIOS DE SALUD; Y OTROS ELEMENTOS COMPLEMENTARIOS PARA LA ATENCIÓN DEL USUARIO";0101;FALTA DE OPORTUNIDAD EN LA PRESTACIÓN DE TECNOLOGÍAS EN SALUD Y OTROS ELEMENTOS COMPLEMENTARIOS PARA LA ATENCIÓN DEL USUARIO;010101;FALTA DE OPORTUNIDAD EN LAS CITAS O CONSULTAS;01010103;ESPECIALIDADES MÉDICAS ;01010103078;ORTOPEDIA Y TRAUMATOLOGÍA;PROBLEMAS RELACIONADOS CON FACILIDADES DE ATENCIÓN MÉDICA U OTROS SERVICIOS DE SALUD;PROBLEMAS RELACIONADOS CON FACILIDADES DE ATENCIÓN MÉDICA U OTROS SERVICIOS DE SALUD;DOLOR EN MIEMBRO;No aplica;SIMPLE
63;2023;7;Web;11;11001;US- 000002649856;A nombre propio;HOMBRE;35;DE 30 A 37 AÑOS;No Aplica;Contributivo;No Aplica;No Aplica;11;11001;COMPENSAR;RÉGIMEN CONTRIBUTIVO;EPS008;COMPENSAR;11;11001;01;"BARRERAS EN EL ACCESO A TECNOLOGÍAS Y SERVICIOS DE SALUD; Y OTROS ELEMENTOS COMPLEMENTARIOS PARA LA ATENCIÓN DEL USUARIO";0101;FALTA DE OPORTUNIDAD EN LA PRESTACIÓN DE TECNOLOGÍAS EN SALUD Y OTROS ELEMENTOS COMPLEMENTARIOS PARA LA ATENCIÓN DEL USUARIO;010104;FALTA DE OPORTUNIDAD EN LA ENTREGA O ENTREGA INCOMPLETA DE TECNOLOGÍAS EN SALUD Y/O PRESTACIÓN DE OTROS SERVICIOS;01010401;MEDICAMENTOS UPC;;;PROBLEMAS RELACIONADOS CON FACILIDADES DE ATENCIÓN MÉDICA U OTROS SERVICIOS DE SALUD;PROBLEMAS RELACIONADOS CON FACILIDADES DE ATENCIÓN MÉDICA U OTROS SERVICIOS DE SALUD;SÍNDROMES EPILÉPTICOS ESPECIALES;No aplica;PRIORIZADO
64;2023;7;Web;25;25754;US- 000003265318;A nombre propio;HOMBRE;32;DE 30 A 37 AÑOS;Secundaria;Contributivo;No Aplica;No Aplica;25;25754;SANITAS;RÉGIMEN CONTRIBUTIVO;EPS005;SANITAS;25;25754;01;"BARRERAS EN EL ACCESO A TECNOLOGÍAS Y SERVICIOS DE SALUD; Y OTROS ELEMENTOS COMPLEMENTARIOS PARA LA ATENCIÓN DEL USUARIO";0101;FALTA DE OPORTUNIDAD EN LA PRESTACIÓN DE TECNOLOGÍAS EN SALUD Y OTROS ELEMENTOS COMPLEMENTARIOS PARA LA ATENCIÓN DEL USUARIO;010101;FALTA DE OPORTUNIDAD EN LAS CITAS O CONSULTAS;01010104;ESPECIALIDADES ODONTOLÓGICAS;01010104014;PERIODONCIA;SALUD ORAL;SALUD ORAL;CARIES DENTAL, NO ESPECIFICADA;No aplica;SIMPLE
65;2023;7;Web;76;76892;US- 000003277213;A nombre propio;MUJER;28;DE 25 A 29 AÑOS;Secundaria;Contributivo;No Aplica;No Aplica;76;76892;SANITAS;RÉGIMEN CONTRIBUTIVO;EPS005;SANITAS;76;76892;01;"BARRERAS EN EL ACCESO A TECNOLOGÍAS Y SERVICIOS DE SALUD; Y OTROS ELEMENTOS COMPLEMENTARIOS PARA LA ATENCIÓN DEL USUARIO";0101;FALTA DE OPORTUNIDAD EN LA PRESTACIÓN DE TECNOLOGÍAS EN SALUD Y OTROS ELEMENTOS COMPLEMENTARIOS PARA LA ATENCIÓN DEL USUARIO;010103;FALTA DE OPORTUNIDAD EN LA ATENCIÓN EN OTROS SERVICIOS DE SALUD;01010308;PROCEDIMIENTOS NO QUIRÚRGICOS;01010308002;LABORATORIO CLÍNICO Y ANATOMOPATOLÓGICO;PROBLEMAS RELACIONADOS CON FACILIDADES DE ATENCIÓN MÉDICA U OTROS SERVICIOS DE SALUD;PROBLEMAS RELACIONADOS CON FACILIDADES DE ATENCIÓN MÉDICA U OTROS SERVICIOS DE SALUD;GASTRITIS CRÓNICA, NO ESPECIFICADA;No aplica;SIMPLE
66;2023;7;Web;11;11001;US- 000003298937;A nombre propio;MUJER;58;DE 50 A 62 AÑOS;Ninguno;Contributivo;No Aplica;No Aplica;11;11001;SANITAS;RÉGIMEN CONTRIBUTIVO;EPS005;SANITAS;11;11001;01;"BARRERAS EN EL ACCESO A TECNOLOGÍAS Y SERVICIOS DE SALUD; Y OTROS ELEMENTOS COMPLEMENTARIOS PARA LA ATENCIÓN DEL USUARIO";0101;FALTA DE OPORTUNIDAD EN LA PRESTACIÓN DE TECNOLOGÍAS EN SALUD Y OTROS ELEMENTOS COMPLEMENTARIOS PARA LA ATENCIÓN DEL USUARIO;010101;FALTA DE OPORTUNIDAD EN LAS CITAS O CONSULTAS;01010103;ESPECIALIDADES MÉDICAS ;01010103013;CIRUGÍA DE MAMA Y TEJIDOS BLANDOS - MASTOLOGÍA;CÁNCER ;CÁNCER DE MAMA;TUMOR BENIGNO DE LA MAMA;No aplica;PRIORIZADO
67;2023;7;Web;11;11001;US- 000003296563;A nombre propio;MUJER;58;DE 50 A 62 AÑOS;No Aplica;Contributivo;No Aplica;No Aplica;11;11001;NUEVA EPS;RÉGIMEN CONTRIBUTIVO;EPS037;NUEVA EPS;11;11001;01;"BARRERAS EN EL ACCESO A TECNOLOGÍAS Y SERVICIOS DE SALUD; Y OTROS ELEMENTOS COMPLEMENTARIOS PARA LA ATENCIÓN DEL USUARIO";0101;FALTA DE OPORTUNIDAD EN LA PRESTACIÓN DE TECNOLOGÍAS EN SALUD Y OTROS ELEMENTOS COMPLEMENTARIOS PARA LA ATENCIÓN DEL USUARIO;010103;FALTA DE OPORTUNIDAD EN LA ATENCIÓN EN OTROS SERVICIOS DE SALUD;01010308;PROCEDIMIENTOS NO QUIRÚRGICOS;01010308001;IMAGENOLOGÍA;PROBLEMAS RELACIONADOS CON FACILIDADES DE ATENCIÓN MÉDICA U OTROS SERVICIOS DE SALUD;PROBLEMAS RELACIONADOS CON FACILIDADES DE ATENCIÓN MÉDICA U OTROS SERVICIOS DE SALUD;OTROS PROBLEMAS RELACIONADOS CON SERVICIOS MÉDICOS Y DE SALUD;No aplica;SIMPLE
68;2023;7;Web;11;11001;US- 000003260847;A nombre propio;MUJER;19;DE 18 A 24 AÑOS;No Aplica;Contributivo;No Aplica;Persona con discapacidad;11;11001;NUEVA EPS;RÉGIMEN CONTRIBUTIVO;EPS037;NUEVA EPS;11;11001;01;"BARRERAS EN EL ACCESO A TECNOLOGÍAS Y SERVICIOS DE SALUD; Y OTROS ELEMENTOS COMPLEMENTARIOS PARA LA ATENCIÓN DEL USUARIO";0101;FALTA DE OPORTUNIDAD EN LA PRESTACIÓN DE TECNOLOGÍAS EN SALUD Y OTROS ELEMENTOS COMPLEMENTARIOS PARA LA ATENCIÓN DEL USUARIO;010103;FALTA DE OPORTUNIDAD EN LA ATENCIÓN EN OTROS SERVICIOS DE SALUD;01010308;PROCEDIMIENTOS NO QUIRÚRGICOS;01010308001;IMAGENOLOGÍA;ENFERMEDADES OSTEOARTICULARES;OTROS;FRACTURA DE LA EPÍFISIS SUPERIOR DEL CUBITO;No aplica;PRIORIZADO
69;2023;7;Web;11;11001;US- 000000290013;A nombre propio;MUJER;58;DE 50 A 62 AÑOS;No Aplica;Contributivo;No Aplica;No Aplica;11;11001;FAMISANAR;RÉGIMEN CONTRIBUTIVO;EPS017;FAMISANAR;11;11001;01;"BARRERAS EN EL ACCESO A TECNOLOGÍAS Y SERVICIOS DE SALUD; Y OTROS ELEMENTOS COMPLEMENTARIOS PARA LA ATENCIÓN DEL USUARIO";0103;FALTA DE OPORTUNIDAD EN LA AUTORIZACIÓN DE TECNOLOGÍAS EN SALUD Y OTROS ELEMENTOS COMPLEMENTARIOS PARA LA ATENCIÓN DEL USUARIO;010304;FALTA DE OPORTUNIDAD EN LA AUTORIZACIÓN DE OTROS SERVICIOS DE SALUD;01030408;PROCEDIMIENTOS NO QUIRÚRGICOS;01030408002;LABORATORIO CLÍNICO Y ANATOMOPATOLÓGICO;PROBLEMAS RELACIONADOS CON FACILIDADES DE ATENCIÓN MÉDICA U OTROS SERVICIOS DE SALUD;PROBLEMAS RELACIONADOS CON FACILIDADES DE ATENCIÓN MÉDICA U OTROS SERVICIOS DE SALUD;PROBLEMAS RELACIONADOS CON FACILIDADES DE ATENCIÓN MEDICA U OTROS SERVICIOS DE SALUD;No aplica;SIMPLE
70;2023;7;Web;05;05001;US- 000002181266;A nombre propio;MUJER;43;DE 38 A 49 AÑOS;No Aplica;Contributivo;No Aplica;No Aplica;05;05001;SURAMERICANA EPS;RÉGIMEN CONTRIBUTIVO;EPS010;EPS SURA;05;05001;01;"BARRERAS EN EL ACCESO A TECNOLOGÍAS Y SERVICIOS DE SALUD; Y OTROS ELEMENTOS COMPLEMENTARIOS PARA LA ATENCIÓN DEL USUARIO";0103;FALTA DE OPORTUNIDAD EN LA AUTORIZACIÓN DE TECNOLOGÍAS EN SALUD Y OTROS ELEMENTOS COMPLEMENTARIOS PARA LA ATENCIÓN DEL USUARIO;010304;FALTA DE OPORTUNIDAD EN LA AUTORIZACIÓN DE OTROS SERVICIOS DE SALUD;01030408;PROCEDIMIENTOS NO QUIRÚRGICOS;01030408006;OTROS PROCEDIMIENTOS NO QUIRÚRGICOS;PROBLEMAS RELACIONADOS CON FACILIDADES DE ATENCIÓN MÉDICA U OTROS SERVICIOS DE SALUD;PROBLEMAS RELACIONADOS CON FACILIDADES DE ATENCIÓN MÉDICA U OTROS SERVICIOS DE SALUD;PROBLEMAS RELACIONADOS CON FACILIDADES DE ATENCIÓN MEDICA U OTROS SERVICIOS DE SALUD;No aplica;SIMPLE
71;2023;7;Web;11;11001;US- 000003274324;A nombre propio;HOMBRE;32;DE 30 A 37 AÑOS;No Aplica;Contributivo;No Aplica;No Aplica;11;11001;NUEVA EPS;RÉGIMEN CONTRIBUTIVO;EPS037;NUEVA EPS;11;11001;04;INSATISFACCIÓN DEL USUARIO CON EL PROCESO ADMINISTRATIVO;0404;INSATISFACCIÓN RELACIONADA CON TRÁMITES ADMINISTRATIVOS;040403;INCONSISTENCIAS EN LA AFILIACIÓN;04040303;SUSPENSIÓN POR MORA ;;;PROBLEMAS RELACIONADOS CON FACILIDADES DE ATENCIÓN MÉDICA U OTROS SERVICIOS DE SALUD;PROBLEMAS RELACIONADOS CON FACILIDADES DE ATENCIÓN MÉDICA U OTROS SERVICIOS DE SALUD;FRACTURA DE LOS DIENTES;No aplica;SIMPLE
72;2023;7;Web;66;66001;US- 000003305767;A nombre propio;MUJER;51;DE 50 A 62 AÑOS;No Aplica;Subsidiado;No Aplica;No Aplica;66;66001;ASMET SALUD EPS;RÉGIMEN SUBSIDIADO;ESS062;ASMET SALUD;66;66001;01;"BARRERAS EN EL ACCESO A TECNOLOGÍAS Y SERVICIOS DE SALUD; Y OTROS ELEMENTOS COMPLEMENTARIOS PARA LA ATENCIÓN DEL USUARIO";0101;FALTA DE OPORTUNIDAD EN LA PRESTACIÓN DE TECNOLOGÍAS EN SALUD Y OTROS ELEMENTOS COMPLEMENTARIOS PARA LA ATENCIÓN DEL USUARIO;010104;FALTA DE OPORTUNIDAD EN LA ENTREGA O ENTREGA INCOMPLETA DE TECNOLOGÍAS EN SALUD Y/O PRESTACIÓN DE OTROS SERVICIOS;01010401;MEDICAMENTOS UPC;;;SALUD MENTAL;OTROS TRASTORNOS MENTALES;TRASTORNO AFECTIVO BIPOLAR, ACTUALMENTE EN REMISIÓN;No aplica;PRIORIZADO
73;2023;7;Web;54;54001;US- 000001583074;A nombre propio;MUJER;45;DE 38 A 49 AÑOS;No Aplica;Contributivo;No Aplica;No Aplica;54;54001;SANITAS;RÉGIMEN CONTRIBUTIVO;EPS005;SANITAS;54;54001;01;"BARRERAS EN EL ACCESO A TECNOLOGÍAS Y SERVICIOS DE SALUD; Y OTROS ELEMENTOS COMPLEMENTARIOS PARA LA ATENCIÓN DEL USUARIO";0101;FALTA DE OPORTUNIDAD EN LA PRESTACIÓN DE TECNOLOGÍAS EN SALUD Y OTROS ELEMENTOS COMPLEMENTARIOS PARA LA ATENCIÓN DEL USUARIO;010103;FALTA DE OPORTUNIDAD EN LA ATENCIÓN EN OTROS SERVICIOS DE SALUD;01010308;PROCEDIMIENTOS NO QUIRÚRGICOS;01010308006;OTROS PROCEDIMIENTOS NO QUIRÚRGICOS;PROBLEMAS RELACIONADOS CON FACILIDADES DE ATENCIÓN MÉDICA U OTROS SERVICIOS DE SALUD;PROBLEMAS RELACIONADOS CON FACILIDADES DE ATENCIÓN MÉDICA U OTROS SERVICIOS DE SALUD;INCONTINENCIA URINARIA, NO ESPECIFICADA;No aplica;SIMPLE
74;2023;7;Web;08;08001;US- 000000489402;A nombre propio;MUJER;29;DE 25 A 29 AÑOS;No Aplica;Contributivo;No Aplica;No Aplica;08;08001;SURAMERICANA EPS;RÉGIMEN CONTRIBUTIVO;EPS010;EPS SURA;08;08001;01;"BARRERAS EN EL ACCESO A TECNOLOGÍAS Y SERVICIOS DE SALUD; Y OTROS ELEMENTOS COMPLEMENTARIOS PARA LA ATENCIÓN DEL USUARIO";0101;FALTA DE OPORTUNIDAD EN LA PRESTACIÓN DE TECNOLOGÍAS EN SALUD Y OTROS ELEMENTOS COMPLEMENTARIOS PARA LA ATENCIÓN DEL USUARIO;010103;FALTA DE OPORTUNIDAD EN LA ATENCIÓN EN OTROS SERVICIOS DE SALUD;01010308;PROCEDIMIENTOS NO QUIRÚRGICOS;01010308001;IMAGENOLOGÍA;ENFERMEDADES CRÓNICAS NO TRANSMISIBLES –DIABETES;DIABETES;ESTENOSIS CONGÉNITA DE LA VENA CAVA;No aplica;SIMPLE
75;2023;7;Web;05;05380;US- 000003268515;A nombre propio;HOMBRE;26;DE 25 A 29 AÑOS;No Aplica;Contributivo;No Aplica;No Aplica;05;05380;SURAMERICANA EPS;RÉGIMEN CONTRIBUTIVO;EPS010;EPS SURA;05;05360;01;"BARRERAS EN EL ACCESO A TECNOLOGÍAS Y SERVICIOS DE SALUD; Y OTROS ELEMENTOS COMPLEMENTARIOS PARA LA ATENCIÓN DEL USUARIO";0101;FALTA DE OPORTUNIDAD EN LA PRESTACIÓN DE TECNOLOGÍAS EN SALUD Y OTROS ELEMENTOS COMPLEMENTARIOS PARA LA ATENCIÓN DEL USUARIO;010102;FALTA DE OPORTUNIDAD PARA SERVICIOS DE COMPLEMENTACIÓN TERAPÉUTICA;01010209;OTRAS TERAPIAS;;;ENFERMEDADES OSTEOARTICULARES;OTROS;LINFEDEMA, NO CLASIFICADO EN OTRA PARTE;No aplica;SIMPLE
76;2023;7;Web;05;05607;US- 000003268060;A nombre propio;MUJER;31;DE 30 A 37 AÑOS;Ninguno;Contributivo;No Aplica;Mujer en estado de gestación;05;05607;SURAMERICANA EPS;RÉGIMEN CONTRIBUTIVO;EPS010;EPS SURA;05;05607;01;"BARRERAS EN EL ACCESO A TECNOLOGÍAS Y SERVICIOS DE SALUD; Y OTROS ELEMENTOS COMPLEMENTARIOS PARA LA ATENCIÓN DEL USUARIO";0101;FALTA DE OPORTUNIDAD EN LA PRESTACIÓN DE TECNOLOGÍAS EN SALUD Y OTROS ELEMENTOS COMPLEMENTARIOS PARA LA ATENCIÓN DEL USUARIO;010103;FALTA DE OPORTUNIDAD EN LA ATENCIÓN EN OTROS SERVICIOS DE SALUD;01010308;PROCEDIMIENTOS NO QUIRÚRGICOS;01010308001;IMAGENOLOGÍA;MATERNO INFANTIL;ATENCIÓN EN EL EMBARAZO;EMBARAZO CONFIRMADO;No aplica;PRIORIZADO
77;2023;7;Web;66;66170;US- 000003058052;A nombre propio;MUJER;10;DE 6 A 12 AÑOS;No Aplica;Contributivo;No Aplica;No Aplica;66;66170;SURAMERICANA EPS;RÉGIMEN CONTRIBUTIVO;EPS010;EPS SURA;66;66170;01;"BARRERAS EN EL ACCESO A TECNOLOGÍAS Y SERVICIOS DE SALUD; Y OTROS ELEMENTOS COMPLEMENTARIOS PARA LA ATENCIÓN DEL USUARIO";0101;FALTA DE OPORTUNIDAD EN LA PRESTACIÓN DE TECNOLOGÍAS EN SALUD Y OTROS ELEMENTOS COMPLEMENTARIOS PARA LA ATENCIÓN DEL USUARIO;010101;FALTA DE OPORTUNIDAD EN LAS CITAS O CONSULTAS;01010109;FONOAUDIOLOGÍA;;;PROBLEMAS RELACIONADOS CON FACILIDADES DE ATENCIÓN MÉDICA U OTROS SERVICIOS DE SALUD;PROBLEMAS RELACIONADOS CON FACILIDADES DE ATENCIÓN MÉDICA U OTROS SERVICIOS DE SALUD;PUBERTAD PRECOZ;No aplica;SIMPLE
78;2023;7;Web;11;11001;US- 000001702129;A nombre propio;HOMBRE;49;DE 38 A 49 AÑOS;No Aplica;Contributivo;No Aplica;No Aplica;11;11001;SANITAS;RÉGIMEN CONTRIBUTIVO;EPS005;SANITAS;11;11001;01;"BARRERAS EN EL ACCESO A TECNOLOGÍAS Y SERVICIOS DE SALUD; Y OTROS ELEMENTOS COMPLEMENTARIOS PARA LA ATENCIÓN DEL USUARIO";0101;FALTA DE OPORTUNIDAD EN LA PRESTACIÓN DE TECNOLOGÍAS EN SALUD Y OTROS ELEMENTOS COMPLEMENTARIOS PARA LA ATENCIÓN DEL USUARIO;010101;FALTA DE OPORTUNIDAD EN LAS CITAS O CONSULTAS;01010113;JUNTA MÉDICA;;;ENFERMEDADES OSTEOARTICULARES;OTROS;CERVICALGIA;No aplica;SIMPLE
79;2023;7;Web;11;11001;US- 000000525617;A nombre propio;HOMBRE;73;MAYOR DE 63 AÑOS ;No Aplica;Contributivo;No Aplica;No Aplica;11;11001;SANITAS;RÉGIMEN CONTRIBUTIVO;EPS005;SANITAS;11;11001;01;"BARRERAS EN EL ACCESO A TECNOLOGÍAS Y SERVICIOS DE SALUD; Y OTROS ELEMENTOS COMPLEMENTARIOS PARA LA ATENCIÓN DEL USUARIO";0103;FALTA DE OPORTUNIDAD EN LA AUTORIZACIÓN DE TECNOLOGÍAS EN SALUD Y OTROS ELEMENTOS COMPLEMENTARIOS PARA LA ATENCIÓN DEL USUARIO;010304;FALTA DE OPORTUNIDAD EN LA AUTORIZACIÓN DE OTROS SERVICIOS DE SALUD;01030409;PROCEDIMIENTOS QUIRÚRGICOS;01030409003;OTROS PROCEDIMIENTOS QUIRÚRGICOS;PROBLEMAS RELACIONADOS CON FACILIDADES DE ATENCIÓN MÉDICA U OTROS SERVICIOS DE SALUD;PROBLEMAS RELACIONADOS CON FACILIDADES DE ATENCIÓN MÉDICA U OTROS SERVICIOS DE SALUD;HIPERPLASIA DE LA PRÓSTATA;No aplica;SIMPLE
80;2023;7;Web;05;05001;US- 000003304278;A nombre propio;HOMBRE;44;DE 38 A 49 AÑOS;No Aplica;Contributivo;No Aplica;No Aplica;05;05001;SURAMERICANA EPS;RÉGIMEN CONTRIBUTIVO;EPS010;EPS SURA;05;05001;04;INSATISFACCIÓN DEL USUARIO CON EL PROCESO ADMINISTRATIVO;0404;INSATISFACCIÓN RELACIONADA CON TRÁMITES ADMINISTRATIVOS;040403;INCONSISTENCIAS EN LA AFILIACIÓN;04040309;OTRAS INCONSISTENCIAS;;;PROBLEMAS RELACIONADOS CON FACILIDADES DE ATENCIÓN MÉDICA U OTROS SERVICIOS DE SALUD;PROBLEMAS RELACIONADOS CON FACILIDADES DE ATENCIÓN MÉDICA U OTROS SERVICIOS DE SALUD;PROBLEMAS RELACIONADOS CON FACILIDADES DE ATENCIÓN MEDICA U OTROS SERVICIOS DE SALUD;No aplica;SIMPLE
81;2023;7;Web;05;05266;US- 000003268104;A nombre propio;MUJER;33;DE 30 A 37 AÑOS;No Aplica;Contributivo;No Aplica;No Aplica;05;05266;SURAMERICANA EPS;RÉGIMEN CONTRIBUTIVO;EPS010;EPS SURA;05;05266;01;"BARRERAS EN EL ACCESO A TECNOLOGÍAS Y SERVICIOS DE SALUD; Y OTROS ELEMENTOS COMPLEMENTARIOS PARA LA ATENCIÓN DEL USUARIO";0101;FALTA DE OPORTUNIDAD EN LA PRESTACIÓN DE TECNOLOGÍAS EN SALUD Y OTROS ELEMENTOS COMPLEMENTARIOS PARA LA ATENCIÓN DEL USUARIO;010101;FALTA DE OPORTUNIDAD EN LAS CITAS O CONSULTAS;01010103;ESPECIALIDADES MÉDICAS ;01010103046;GINECOLOGÍA ONCOLÓGICA;CÁNCER ;OTROS;TUMOR MALIGNO DEL OVARIO;No aplica;PRIORIZADO
82;2023;7;Web;11;11001;US- 000000966462;A nombre propio;HOMBRE;62;DE 50 A 62 AÑOS;No Aplica;Subsidiado;No Aplica;Habitante de calle;11;11001;CAPITAL SALUD;RÉGIMEN SUBSIDIADO;EPSS34;CAPITAL SALUD;11;11001;04;INSATISFACCIÓN DEL USUARIO CON EL PROCESO ADMINISTRATIVO;0404;INSATISFACCIÓN RELACIONADA CON TRÁMITES ADMINISTRATIVOS;040404;INCONSISTENCIA RELACIONADA CON COBROS Y/O APORTES;04040403;COBRO COPAGO;;;PROBLEMAS RELACIONADOS CON FACILIDADES DE ATENCIÓN MÉDICA U OTROS SERVICIOS DE SALUD;PROBLEMAS RELACIONADOS CON FACILIDADES DE ATENCIÓN MÉDICA U OTROS SERVICIOS DE SALUD;PROBLEMAS RELACIONADOS CON FACILIDADES DE ATENCIÓN MEDICA U OTROS SERVICIOS DE SALUD;No aplica;SIMPLE
83;2023;7;Web;11;11001;US- 000003308254;A nombre propio;HOMBRE;59;DE 50 A 62 AÑOS;No Aplica;Contributivo;No Aplica;No Aplica;11;11001;FAMISANAR;RÉGIMEN CONTRIBUTIVO;EPS017;FAMISANAR;11;11001;04;INSATISFACCIÓN DEL USUARIO CON EL PROCESO ADMINISTRATIVO;0405;PROBLEMAS EN EL RECONOCIMIENTO Y/O PAGO DE PRESTACIONES ECONÓMICAS;040501;NO RECONOCIMIENTO Y/O PAGO DE LAS PRESTACIONES ECONÓMICAS;04050107;INCAPACIDAD DE ENFERMEDAD GENERAL;;;PROBLEMAS RELACIONADOS CON FACILIDADES DE ATENCIÓN MÉDICA U OTROS SERVICIOS DE SALUD;PROBLEMAS RELACIONADOS CON FACILIDADES DE ATENCIÓN MÉDICA U OTROS SERVICIOS DE SALUD;OTROS PROBLEMAS RELACIONADOS CON SERVICIOS MÉDICOS Y DE SALUD;No aplica;SIMPLE
84;2023;7;Web;11;11001;US- 000003261983;A nombre propio;HOMBRE;21;DE 18 A 24 AÑOS;No Aplica;Contributivo;No Aplica;No Aplica;11;11001;SALUD TOTAL;RÉGIMEN CONTRIBUTIVO;EPS002;SALUD TOTAL;11;11001;01;"BARRERAS EN EL ACCESO A TECNOLOGÍAS Y SERVICIOS DE SALUD; Y OTROS ELEMENTOS COMPLEMENTARIOS PARA LA ATENCIÓN DEL USUARIO";0103;FALTA DE OPORTUNIDAD EN LA AUTORIZACIÓN DE TECNOLOGÍAS EN SALUD Y OTROS ELEMENTOS COMPLEMENTARIOS PARA LA ATENCIÓN DEL USUARIO;010301;FALTA DE OPORTUNIDAD EN LA AUTORIZACIÓN DE TECNOLOGÍAS EN SALUD Y/O DE OTROS SERVICIOS;01030102;MEDICAMENTOS NO UPC;;;PROBLEMAS RELACIONADOS CON FACILIDADES DE ATENCIÓN MÉDICA U OTROS SERVICIOS DE SALUD;PROBLEMAS RELACIONADOS CON FACILIDADES DE ATENCIÓN MÉDICA U OTROS SERVICIOS DE SALUD;OTROS PROBLEMAS RELACIONADOS CON SERVICIOS MÉDICOS Y DE SALUD;No aplica;SIMPLE
85;2023;7;Web;05;05001;US- 000003309468;A nombre propio;HOMBRE;77;MAYOR DE 63 AÑOS ;No Aplica;Contributivo;No Aplica;No Aplica;05;05001;SURAMERICANA EPS;RÉGIMEN CONTRIBUTIVO;EPS010;EPS SURA;05;05001;01;"BARRERAS EN EL ACCESO A TECNOLOGÍAS Y SERVICIOS DE SALUD; Y OTROS ELEMENTOS COMPLEMENTARIOS PARA LA ATENCIÓN DEL USUARIO";0102;NEGACIÓN DE TECNOLOGÍAS EN SALUD Y OTROS ELEMENTOS COMPLEMENTARIOS PARA LA ATENCIÓN DEL USUARIO;010203;NEGACIÓN EN LA ATENCIÓN EN OTROS SERVICIOS DE SALUD;01020309;PROCEDIMIENTOS QUIRÚRGICOS;01020309003;OTROS PROCEDIMIENTOS QUIRÚRGICOS;PROBLEMAS RELACIONADOS CON FACILIDADES DE ATENCIÓN MÉDICA U OTROS SERVICIOS DE SALUD;PROBLEMAS RELACIONADOS CON FACILIDADES DE ATENCIÓN MÉDICA U OTROS SERVICIOS DE SALUD;HERNIA ABDOMINAL NO ESPECIFICADA, SIN OBSTRUCCIÓN NI GANGRENA;No aplica;SIMPLE
86;2023;7;Web;05;05001;US- 000003306818;A nombre propio;HOMBRE;59;DE 50 A 62 AÑOS;No Aplica;Contributivo;No Aplica;No Aplica;05;05001;SURAMERICANA EPS;RÉGIMEN CONTRIBUTIVO;EPS010;EPS SURA;05;05001;01;"BARRERAS EN EL ACCESO A TECNOLOGÍAS Y SERVICIOS DE SALUD; Y OTROS ELEMENTOS COMPLEMENTARIOS PARA LA ATENCIÓN DEL USUARIO";0101;FALTA DE OPORTUNIDAD EN LA PRESTACIÓN DE TECNOLOGÍAS EN SALUD Y OTROS ELEMENTOS COMPLEMENTARIOS PARA LA ATENCIÓN DEL USUARIO;010103;FALTA DE OPORTUNIDAD EN LA ATENCIÓN EN OTROS SERVICIOS DE SALUD;01010309;PROCEDIMIENTOS QUIRÚRGICOS;01010309003;OTROS PROCEDIMIENTOS QUIRÚRGICOS;PROBLEMAS RELACIONADOS CON FACILIDADES DE ATENCIÓN MÉDICA U OTROS SERVICIOS DE SALUD;PROBLEMAS RELACIONADOS CON FACILIDADES DE ATENCIÓN MÉDICA U OTROS SERVICIOS DE SALUD;PROBLEMAS RELACIONADOS CON FACILIDADES DE ATENCIÓN MEDICA U OTROS SERVICIOS DE SALUD;No aplica;SIMPLE
87;2023;7;Web;15;15185;US- 000003101660;A nombre propio;HOMBRE;69;MAYOR DE 63 AÑOS ;No Aplica;Subsidiado;No Aplica;No Aplica;15;15185;COOSALUD;RÉGIMEN SUBSIDIADO;ESS024;COOSALUD;15;15185;01;"BARRERAS EN EL ACCESO A TECNOLOGÍAS Y SERVICIOS DE SALUD; Y OTROS ELEMENTOS COMPLEMENTARIOS PARA LA ATENCIÓN DEL USUARIO";0101;FALTA DE OPORTUNIDAD EN LA PRESTACIÓN DE TECNOLOGÍAS EN SALUD Y OTROS ELEMENTOS COMPLEMENTARIOS PARA LA ATENCIÓN DEL USUARIO;010104;FALTA DE OPORTUNIDAD EN LA ENTREGA O ENTREGA INCOMPLETA DE TECNOLOGÍAS EN SALUD Y/O PRESTACIÓN DE OTROS SERVICIOS;01010408;TRANSPORTE, ALOJAMIENTO O ALIMENTACIÓN;;;ENFERMEDADES CRÓNICAS NO TRANSMISIBLES –RENALES;IRC-ENFERMEDAD RENAL;INSUFICIENCIA RENAL CONGÉNITA;Hemodiálisis;PRIORIZADO
88;2023;7;Web;11;11001;US- 000003173775;A nombre propio;MUJER;77;MAYOR DE 63 AÑOS ;Ninguno;Contributivo;No Aplica;No Aplica;11;11001;FAMISANAR;RÉGIMEN CONTRIBUTIVO;EPS017;FAMISANAR;11;11001;01;"BARRERAS EN EL ACCESO A TECNOLOGÍAS Y SERVICIOS DE SALUD; Y OTROS ELEMENTOS COMPLEMENTARIOS PARA LA ATENCIÓN DEL USUARIO";0103;FALTA DE OPORTUNIDAD EN LA AUTORIZACIÓN DE TECNOLOGÍAS EN SALUD Y OTROS ELEMENTOS COMPLEMENTARIOS PARA LA ATENCIÓN DEL USUARIO;010304;FALTA DE OPORTUNIDAD EN LA AUTORIZACIÓN DE OTROS SERVICIOS DE SALUD;01030408;PROCEDIMIENTOS NO QUIRÚRGICOS;01030408001;IMAGENOLOGÍA;PROBLEMAS RELACIONADOS CON FACILIDADES DE ATENCIÓN MÉDICA U OTROS SERVICIOS DE SALUD;PROBLEMAS RELACIONADOS CON FACILIDADES DE ATENCIÓN MÉDICA U OTROS SERVICIOS DE SALUD;OTRAS CONSULTAS ESPECIFICADAS;No aplica;SIMPLE
89;2023;7;Web;50;50001;US- 000003165474;A nombre propio;MUJER;65;MAYOR DE 63 AÑOS ;Secundaria;Contributivo;No Aplica;No Aplica;50;50001;SANITAS;RÉGIMEN CONTRIBUTIVO;EPS005;SANITAS;50;50001;01;"BARRERAS EN EL ACCESO A TECNOLOGÍAS Y SERVICIOS DE SALUD; Y OTROS ELEMENTOS COMPLEMENTARIOS PARA LA ATENCIÓN DEL USUARIO";0101;FALTA DE OPORTUNIDAD EN LA PRESTACIÓN DE TECNOLOGÍAS EN SALUD Y OTROS ELEMENTOS COMPLEMENTARIOS PARA LA ATENCIÓN DEL USUARIO;010101;FALTA DE OPORTUNIDAD EN LAS CITAS O CONSULTAS;01010103;ESPECIALIDADES MÉDICAS ;01010103060;MEDICINA FAMILIAR;PROBLEMAS RELACIONADOS CON FACILIDADES DE ATENCIÓN MÉDICA U OTROS SERVICIOS DE SALUD;PROBLEMAS RELACIONADOS CON FACILIDADES DE ATENCIÓN MÉDICA U OTROS SERVICIOS DE SALUD;OTRO DOLOR CRÓNICO;No aplica;SIMPLE
90;2023;7;Web;11;11001;US- 000001993720;A nombre propio;MUJER;79;MAYOR DE 63 AÑOS ;No Aplica;Contributivo;No Aplica;No Aplica;11;11001;NUEVA EPS;RÉGIMEN CONTRIBUTIVO;EPS037;NUEVA EPS;11;11001;01;"BARRERAS EN EL ACCESO A TECNOLOGÍAS Y SERVICIOS DE SALUD; Y OTROS ELEMENTOS COMPLEMENTARIOS PARA LA ATENCIÓN DEL USUARIO";0101;FALTA DE OPORTUNIDAD EN LA PRESTACIÓN DE TECNOLOGÍAS EN SALUD Y OTROS ELEMENTOS COMPLEMENTARIOS PARA LA ATENCIÓN DEL USUARIO;010101;FALTA DE OPORTUNIDAD EN LAS CITAS O CONSULTAS;01010103;ESPECIALIDADES MÉDICAS ;01010103048;HEMATOLOGÍA;CÁNCER ;OTROS;OTROS LINFOMAS DE CÉLULAS Y LOS NO ESPECIFICADOS;No aplica;PRIORIZADO
91;2023;7;Web;11;11001;US- 000001972290;Otro;HOMBRE;77;MAYOR DE 63 AÑOS ;No Aplica;Contributivo;No Aplica;No Aplica;11;11001;SURAMERICANA EPS;RÉGIMEN CONTRIBUTIVO;EPS010;EPS SURA;11;11001;02;INSATISFACCIÓN RELACIONADA CON LA ATENCIÓN EN SALUD;0202;INSATISFACCIÓN RELACIONADA CON LA ATENCIÓN DEL PERSONAL EN SALUD;020201;INSATISFACCIÓN RELACIONADA CON LA ATENCIÓN DEL PERSONAL EN SALUD;02020104;INSUFICIENTE INFORMACIÓN SOBRE LA ATENCIÓN EN SALUD;;;PROBLEMAS RELACIONADOS CON FACILIDADES DE ATENCIÓN MÉDICA U OTROS SERVICIOS DE SALUD;PROBLEMAS RELACIONADOS CON FACILIDADES DE ATENCIÓN MÉDICA U OTROS SERVICIOS DE SALUD;PROBLEMAS RELACIONADOS CON FACILIDADES DE ATENCIÓN MEDICA U OTROS SERVICIOS DE SALUD;No aplica;PRIORIZADO
92;2023;7;Web;73;73001;US- 000003041933;A nombre propio;MUJER;30;DE 30 A 37 AÑOS;No Aplica;Contributivo;No Aplica;No Aplica;73;73001;SALUD TOTAL;RÉGIMEN CONTRIBUTIVO;EPS002;SALUD TOTAL;73;73001;01;"BARRERAS EN EL ACCESO A TECNOLOGÍAS Y SERVICIOS DE SALUD; Y OTROS ELEMENTOS COMPLEMENTARIOS PARA LA ATENCIÓN DEL USUARIO";0101;FALTA DE OPORTUNIDAD EN LA PRESTACIÓN DE TECNOLOGÍAS EN SALUD Y OTROS ELEMENTOS COMPLEMENTARIOS PARA LA ATENCIÓN DEL USUARIO;010103;FALTA DE OPORTUNIDAD EN LA ATENCIÓN EN OTROS SERVICIOS DE SALUD;01010308;PROCEDIMIENTOS NO QUIRÚRGICOS;01010308002;LABORATORIO CLÍNICO Y ANATOMOPATOLÓGICO;CÁNCER ;CÁNCER DE MAMA;TUMOR MALIGNO DE LA MAMA, PARTE NO ESPECIFICADA;Quimioterapia y radioterapia para el cáncer;PRIORIZADO
93;2023;7;Web;63;63001;US- 000003291227;A nombre propio;MUJER;39;DE 38 A 49 AÑOS;No Aplica;Contributivo;Afrocolombiano o Afrodescendiente;No Aplica;63;63001;SANITAS;RÉGIMEN CONTRIBUTIVO;EPS005;SANITAS;63;63001;01;"BARRERAS EN EL ACCESO A TECNOLOGÍAS Y SERVICIOS DE SALUD; Y OTROS ELEMENTOS COMPLEMENTARIOS PARA LA ATENCIÓN DEL USUARIO";0101;FALTA DE OPORTUNIDAD EN LA PRESTACIÓN DE TECNOLOGÍAS EN SALUD Y OTROS ELEMENTOS COMPLEMENTARIOS PARA LA ATENCIÓN DEL USUARIO;010103;FALTA DE OPORTUNIDAD EN LA ATENCIÓN EN OTROS SERVICIOS DE SALUD;01010309;PROCEDIMIENTOS QUIRÚRGICOS;01010309003;OTROS PROCEDIMIENTOS QUIRÚRGICOS;PROBLEMAS RELACIONADOS CON FACILIDADES DE ATENCIÓN MÉDICA U OTROS SERVICIOS DE SALUD;PROBLEMAS RELACIONADOS CON FACILIDADES DE ATENCIÓN MÉDICA U OTROS SERVICIOS DE SALUD;PROBLEMAS RELACIONADOS CON FACILIDADES DE ATENCIÓN MEDICA U OTROS SERVICIOS DE SALUD;No aplica;SIMPLE
94;2023;7;Web;25;25286;US- 000003016552;A nombre propio;HOMBRE;7;DE 6 A 12 AÑOS;No Aplica;Contributivo;No Aplica;No Aplica;25;25286;FAMISANAR;RÉGIMEN CONTRIBUTIVO;EPS017;FAMISANAR;25;25286;01;"BARRERAS EN EL ACCESO A TECNOLOGÍAS Y SERVICIOS DE SALUD; Y OTROS ELEMENTOS COMPLEMENTARIOS PARA LA ATENCIÓN DEL USUARIO";0101;FALTA DE OPORTUNIDAD EN LA PRESTACIÓN DE TECNOLOGÍAS EN SALUD Y OTROS ELEMENTOS COMPLEMENTARIOS PARA LA ATENCIÓN DEL USUARIO;010101;FALTA DE OPORTUNIDAD EN LAS CITAS O CONSULTAS;01010103;ESPECIALIDADES MÉDICAS ;01010103084;PSIQUIATRÍA PEDIÁTRICA;PROBLEMAS RELACIONADOS CON FACILIDADES DE ATENCIÓN MÉDICA U OTROS SERVICIOS DE SALUD;PROBLEMAS RELACIONADOS CON FACILIDADES DE ATENCIÓN MÉDICA U OTROS SERVICIOS DE SALUD;PERTURBACIÓN DE LA ACTIVIDAD Y DE LA ATENCIÓN;No aplica;PRIORIZADO
95;2023;7;Web;50;50001;US- 000001999178;Hijo (A);MUJER;80;MAYOR DE 63 AÑOS ;No Aplica;Contributivo;No Aplica;No Aplica;50;50001;NUEVA EPS;RÉGIMEN CONTRIBUTIVO;EPS037;NUEVA EPS;50;50001;01;"BARRERAS EN EL ACCESO A TECNOLOGÍAS Y SERVICIOS DE SALUD; Y OTROS ELEMENTOS COMPLEMENTARIOS PARA LA ATENCIÓN DEL USUARIO";0101;FALTA DE OPORTUNIDAD EN LA PRESTACIÓN DE TECNOLOGÍAS EN SALUD Y OTROS ELEMENTOS COMPLEMENTARIOS PARA LA ATENCIÓN DEL USUARIO;010101;FALTA DE OPORTUNIDAD EN LAS CITAS O CONSULTAS;01010103;ESPECIALIDADES MÉDICAS ;01010103034;DERMATOLOGÍA ONCOLÓGICA;CÁNCER ;OTROS;TUMOR MALIGNO DE LA PIEL DE OTRAS PARTES Y DE LAS NO ESPECIFICADAS DE LA CARA;No aplica;PRIORIZADO
96;2023;7;Web;73;73001;US- 000003276156;A nombre propio;HOMBRE;27;DE 25 A 29 AÑOS;No Aplica;Contributivo;No Aplica;No Aplica;73;73001;SANITAS;RÉGIMEN CONTRIBUTIVO;EPS005;SANITAS;73;73001;04;INSATISFACCIÓN DEL USUARIO CON EL PROCESO ADMINISTRATIVO;0405;PROBLEMAS EN EL RECONOCIMIENTO Y/O PAGO DE PRESTACIONES ECONÓMICAS;040501;NO RECONOCIMIENTO Y/O PAGO DE LAS PRESTACIONES ECONÓMICAS;04050107;INCAPACIDAD DE ENFERMEDAD GENERAL;;;PROBLEMAS RELACIONADOS CON FACILIDADES DE ATENCIÓN MÉDICA U OTROS SERVICIOS DE SALUD;PROBLEMAS RELACIONADOS CON FACILIDADES DE ATENCIÓN MÉDICA U OTROS SERVICIOS DE SALUD;HERIDA DE LA RODILLA;No aplica;PRIORIZADO
97;2023;7;Web;15;15299;US- 000003287158;A nombre propio;MUJER;61;DE 50 A 62 AÑOS;No Aplica;Subsidiado;No Aplica;No Aplica;15;15299;FAMISANAR;RÉGIMEN CONTRIBUTIVO;EPS017;FAMISANAR;15;15299;04;INSATISFACCIÓN DEL USUARIO CON EL PROCESO ADMINISTRATIVO;0404;INSATISFACCIÓN RELACIONADA CON TRÁMITES ADMINISTRATIVOS;040401;RESTRICCIÓN EN LA LIBRE ESCOGENCIA;04040102;PRESTADOR DE SERVICIO DE SALUD;;;PROBLEMAS RELACIONADOS CON FACILIDADES DE ATENCIÓN MÉDICA U OTROS SERVICIOS DE SALUD;PROBLEMAS RELACIONADOS CON FACILIDADES DE ATENCIÓN MÉDICA U OTROS SERVICIOS DE SALUD;PROBLEMAS RELACIONADOS CON FACILIDADES DE ATENCIÓN MEDICA U OTROS SERVICIOS DE SALUD;No aplica;SIMPLE
98;2023;7;Web;11;11001;US- 000001460821;A nombre propio;HOMBRE;81;MAYOR DE 63 AÑOS ;No Aplica;Contributivo;No Aplica;Persona con discapacidad;11;11001;SALUD TOTAL;RÉGIMEN CONTRIBUTIVO;EPS002;SALUD TOTAL;11;11001;01;"BARRERAS EN EL ACCESO A TECNOLOGÍAS Y SERVICIOS DE SALUD; Y OTROS ELEMENTOS COMPLEMENTARIOS PARA LA ATENCIÓN DEL USUARIO";0103;FALTA DE OPORTUNIDAD EN LA AUTORIZACIÓN DE TECNOLOGÍAS EN SALUD Y OTROS ELEMENTOS COMPLEMENTARIOS PARA LA ATENCIÓN DEL USUARIO;010301;FALTA DE OPORTUNIDAD EN LA AUTORIZACIÓN DE TECNOLOGÍAS EN SALUD Y/O DE OTROS SERVICIOS;01030102;MEDICAMENTOS NO UPC;;;ENFERMEDADES NEUROLÓGICAS;EPILEPSIA;EPILEPSIA;No aplica;PRIORIZADO
99;2023;7;Web;54;54001;US- 000002229787;Otro;MUJER;51;DE 50 A 62 AÑOS;No Aplica;Contributivo;No Aplica;No Aplica;54;54001;COOSALUD;RÉGIMEN CONTRIBUTIVO;EPS042;COOSALUD;54;54001;01;"BARRERAS EN EL ACCESO A TECNOLOGÍAS Y SERVICIOS DE SALUD; Y OTROS ELEMENTOS COMPLEMENTARIOS PARA LA ATENCIÓN DEL USUARIO";0101;FALTA DE OPORTUNIDAD EN LA PRESTACIÓN DE TECNOLOGÍAS EN SALUD Y OTROS ELEMENTOS COMPLEMENTARIOS PARA LA ATENCIÓN DEL USUARIO;010102;FALTA DE OPORTUNIDAD PARA SERVICIOS DE COMPLEMENTACIÓN TERAPÉUTICA;01010201;TERAPIA FÍSICA;;;PROBLEMAS RELACIONADOS CON FACILIDADES DE ATENCIÓN MÉDICA U OTROS SERVICIOS DE SALUD;PROBLEMAS RELACIONADOS CON FACILIDADES DE ATENCIÓN MÉDICA U OTROS SERVICIOS DE SALUD;PROBLEMAS RELACIONADOS CON FACILIDADES DE ATENCIÓN MEDICA U OTROS SERVICIOS DE SALUD;No aplica;SIMPLE
100;2023;7;Web;73;73268;US- 000000318996;A nombre propio;MUJER;37;DE 30 A 37 AÑOS;No Aplica;Contributivo;No Aplica;No Aplica;73;73268;SALUD TOTAL;RÉGIMEN CONTRIBUTIVO;EPS002;SALUD TOTAL;73;73268;01;"BARRERAS EN EL ACCESO A TECNOLOGÍAS Y SERVICIOS DE SALUD; Y OTROS ELEMENTOS COMPLEMENTARIOS PARA LA ATENCIÓN DEL USUARIO";0101;FALTA DE OPORTUNIDAD EN LA PRESTACIÓN DE TECNOLOGÍAS EN SALUD Y OTROS ELEMENTOS COMPLEMENTARIOS PARA LA ATENCIÓN DEL USUARIO;010101;FALTA DE OPORTUNIDAD EN LAS CITAS O CONSULTAS;01010101;MEDICINA GENERAL;;;PROBLEMAS RELACIONADOS CON FACILIDADES DE ATENCIÓN MÉDICA U OTROS SERVICIOS DE SALUD;PROBLEMAS RELACIONADOS CON FACILIDADES DE ATENCIÓN MÉDICA U OTROS SERVICIOS DE SALUD;FIEBRE RECURRENTE, NO ESPECIFICADA;No aplica;SIMPLE
101;2023;7;Web;05;05212;US- 000002862953;A nombre propio;MUJER;63;MAYOR DE 63 AÑOS ;No Aplica;Contributivo;No Aplica;No Aplica;05;05212;NUEVA EPS;RÉGIMEN CONTRIBUTIVO;EPS037;NUEVA EPS;05;05212;01;"BARRERAS EN EL ACCESO A TECNOLOGÍAS Y SERVICIOS DE SALUD; Y OTROS ELEMENTOS COMPLEMENTARIOS PARA LA ATENCIÓN DEL USUARIO";0101;FALTA DE OPORTUNIDAD EN LA PRESTACIÓN DE TECNOLOGÍAS EN SALUD Y OTROS ELEMENTOS COMPLEMENTARIOS PARA LA ATENCIÓN DEL USUARIO;010103;FALTA DE OPORTUNIDAD EN LA ATENCIÓN EN OTROS SERVICIOS DE SALUD;01010309;PROCEDIMIENTOS QUIRÚRGICOS;01010309003;OTROS PROCEDIMIENTOS QUIRÚRGICOS;PROBLEMAS RELACIONADOS CON FACILIDADES DE ATENCIÓN MÉDICA U OTROS SERVICIOS DE SALUD;PROBLEMAS RELACIONADOS CON FACILIDADES DE ATENCIÓN MÉDICA U OTROS SERVICIOS DE SALUD;ADHERENCIAS PERITONEALES PÉLVICAS FEMENINAS;No aplica;SIMPLE
102;2023;7;Web;08;08001;US- 000000210616;A nombre propio;MUJER;54;DE 50 A 62 AÑOS;No Aplica;Contributivo;Afrocolombiano o Afrodescendiente;No Aplica;08;08001;SALUD TOTAL;RÉGIMEN CONTRIBUTIVO;EPS002;SALUD TOTAL;08;08758;01;"BARRERAS EN EL ACCESO A TECNOLOGÍAS Y SERVICIOS DE SALUD; Y OTROS ELEMENTOS COMPLEMENTARIOS PARA LA ATENCIÓN DEL USUARIO";0101;FALTA DE OPORTUNIDAD EN LA PRESTACIÓN DE TECNOLOGÍAS EN SALUD Y OTROS ELEMENTOS COMPLEMENTARIOS PARA LA ATENCIÓN DEL USUARIO;010104;FALTA DE OPORTUNIDAD EN LA ENTREGA O ENTREGA INCOMPLETA DE TECNOLOGÍAS EN SALUD Y/O PRESTACIÓN DE OTROS SERVICIOS;01010401;MEDICAMENTOS UPC;;;CÁNCER ;OTROS;TUMOR MALIGNO DE LA GLÁNDULA TIROIDES;No aplica;PRIORIZADO
103;2023;7;Web;13;13001;US- 000001422160;Otro;MUJER;25;DE 25 A 29 AÑOS;No Aplica;Subsidiado;No Aplica;No Aplica;13;13001;MUTUAL SER;RÉGIMEN SUBSIDIADO;ESS207;MUTUAL SER;13;13001;01;"BARRERAS EN EL ACCESO A TECNOLOGÍAS Y SERVICIOS DE SALUD; Y OTROS ELEMENTOS COMPLEMENTARIOS PARA LA ATENCIÓN DEL USUARIO";0101;FALTA DE OPORTUNIDAD EN LA PRESTACIÓN DE TECNOLOGÍAS EN SALUD Y OTROS ELEMENTOS COMPLEMENTARIOS PARA LA ATENCIÓN DEL USUARIO;010101;FALTA DE OPORTUNIDAD EN LAS CITAS O CONSULTAS;01010103;ESPECIALIDADES MÉDICAS ;01010103002;ANESTESIOLOGÍA;ENFERMEDADES CRÓNICAS NO TRANSMISIBLES –RENALES;IRC-ENFERMEDAD RENAL;ENFERMEDAD RENAL HIPERTENSIVA CON INSUFICIENCIA RENAL;No aplica;SIMPLE
104;2023;7;Web;66;66001;US- 000003303941;A nombre propio;MUJER;55;DE 50 A 62 AÑOS;No Aplica;Subsidiado;No Aplica;Desplazado;66;66001;SANITAS;RÉGIMEN CONTRIBUTIVO;EPS005;SANITAS;66;66001;01;"BARRERAS EN EL ACCESO A TECNOLOGÍAS Y SERVICIOS DE SALUD; Y OTROS ELEMENTOS COMPLEMENTARIOS PARA LA ATENCIÓN DEL USUARIO";0101;FALTA DE OPORTUNIDAD EN LA PRESTACIÓN DE TECNOLOGÍAS EN SALUD Y OTROS ELEMENTOS COMPLEMENTARIOS PARA LA ATENCIÓN DEL USUARIO;010101;FALTA DE OPORTUNIDAD EN LAS CITAS O CONSULTAS;01010103;ESPECIALIDADES MÉDICAS ;01010103053;HEPATOLOGÍA;PROBLEMAS RELACIONADOS CON FACILIDADES DE ATENCIÓN MÉDICA U OTROS SERVICIOS DE SALUD;PROBLEMAS RELACIONADOS CON FACILIDADES DE ATENCIÓN MÉDICA U OTROS SERVICIOS DE SALUD;OTRAS CIRROSIS DEL HIGADO Y LA NO ESPECIFICADAS;No aplica;SIMPLE
105;2023;7;Web;25;25269;US- 000003271679;Madre;MUJER;8;DE 6 A 12 AÑOS;No Aplica;Subsidiado;No Aplica;No Aplica;25;25269;FAMISANAR;RÉGIMEN CONTRIBUTIVO;EPS017;FAMISANAR;25;25269;01;"BARRERAS EN EL ACCESO A TECNOLOGÍAS Y SERVICIOS DE SALUD; Y OTROS ELEMENTOS COMPLEMENTARIOS PARA LA ATENCIÓN DEL USUARIO";0101;FALTA DE OPORTUNIDAD EN LA PRESTACIÓN DE TECNOLOGÍAS EN SALUD Y OTROS ELEMENTOS COMPLEMENTARIOS PARA LA ATENCIÓN DEL USUARIO;010104;FALTA DE OPORTUNIDAD EN LA ENTREGA O ENTREGA INCOMPLETA DE TECNOLOGÍAS EN SALUD Y/O PRESTACIÓN DE OTROS SERVICIOS;01010402;MEDICAMENTOS NO UPC;;;VIH SIDA Y OTRAS ET SEXUAL;VIH SIDA;ENFERMEDAD POR VIRUS DE LA INMUNODEFICIENCIA HUMANA (VIH), SIN OTRA ESPECIFICACIÓN;Diagnóstico y manejo del paciente infectado por VIH;RIESGO VITAL
106;2023;7;Web;11;11001;US- 000002967056;A nombre propio;HOMBRE;0;DE 0 A 5 AÑOS;No Aplica;Contributivo;No Aplica;No Aplica;11;11001;COMPENSAR;RÉGIMEN CONTRIBUTIVO;EPS008;COMPENSAR;11;11001;04;INSATISFACCIÓN DEL USUARIO CON EL PROCESO ADMINISTRATIVO;0402;DIFICULTAD EN LA COMUNICACIÓN CON LAS LÍNEAS Y/O CANALES DE ATENCIÓN;040201;DIFICULTAD DE COMUNICACIÓN CON LOS CANALES DE ATENCIÓN AL USUARIO;04020102;PÁGINA WEB (OFICINA VIRTUAL, FORMULARIO, OTROS);;;PROBLEMAS RELACIONADOS CON FACILIDADES DE ATENCIÓN MÉDICA U OTROS SERVICIOS DE SALUD;PROBLEMAS RELACIONADOS CON FACILIDADES DE ATENCIÓN MÉDICA U OTROS SERVICIOS DE SALUD;PROBLEMAS RELACIONADOS CON FACILIDADES DE ATENCIÓN MEDICA U OTROS SERVICIOS DE SALUD;No aplica;SIMPLE
107;2023;7;Web;05;05631;US- 000001981142;Hijo (A);HOMBRE;70;MAYOR DE 63 AÑOS ;No Aplica;Contributivo;No Aplica;No Aplica;17;17001;SALUD TOTAL;RÉGIMEN CONTRIBUTIVO;EPS002;SALUD TOTAL;17;17001;01;"BARRERAS EN EL ACCESO A TECNOLOGÍAS Y SERVICIOS DE SALUD; Y OTROS ELEMENTOS COMPLEMENTARIOS PARA LA ATENCIÓN DEL USUARIO";0101;FALTA DE OPORTUNIDAD EN LA PRESTACIÓN DE TECNOLOGÍAS EN SALUD Y OTROS ELEMENTOS COMPLEMENTARIOS PARA LA ATENCIÓN DEL USUARIO;010103;FALTA DE OPORTUNIDAD EN LA ATENCIÓN EN OTROS SERVICIOS DE SALUD;01010302;HOSPITALIZACIÓN;;;CÁNCER ;LEUCEMIA MIELOIDE AGUDA;LEUCEMIA MIELOIDE AGUDA;No aplica;RIESGO VITAL
108;2023;7;Web;73;73001;US- 000000466907;Madre;HOMBRE;9;DE 6 A 12 AÑOS;No Aplica;Contributivo;No Aplica;No Aplica;73;73001;SALUD TOTAL;RÉGIMEN CONTRIBUTIVO;EPS002;SALUD TOTAL;73;73001;01;"BARRERAS EN EL ACCESO A TECNOLOGÍAS Y SERVICIOS DE SALUD; Y OTROS ELEMENTOS COMPLEMENTARIOS PARA LA ATENCIÓN DEL USUARIO";0103;FALTA DE OPORTUNIDAD EN LA AUTORIZACIÓN DE TECNOLOGÍAS EN SALUD Y OTROS ELEMENTOS COMPLEMENTARIOS PARA LA ATENCIÓN DEL USUARIO;010304;FALTA DE OPORTUNIDAD EN LA AUTORIZACIÓN DE OTROS SERVICIOS DE SALUD;01030409;PROCEDIMIENTOS QUIRÚRGICOS;01030409003;OTROS PROCEDIMIENTOS QUIRÚRGICOS;PROBLEMAS RELACIONADOS CON FACILIDADES DE ATENCIÓN MÉDICA U OTROS SERVICIOS DE SALUD;PROBLEMAS RELACIONADOS CON FACILIDADES DE ATENCIÓN MÉDICA U OTROS SERVICIOS DE SALUD;CALACIO [CHALAZIÓN];No aplica;SIMPLE
109;2023;7;Web;05;05088;US- 000003311467;A nombre propio;HOMBRE;37;DE 30 A 37 AÑOS;No Aplica;Contributivo;Afrocolombiano o Afrodescendiente;No Aplica;05;05088;SURAMERICANA EPS;RÉGIMEN CONTRIBUTIVO;EPS010;EPS SURA;05;05088;01;"BARRERAS EN EL ACCESO A TECNOLOGÍAS Y SERVICIOS DE SALUD; Y OTROS ELEMENTOS COMPLEMENTARIOS PARA LA ATENCIÓN DEL USUARIO";0101;FALTA DE OPORTUNIDAD EN LA PRESTACIÓN DE TECNOLOGÍAS EN SALUD Y OTROS ELEMENTOS COMPLEMENTARIOS PARA LA ATENCIÓN DEL USUARIO;010101;FALTA DE OPORTUNIDAD EN LAS CITAS O CONSULTAS;01010103;ESPECIALIDADES MÉDICAS ;01010103071;NEUROCIRUGÍA;ENFERMEDADES OSTEOARTICULARES;OTROS;TRASTORNO DE DISCO LUMBAR Y OTROS, CON RADICULOPATÍA;No aplica;SIMPLE
110;2023;7;Web;76;76001;US- 000000470587;A nombre propio;HOMBRE;17;DE 13 A 17 AÑOS;No Aplica;Contributivo;No Aplica;No Aplica;76;76001;SURAMERICANA EPS;RÉGIMEN CONTRIBUTIVO;EPS010;EPS SURA;76;76001;01;"BARRERAS EN EL ACCESO A TECNOLOGÍAS Y SERVICIOS DE SALUD; Y OTROS ELEMENTOS COMPLEMENTARIOS PARA LA ATENCIÓN DEL USUARIO";0103;FALTA DE OPORTUNIDAD EN LA AUTORIZACIÓN DE TECNOLOGÍAS EN SALUD Y OTROS ELEMENTOS COMPLEMENTARIOS PARA LA ATENCIÓN DEL USUARIO;010304;FALTA DE OPORTUNIDAD EN LA AUTORIZACIÓN DE OTROS SERVICIOS DE SALUD;01030409;PROCEDIMIENTOS QUIRÚRGICOS;01030409003;OTROS PROCEDIMIENTOS QUIRÚRGICOS;PROBLEMAS RELACIONADOS CON FACILIDADES DE ATENCIÓN MÉDICA U OTROS SERVICIOS DE SALUD;PROBLEMAS RELACIONADOS CON FACILIDADES DE ATENCIÓN MÉDICA U OTROS SERVICIOS DE SALUD;PROBLEMAS RELACIONADOS CON FACILIDADES DE ATENCIÓN MEDICA U OTROS SERVICIOS DE SALUD;No aplica;SIMPLE
111;2023;7;Web;76;76520;US- 000002906547;A nombre propio;HOMBRE;44;DE 38 A 49 AÑOS;No Aplica;Contributivo;No Aplica;No Aplica;76;76520;COMFENALCO VALLE;RÉGIMEN CONTRIBUTIVO;EPS012;COMFENALCO  VALLE;76;76520;01;"BARRERAS EN EL ACCESO A TECNOLOGÍAS Y SERVICIOS DE SALUD; Y OTROS ELEMENTOS COMPLEMENTARIOS PARA LA ATENCIÓN DEL USUARIO";0103;FALTA DE OPORTUNIDAD EN LA AUTORIZACIÓN DE TECNOLOGÍAS EN SALUD Y OTROS ELEMENTOS COMPLEMENTARIOS PARA LA ATENCIÓN DEL USUARIO;010304;FALTA DE OPORTUNIDAD EN LA AUTORIZACIÓN DE OTROS SERVICIOS DE SALUD;01030409;PROCEDIMIENTOS QUIRÚRGICOS;01030409003;OTROS PROCEDIMIENTOS QUIRÚRGICOS;ENFERMEDADES OSTEOARTICULARES;OTROS;OTROS ESTADOS POSTQUIRÚRGICOS ESPECIFICADOS;No aplica;PRIORIZADO
112;2023;7;Web;76;76001;US- 000002189842;A nombre propio;HOMBRE;81;MAYOR DE 63 AÑOS ;No Aplica;Contributivo;Afrocolombiano o Afrodescendiente;No Aplica;76;76001;NUEVA EPS;RÉGIMEN CONTRIBUTIVO;EPS037;NUEVA EPS;76;76001;01;"BARRERAS EN EL ACCESO A TECNOLOGÍAS Y SERVICIOS DE SALUD; Y OTROS ELEMENTOS COMPLEMENTARIOS PARA LA ATENCIÓN DEL USUARIO";0101;FALTA DE OPORTUNIDAD EN LA PRESTACIÓN DE TECNOLOGÍAS EN SALUD Y OTROS ELEMENTOS COMPLEMENTARIOS PARA LA ATENCIÓN DEL USUARIO;010101;FALTA DE OPORTUNIDAD EN LAS CITAS O CONSULTAS;01010101;MEDICINA GENERAL;;;ENFERMEDADES CRÓNICAS NO TRASMISIBLES CARDIOVASCULARES;HTA (HIPERTENSIÓN ARTERIAL);HIPERTENSIÓN ESENCIAL (PRIMARIA);No aplica;SIMPLE
113;2023;7;Web;11;11001;US- 000003309131;A nombre propio;HOMBRE;54;DE 50 A 62 AÑOS;No Aplica;Contributivo;No Aplica;No Aplica;11;11001;SALUD TOTAL;RÉGIMEN CONTRIBUTIVO;EPS002;SALUD TOTAL;25;25473;04;INSATISFACCIÓN DEL USUARIO CON EL PROCESO ADMINISTRATIVO;0402;DIFICULTAD EN LA COMUNICACIÓN CON LAS LÍNEAS Y/O CANALES DE ATENCIÓN;040201;DIFICULTAD DE COMUNICACIÓN CON LOS CANALES DE ATENCIÓN AL USUARIO;04020101;TELEFÓNICO;;;PROBLEMAS RELACIONADOS CON FACILIDADES DE ATENCIÓN MÉDICA U OTROS SERVICIOS DE SALUD;PROBLEMAS RELACIONADOS CON FACILIDADES DE ATENCIÓN MÉDICA U OTROS SERVICIOS DE SALUD;PROBLEMAS RELACIONADOS CON FACILIDADES DE ATENCIÓN MEDICA U OTROS SERVICIOS DE SALUD;No aplica;SIMPLE
114;2023;7;Web;05;05088;US- 000003300092;A nombre propio;MUJER;52;DE 50 A 62 AÑOS;Secundaria;Contributivo;No Aplica;No Aplica;05;05088;NUEVA EPS;RÉGIMEN CONTRIBUTIVO;EPS037;NUEVA EPS;05;05088;01;"BARRERAS EN EL ACCESO A TECNOLOGÍAS Y SERVICIOS DE SALUD; Y OTROS ELEMENTOS COMPLEMENTARIOS PARA LA ATENCIÓN DEL USUARIO";0101;FALTA DE OPORTUNIDAD EN LA PRESTACIÓN DE TECNOLOGÍAS EN SALUD Y OTROS ELEMENTOS COMPLEMENTARIOS PARA LA ATENCIÓN DEL USUARIO;010101;FALTA DE OPORTUNIDAD EN LAS CITAS O CONSULTAS;01010103;ESPECIALIDADES MÉDICAS ;01010103094;UROLOGÍA;PROBLEMAS RELACIONADOS CON FACILIDADES DE ATENCIÓN MÉDICA U OTROS SERVICIOS DE SALUD;PROBLEMAS RELACIONADOS CON FACILIDADES DE ATENCIÓN MÉDICA U OTROS SERVICIOS DE SALUD;CALCULO DE LA VESÍCULA BILIAR SIN COLECISTITIS;No aplica;SIMPLE
115;2023;7;Web;11;11001;US- 000003265355;A nombre propio;HOMBRE;27;DE 25 A 29 AÑOS;Secundaria;Subsidiado;No Aplica;No Aplica;11;11001;FAMISANAR;RÉGIMEN CONTRIBUTIVO;EPS017;FAMISANAR;11;11001;01;"BARRERAS EN EL ACCESO A TECNOLOGÍAS Y SERVICIOS DE SALUD; Y OTROS ELEMENTOS COMPLEMENTARIOS PARA LA ATENCIÓN DEL USUARIO";0101;FALTA DE OPORTUNIDAD EN LA PRESTACIÓN DE TECNOLOGÍAS EN SALUD Y OTROS ELEMENTOS COMPLEMENTARIOS PARA LA ATENCIÓN DEL USUARIO;010102;FALTA DE OPORTUNIDAD PARA SERVICIOS DE COMPLEMENTACIÓN TERAPÉUTICA;01010209;OTRAS TERAPIAS;;;SALUD ORAL;SALUD ORAL;OTRAS CARIES DENTALES;No aplica;SIMPLE
116;2023;7;Web;25;25772;US- 000002683791;A nombre propio;MUJER;33;DE 30 A 37 AÑOS;No Aplica;Contributivo;No Aplica;No Aplica;25;25772;FAMISANAR;RÉGIMEN CONTRIBUTIVO;EPS017;FAMISANAR;25;25772;04;INSATISFACCIÓN DEL USUARIO CON EL PROCESO ADMINISTRATIVO;0404;INSATISFACCIÓN RELACIONADA CON TRÁMITES ADMINISTRATIVOS;040401;RESTRICCIÓN EN LA LIBRE ESCOGENCIA;04040102;PRESTADOR DE SERVICIO DE SALUD;;;PROBLEMAS RELACIONADOS CON FACILIDADES DE ATENCIÓN MÉDICA U OTROS SERVICIOS DE SALUD;PROBLEMAS RELACIONADOS CON FACILIDADES DE ATENCIÓN MÉDICA U OTROS SERVICIOS DE SALUD;PROBLEMAS RELACIONADOS CON FACILIDADES DE ATENCIÓN MEDICA U OTROS SERVICIOS DE SALUD;No aplica;SIMPLE
117;2023;7;Web;11;11001;US- 000002368140;A nombre propio;MUJER;35;DE 30 A 37 AÑOS;No Aplica;Contributivo;No Aplica;No Aplica;11;11001;SANITAS;RÉGIMEN CONTRIBUTIVO;EPS005;SANITAS;11;11001;01;"BARRERAS EN EL ACCESO A TECNOLOGÍAS Y SERVICIOS DE SALUD; Y OTROS ELEMENTOS COMPLEMENTARIOS PARA LA ATENCIÓN DEL USUARIO";0101;FALTA DE OPORTUNIDAD EN LA PRESTACIÓN DE TECNOLOGÍAS EN SALUD Y OTROS ELEMENTOS COMPLEMENTARIOS PARA LA ATENCIÓN DEL USUARIO;010101;FALTA DE OPORTUNIDAD EN LAS CITAS O CONSULTAS;01010103;ESPECIALIDADES MÉDICAS ;01010103002;ANESTESIOLOGÍA;PROBLEMAS RELACIONADOS CON FACILIDADES DE ATENCIÓN MÉDICA U OTROS SERVICIOS DE SALUD;PROBLEMAS RELACIONADOS CON FACILIDADES DE ATENCIÓN MÉDICA U OTROS SERVICIOS DE SALUD;OBSERVACIÓN POR SOSPECHA DE OTRAS ENFERMEDADES Y AFECCIONES;No aplica;PRIORIZADO
118;2023;7;Web;05;05129;US- 000001804282;A nombre propio;MUJER;36;DE 30 A 37 AÑOS;No Aplica;Contributivo;No Aplica;No Aplica;05;05129;SURAMERICANA EPS;RÉGIMEN CONTRIBUTIVO;EPS010;EPS SURA;05;05030;01;"BARRERAS EN EL ACCESO A TECNOLOGÍAS Y SERVICIOS DE SALUD; Y OTROS ELEMENTOS COMPLEMENTARIOS PARA LA ATENCIÓN DEL USUARIO";0101;FALTA DE OPORTUNIDAD EN LA PRESTACIÓN DE TECNOLOGÍAS EN SALUD Y OTROS ELEMENTOS COMPLEMENTARIOS PARA LA ATENCIÓN DEL USUARIO;010101;FALTA DE OPORTUNIDAD EN LAS CITAS O CONSULTAS;01010103;ESPECIALIDADES MÉDICAS ;01010103078;ORTOPEDIA Y TRAUMATOLOGÍA;ENFERMEDADES OSTEOARTICULARES;OTROS;FRACTURA DE OTRO DEDO DE LA MANO;No aplica;SIMPLE
119;2023;7;Web;25;25817;US- 000000252970;A nombre propio;MUJER;50;DE 50 A 62 AÑOS;No Aplica;Contributivo;No Aplica;No Aplica;25;25817;NUEVA EPS;RÉGIMEN CONTRIBUTIVO;EPS037;NUEVA EPS;25;25817;01;"BARRERAS EN EL ACCESO A TECNOLOGÍAS Y SERVICIOS DE SALUD; Y OTROS ELEMENTOS COMPLEMENTARIOS PARA LA ATENCIÓN DEL USUARIO";0101;FALTA DE OPORTUNIDAD EN LA PRESTACIÓN DE TECNOLOGÍAS EN SALUD Y OTROS ELEMENTOS COMPLEMENTARIOS PARA LA ATENCIÓN DEL USUARIO;010101;FALTA DE OPORTUNIDAD EN LAS CITAS O CONSULTAS;01010103;ESPECIALIDADES MÉDICAS ;01010103039;ENDOCRINOLOGÍA;PROBLEMAS RELACIONADOS CON FACILIDADES DE ATENCIÓN MÉDICA U OTROS SERVICIOS DE SALUD;PROBLEMAS RELACIONADOS CON FACILIDADES DE ATENCIÓN MÉDICA U OTROS SERVICIOS DE SALUD;OTROS TRASTORNOS DEL EQUILIBRIO DE LOS ELECTROLITOS Y DE LOS LÍQUIDOS, NO CLASIFICADOS EN OTRA PARTE;No aplica;PRIORIZADO
120;2023;7;Web;68;68547;US- 000003289865;A nombre propio;MUJER;60;DE 50 A 62 AÑOS;No Aplica;Contributivo;No Aplica;No Aplica;68;68547;SALUD TOTAL;RÉGIMEN CONTRIBUTIVO;EPS002;SALUD TOTAL;68;68547;01;"BARRERAS EN EL ACCESO A TECNOLOGÍAS Y SERVICIOS DE SALUD; Y OTROS ELEMENTOS COMPLEMENTARIOS PARA LA ATENCIÓN DEL USUARIO";0101;FALTA DE OPORTUNIDAD EN LA PRESTACIÓN DE TECNOLOGÍAS EN SALUD Y OTROS ELEMENTOS COMPLEMENTARIOS PARA LA ATENCIÓN DEL USUARIO;010104;FALTA DE OPORTUNIDAD EN LA ENTREGA O ENTREGA INCOMPLETA DE TECNOLOGÍAS EN SALUD Y/O PRESTACIÓN DE OTROS SERVICIOS;01010401;MEDICAMENTOS UPC;;;SALUD MENTAL;OTROS TRASTORNOS MENTALES;TRASTORNO AFECTIVO BIPOLAR, NO ESPECIFICADO;No aplica;PRIORIZADO
121;2023;7;Web;73;73873;US- 000003275434;Padre;MUJER;3;DE 0 A 5 AÑOS;No Aplica;Subsidiado;No Aplica;No Aplica;73;73873;SALUD TOTAL;RÉGIMEN CONTRIBUTIVO;EPS002;SALUD TOTAL;73;73001;01;"BARRERAS EN EL ACCESO A TECNOLOGÍAS Y SERVICIOS DE SALUD; Y OTROS ELEMENTOS COMPLEMENTARIOS PARA LA ATENCIÓN DEL USUARIO";0101;FALTA DE OPORTUNIDAD EN LA PRESTACIÓN DE TECNOLOGÍAS EN SALUD Y OTROS ELEMENTOS COMPLEMENTARIOS PARA LA ATENCIÓN DEL USUARIO;010101;FALTA DE OPORTUNIDAD EN LAS CITAS O CONSULTAS;01010103;ESPECIALIDADES MÉDICAS ;01010103080;OTORRINOLARINGOLOGÍA;MATERNO INFANTIL;ATENCIÓN NIÑOS MENORES DE 5 AÑOS;MASTOIDITIS AGUDA;No aplica;PRIORIZADO
122;2023;7;Web;11;11001;US- 000002990155;A nombre propio;MUJER;25;DE 25 A 29 AÑOS;No Aplica;Contributivo;No Aplica;No Aplica;11;11001;NUEVA EPS;RÉGIMEN CONTRIBUTIVO;EPS037;NUEVA EPS;11;11001;01;"BARRERAS EN EL ACCESO A TECNOLOGÍAS Y SERVICIOS DE SALUD; Y OTROS ELEMENTOS COMPLEMENTARIOS PARA LA ATENCIÓN DEL USUARIO";0103;FALTA DE OPORTUNIDAD EN LA AUTORIZACIÓN DE TECNOLOGÍAS EN SALUD Y OTROS ELEMENTOS COMPLEMENTARIOS PARA LA ATENCIÓN DEL USUARIO;010302;FALTA DE OPORTUNIDAD EN LA AUTORIZACIÓN DE CITAS DE CONSULTA;01030203;ESPECIALIDADES MÉDICAS ;01030203024;CIRUGÍA MAXILOFACIAL;PROBLEMAS RELACIONADOS CON FACILIDADES DE ATENCIÓN MÉDICA U OTROS SERVICIOS DE SALUD;PROBLEMAS RELACIONADOS CON FACILIDADES DE ATENCIÓN MÉDICA U OTROS SERVICIOS DE SALUD;OTRAS ENFERMEDADES ESPECIFICADAS DE LOS MAXILARES;No aplica;SIMPLE
123;2023;7;Telefónico;13;13468;US- 000003269714;Madre;MUJER;4;DE 0 A 5 AÑOS;Ninguno;Contributivo;No Aplica;No Aplica;13;13468;FAMISANAR;RÉGIMEN CONTRIBUTIVO;EPS017;FAMISANAR;13;13001;01;"BARRERAS EN EL ACCESO A TECNOLOGÍAS Y SERVICIOS DE SALUD; Y OTROS ELEMENTOS COMPLEMENTARIOS PARA LA ATENCIÓN DEL USUARIO";0101;FALTA DE OPORTUNIDAD EN LA PRESTACIÓN DE TECNOLOGÍAS EN SALUD Y OTROS ELEMENTOS COMPLEMENTARIOS PARA LA ATENCIÓN DEL USUARIO;010101;FALTA DE OPORTUNIDAD EN LAS CITAS O CONSULTAS;01010103;ESPECIALIDADES MÉDICAS ;01010103082;PEDIATRÍA;MATERNO INFANTIL;ATENCIÓN NIÑOS MENORES DE 5 AÑOS;INFECCIÓN DE VÍAS URINARIAS, SITIO NO ESPECIFICADO;No aplica;SIMPLE
124;2023;7;Telefónico;50;50450;US- 000003284928;Otro;MUJER;72;MAYOR DE 63 AÑOS ;Primaria;Contributivo;No Aplica;No Aplica;50;50450;NUEVA EPS;RÉGIMEN CONTRIBUTIVO;EPS037;NUEVA EPS;11;11001;04;INSATISFACCIÓN DEL USUARIO CON EL PROCESO ADMINISTRATIVO;0404;INSATISFACCIÓN RELACIONADA CON TRÁMITES ADMINISTRATIVOS;040405;INCONSISTENCIA CON TRASLADOS DEL MUNICIPIO DE LA AFILIACIÓN Y SOLICITUDES DE MOVILIDAD O PORTABILIDAD;04040503;DEMORA EN LA PORTABILIDAD;;;PROBLEMAS RELACIONADOS CON FACILIDADES DE ATENCIÓN MÉDICA U OTROS SERVICIOS DE SALUD;PROBLEMAS RELACIONADOS CON FACILIDADES DE ATENCIÓN MÉDICA U OTROS SERVICIOS DE SALUD;PROBLEMAS RELACIONADOS CON FACILIDADES DE ATENCIÓN MEDICA U OTROS SERVICIOS DE SALUD;No aplica;SIMPLE
125;2023;7;Personalizado;68;68001;US- 000001667006;A nombre propio;MUJER;48;DE 38 A 49 AÑOS;Universitario Incompleto;Contributivo;No Aplica;No Aplica;68;68001;SURAMERICANA EPS;RÉGIMEN CONTRIBUTIVO;EPS010;EPS SURA;68;68001;01;"BARRERAS EN EL ACCESO A TECNOLOGÍAS Y SERVICIOS DE SALUD; Y OTROS ELEMENTOS COMPLEMENTARIOS PARA LA ATENCIÓN DEL USUARIO";0101;FALTA DE OPORTUNIDAD EN LA PRESTACIÓN DE TECNOLOGÍAS EN SALUD Y OTROS ELEMENTOS COMPLEMENTARIOS PARA LA ATENCIÓN DEL USUARIO;010101;FALTA DE OPORTUNIDAD EN LAS CITAS O CONSULTAS;01010103;ESPECIALIDADES MÉDICAS ;01010103075;OFTALMOLOGÍA;PROBLEMAS RELACIONADOS CON FACILIDADES DE ATENCIÓN MÉDICA U OTROS SERVICIOS DE SALUD;PROBLEMAS RELACIONADOS CON FACILIDADES DE ATENCIÓN MÉDICA U OTROS SERVICIOS DE SALUD;HIPERMETROPÍA;No aplica;SIMPLE
126;2023;7;Web;05;05001;US- 000000766456;Madre;HOMBRE;3;DE 0 A 5 AÑOS;No Aplica;Contributivo;No Aplica;No Aplica;05;05360;SURAMERICANA EPS;RÉGIMEN CONTRIBUTIVO;EPS010;EPS SURA;05;05001;01;"BARRERAS EN EL ACCESO A TECNOLOGÍAS Y SERVICIOS DE SALUD; Y OTROS ELEMENTOS COMPLEMENTARIOS PARA LA ATENCIÓN DEL USUARIO";0101;FALTA DE OPORTUNIDAD EN LA PRESTACIÓN DE TECNOLOGÍAS EN SALUD Y OTROS ELEMENTOS COMPLEMENTARIOS PARA LA ATENCIÓN DEL USUARIO;010101;FALTA DE OPORTUNIDAD EN LAS CITAS O CONSULTAS;01010102;ODONTOLOGÍA GENERAL;;;SALUD ORAL;SALUD ORAL;PROBLEMAS RELACIONADOS CON FACILIDADES DE ATENCIÓN MEDICA U OTROS SERVICIOS DE SALUD;No aplica;SIMPLE
127;2023;7;Web;25;25875;US- 000003302872;Otro;MUJER;62;DE 50 A 62 AÑOS;No Aplica;Subsidiado;No Aplica;No Aplica;25;25875;NUEVA EPS;RÉGIMEN SUBSIDIADO;EPSS41;NUEVA EPS;25;25875;01;"BARRERAS EN EL ACCESO A TECNOLOGÍAS Y SERVICIOS DE SALUD; Y OTROS ELEMENTOS COMPLEMENTARIOS PARA LA ATENCIÓN DEL USUARIO";0101;FALTA DE OPORTUNIDAD EN LA PRESTACIÓN DE TECNOLOGÍAS EN SALUD Y OTROS ELEMENTOS COMPLEMENTARIOS PARA LA ATENCIÓN DEL USUARIO;010105;FALTA DE OPORTUNIDAD EN EL PROCESO DE REFERENCIA Y CONTRARREFERENCIA;;;;;PROBLEMAS RELACIONADOS CON FACILIDADES DE ATENCIÓN MÉDICA U OTROS SERVICIOS DE SALUD;PROBLEMAS RELACIONADOS CON FACILIDADES DE ATENCIÓN MÉDICA U OTROS SERVICIOS DE SALUD;OTROS PROBLEMAS RELACIONADOS CON SERVICIOS MÉDICOS Y DE SALUD;No aplica;RIESGO VITAL
128;2023;7;Personalizado;68;68001;US- 000003295359;Hijo (A);MUJER;74;MAYOR DE 63 AÑOS ;Primaria;Contributivo;No Aplica;No Aplica;68;68001;NUEVA EPS;RÉGIMEN CONTRIBUTIVO;EPS037;NUEVA EPS;68;68001;01;"BARRERAS EN EL ACCESO A TECNOLOGÍAS Y SERVICIOS DE SALUD; Y OTROS ELEMENTOS COMPLEMENTARIOS PARA LA ATENCIÓN DEL USUARIO";0101;FALTA DE OPORTUNIDAD EN LA PRESTACIÓN DE TECNOLOGÍAS EN SALUD Y OTROS ELEMENTOS COMPLEMENTARIOS PARA LA ATENCIÓN DEL USUARIO;010101;FALTA DE OPORTUNIDAD EN LAS CITAS O CONSULTAS;01010103;ESPECIALIDADES MÉDICAS ;01010103029;CIRUGÍA VASCULAR;PROBLEMAS RELACIONADOS CON FACILIDADES DE ATENCIÓN MÉDICA U OTROS SERVICIOS DE SALUD;PROBLEMAS RELACIONADOS CON FACILIDADES DE ATENCIÓN MÉDICA U OTROS SERVICIOS DE SALUD;INFECCIÓN LOCAL DE LA PIEL Y DEL TEJIDO SUBCUTÁNEO, NO ESPECIFICADA;No aplica;SIMPLE
129;2023;7;Web;05;05313;US- 000003285896;A nombre propio;MUJER;88;MAYOR DE 63 AÑOS ;No Aplica;Subsidiado;No Aplica;No Aplica;05;05313;SAVIA SALUD;RÉGIMEN SUBSIDIADO;EPSS40;SAVIA SALUD EPS;05;05313;01;"BARRERAS EN EL ACCESO A TECNOLOGÍAS Y SERVICIOS DE SALUD; Y OTROS ELEMENTOS COMPLEMENTARIOS PARA LA ATENCIÓN DEL USUARIO";0101;FALTA DE OPORTUNIDAD EN LA PRESTACIÓN DE TECNOLOGÍAS EN SALUD Y OTROS ELEMENTOS COMPLEMENTARIOS PARA LA ATENCIÓN DEL USUARIO;010104;FALTA DE OPORTUNIDAD EN LA ENTREGA O ENTREGA INCOMPLETA DE TECNOLOGÍAS EN SALUD Y/O PRESTACIÓN DE OTROS SERVICIOS;01010401;MEDICAMENTOS UPC;;;ENFERMEDADES OSTEOARTICULARES;OTROS;OSTEOPOROSIS POSTMENOPÁUSICA, SIN FRACTURA PATOLÓGICA;No aplica;SIMPLE
130;2023;7;Web;76;76147;US- 000000475131;Otro;HOMBRE;14;DE 13 A 17 AÑOS;Ninguno;Subsidiado;No Aplica;Persona con discapacidad;76;76147;SOS -SERVICIO OCCIDENTAL DE SALUD;RÉGIMEN CONTRIBUTIVO;EPS018;SERVICIO OCCIDENTAL DE SALUD (SOS);76;76147;01;"BARRERAS EN EL ACCESO A TECNOLOGÍAS Y SERVICIOS DE SALUD; Y OTROS ELEMENTOS COMPLEMENTARIOS PARA LA ATENCIÓN DEL USUARIO";0101;FALTA DE OPORTUNIDAD EN LA PRESTACIÓN DE TECNOLOGÍAS EN SALUD Y OTROS ELEMENTOS COMPLEMENTARIOS PARA LA ATENCIÓN DEL USUARIO;010101;FALTA DE OPORTUNIDAD EN LAS CITAS O CONSULTAS;01010105;PSICOLOGÍA;;;ENFERMEDADES OSTEOARTICULARES;NEUROLÓGICAS;AUTISMO ATÍPICO;No aplica;PRIORIZADO
131;2023;7;Chat;05;05088;US- 000001320466;A nombre propio;HOMBRE;31;DE 30 A 37 AÑOS;Ninguno;Contributivo;No Aplica;No Aplica;05;05088;SALUD TOTAL;RÉGIMEN CONTRIBUTIVO;EPS002;SALUD TOTAL;05;05088;01;"BARRERAS EN EL ACCESO A TECNOLOGÍAS Y SERVICIOS DE SALUD; Y OTROS ELEMENTOS COMPLEMENTARIOS PARA LA ATENCIÓN DEL USUARIO";0101;FALTA DE OPORTUNIDAD EN LA PRESTACIÓN DE TECNOLOGÍAS EN SALUD Y OTROS ELEMENTOS COMPLEMENTARIOS PARA LA ATENCIÓN DEL USUARIO;010104;FALTA DE OPORTUNIDAD EN LA ENTREGA O ENTREGA INCOMPLETA DE TECNOLOGÍAS EN SALUD Y/O PRESTACIÓN DE OTROS SERVICIOS;01010401;MEDICAMENTOS UPC;;;PROBLEMAS RELACIONADOS CON FACILIDADES DE ATENCIÓN MÉDICA U OTROS SERVICIOS DE SALUD;PROBLEMAS RELACIONADOS CON FACILIDADES DE ATENCIÓN MÉDICA U OTROS SERVICIOS DE SALUD;INFECCIÓN DE VÍAS URINARIAS, SITIO NO ESPECIFICADO;No aplica;SIMPLE
132;2023;7;Personalizado;76;76109;US- 000001456118;A nombre propio;HOMBRE;61;DE 50 A 62 AÑOS;Primaria Incompleta;Subsidiado;No Aplica;Desplazado;76;76109;COOSALUD;RÉGIMEN SUBSIDIADO;ESS024;COOSALUD;76;76109;04;INSATISFACCIÓN DEL USUARIO CON EL PROCESO ADMINISTRATIVO;0404;INSATISFACCIÓN RELACIONADA CON TRÁMITES ADMINISTRATIVOS;040401;RESTRICCIÓN EN LA LIBRE ESCOGENCIA;04040102;PRESTADOR DE SERVICIO DE SALUD;;;REEMPLAZOS ARTICULARES PROSTÉTICOS DE CADERA O DE RODILLA;REEMPLAZOS ARTICULARES PROSTÉTICOS DE CADERA O DE RODILLA;GONARTROSIS PRIMARIA, BILATERAL;Reemplazos articulares;SIMPLE
133;2023;7;Web;11;11001;US- 000003298122;A nombre propio;MUJER;67;MAYOR DE 63 AÑOS ;No Aplica;Contributivo;No Aplica;No Aplica;11;11001;FAMISANAR;RÉGIMEN CONTRIBUTIVO;EPS017;FAMISANAR;11;11001;04;INSATISFACCIÓN DEL USUARIO CON EL PROCESO ADMINISTRATIVO;0404;INSATISFACCIÓN RELACIONADA CON TRÁMITES ADMINISTRATIVOS;040403;INCONSISTENCIAS EN LA AFILIACIÓN;04040303;SUSPENSIÓN POR MORA ;;;PROBLEMAS RELACIONADOS CON FACILIDADES DE ATENCIÓN MÉDICA U OTROS SERVICIOS DE SALUD;PROBLEMAS RELACIONADOS CON FACILIDADES DE ATENCIÓN MÉDICA U OTROS SERVICIOS DE SALUD;PROBLEMAS RELACIONADOS CON FACILIDADES DE ATENCIÓN MEDICA U OTROS SERVICIOS DE SALUD;No aplica;SIMPLE
134;2023;7;Correo;76;76001;US- 000002606636;A nombre propio;HOMBRE;46;DE 38 A 49 AÑOS;No Aplica;Contributivo;No Aplica;No Aplica;76;76001;NUEVA EPS;RÉGIMEN CONTRIBUTIVO;EPS037;NUEVA EPS;76;76001;04;INSATISFACCIÓN DEL USUARIO CON EL PROCESO ADMINISTRATIVO;0405;PROBLEMAS EN EL RECONOCIMIENTO Y/O PAGO DE PRESTACIONES ECONÓMICAS;040501;NO RECONOCIMIENTO Y/O PAGO DE LAS PRESTACIONES ECONÓMICAS;04050107;INCAPACIDAD DE ENFERMEDAD GENERAL;;;PROBLEMAS RELACIONADOS CON FACILIDADES DE ATENCIÓN MÉDICA U OTROS SERVICIOS DE SALUD;PROBLEMAS RELACIONADOS CON FACILIDADES DE ATENCIÓN MÉDICA U OTROS SERVICIOS DE SALUD;MIELOPATÍA EN ENFERMEDADES CLASIFICADAS EN OTRA PARTE;No aplica;SIMPLE
135;2023;7;Escrito;76;76001;US- 000003257283;Hijo (A);HOMBRE;51;DE 50 A 62 AÑOS;No Aplica;Contributivo;No Aplica;Persona con discapacidad;76;76001;COMFENALCO VALLE;RÉGIMEN CONTRIBUTIVO;EPS012;COMFENALCO  VALLE;76;76001;01;"BARRERAS EN EL ACCESO A TECNOLOGÍAS Y SERVICIOS DE SALUD; Y OTROS ELEMENTOS COMPLEMENTARIOS PARA LA ATENCIÓN DEL USUARIO";0101;FALTA DE OPORTUNIDAD EN LA PRESTACIÓN DE TECNOLOGÍAS EN SALUD Y OTROS ELEMENTOS COMPLEMENTARIOS PARA LA ATENCIÓN DEL USUARIO;010101;FALTA DE OPORTUNIDAD EN LAS CITAS O CONSULTAS;01010101;MEDICINA GENERAL;;;ENFERMEDADES OSTEOARTICULARES;NEUROLÓGICAS;INFARTO CEREBRAL;No aplica;SIMPLE
136;2023;7;Escrito;11;11001;US- 000002977251;Otro;HOMBRE;0;DE 0 A 5 AÑOS;No Aplica;Contributivo;No Aplica;No Aplica;11;11001;SURAMERICANA EPS;RÉGIMEN CONTRIBUTIVO;EPS010;EPS SURA;11;11001;01;"BARRERAS EN EL ACCESO A TECNOLOGÍAS Y SERVICIOS DE SALUD; Y OTROS ELEMENTOS COMPLEMENTARIOS PARA LA ATENCIÓN DEL USUARIO";0103;FALTA DE OPORTUNIDAD EN LA AUTORIZACIÓN DE TECNOLOGÍAS EN SALUD Y OTROS ELEMENTOS COMPLEMENTARIOS PARA LA ATENCIÓN DEL USUARIO;010304;FALTA DE OPORTUNIDAD EN LA AUTORIZACIÓN DE OTROS SERVICIOS DE SALUD;01030402;HOSPITALIZACIÓN;;;PROBLEMAS RELACIONADOS CON FACILIDADES DE ATENCIÓN MÉDICA U OTROS SERVICIOS DE SALUD;PROBLEMAS RELACIONADOS CON FACILIDADES DE ATENCIÓN MÉDICA U OTROS SERVICIOS DE SALUD;PERSONA EN CONTACTO CON LOS SERVICIOS DE SALUD EN OTRAS CIRCUNSTANCIAS ESPECIFICADAS;No aplica;SIMPLE
137;2023;7;Web;81;81300;US- 000003283664;Cónyuge;HOMBRE;52;DE 50 A 62 AÑOS;No Aplica;Subsidiado;No Aplica;No Aplica;81;81300;NUEVA EPS;RÉGIMEN SUBSIDIADO;EPSS41;NUEVA EPS;81;81300;01;"BARRERAS EN EL ACCESO A TECNOLOGÍAS Y SERVICIOS DE SALUD; Y OTROS ELEMENTOS COMPLEMENTARIOS PARA LA ATENCIÓN DEL USUARIO";0101;FALTA DE OPORTUNIDAD EN LA PRESTACIÓN DE TECNOLOGÍAS EN SALUD Y OTROS ELEMENTOS COMPLEMENTARIOS PARA LA ATENCIÓN DEL USUARIO;010101;FALTA DE OPORTUNIDAD EN LAS CITAS O CONSULTAS;01010103;ESPECIALIDADES MÉDICAS ;01010103071;NEUROCIRUGÍA;PROBLEMAS RELACIONADOS CON FACILIDADES DE ATENCIÓN MÉDICA U OTROS SERVICIOS DE SALUD;PROBLEMAS RELACIONADOS CON FACILIDADES DE ATENCIÓN MÉDICA U OTROS SERVICIOS DE SALUD;LUMBAGO CON CIÁTICA;No aplica;SIMPLE
138;2023;7;Telefónico;05;05001;US- 000002526067;A nombre propio;MUJER;39;DE 38 A 49 AÑOS;Universitario;Contributivo;No Aplica;No Aplica;05;05001;SURAMERICANA EPS;RÉGIMEN CONTRIBUTIVO;EPS010;EPS SURA;05;05001;01;"BARRERAS EN EL ACCESO A TECNOLOGÍAS Y SERVICIOS DE SALUD; Y OTROS ELEMENTOS COMPLEMENTARIOS PARA LA ATENCIÓN DEL USUARIO";0101;FALTA DE OPORTUNIDAD EN LA PRESTACIÓN DE TECNOLOGÍAS EN SALUD Y OTROS ELEMENTOS COMPLEMENTARIOS PARA LA ATENCIÓN DEL USUARIO;010101;FALTA DE OPORTUNIDAD EN LAS CITAS O CONSULTAS;01010103;ESPECIALIDADES MÉDICAS ;01010103002;ANESTESIOLOGÍA;PROBLEMAS RELACIONADOS CON FACILIDADES DE ATENCIÓN MÉDICA U OTROS SERVICIOS DE SALUD;PROBLEMAS RELACIONADOS CON FACILIDADES DE ATENCIÓN MÉDICA U OTROS SERVICIOS DE SALUD;LEIOMIOMA DEL ÚTERO, SIN OTRA ESPECIFICACIÓN;No aplica;SIMPLE
139;2023;7;Web;11;11001;US- 000003296986;Otro;MUJER;46;DE 38 A 49 AÑOS;No Aplica;Subsidiado;No Aplica;No Aplica;50;50313;FAMISANAR;RÉGIMEN CONTRIBUTIVO;EPS017;FAMISANAR;50;50313;01;"BARRERAS EN EL ACCESO A TECNOLOGÍAS Y SERVICIOS DE SALUD; Y OTROS ELEMENTOS COMPLEMENTARIOS PARA LA ATENCIÓN DEL USUARIO";0101;FALTA DE OPORTUNIDAD EN LA PRESTACIÓN DE TECNOLOGÍAS EN SALUD Y OTROS ELEMENTOS COMPLEMENTARIOS PARA LA ATENCIÓN DEL USUARIO;010105;FALTA DE OPORTUNIDAD EN EL PROCESO DE REFERENCIA Y CONTRARREFERENCIA;;;;;CÁNCER ;CÁNCER GÁSTRICO;TUMOR MALIGNO DEL FUNDUS GÁSTRICO;Quimioterapia y radioterapia para el cáncer;RIESGO VITAL
140;2023;7;Telefónico;76;76520;US- 000003282491;Hijo (A);HOMBRE;72;MAYOR DE 63 AÑOS ;Primaria;Subsidiado;No Aplica;No Aplica;76;76520;NUEVA EPS;RÉGIMEN SUBSIDIADO;EPSS41;NUEVA EPS;76;76520;01;"BARRERAS EN EL ACCESO A TECNOLOGÍAS Y SERVICIOS DE SALUD; Y OTROS ELEMENTOS COMPLEMENTARIOS PARA LA ATENCIÓN DEL USUARIO";0101;FALTA DE OPORTUNIDAD EN LA PRESTACIÓN DE TECNOLOGÍAS EN SALUD Y OTROS ELEMENTOS COMPLEMENTARIOS PARA LA ATENCIÓN DEL USUARIO;010101;FALTA DE OPORTUNIDAD EN LAS CITAS O CONSULTAS;01010103;ESPECIALIDADES MÉDICAS ;01010103094;UROLOGÍA;PROBLEMAS RELACIONADOS CON FACILIDADES DE ATENCIÓN MÉDICA U OTROS SERVICIOS DE SALUD;PROBLEMAS RELACIONADOS CON FACILIDADES DE ATENCIÓN MÉDICA U OTROS SERVICIOS DE SALUD;HIPERPLASIA DE LA PRÓSTATA;No aplica;SIMPLE
141;2023;7;Telefónico;19;19001;US- 000002221917;A nombre propio;MUJER;39;DE 38 A 49 AÑOS;No Aplica;No aplica;No Aplica;No Aplica;19;19001;POSITIVA;ADMINISTRADORAS DE RIESGOS LABORALES;ARL002;ARL - POSITIVA;19;19001;01;"BARRERAS EN EL ACCESO A TECNOLOGÍAS Y SERVICIOS DE SALUD; Y OTROS ELEMENTOS COMPLEMENTARIOS PARA LA ATENCIÓN DEL USUARIO";0101;FALTA DE OPORTUNIDAD EN LA PRESTACIÓN DE TECNOLOGÍAS EN SALUD Y OTROS ELEMENTOS COMPLEMENTARIOS PARA LA ATENCIÓN DEL USUARIO;010101;FALTA DE OPORTUNIDAD EN LAS CITAS O CONSULTAS;01010103;ESPECIALIDADES MÉDICAS ;01010103080;OTORRINOLARINGOLOGÍA;ENFERMEDADES CRÓNICAS NO TRANSMISIBLES- FACTORES DE RIESGO;MEDICIÓN DE FACTORES DE RIESGO;SÍNDROME SECO [SJÖGREN];No aplica;SIMPLE
142;2023;7;Personalizado;15;15204;US- 000003296702;A nombre propio;MUJER;69;MAYOR DE 63 AÑOS ;Ninguno;Subsidiado;No Aplica;No Aplica;15;15204;COOSALUD;RÉGIMEN SUBSIDIADO;ESS024;COOSALUD;15;15204;01;"BARRERAS EN EL ACCESO A TECNOLOGÍAS Y SERVICIOS DE SALUD; Y OTROS ELEMENTOS COMPLEMENTARIOS PARA LA ATENCIÓN DEL USUARIO";0101;FALTA DE OPORTUNIDAD EN LA PRESTACIÓN DE TECNOLOGÍAS EN SALUD Y OTROS ELEMENTOS COMPLEMENTARIOS PARA LA ATENCIÓN DEL USUARIO;010103;FALTA DE OPORTUNIDAD EN LA ATENCIÓN EN OTROS SERVICIOS DE SALUD;01010309;PROCEDIMIENTOS QUIRÚRGICOS;01010309003;OTROS PROCEDIMIENTOS QUIRÚRGICOS;REEMPLAZOS ARTICULARES PROSTÉTICOS DE CADERA O DE RODILLA;REEMPLAZOS ARTICULARES PROSTÉTICOS DE CADERA O DE RODILLA;OTRAS BURSITIS DE LA CADERA;Reemplazos articulares;PRIORIZADO
143;2023;7;Web;47;47189;US- 000000504262;A nombre propio;HOMBRE;58;DE 50 A 62 AÑOS;No Aplica;Régimen Especial;No Aplica;No Aplica;47;47189;MAGISTERIO;REGÍMENES DE EXCEPCIÓN Y ESPECIALES;REMG01;MAGISTERIO;47;47189;01;"BARRERAS EN EL ACCESO A TECNOLOGÍAS Y SERVICIOS DE SALUD; Y OTROS ELEMENTOS COMPLEMENTARIOS PARA LA ATENCIÓN DEL USUARIO";0101;FALTA DE OPORTUNIDAD EN LA PRESTACIÓN DE TECNOLOGÍAS EN SALUD Y OTROS ELEMENTOS COMPLEMENTARIOS PARA LA ATENCIÓN DEL USUARIO;010101;FALTA DE OPORTUNIDAD EN LAS CITAS O CONSULTAS;01010101;MEDICINA GENERAL;;;PROBLEMAS RELACIONADOS CON FACILIDADES DE ATENCIÓN MÉDICA U OTROS SERVICIOS DE SALUD;PROBLEMAS RELACIONADOS CON FACILIDADES DE ATENCIÓN MÉDICA U OTROS SERVICIOS DE SALUD;OTROS PROBLEMAS RELACIONADOS CON SERVICIOS MÉDICOS Y DE SALUD;No aplica;SIMPLE
144;2023;7;Escrito;25;25295;US- 000003271816;Otro;MUJER;16;DE 13 A 17 AÑOS;No Aplica;Contributivo;No Aplica;No Aplica;25;25817;FAMISANAR;RÉGIMEN CONTRIBUTIVO;EPS017;FAMISANAR;25;25817;04;INSATISFACCIÓN DEL USUARIO CON EL PROCESO ADMINISTRATIVO;0404;INSATISFACCIÓN RELACIONADA CON TRÁMITES ADMINISTRATIVOS;040401;RESTRICCIÓN EN LA LIBRE ESCOGENCIA;04040101;EPS;;;PROBLEMAS RELACIONADOS CON FACILIDADES DE ATENCIÓN MÉDICA U OTROS SERVICIOS DE SALUD;PROBLEMAS RELACIONADOS CON FACILIDADES DE ATENCIÓN MÉDICA U OTROS SERVICIOS DE SALUD;PROBLEMAS RELACIONADOS CON FACILIDADES DE ATENCIÓN MEDICA U OTROS SERVICIOS DE SALUD;No aplica;SIMPLE
145;2023;7;Web;11;11001;US- 000003287077;A nombre propio;MUJER;64;MAYOR DE 63 AÑOS ;No Aplica;Contributivo;No Aplica;No Aplica;11;11001;SANITAS;RÉGIMEN CONTRIBUTIVO;EPS005;SANITAS;11;11001;01;"BARRERAS EN EL ACCESO A TECNOLOGÍAS Y SERVICIOS DE SALUD; Y OTROS ELEMENTOS COMPLEMENTARIOS PARA LA ATENCIÓN DEL USUARIO";0101;FALTA DE OPORTUNIDAD EN LA PRESTACIÓN DE TECNOLOGÍAS EN SALUD Y OTROS ELEMENTOS COMPLEMENTARIOS PARA LA ATENCIÓN DEL USUARIO;010101;FALTA DE OPORTUNIDAD EN LAS CITAS O CONSULTAS;01010103;ESPECIALIDADES MÉDICAS ;01010103076;ONCOLOGÍA;CÁNCER ;OTROS;TUMOR MALIGNO DEL CEREBELO;No aplica;PRIORIZADO
146;2023;7;Web;05;05001;US- 000003287563;A nombre propio;MUJER;71;MAYOR DE 63 AÑOS ;No Aplica;Contributivo;No Aplica;No Aplica;05;05001;SURAMERICANA EPS;RÉGIMEN CONTRIBUTIVO;EPS010;EPS SURA;05;05001;01;"BARRERAS EN EL ACCESO A TECNOLOGÍAS Y SERVICIOS DE SALUD; Y OTROS ELEMENTOS COMPLEMENTARIOS PARA LA ATENCIÓN DEL USUARIO";0101;FALTA DE OPORTUNIDAD EN LA PRESTACIÓN DE TECNOLOGÍAS EN SALUD Y OTROS ELEMENTOS COMPLEMENTARIOS PARA LA ATENCIÓN DEL USUARIO;010101;FALTA DE OPORTUNIDAD EN LAS CITAS O CONSULTAS;01010102;ODONTOLOGÍA GENERAL;;;PROBLEMAS RELACIONADOS CON FACILIDADES DE ATENCIÓN MÉDICA U OTROS SERVICIOS DE SALUD;PROBLEMAS RELACIONADOS CON FACILIDADES DE ATENCIÓN MÉDICA U OTROS SERVICIOS DE SALUD;PROBLEMAS RELACIONADOS CON FACILIDADES DE ATENCIÓN MEDICA U OTROS SERVICIOS DE SALUD;No aplica;SIMPLE
147;2023;7;Web;13;13001;US- 000001567402;A nombre propio;MUJER;39;DE 38 A 49 AÑOS;No Aplica;No aplica;No Aplica;No Aplica;13;13001;SAP EMERMEDICA;EMPRESAS DE MEDICINA PREPAGADA;SAP026;EMERMEDICA S.A. SERVICIOS DE AMBULANCIA PREPAGADOS;13;13001;02;INSATISFACCIÓN RELACIONADA CON LA ATENCIÓN EN SALUD;0201;INSATISFACCIÓN RELACIONADA CON LA ATENCIÓN EN SALUD POR FALTA DE OPORTUNIDAD;020101;INSATISFACCIÓN POR FALTA DE OPORTUNIDAD EN LA ATENCIÓN POR PARTE DEL PERSONAL DE SALUD;02010108;ATENCIÓN DOMICILIARIA;;;CÁNCER ;OTROS;TUMOR MALIGNO DEL OVARIO;No aplica;PRIORIZADO
148;2023;7;Web;68;68001;US- 000003275183;A nombre propio;MUJER;32;DE 30 A 37 AÑOS;No Aplica;Contributivo;Afrocolombiano o Afrodescendiente;No Aplica;68;68001;SALUD TOTAL;RÉGIMEN CONTRIBUTIVO;EPS002;SALUD TOTAL;68;68001;04;INSATISFACCIÓN DEL USUARIO CON EL PROCESO ADMINISTRATIVO;0405;PROBLEMAS EN EL RECONOCIMIENTO Y/O PAGO DE PRESTACIONES ECONÓMICAS;040501;NO RECONOCIMIENTO Y/O PAGO DE LAS PRESTACIONES ECONÓMICAS;04050101;LICENCIA DE MATERNIDAD;;;PROBLEMAS RELACIONADOS CON FACILIDADES DE ATENCIÓN MÉDICA U OTROS SERVICIOS DE SALUD;PROBLEMAS RELACIONADOS CON FACILIDADES DE ATENCIÓN MÉDICA U OTROS SERVICIOS DE SALUD;PROBLEMAS RELACIONADOS CON FACILIDADES DE ATENCIÓN MEDICA U OTROS SERVICIOS DE SALUD;No aplica;SIMPLE
149;2023;7;Web;20;20001;US- 000003301178;A nombre propio;MUJER;44;DE 38 A 49 AÑOS;No Aplica;Contributivo;Afrocolombiano o Afrodescendiente;No Aplica;20;20001;SALUD TOTAL;RÉGIMEN CONTRIBUTIVO;EPS002;SALUD TOTAL;20;20001;01;"BARRERAS EN EL ACCESO A TECNOLOGÍAS Y SERVICIOS DE SALUD; Y OTROS ELEMENTOS COMPLEMENTARIOS PARA LA ATENCIÓN DEL USUARIO";0101;FALTA DE OPORTUNIDAD EN LA PRESTACIÓN DE TECNOLOGÍAS EN SALUD Y OTROS ELEMENTOS COMPLEMENTARIOS PARA LA ATENCIÓN DEL USUARIO;010104;FALTA DE OPORTUNIDAD EN LA ENTREGA O ENTREGA INCOMPLETA DE TECNOLOGÍAS EN SALUD Y/O PRESTACIÓN DE OTROS SERVICIOS;01010401;MEDICAMENTOS UPC;;;PROBLEMAS RELACIONADOS CON FACILIDADES DE ATENCIÓN MÉDICA U OTROS SERVICIOS DE SALUD;PROBLEMAS RELACIONADOS CON FACILIDADES DE ATENCIÓN MÉDICA U OTROS SERVICIOS DE SALUD;OTRAS INFECCIONES VÍRICAS CARACTERIZADAS POR LESIONES DE LA PIEL Y DE LAS MEMBRANAS MUCOSAS, NO CLASIFICADAS EN OTRA PARTE;No aplica;SIMPLE
150;2023;7;Web;11;11001;US- 000003287083;A nombre propio;MUJER;61;DE 50 A 62 AÑOS;No Aplica;Contributivo;No Aplica;No Aplica;11;11001;ALIANSALUD;RÉGIMEN CONTRIBUTIVO;EPS001;ALIANSALUD;11;11001;01;"BARRERAS EN EL ACCESO A TECNOLOGÍAS Y SERVICIOS DE SALUD; Y OTROS ELEMENTOS COMPLEMENTARIOS PARA LA ATENCIÓN DEL USUARIO";0101;FALTA DE OPORTUNIDAD EN LA PRESTACIÓN DE TECNOLOGÍAS EN SALUD Y OTROS ELEMENTOS COMPLEMENTARIOS PARA LA ATENCIÓN DEL USUARIO;010103;FALTA DE OPORTUNIDAD EN LA ATENCIÓN EN OTROS SERVICIOS DE SALUD;01010301;URGENCIAS;;;ENFERMEDADES CRÓNICAS NO TRASMISIBLES CARDIOVASCULARES;HTA (HIPERTENSIÓN ARTERIAL);HIPERTENSIÓN ESENCIAL (PRIMARIA);No aplica;PRIORIZADO
151;2023;7;Telefónico;25;25307;US- 000000532449;Hijo (A);MUJER;85;MAYOR DE 63 AÑOS ;Primaria;Contributivo;No Aplica;Persona con discapacidad;25;25307;FAMISANAR;RÉGIMEN CONTRIBUTIVO;EPS017;FAMISANAR;25;25307;03;INSATISFACCIÓN RELACIONADA CON INFRAESTRUCTURA Y LOGÍSTICA;0302;INSATISFACCIÓN RELACIONADA CON PROCESOS LOGÍSTICOS QUE AFECTAN LA CALIDAD EN SALUD;030201;INSATISFACCIÓN RELACIONADA CON FALLAS EN EL MANEJO, ALMACENAMIENTO Y/O DISPENSACIÓN DE MEDICAMENTOS Y DISPOSITIVOS MÉDICOS;03020105;ENTREGA ERRADA DE MEDICAMENTO ;;;ENFERMEDADES OSTEOARTICULARES;OTROS;OSTEOPETROSIS;No aplica;SIMPLE
152;2023;7;Web;08;08296;US- 000003307340;A nombre propio;HOMBRE;64;MAYOR DE 63 AÑOS ;Ninguno;Subsidiado;No Aplica;Persona con discapacidad;08;08296;MUTUAL SER;RÉGIMEN SUBSIDIADO;ESS207;MUTUAL SER;08;08001;01;"BARRERAS EN EL ACCESO A TECNOLOGÍAS Y SERVICIOS DE SALUD; Y OTROS ELEMENTOS COMPLEMENTARIOS PARA LA ATENCIÓN DEL USUARIO";0101;FALTA DE OPORTUNIDAD EN LA PRESTACIÓN DE TECNOLOGÍAS EN SALUD Y OTROS ELEMENTOS COMPLEMENTARIOS PARA LA ATENCIÓN DEL USUARIO;010104;FALTA DE OPORTUNIDAD EN LA ENTREGA O ENTREGA INCOMPLETA DE TECNOLOGÍAS EN SALUD Y/O PRESTACIÓN DE OTROS SERVICIOS;01010401;MEDICAMENTOS UPC;;;PROBLEMAS RELACIONADOS CON FACILIDADES DE ATENCIÓN MÉDICA U OTROS SERVICIOS DE SALUD;PROBLEMAS RELACIONADOS CON FACILIDADES DE ATENCIÓN MÉDICA U OTROS SERVICIOS DE SALUD;VENAS VARICOSAS DE LOS MIEMBROS INFERIORES CON ULCERA;No aplica;PRIORIZADO
153;2023;7;Escrito;11;11001;US- 000000805782;A nombre propio;MUJER;19;DE 18 A 24 AÑOS;No Aplica;Contributivo;No Aplica;No Aplica;11;11001;COMPENSAR;RÉGIMEN CONTRIBUTIVO;EPS008;COMPENSAR;11;11001;01;"BARRERAS EN EL ACCESO A TECNOLOGÍAS Y SERVICIOS DE SALUD; Y OTROS ELEMENTOS COMPLEMENTARIOS PARA LA ATENCIÓN DEL USUARIO";0101;FALTA DE OPORTUNIDAD EN LA PRESTACIÓN DE TECNOLOGÍAS EN SALUD Y OTROS ELEMENTOS COMPLEMENTARIOS PARA LA ATENCIÓN DEL USUARIO;010103;FALTA DE OPORTUNIDAD EN LA ATENCIÓN EN OTROS SERVICIOS DE SALUD;01010308;PROCEDIMIENTOS NO QUIRÚRGICOS;01010308002;LABORATORIO CLÍNICO Y ANATOMOPATOLÓGICO;PROBLEMAS RELACIONADOS CON FACILIDADES DE ATENCIÓN MÉDICA U OTROS SERVICIOS DE SALUD;PROBLEMAS RELACIONADOS CON FACILIDADES DE ATENCIÓN MÉDICA U OTROS SERVICIOS DE SALUD;PROBLEMAS RELACIONADOS CON FACILIDADES DE ATENCIÓN MEDICA U OTROS SERVICIOS DE SALUD;No aplica;SIMPLE
154;2023;7;Personalizado;52;52001;US- 000001964397;Amigo (A);HOMBRE;47;DE 38 A 49 AÑOS;Secundaria;Subsidiado;No Aplica;No Aplica;76;76001;SOS -SERVICIO OCCIDENTAL DE SALUD;RÉGIMEN CONTRIBUTIVO;EPS018;SERVICIO OCCIDENTAL DE SALUD (SOS);76;76001;01;"BARRERAS EN EL ACCESO A TECNOLOGÍAS Y SERVICIOS DE SALUD; Y OTROS ELEMENTOS COMPLEMENTARIOS PARA LA ATENCIÓN DEL USUARIO";0101;FALTA DE OPORTUNIDAD EN LA PRESTACIÓN DE TECNOLOGÍAS EN SALUD Y OTROS ELEMENTOS COMPLEMENTARIOS PARA LA ATENCIÓN DEL USUARIO;010105;FALTA DE OPORTUNIDAD EN EL PROCESO DE REFERENCIA Y CONTRARREFERENCIA;;;;;PROBLEMAS RELACIONADOS CON FACILIDADES DE ATENCIÓN MÉDICA U OTROS SERVICIOS DE SALUD;PROBLEMAS RELACIONADOS CON FACILIDADES DE ATENCIÓN MÉDICA U OTROS SERVICIOS DE SALUD;ANEMIA FALCIFORME CON CRISIS;No aplica;RIESGO VITAL
155;2023;7;Web;68;68385;US- 000003304028;A nombre propio;HOMBRE;72;MAYOR DE 63 AÑOS ;Ninguno;Subsidiado;No Aplica;No Aplica;68;68385;NUEVA EPS;RÉGIMEN SUBSIDIADO;EPSS41;NUEVA EPS;68;68385;01;"BARRERAS EN EL ACCESO A TECNOLOGÍAS Y SERVICIOS DE SALUD; Y OTROS ELEMENTOS COMPLEMENTARIOS PARA LA ATENCIÓN DEL USUARIO";0101;FALTA DE OPORTUNIDAD EN LA PRESTACIÓN DE TECNOLOGÍAS EN SALUD Y OTROS ELEMENTOS COMPLEMENTARIOS PARA LA ATENCIÓN DEL USUARIO;010101;FALTA DE OPORTUNIDAD EN LAS CITAS O CONSULTAS;01010103;ESPECIALIDADES MÉDICAS ;01010103094;UROLOGÍA;PROBLEMAS RELACIONADOS CON FACILIDADES DE ATENCIÓN MÉDICA U OTROS SERVICIOS DE SALUD;PROBLEMAS RELACIONADOS CON FACILIDADES DE ATENCIÓN MÉDICA U OTROS SERVICIOS DE SALUD;OTROS TRASTORNOS DE LA PRÓSTATA;No aplica;SIMPLE
156;2023;7;Telefónico;76;76563;US- 000002919841;Cónyuge;HOMBRE;53;DE 50 A 62 AÑOS;Primaria;Subsidiado;No Aplica;Desplazado;76;76563;EMSSANAR EPS;RÉGIMEN SUBSIDIADO;ESS118;EMSSANAR;76;76563;01;"BARRERAS EN EL ACCESO A TECNOLOGÍAS Y SERVICIOS DE SALUD; Y OTROS ELEMENTOS COMPLEMENTARIOS PARA LA ATENCIÓN DEL USUARIO";0101;FALTA DE OPORTUNIDAD EN LA PRESTACIÓN DE TECNOLOGÍAS EN SALUD Y OTROS ELEMENTOS COMPLEMENTARIOS PARA LA ATENCIÓN DEL USUARIO;010104;FALTA DE OPORTUNIDAD EN LA ENTREGA O ENTREGA INCOMPLETA DE TECNOLOGÍAS EN SALUD Y/O PRESTACIÓN DE OTROS SERVICIOS;01010401;MEDICAMENTOS UPC;;;ENFERMEDADES CRÓNICAS NO TRASMISIBLES CARDIOVASCULARES;OTROS;OTRAS ARRITMIAS CARDIACAS;Manejo quirúrgico para enfermedades del corazón;PRIORIZADO
157;2023;7;Telefónico;17;17001;US- 000000058987;Madre;HOMBRE;11;DE 6 A 12 AÑOS;Ninguno;Contributivo;No Aplica;Persona con discapacidad;17;17001;NUEVA EPS;RÉGIMEN CONTRIBUTIVO;EPS037;NUEVA EPS;17;17001;01;"BARRERAS EN EL ACCESO A TECNOLOGÍAS Y SERVICIOS DE SALUD; Y OTROS ELEMENTOS COMPLEMENTARIOS PARA LA ATENCIÓN DEL USUARIO";0101;FALTA DE OPORTUNIDAD EN LA PRESTACIÓN DE TECNOLOGÍAS EN SALUD Y OTROS ELEMENTOS COMPLEMENTARIOS PARA LA ATENCIÓN DEL USUARIO;010101;FALTA DE OPORTUNIDAD EN LAS CITAS O CONSULTAS;01010103;ESPECIALIDADES MÉDICAS ;01010103043;GASTROENTEROLOGÍA PEDIÁTRICA;ENFERMEDADES NEUROLÓGICAS;EPILEPSIA;EPILEPSIA;No aplica;SIMPLE
158;2023;7;Web;50;50001;US- 000000037690;Madre;MUJER;10;DE 6 A 12 AÑOS;No Aplica;Contributivo;No Aplica;Persona con discapacidad;50;50001;SANITAS;RÉGIMEN CONTRIBUTIVO;EPS005;SANITAS;50;50001;01;"BARRERAS EN EL ACCESO A TECNOLOGÍAS Y SERVICIOS DE SALUD; Y OTROS ELEMENTOS COMPLEMENTARIOS PARA LA ATENCIÓN DEL USUARIO";0101;FALTA DE OPORTUNIDAD EN LA PRESTACIÓN DE TECNOLOGÍAS EN SALUD Y OTROS ELEMENTOS COMPLEMENTARIOS PARA LA ATENCIÓN DEL USUARIO;010103;FALTA DE OPORTUNIDAD EN LA ATENCIÓN EN OTROS SERVICIOS DE SALUD;01010305;ATENCIÓN DOMICILIARIA;;;PROBLEMAS RELACIONADOS CON FACILIDADES DE ATENCIÓN MÉDICA U OTROS SERVICIOS DE SALUD;PROBLEMAS RELACIONADOS CON FACILIDADES DE ATENCIÓN MÉDICA U OTROS SERVICIOS DE SALUD;OTROS TRASTORNOS ARTICULARES ESPECÍFICOS;No aplica;PRIORIZADO
159;2023;7;Web;76;76109;US- 000002912168;A nombre propio;MUJER;45;DE 38 A 49 AÑOS;No Aplica;Contributivo;Afrocolombiano o Afrodescendiente;Desplazado;76;76109;COMFENALCO VALLE;RÉGIMEN CONTRIBUTIVO;EPS012;COMFENALCO  VALLE;76;76109;01;"BARRERAS EN EL ACCESO A TECNOLOGÍAS Y SERVICIOS DE SALUD; Y OTROS ELEMENTOS COMPLEMENTARIOS PARA LA ATENCIÓN DEL USUARIO";0103;FALTA DE OPORTUNIDAD EN LA AUTORIZACIÓN DE TECNOLOGÍAS EN SALUD Y OTROS ELEMENTOS COMPLEMENTARIOS PARA LA ATENCIÓN DEL USUARIO;010304;FALTA DE OPORTUNIDAD EN LA AUTORIZACIÓN DE OTROS SERVICIOS DE SALUD;01030408;PROCEDIMIENTOS NO QUIRÚRGICOS;01030408001;IMAGENOLOGÍA;PROBLEMAS RELACIONADOS CON FACILIDADES DE ATENCIÓN MÉDICA U OTROS SERVICIOS DE SALUD;PROBLEMAS RELACIONADOS CON FACILIDADES DE ATENCIÓN MÉDICA U OTROS SERVICIOS DE SALUD;OTROS ESTADOS POSTQUIRÚRGICOS ESPECIFICADOS;No aplica;SIMPLE
160;2023;7;Telefónico;11;11001;US- 000003301678;A nombre propio;MUJER;61;DE 50 A 62 AÑOS;Ninguno;Contributivo;No Aplica;No Aplica;11;11001;SALUD TOTAL;RÉGIMEN CONTRIBUTIVO;EPS002;SALUD TOTAL;11;11001;01;"BARRERAS EN EL ACCESO A TECNOLOGÍAS Y SERVICIOS DE SALUD; Y OTROS ELEMENTOS COMPLEMENTARIOS PARA LA ATENCIÓN DEL USUARIO";0101;FALTA DE OPORTUNIDAD EN LA PRESTACIÓN DE TECNOLOGÍAS EN SALUD Y OTROS ELEMENTOS COMPLEMENTARIOS PARA LA ATENCIÓN DEL USUARIO;010101;FALTA DE OPORTUNIDAD EN LAS CITAS O CONSULTAS;01010103;ESPECIALIDADES MÉDICAS ;01010103080;OTORRINOLARINGOLOGÍA;ENFERMEDADES CRÓNICAS NO TRANSMISIBLES- FACTORES DE RIESGO;MEDICIÓN DE FACTORES DE RIESGO;TRASTORNOS DEL NERVIO AUDITIVO;No aplica;SIMPLE
161;2023;7;Web;54;54001;US- 000003304410;A nombre propio;MUJER;52;DE 50 A 62 AÑOS;No Aplica;Subsidiado;No Aplica;No Aplica;54;54001;NUEVA EPS;RÉGIMEN SUBSIDIADO;EPSS41;NUEVA EPS;54;54001;01;"BARRERAS EN EL ACCESO A TECNOLOGÍAS Y SERVICIOS DE SALUD; Y OTROS ELEMENTOS COMPLEMENTARIOS PARA LA ATENCIÓN DEL USUARIO";0101;FALTA DE OPORTUNIDAD EN LA PRESTACIÓN DE TECNOLOGÍAS EN SALUD Y OTROS ELEMENTOS COMPLEMENTARIOS PARA LA ATENCIÓN DEL USUARIO;010104;FALTA DE OPORTUNIDAD EN LA ENTREGA O ENTREGA INCOMPLETA DE TECNOLOGÍAS EN SALUD Y/O PRESTACIÓN DE OTROS SERVICIOS;01010401;MEDICAMENTOS UPC;;;ENFERMEDADES OSTEOARTICULARES;ARTRITIS REUMATOIDEA;OTRAS ARTRITIS REUMATOIDEAS ESPECIFICADAS;No aplica;SIMPLE
162;2023;7;Web;11;11001;US- 000000804604;A nombre propio;MUJER;33;DE 30 A 37 AÑOS;No Aplica;Contributivo;No Aplica;No Aplica;11;11001;FAMISANAR;RÉGIMEN CONTRIBUTIVO;EPS017;FAMISANAR;11;11001;01;"BARRERAS EN EL ACCESO A TECNOLOGÍAS Y SERVICIOS DE SALUD; Y OTROS ELEMENTOS COMPLEMENTARIOS PARA LA ATENCIÓN DEL USUARIO";0101;FALTA DE OPORTUNIDAD EN LA PRESTACIÓN DE TECNOLOGÍAS EN SALUD Y OTROS ELEMENTOS COMPLEMENTARIOS PARA LA ATENCIÓN DEL USUARIO;010101;FALTA DE OPORTUNIDAD EN LAS CITAS O CONSULTAS;01010101;MEDICINA GENERAL;;;PROBLEMAS RELACIONADOS CON FACILIDADES DE ATENCIÓN MÉDICA U OTROS SERVICIOS DE SALUD;PROBLEMAS RELACIONADOS CON FACILIDADES DE ATENCIÓN MÉDICA U OTROS SERVICIOS DE SALUD;TRAUMATISMO DE TENDÓN Y MUSCULO NO ESPECIFICADOS DE MIEMBRO SUPERIOR, NIVEL NO ESPECIFICADO;Manejo del trauma mayor;SIMPLE
163;2023;7;Telefónico;08;08137;US- 000003286573;Otro;MUJER;62;DE 50 A 62 AÑOS;Primaria;Subsidiado;No Aplica;No Aplica;08;08137;COOSALUD;RÉGIMEN SUBSIDIADO;ESS024;COOSALUD;08;08137;01;"BARRERAS EN EL ACCESO A TECNOLOGÍAS Y SERVICIOS DE SALUD; Y OTROS ELEMENTOS COMPLEMENTARIOS PARA LA ATENCIÓN DEL USUARIO";0101;FALTA DE OPORTUNIDAD EN LA PRESTACIÓN DE TECNOLOGÍAS EN SALUD Y OTROS ELEMENTOS COMPLEMENTARIOS PARA LA ATENCIÓN DEL USUARIO;010105;FALTA DE OPORTUNIDAD EN EL PROCESO DE REFERENCIA Y CONTRARREFERENCIA;;;;;ENFERMEDADES OSTEOARTICULARES;NEUROLÓGICAS;ISQUEMIA CEREBRAL TRANSITORIA, SIN OTRA ESPECIFICACIÓN;No aplica;RIESGO VITAL
164;2023;7;Personalizado;85;85001;US- 000003300643;A nombre propio;MUJER;62;DE 50 A 62 AÑOS;Secundaria;Subsidiado;No Aplica;No Aplica;85;85001;CAPRESOCA;RÉGIMEN SUBSIDIADO;EPS025;CAPRESOCA;85;85001;01;"BARRERAS EN EL ACCESO A TECNOLOGÍAS Y SERVICIOS DE SALUD; Y OTROS ELEMENTOS COMPLEMENTARIOS PARA LA ATENCIÓN DEL USUARIO";0101;FALTA DE OPORTUNIDAD EN LA PRESTACIÓN DE TECNOLOGÍAS EN SALUD Y OTROS ELEMENTOS COMPLEMENTARIOS PARA LA ATENCIÓN DEL USUARIO;010103;FALTA DE OPORTUNIDAD EN LA ATENCIÓN EN OTROS SERVICIOS DE SALUD;01010309;PROCEDIMIENTOS QUIRÚRGICOS;01010309003;OTROS PROCEDIMIENTOS QUIRÚRGICOS;ENFERMEDADES CRÓNICAS NO TRASMISIBLES CARDIOVASCULARES;ENFERMEDAD CARDIOVASCULAR QUE REQUIERA CIRUGÍA;INSUFICIENCIA VENOSA (CRÓNICA) (PERIFÉRICA);No aplica;SIMPLE
165;2023;7;Web;05;05001;US- 000001806992;A nombre propio;HOMBRE;2;DE 0 A 5 AÑOS;No Aplica;Contributivo;No Aplica;No Aplica;05;05001;NUEVA EPS;RÉGIMEN CONTRIBUTIVO;EPS037;NUEVA EPS;05;05001;01;"BARRERAS EN EL ACCESO A TECNOLOGÍAS Y SERVICIOS DE SALUD; Y OTROS ELEMENTOS COMPLEMENTARIOS PARA LA ATENCIÓN DEL USUARIO";0101;FALTA DE OPORTUNIDAD EN LA PRESTACIÓN DE TECNOLOGÍAS EN SALUD Y OTROS ELEMENTOS COMPLEMENTARIOS PARA LA ATENCIÓN DEL USUARIO;010103;FALTA DE OPORTUNIDAD EN LA ATENCIÓN EN OTROS SERVICIOS DE SALUD;01010308;PROCEDIMIENTOS NO QUIRÚRGICOS;01010308006;OTROS PROCEDIMIENTOS NO QUIRÚRGICOS;MATERNO INFANTIL;ATENCIÓN NIÑOS MENORES DE 5 AÑOS;PROBLEMAS RELACIONADOS CON FACILIDADES DE ATENCIÓN MEDICA U OTROS SERVICIOS DE SALUD;No aplica;SIMPLE
166;2023;7;Personalizado;85;85001;US- 000003305963;Cónyuge;HOMBRE;45;DE 38 A 49 AÑOS;Secundaria;Subsidiado;No Aplica;No Aplica;85;85001;CAPRESOCA;RÉGIMEN SUBSIDIADO;EPS025;CAPRESOCA;85;85001;01;"BARRERAS EN EL ACCESO A TECNOLOGÍAS Y SERVICIOS DE SALUD; Y OTROS ELEMENTOS COMPLEMENTARIOS PARA LA ATENCIÓN DEL USUARIO";0101;FALTA DE OPORTUNIDAD EN LA PRESTACIÓN DE TECNOLOGÍAS EN SALUD Y OTROS ELEMENTOS COMPLEMENTARIOS PARA LA ATENCIÓN DEL USUARIO;010101;FALTA DE OPORTUNIDAD EN LAS CITAS O CONSULTAS;01010103;ESPECIALIDADES MÉDICAS ;01010103028;CIRUGÍA PLÁSTICA, ESTÉTICA Y RECONSTRUCTIVA;ENFERMEDADES OSTEOARTICULARES;OTROS;OTROS TRAUMATISMOS DE LA MEDULA ESPINAL CERVICAL Y LOS NO ESPECIFICADOS;No aplica;SIMPLE
167;2023;7;Web;11;11001;US- 000002929543;A nombre propio;HOMBRE;52;DE 50 A 62 AÑOS;No Aplica;Contributivo;No Aplica;No Aplica;11;11001;SURAMERICANA EPS;RÉGIMEN CONTRIBUTIVO;EPS010;EPS SURA;11;11001;01;"BARRERAS EN EL ACCESO A TECNOLOGÍAS Y SERVICIOS DE SALUD; Y OTROS ELEMENTOS COMPLEMENTARIOS PARA LA ATENCIÓN DEL USUARIO";0101;FALTA DE OPORTUNIDAD EN LA PRESTACIÓN DE TECNOLOGÍAS EN SALUD Y OTROS ELEMENTOS COMPLEMENTARIOS PARA LA ATENCIÓN DEL USUARIO;010101;FALTA DE OPORTUNIDAD EN LAS CITAS O CONSULTAS;01010103;ESPECIALIDADES MÉDICAS ;01010103078;ORTOPEDIA Y TRAUMATOLOGÍA;ENFERMEDADES OSTEOARTICULARES;OTROS;FRACTURA DE HUESO DEL METATARSO;No aplica;SIMPLE
168;2023;7;Web;25;25899;US- 000003057316;A nombre propio;HOMBRE;54;DE 50 A 62 AÑOS;No Aplica;Contributivo;No Aplica;No Aplica;25;25899;SALUD TOTAL;RÉGIMEN CONTRIBUTIVO;EPS002;SALUD TOTAL;25;25899;01;"BARRERAS EN EL ACCESO A TECNOLOGÍAS Y SERVICIOS DE SALUD; Y OTROS ELEMENTOS COMPLEMENTARIOS PARA LA ATENCIÓN DEL USUARIO";0101;FALTA DE OPORTUNIDAD EN LA PRESTACIÓN DE TECNOLOGÍAS EN SALUD Y OTROS ELEMENTOS COMPLEMENTARIOS PARA LA ATENCIÓN DEL USUARIO;010101;FALTA DE OPORTUNIDAD EN LAS CITAS O CONSULTAS;01010103;ESPECIALIDADES MÉDICAS ;01010103029;CIRUGÍA VASCULAR;PROBLEMAS RELACIONADOS CON FACILIDADES DE ATENCIÓN MÉDICA U OTROS SERVICIOS DE SALUD;PROBLEMAS RELACIONADOS CON FACILIDADES DE ATENCIÓN MÉDICA U OTROS SERVICIOS DE SALUD;PROBLEMAS RELACIONADOS CON FACILIDADES DE ATENCIÓN MEDICA U OTROS SERVICIOS DE SALUD;No aplica;SIMPLE
169;2023;7;Personalizado;20;20001;US- 000003271044;A nombre propio;HOMBRE;15;DE 13 A 17 AÑOS;Ninguno;Subsidiado;No Aplica;No Aplica;20;20001;CAJACOPI EPS;RÉGIMEN SUBSIDIADO;CCF055;CAJACOPI EPS;20;20001;01;"BARRERAS EN EL ACCESO A TECNOLOGÍAS Y SERVICIOS DE SALUD; Y OTROS ELEMENTOS COMPLEMENTARIOS PARA LA ATENCIÓN DEL USUARIO";0101;FALTA DE OPORTUNIDAD EN LA PRESTACIÓN DE TECNOLOGÍAS EN SALUD Y OTROS ELEMENTOS COMPLEMENTARIOS PARA LA ATENCIÓN DEL USUARIO;010104;FALTA DE OPORTUNIDAD EN LA ENTREGA O ENTREGA INCOMPLETA DE TECNOLOGÍAS EN SALUD Y/O PRESTACIÓN DE OTROS SERVICIOS;01010401;MEDICAMENTOS UPC;;;ENFERMEDADES CRÓNICAS NO TRANSMISIBLES- FACTORES DE RIESGO;MEDICIÓN DE FACTORES DE RIESGO;URTICARIA ALÉRGICA;No aplica;SIMPLE
170;2023;7;Escrito;25;25126;US- 000003301605;A nombre propio;MUJER;61;DE 50 A 62 AÑOS;No Aplica;No aplica;No Aplica;No Aplica;25;25126;COLSANITAS;EMPRESAS DE MEDICINA PREPAGADA;EMP023;COLSANITAS S.A. COMPAA DE MEDICINA PREPAGADA;25;25126;04;INSATISFACCIÓN DEL USUARIO CON EL PROCESO ADMINISTRATIVO;0404;INSATISFACCIÓN RELACIONADA CON TRÁMITES ADMINISTRATIVOS;040404;INCONSISTENCIA RELACIONADA CON COBROS Y/O APORTES;04040406;INCREMENTO DE TARIFAS EN PLANES DE MEDICINA PREPAGADA O PLANES VOLUNTARIOS DE SALUD;;;PROBLEMAS RELACIONADOS CON FACILIDADES DE ATENCIÓN MÉDICA U OTROS SERVICIOS DE SALUD;PROBLEMAS RELACIONADOS CON FACILIDADES DE ATENCIÓN MÉDICA U OTROS SERVICIOS DE SALUD;PROBLEMAS RELACIONADOS CON FACILIDADES DE ATENCIÓN MEDICA U OTROS SERVICIOS DE SALUD;No aplica;SIMPLE
171;2023;7;Escrito;52;52001;US- 000002487302;A nombre propio;MUJER;85;MAYOR DE 63 AÑOS ;No Aplica;Subsidiado;No Aplica;No Aplica;52;52001;EMSSANAR EPS;RÉGIMEN SUBSIDIADO;ESS118;EMSSANAR;52;52001;01;"BARRERAS EN EL ACCESO A TECNOLOGÍAS Y SERVICIOS DE SALUD; Y OTROS ELEMENTOS COMPLEMENTARIOS PARA LA ATENCIÓN DEL USUARIO";0101;FALTA DE OPORTUNIDAD EN LA PRESTACIÓN DE TECNOLOGÍAS EN SALUD Y OTROS ELEMENTOS COMPLEMENTARIOS PARA LA ATENCIÓN DEL USUARIO;010101;FALTA DE OPORTUNIDAD EN LAS CITAS O CONSULTAS;01010103;ESPECIALIDADES MÉDICAS ;01010103072;NEUROLOGÍA;ENFERMEDADES NEUROLÓGICAS;EPILEPSIA;HIPOACUSIA NEUROSENSORIAL, BILATERAL;No aplica;PRIORIZADO
172;2023;7;Correo;68;68679;US- 000003275137;A nombre propio;MUJER;17;DE 13 A 17 AÑOS;No Aplica;Contributivo;No Aplica;No Aplica;68;68679;NUEVA EPS;RÉGIMEN CONTRIBUTIVO;EPS037;NUEVA EPS;68;68679;01;"BARRERAS EN EL ACCESO A TECNOLOGÍAS Y SERVICIOS DE SALUD; Y OTROS ELEMENTOS COMPLEMENTARIOS PARA LA ATENCIÓN DEL USUARIO";0101;FALTA DE OPORTUNIDAD EN LA PRESTACIÓN DE TECNOLOGÍAS EN SALUD Y OTROS ELEMENTOS COMPLEMENTARIOS PARA LA ATENCIÓN DEL USUARIO;010101;FALTA DE OPORTUNIDAD EN LAS CITAS O CONSULTAS;01010103;ESPECIALIDADES MÉDICAS ;01010103013;CIRUGÍA DE MAMA Y TEJIDOS BLANDOS - MASTOLOGÍA;PROBLEMAS RELACIONADOS CON FACILIDADES DE ATENCIÓN MÉDICA U OTROS SERVICIOS DE SALUD;PROBLEMAS RELACIONADOS CON FACILIDADES DE ATENCIÓN MÉDICA U OTROS SERVICIOS DE SALUD;PROBLEMAS RELACIONADOS CON FACILIDADES DE ATENCIÓN MEDICA U OTROS SERVICIOS DE SALUD;No aplica;PRIORIZADO
173;2023;7;Chat;76;76520;US- 000003139772;A nombre propio;MUJER;57;DE 50 A 62 AÑOS;Secundaria;Contributivo;No Aplica;No Aplica;76;76520;SOS -SERVICIO OCCIDENTAL DE SALUD;RÉGIMEN CONTRIBUTIVO;EPS018;SERVICIO OCCIDENTAL DE SALUD (SOS);76;76520;01;"BARRERAS EN EL ACCESO A TECNOLOGÍAS Y SERVICIOS DE SALUD; Y OTROS ELEMENTOS COMPLEMENTARIOS PARA LA ATENCIÓN DEL USUARIO";0101;FALTA DE OPORTUNIDAD EN LA PRESTACIÓN DE TECNOLOGÍAS EN SALUD Y OTROS ELEMENTOS COMPLEMENTARIOS PARA LA ATENCIÓN DEL USUARIO;010101;FALTA DE OPORTUNIDAD EN LAS CITAS O CONSULTAS;01010103;ESPECIALIDADES MÉDICAS ;01010103002;ANESTESIOLOGÍA;CÁNCER ;CÁNCER DE MAMA;TUMOR MALIGNO DE LA MAMA;Quimioterapia y radioterapia para el cáncer;PRIORIZADO
174;2023;7;Web;11;11001;US- 000002565102;A nombre propio;MUJER;37;DE 30 A 37 AÑOS;No Aplica;Contributivo;No Aplica;No Aplica;11;11001;COMPENSAR;RÉGIMEN CONTRIBUTIVO;EPS008;COMPENSAR;11;11001;01;"BARRERAS EN EL ACCESO A TECNOLOGÍAS Y SERVICIOS DE SALUD; Y OTROS ELEMENTOS COMPLEMENTARIOS PARA LA ATENCIÓN DEL USUARIO";0101;FALTA DE OPORTUNIDAD EN LA PRESTACIÓN DE TECNOLOGÍAS EN SALUD Y OTROS ELEMENTOS COMPLEMENTARIOS PARA LA ATENCIÓN DEL USUARIO;010103;FALTA DE OPORTUNIDAD EN LA ATENCIÓN EN OTROS SERVICIOS DE SALUD;01010308;PROCEDIMIENTOS NO QUIRÚRGICOS;01010308001;IMAGENOLOGÍA;PROBLEMAS RELACIONADOS CON FACILIDADES DE ATENCIÓN MÉDICA U OTROS SERVICIOS DE SALUD;PROBLEMAS RELACIONADOS CON FACILIDADES DE ATENCIÓN MÉDICA U OTROS SERVICIOS DE SALUD;OTROS PROBLEMAS RELACIONADOS CON SERVICIOS MÉDICOS Y DE SALUD;No aplica;SIMPLE
175;2023;7;Telefónico;05;05001;US- 000003280081;Otro;MUJER;23;DE 18 A 24 AÑOS;Secundaria;Contributivo;No Aplica;No Aplica;05;05001;SURAMERICANA EPS;RÉGIMEN CONTRIBUTIVO;EPS010;EPS SURA;05;05001;01;"BARRERAS EN EL ACCESO A TECNOLOGÍAS Y SERVICIOS DE SALUD; Y OTROS ELEMENTOS COMPLEMENTARIOS PARA LA ATENCIÓN DEL USUARIO";0101;FALTA DE OPORTUNIDAD EN LA PRESTACIÓN DE TECNOLOGÍAS EN SALUD Y OTROS ELEMENTOS COMPLEMENTARIOS PARA LA ATENCIÓN DEL USUARIO;010105;FALTA DE OPORTUNIDAD EN EL PROCESO DE REFERENCIA Y CONTRARREFERENCIA;;;;;PROBLEMAS RELACIONADOS CON FACILIDADES DE ATENCIÓN MÉDICA U OTROS SERVICIOS DE SALUD;PROBLEMAS RELACIONADOS CON FACILIDADES DE ATENCIÓN MÉDICA U OTROS SERVICIOS DE SALUD;DOLOR EN EL PECHO, NO ESPECIFICADO;No aplica;RIESGO VITAL
176;2023;7;Escrito;66;66001;US- 000003118032;A nombre propio;MUJER;59;DE 50 A 62 AÑOS;No Aplica;Contributivo;No Aplica;No Aplica;66;66001;SOS -SERVICIO OCCIDENTAL DE SALUD;RÉGIMEN CONTRIBUTIVO;EPS018;SERVICIO OCCIDENTAL DE SALUD (SOS);66;66001;01;"BARRERAS EN EL ACCESO A TECNOLOGÍAS Y SERVICIOS DE SALUD; Y OTROS ELEMENTOS COMPLEMENTARIOS PARA LA ATENCIÓN DEL USUARIO";0101;FALTA DE OPORTUNIDAD EN LA PRESTACIÓN DE TECNOLOGÍAS EN SALUD Y OTROS ELEMENTOS COMPLEMENTARIOS PARA LA ATENCIÓN DEL USUARIO;010101;FALTA DE OPORTUNIDAD EN LAS CITAS O CONSULTAS;01010103;ESPECIALIDADES MÉDICAS ;01010103063;MEDICINA INTERNA;PROBLEMAS RELACIONADOS CON FACILIDADES DE ATENCIÓN MÉDICA U OTROS SERVICIOS DE SALUD;PROBLEMAS RELACIONADOS CON FACILIDADES DE ATENCIÓN MÉDICA U OTROS SERVICIOS DE SALUD;EXAMEN ESPECIAL NO ESPECIFICADO;No aplica;SIMPLE
177;2023;7;Web;17;17001;US- 000002784563;A nombre propio;MUJER;82;MAYOR DE 63 AÑOS ;No Aplica;Subsidiado;No Aplica;No Aplica;17;17001;NUEVA EPS;RÉGIMEN CONTRIBUTIVO;EPS037;NUEVA EPS;17;17001;01;"BARRERAS EN EL ACCESO A TECNOLOGÍAS Y SERVICIOS DE SALUD; Y OTROS ELEMENTOS COMPLEMENTARIOS PARA LA ATENCIÓN DEL USUARIO";0101;FALTA DE OPORTUNIDAD EN LA PRESTACIÓN DE TECNOLOGÍAS EN SALUD Y OTROS ELEMENTOS COMPLEMENTARIOS PARA LA ATENCIÓN DEL USUARIO;010101;FALTA DE OPORTUNIDAD EN LAS CITAS O CONSULTAS;01010103;ESPECIALIDADES MÉDICAS ;01010103029;CIRUGÍA VASCULAR;PROBLEMAS RELACIONADOS CON FACILIDADES DE ATENCIÓN MÉDICA U OTROS SERVICIOS DE SALUD;PROBLEMAS RELACIONADOS CON FACILIDADES DE ATENCIÓN MÉDICA U OTROS SERVICIOS DE SALUD;DOLOR, NO ESPECIFICADO;No aplica;SIMPLE
178;2023;7;Web;11;11001;US- 000002216833;A nombre propio;MUJER;39;DE 38 A 49 AÑOS;No Aplica;Contributivo;No Aplica;No Aplica;11;11001;COMPENSAR;RÉGIMEN CONTRIBUTIVO;EPS008;COMPENSAR;11;11001;01;"BARRERAS EN EL ACCESO A TECNOLOGÍAS Y SERVICIOS DE SALUD; Y OTROS ELEMENTOS COMPLEMENTARIOS PARA LA ATENCIÓN DEL USUARIO";0103;FALTA DE OPORTUNIDAD EN LA AUTORIZACIÓN DE TECNOLOGÍAS EN SALUD Y OTROS ELEMENTOS COMPLEMENTARIOS PARA LA ATENCIÓN DEL USUARIO;010302;FALTA DE OPORTUNIDAD EN LA AUTORIZACIÓN DE CITAS DE CONSULTA;01030203;ESPECIALIDADES MÉDICAS ;01030203047;GINECOLOGÍA Y OBSTETRICIA;PROBLEMAS RELACIONADOS CON FACILIDADES DE ATENCIÓN MÉDICA U OTROS SERVICIOS DE SALUD;PROBLEMAS RELACIONADOS CON FACILIDADES DE ATENCIÓN MÉDICA U OTROS SERVICIOS DE SALUD;DOLOR PÉLVICO Y PERINEAL;No aplica;SIMPLE
179;2023;7;Web;05;05837;US- 000003266349;Otro;MUJER;17;DE 13 A 17 AÑOS;No Aplica;Contributivo;No Aplica;No Aplica;05;05837;SURAMERICANA EPS;RÉGIMEN CONTRIBUTIVO;EPS010;EPS SURA;05;05837;01;"BARRERAS EN EL ACCESO A TECNOLOGÍAS Y SERVICIOS DE SALUD; Y OTROS ELEMENTOS COMPLEMENTARIOS PARA LA ATENCIÓN DEL USUARIO";0101;FALTA DE OPORTUNIDAD EN LA PRESTACIÓN DE TECNOLOGÍAS EN SALUD Y OTROS ELEMENTOS COMPLEMENTARIOS PARA LA ATENCIÓN DEL USUARIO;010103;FALTA DE OPORTUNIDAD EN LA ATENCIÓN EN OTROS SERVICIOS DE SALUD;01010309;PROCEDIMIENTOS QUIRÚRGICOS;01010309003;OTROS PROCEDIMIENTOS QUIRÚRGICOS;PROBLEMAS RELACIONADOS CON FACILIDADES DE ATENCIÓN MÉDICA U OTROS SERVICIOS DE SALUD;PROBLEMAS RELACIONADOS CON FACILIDADES DE ATENCIÓN MÉDICA U OTROS SERVICIOS DE SALUD;TRAUMATISMO DEL TENDÓN Y MUSCULO FLEXOR DE OTRO DEDO A NIVEL DE LA MUÑECA Y DE LA MANO;No aplica;SIMPLE
180;2023;7;Web;63;63130;US- 000001011610;A nombre propio;MUJER;69;MAYOR DE 63 AÑOS ;No Aplica;Subsidiado;No Aplica;Persona con discapacidad;63;63130;ASMET SALUD EPS;RÉGIMEN SUBSIDIADO;ESS062;ASMET SALUD;63;63130;01;"BARRERAS EN EL ACCESO A TECNOLOGÍAS Y SERVICIOS DE SALUD; Y OTROS ELEMENTOS COMPLEMENTARIOS PARA LA ATENCIÓN DEL USUARIO";0101;FALTA DE OPORTUNIDAD EN LA PRESTACIÓN DE TECNOLOGÍAS EN SALUD Y OTROS ELEMENTOS COMPLEMENTARIOS PARA LA ATENCIÓN DEL USUARIO;010101;FALTA DE OPORTUNIDAD EN LAS CITAS O CONSULTAS;01010103;ESPECIALIDADES MÉDICAS ;01010103002;ANESTESIOLOGÍA;ENFERMEDADES OSTEOARTICULARES;OTROS;TRASTORNOS INTERNO DE LA RODILLA, NO ESPECIFICADO;No aplica;SIMPLE
181;2023;7;Telefónico;05;05001;US- 000002435977;Madre;MUJER;14;DE 13 A 17 AÑOS;Secundaria Incompleta;Contributivo;No Aplica;No Aplica;05;05001;SURAMERICANA EPS;RÉGIMEN CONTRIBUTIVO;EPS010;EPS SURA;05;05001;01;"BARRERAS EN EL ACCESO A TECNOLOGÍAS Y SERVICIOS DE SALUD; Y OTROS ELEMENTOS COMPLEMENTARIOS PARA LA ATENCIÓN DEL USUARIO";0101;FALTA DE OPORTUNIDAD EN LA PRESTACIÓN DE TECNOLOGÍAS EN SALUD Y OTROS ELEMENTOS COMPLEMENTARIOS PARA LA ATENCIÓN DEL USUARIO;010101;FALTA DE OPORTUNIDAD EN LAS CITAS O CONSULTAS;01010103;ESPECIALIDADES MÉDICAS ;01010103084;PSIQUIATRÍA PEDIÁTRICA;ENFERMEDADES CRÓNICAS NO TRANSMISIBLES- FACTORES DE RIESGO;MEDICIÓN DE FACTORES DE RIESGO;OTROS TRASTORNOS DE LOS HÁBITOS Y DE LOS IMPULSOS;No aplica;SIMPLE
182;2023;7;Personalizado;11;11001;US- 000003241684;Cónyuge;HOMBRE;58;DE 50 A 62 AÑOS;Primaria Incompleta;Contributivo;No Aplica;Desplazado;25;25286;FAMISANAR;RÉGIMEN CONTRIBUTIVO;EPS017;FAMISANAR;25;25286;01;"BARRERAS EN EL ACCESO A TECNOLOGÍAS Y SERVICIOS DE SALUD; Y OTROS ELEMENTOS COMPLEMENTARIOS PARA LA ATENCIÓN DEL USUARIO";0101;FALTA DE OPORTUNIDAD EN LA PRESTACIÓN DE TECNOLOGÍAS EN SALUD Y OTROS ELEMENTOS COMPLEMENTARIOS PARA LA ATENCIÓN DEL USUARIO;010103;FALTA DE OPORTUNIDAD EN LA ATENCIÓN EN OTROS SERVICIOS DE SALUD;01010309;PROCEDIMIENTOS QUIRÚRGICOS;01010309003;OTROS PROCEDIMIENTOS QUIRÚRGICOS;PROBLEMAS RELACIONADOS CON FACILIDADES DE ATENCIÓN MÉDICA U OTROS SERVICIOS DE SALUD;PROBLEMAS RELACIONADOS CON FACILIDADES DE ATENCIÓN MÉDICA U OTROS SERVICIOS DE SALUD;HERNIA INGUINAL UNILATERAL O NO ESPECIFICADA, SIN OBSTRUCCIÓN NI GANGRENA;No aplica;SIMPLE
183;2023;7;Web;76;76001;US- 000003282872;A nombre propio;HOMBRE;55;DE 50 A 62 AÑOS;No Aplica;Contributivo;No Aplica;No Aplica;76;76001;SURAMERICANA EPS;RÉGIMEN CONTRIBUTIVO;EPS010;EPS SURA;76;76001;01;"BARRERAS EN EL ACCESO A TECNOLOGÍAS Y SERVICIOS DE SALUD; Y OTROS ELEMENTOS COMPLEMENTARIOS PARA LA ATENCIÓN DEL USUARIO";0101;FALTA DE OPORTUNIDAD EN LA PRESTACIÓN DE TECNOLOGÍAS EN SALUD Y OTROS ELEMENTOS COMPLEMENTARIOS PARA LA ATENCIÓN DEL USUARIO;010105;FALTA DE OPORTUNIDAD EN EL PROCESO DE REFERENCIA Y CONTRARREFERENCIA;;;;;ENFERMEDADES OSTEOARTICULARES;OTROS;FRACTURA DE LA CLAVÍCULA;No aplica;PRIORIZADO
184;2023;7;Personalizado;66;66001;US- 000000455168;Madre;HOMBRE;27;DE 25 A 29 AÑOS;Secundaria;Contributivo;No Aplica;Población carcelaria (Presos);66;66001;SURAMERICANA EPS;RÉGIMEN CONTRIBUTIVO;EPS010;EPS SURA;66;66001;01;"BARRERAS EN EL ACCESO A TECNOLOGÍAS Y SERVICIOS DE SALUD; Y OTROS ELEMENTOS COMPLEMENTARIOS PARA LA ATENCIÓN DEL USUARIO";0101;FALTA DE OPORTUNIDAD EN LA PRESTACIÓN DE TECNOLOGÍAS EN SALUD Y OTROS ELEMENTOS COMPLEMENTARIOS PARA LA ATENCIÓN DEL USUARIO;010103;FALTA DE OPORTUNIDAD EN LA ATENCIÓN EN OTROS SERVICIOS DE SALUD;01010308;PROCEDIMIENTOS NO QUIRÚRGICOS;01010308006;OTROS PROCEDIMIENTOS NO QUIRÚRGICOS;ENFERMEDADES CRÓNICAS NO TRASMISIBLES CARDIOVASCULARES;HTA (HIPERTENSIÓN ARTERIAL);HIPERTENSIÓN ESENCIAL (PRIMARIA);No aplica;PRIORIZADO
185;2023;7;Escrito;11;11001;US- 000002555822;A nombre propio;MUJER;60;DE 50 A 62 AÑOS;No Aplica;Contributivo;No Aplica;No Aplica;11;11001;COMPENSAR;RÉGIMEN CONTRIBUTIVO;EPS008;COMPENSAR;11;11001;01;"BARRERAS EN EL ACCESO A TECNOLOGÍAS Y SERVICIOS DE SALUD; Y OTROS ELEMENTOS COMPLEMENTARIOS PARA LA ATENCIÓN DEL USUARIO";0101;FALTA DE OPORTUNIDAD EN LA PRESTACIÓN DE TECNOLOGÍAS EN SALUD Y OTROS ELEMENTOS COMPLEMENTARIOS PARA LA ATENCIÓN DEL USUARIO;010101;FALTA DE OPORTUNIDAD EN LAS CITAS O CONSULTAS;01010103;ESPECIALIDADES MÉDICAS ;01010103063;MEDICINA INTERNA;ENFERMEDADES CRÓNICAS NO TRASMISIBLES CARDIOVASCULARES;OTROS;EMBOLIA Y TROMBOSIS DE OTRAS VENAS ESPECIFICADAS;No aplica;PRIORIZADO
186;2023;7;Web;08;08001;US- 000003307933;A nombre propio;HOMBRE;59;DE 50 A 62 AÑOS;No Aplica;Subsidiado;No Aplica;No Aplica;08;08001;MUTUAL SER;RÉGIMEN SUBSIDIADO;ESS207;MUTUAL SER;08;08001;01;"BARRERAS EN EL ACCESO A TECNOLOGÍAS Y SERVICIOS DE SALUD; Y OTROS ELEMENTOS COMPLEMENTARIOS PARA LA ATENCIÓN DEL USUARIO";0101;FALTA DE OPORTUNIDAD EN LA PRESTACIÓN DE TECNOLOGÍAS EN SALUD Y OTROS ELEMENTOS COMPLEMENTARIOS PARA LA ATENCIÓN DEL USUARIO;010103;FALTA DE OPORTUNIDAD EN LA ATENCIÓN EN OTROS SERVICIOS DE SALUD;01010308;PROCEDIMIENTOS NO QUIRÚRGICOS;01010308001;IMAGENOLOGÍA;PROBLEMAS RELACIONADOS CON FACILIDADES DE ATENCIÓN MÉDICA U OTROS SERVICIOS DE SALUD;PROBLEMAS RELACIONADOS CON FACILIDADES DE ATENCIÓN MÉDICA U OTROS SERVICIOS DE SALUD;OTROS DOLORES ABDOMINALES Y LOS NO ESPECIFICADOS;No aplica;SIMPLE
187;2023;7;Telefónico;50;50350;US- 000000675009;A nombre propio;MUJER;42;DE 38 A 49 AÑOS;Posgrado;Régimen Especial;No Aplica;No Aplica;50;50350;MAGISTERIO;REGÍMENES DE EXCEPCIÓN Y ESPECIALES;REMG01;MAGISTERIO;50;50350;01;"BARRERAS EN EL ACCESO A TECNOLOGÍAS Y SERVICIOS DE SALUD; Y OTROS ELEMENTOS COMPLEMENTARIOS PARA LA ATENCIÓN DEL USUARIO";0101;FALTA DE OPORTUNIDAD EN LA PRESTACIÓN DE TECNOLOGÍAS EN SALUD Y OTROS ELEMENTOS COMPLEMENTARIOS PARA LA ATENCIÓN DEL USUARIO;010101;FALTA DE OPORTUNIDAD EN LAS CITAS O CONSULTAS;01010103;ESPECIALIDADES MÉDICAS ;01010103076;ONCOLOGÍA;CÁNCER ;CÁNCER DE MAMA;TUMOR MALIGNO DE LA MAMA;No aplica;PRIORIZADO
188;2023;7;Web;25;25899;US- 000003294385;A nombre propio;MUJER;70;MAYOR DE 63 AÑOS ;No Aplica;Contributivo;No Aplica;No Aplica;25;25899;SANITAS;RÉGIMEN CONTRIBUTIVO;EPS005;SANITAS;25;25899;01;"BARRERAS EN EL ACCESO A TECNOLOGÍAS Y SERVICIOS DE SALUD; Y OTROS ELEMENTOS COMPLEMENTARIOS PARA LA ATENCIÓN DEL USUARIO";0101;FALTA DE OPORTUNIDAD EN LA PRESTACIÓN DE TECNOLOGÍAS EN SALUD Y OTROS ELEMENTOS COMPLEMENTARIOS PARA LA ATENCIÓN DEL USUARIO;010101;FALTA DE OPORTUNIDAD EN LAS CITAS O CONSULTAS;01010103;ESPECIALIDADES MÉDICAS ;01010103061;MEDICINA FÍSICA Y REHABILITACIÓN - FISIATRÍA;PROBLEMAS RELACIONADOS CON FACILIDADES DE ATENCIÓN MÉDICA U OTROS SERVICIOS DE SALUD;PROBLEMAS RELACIONADOS CON FACILIDADES DE ATENCIÓN MÉDICA U OTROS SERVICIOS DE SALUD;OTROS PROCEDIMIENTOS PARA OTROS PROPÓSITOS QUE NO SEAN LOS DE MEJORAR EL ESTADO DE SALUD;No aplica;SIMPLE
189;2023;7;Escrito;11;11001;US- 000001116852;A nombre propio;MUJER;57;DE 50 A 62 AÑOS;No Aplica;Contributivo;No Aplica;No Aplica;11;11001;FAMISANAR;RÉGIMEN CONTRIBUTIVO;EPS017;FAMISANAR;11;11001;01;"BARRERAS EN EL ACCESO A TECNOLOGÍAS Y SERVICIOS DE SALUD; Y OTROS ELEMENTOS COMPLEMENTARIOS PARA LA ATENCIÓN DEL USUARIO";0101;FALTA DE OPORTUNIDAD EN LA PRESTACIÓN DE TECNOLOGÍAS EN SALUD Y OTROS ELEMENTOS COMPLEMENTARIOS PARA LA ATENCIÓN DEL USUARIO;010101;FALTA DE OPORTUNIDAD EN LAS CITAS O CONSULTAS;01010103;ESPECIALIDADES MÉDICAS ;01010103069;NEUMOLOGÍA;ENFERMEDADES OSTEOARTICULARES;ARTRITIS REUMATOIDEA;ARTRITIS REUMATOIDE CON COMPROMISO DE OTROS ÓRGANOS O SISTEMAS;No aplica;SIMPLE
190;2023;7;Escrito;25;25754;US- 000003260755;A nombre propio;MUJER;23;DE 18 A 24 AÑOS;No Aplica;Contributivo;No Aplica;No Aplica;25;25754;FAMISANAR;RÉGIMEN CONTRIBUTIVO;EPS017;FAMISANAR;11;11001;04;INSATISFACCIÓN DEL USUARIO CON EL PROCESO ADMINISTRATIVO;0405;PROBLEMAS EN EL RECONOCIMIENTO Y/O PAGO DE PRESTACIONES ECONÓMICAS;040501;NO RECONOCIMIENTO Y/O PAGO DE LAS PRESTACIONES ECONÓMICAS;04050107;INCAPACIDAD DE ENFERMEDAD GENERAL;;;ENFERMEDADES CRÓNICAS NO TRANSMISIBLES- FACTORES DE RIESGO;MEDICIÓN DE FACTORES DE RIESGO;PROBLEMAS RELACIONADOS CON FACILIDADES DE ATENCIÓN MEDICA U OTROS SERVICIOS DE SALUD;No aplica;SIMPLE
191;2023;7;Telefónico;73;73870;US- 000003275428;Amigo (A);MUJER;1;DE 0 A 5 AÑOS;No Aplica;Subsidiado;No Aplica;No Aplica;73;73870;ASMET SALUD EPS;RÉGIMEN SUBSIDIADO;ESS062;ASMET SALUD;73;73411;01;"BARRERAS EN EL ACCESO A TECNOLOGÍAS Y SERVICIOS DE SALUD; Y OTROS ELEMENTOS COMPLEMENTARIOS PARA LA ATENCIÓN DEL USUARIO";0103;FALTA DE OPORTUNIDAD EN LA AUTORIZACIÓN DE TECNOLOGÍAS EN SALUD Y OTROS ELEMENTOS COMPLEMENTARIOS PARA LA ATENCIÓN DEL USUARIO;010304;FALTA DE OPORTUNIDAD EN LA AUTORIZACIÓN DE OTROS SERVICIOS DE SALUD;01030408;PROCEDIMIENTOS NO QUIRÚRGICOS;01030408001;IMAGENOLOGÍA;MATERNO INFANTIL;ATENCIÓN NIÑOS MENORES DE 5 AÑOS;CONVULSIONES FEBRILES;No aplica;PRIORIZADO
192;2023;7;Personalizado;23;23001;US- 000002194359;A nombre propio;MUJER;48;DE 38 A 49 AÑOS;Primaria;Subsidiado;No Aplica;Desplazado;23;23001;NUEVA EPS;RÉGIMEN SUBSIDIADO;EPSS41;NUEVA EPS;23;23001;01;"BARRERAS EN EL ACCESO A TECNOLOGÍAS Y SERVICIOS DE SALUD; Y OTROS ELEMENTOS COMPLEMENTARIOS PARA LA ATENCIÓN DEL USUARIO";0101;FALTA DE OPORTUNIDAD EN LA PRESTACIÓN DE TECNOLOGÍAS EN SALUD Y OTROS ELEMENTOS COMPLEMENTARIOS PARA LA ATENCIÓN DEL USUARIO;010101;FALTA DE OPORTUNIDAD EN LAS CITAS O CONSULTAS;01010101;MEDICINA GENERAL;;;PROBLEMAS RELACIONADOS CON FACILIDADES DE ATENCIÓN MÉDICA U OTROS SERVICIOS DE SALUD;PROBLEMAS RELACIONADOS CON FACILIDADES DE ATENCIÓN MÉDICA U OTROS SERVICIOS DE SALUD;CALCULO DE LA VESÍCULA BILIAR SIN COLECISTITIS;No aplica;SIMPLE
193;2023;7;Web;52;52385;US- 000002487882;A nombre propio;MUJER;71;MAYOR DE 63 AÑOS ;No Aplica;Contributivo;No Aplica;Desplazado;52;52385;SANITAS;RÉGIMEN CONTRIBUTIVO;EPS005;SANITAS;52;52001;02;INSATISFACCIÓN RELACIONADA CON LA ATENCIÓN EN SALUD;0202;INSATISFACCIÓN RELACIONADA CON LA ATENCIÓN DEL PERSONAL EN SALUD;020201;INSATISFACCIÓN RELACIONADA CON LA ATENCIÓN DEL PERSONAL EN SALUD;02020104;INSUFICIENTE INFORMACIÓN SOBRE LA ATENCIÓN EN SALUD;;;PROBLEMAS RELACIONADOS CON FACILIDADES DE ATENCIÓN MÉDICA U OTROS SERVICIOS DE SALUD;PROBLEMAS RELACIONADOS CON FACILIDADES DE ATENCIÓN MÉDICA U OTROS SERVICIOS DE SALUD;PROBLEMAS RELACIONADOS CON FACILIDADES DE ATENCIÓN MEDICA U OTROS SERVICIOS DE SALUD;No aplica;PRIORIZADO
194;2023;7;Web;11;11001;US- 000000015039;A nombre propio;MUJER;34;DE 30 A 37 AÑOS;No Aplica;Contributivo;No Aplica;No Aplica;11;11001;SANITAS;RÉGIMEN CONTRIBUTIVO;EPS005;SANITAS;11;11001;01;"BARRERAS EN EL ACCESO A TECNOLOGÍAS Y SERVICIOS DE SALUD; Y OTROS ELEMENTOS COMPLEMENTARIOS PARA LA ATENCIÓN DEL USUARIO";0101;FALTA DE OPORTUNIDAD EN LA PRESTACIÓN DE TECNOLOGÍAS EN SALUD Y OTROS ELEMENTOS COMPLEMENTARIOS PARA LA ATENCIÓN DEL USUARIO;010101;FALTA DE OPORTUNIDAD EN LAS CITAS O CONSULTAS;01010103;ESPECIALIDADES MÉDICAS ;01010103009;CIRUGÍA CABEZA Y CUELLO - OTORRINOLARINGOLOGÍA;CÁNCER ;OTROS;TUMOR MALIGNO DE LA GLÁNDULA TIROIDES;No aplica;PRIORIZADO
195;2023;7;Telefónico;05;05001;US- 000001258152;Hijo (A);HOMBRE;72;MAYOR DE 63 AÑOS ;Primaria;Subsidiado;No Aplica;No Aplica;05;05001;COOSALUD;RÉGIMEN SUBSIDIADO;ESS024;COOSALUD;05;05790;01;"BARRERAS EN EL ACCESO A TECNOLOGÍAS Y SERVICIOS DE SALUD; Y OTROS ELEMENTOS COMPLEMENTARIOS PARA LA ATENCIÓN DEL USUARIO";0101;FALTA DE OPORTUNIDAD EN LA PRESTACIÓN DE TECNOLOGÍAS EN SALUD Y OTROS ELEMENTOS COMPLEMENTARIOS PARA LA ATENCIÓN DEL USUARIO;010103;FALTA DE OPORTUNIDAD EN LA ATENCIÓN EN OTROS SERVICIOS DE SALUD;01010308;PROCEDIMIENTOS NO QUIRÚRGICOS;01010308006;OTROS PROCEDIMIENTOS NO QUIRÚRGICOS;PROBLEMAS RELACIONADOS CON FACILIDADES DE ATENCIÓN MÉDICA U OTROS SERVICIOS DE SALUD;PROBLEMAS RELACIONADOS CON FACILIDADES DE ATENCIÓN MÉDICA U OTROS SERVICIOS DE SALUD;HIPOACUSIA, NO ESPECIFICADA;No aplica;SIMPLE
196;2023;7;Web;15;15442;US- 000003287201;A nombre propio;MUJER;64;MAYOR DE 63 AÑOS ;No Aplica;Contributivo;No Aplica;Desplazado;15;15442;NUEVA EPS;RÉGIMEN CONTRIBUTIVO;EPS037;NUEVA EPS;15;15442;01;"BARRERAS EN EL ACCESO A TECNOLOGÍAS Y SERVICIOS DE SALUD; Y OTROS ELEMENTOS COMPLEMENTARIOS PARA LA ATENCIÓN DEL USUARIO";0101;FALTA DE OPORTUNIDAD EN LA PRESTACIÓN DE TECNOLOGÍAS EN SALUD Y OTROS ELEMENTOS COMPLEMENTARIOS PARA LA ATENCIÓN DEL USUARIO;010101;FALTA DE OPORTUNIDAD EN LAS CITAS O CONSULTAS;01010103;ESPECIALIDADES MÉDICAS ;01010103029;CIRUGÍA VASCULAR;PROBLEMAS RELACIONADOS CON FACILIDADES DE ATENCIÓN MÉDICA U OTROS SERVICIOS DE SALUD;PROBLEMAS RELACIONADOS CON FACILIDADES DE ATENCIÓN MÉDICA U OTROS SERVICIOS DE SALUD;CISTOCELE;No aplica;SIMPLE
197;2023;7;Telefónico;11;11001;US- 000003304922;A nombre propio;MUJER;44;DE 38 A 49 AÑOS;Secundaria;Subsidiado;No Aplica;No Aplica;11;11001;CAPITAL SALUD;RÉGIMEN SUBSIDIADO;EPSS34;CAPITAL SALUD;11;11001;01;"BARRERAS EN EL ACCESO A TECNOLOGÍAS Y SERVICIOS DE SALUD; Y OTROS ELEMENTOS COMPLEMENTARIOS PARA LA ATENCIÓN DEL USUARIO";0103;FALTA DE OPORTUNIDAD EN LA AUTORIZACIÓN DE TECNOLOGÍAS EN SALUD Y OTROS ELEMENTOS COMPLEMENTARIOS PARA LA ATENCIÓN DEL USUARIO;010304;FALTA DE OPORTUNIDAD EN LA AUTORIZACIÓN DE OTROS SERVICIOS DE SALUD;01030408;PROCEDIMIENTOS NO QUIRÚRGICOS;01030408004;RADIOTERAPIA;CÁNCER ;OTROS;TUMOR MALIGNO DE LA GLÁNDULA TIROIDES;Quimioterapia y radioterapia para el cáncer;PRIORIZADO
198;2023;7;Personalizado;76;76001;US- 000000094171;A nombre propio;HOMBRE;7;DE 6 A 12 AÑOS;Ninguno;Contributivo;No Aplica;No Aplica;76;76001;SURAMERICANA EPS;RÉGIMEN CONTRIBUTIVO;EPS010;EPS SURA;76;76001;01;"BARRERAS EN EL ACCESO A TECNOLOGÍAS Y SERVICIOS DE SALUD; Y OTROS ELEMENTOS COMPLEMENTARIOS PARA LA ATENCIÓN DEL USUARIO";0101;FALTA DE OPORTUNIDAD EN LA PRESTACIÓN DE TECNOLOGÍAS EN SALUD Y OTROS ELEMENTOS COMPLEMENTARIOS PARA LA ATENCIÓN DEL USUARIO;010104;FALTA DE OPORTUNIDAD EN LA ENTREGA O ENTREGA INCOMPLETA DE TECNOLOGÍAS EN SALUD Y/O PRESTACIÓN DE OTROS SERVICIOS;01010406;SOPORTE NUTRICIONAL;;;ENFERMEDADES NEUROLÓGICAS;EPILEPSIA;EPILEPSIA;No aplica;PRIORIZADO
199;2023;7;Web;08;08001;US- 000003233935;A nombre propio;HOMBRE;48;DE 38 A 49 AÑOS;No Aplica;Contributivo;No Aplica;No Aplica;08;08001;SALUD TOTAL;RÉGIMEN CONTRIBUTIVO;EPS002;SALUD TOTAL;08;08001;04;INSATISFACCIÓN DEL USUARIO CON EL PROCESO ADMINISTRATIVO;0405;PROBLEMAS EN EL RECONOCIMIENTO Y/O PAGO DE PRESTACIONES ECONÓMICAS;040501;NO RECONOCIMIENTO Y/O PAGO DE LAS PRESTACIONES ECONÓMICAS;04050107;INCAPACIDAD DE ENFERMEDAD GENERAL;;;PROBLEMAS RELACIONADOS CON FACILIDADES DE ATENCIÓN MÉDICA U OTROS SERVICIOS DE SALUD;PROBLEMAS RELACIONADOS CON FACILIDADES DE ATENCIÓN MÉDICA U OTROS SERVICIOS DE SALUD;PROBLEMAS RELACIONADOS CON FACILIDADES DE ATENCIÓN MEDICA U OTROS SERVICIOS DE SALUD;No aplica;SIMPLE
200;2023;7;Correo;73;73555;US- 000003281795;A nombre propio;HOMBRE;61;DE 50 A 62 AÑOS;No Aplica;Subsidiado;No Aplica;No Aplica;73;73555;NUEVA EPS;RÉGIMEN SUBSIDIADO;EPSS41;NUEVA EPS;73;73555;01;"BARRERAS EN EL ACCESO A TECNOLOGÍAS Y SERVICIOS DE SALUD; Y OTROS ELEMENTOS COMPLEMENTARIOS PARA LA ATENCIÓN DEL USUARIO";0101;FALTA DE OPORTUNIDAD EN LA PRESTACIÓN DE TECNOLOGÍAS EN SALUD Y OTROS ELEMENTOS COMPLEMENTARIOS PARA LA ATENCIÓN DEL USUARIO;010101;FALTA DE OPORTUNIDAD EN LAS CITAS O CONSULTAS;01010103;ESPECIALIDADES MÉDICAS ;01010103078;ORTOPEDIA Y TRAUMATOLOGÍA;ENFERMEDADES OSTEOARTICULARES;OTROS;LUMBAGO CON CIÁTICA;No aplica;SIMPLE
201;2023;7;Web;76;76520;US- 000000207469;A nombre propio;MUJER;39;DE 38 A 49 AÑOS;No Aplica;Contributivo;No Aplica;No Aplica;76;76520;SOS -SERVICIO OCCIDENTAL DE SALUD;RÉGIMEN CONTRIBUTIVO;EPS018;SERVICIO OCCIDENTAL DE SALUD (SOS);76;76520;01;"BARRERAS EN EL ACCESO A TECNOLOGÍAS Y SERVICIOS DE SALUD; Y OTROS ELEMENTOS COMPLEMENTARIOS PARA LA ATENCIÓN DEL USUARIO";0101;FALTA DE OPORTUNIDAD EN LA PRESTACIÓN DE TECNOLOGÍAS EN SALUD Y OTROS ELEMENTOS COMPLEMENTARIOS PARA LA ATENCIÓN DEL USUARIO;010103;FALTA DE OPORTUNIDAD EN LA ATENCIÓN EN OTROS SERVICIOS DE SALUD;01010309;PROCEDIMIENTOS QUIRÚRGICOS;01010309003;OTROS PROCEDIMIENTOS QUIRÚRGICOS;PROBLEMAS RELACIONADOS CON FACILIDADES DE ATENCIÓN MÉDICA U OTROS SERVICIOS DE SALUD;PROBLEMAS RELACIONADOS CON FACILIDADES DE ATENCIÓN MÉDICA U OTROS SERVICIOS DE SALUD;PROBLEMAS RELACIONADOS CON FACILIDADES DE ATENCIÓN MEDICA U OTROS SERVICIOS DE SALUD;No aplica;SIMPLE
202;2023;7;Correo;63;63001;US- 000002525020;A nombre propio;MUJER;80;MAYOR DE 63 AÑOS ;No Aplica;Subsidiado;No Aplica;No Aplica;63;63001;ASMET SALUD EPS;RÉGIMEN SUBSIDIADO;ESS062;ASMET SALUD;63;63001;01;"BARRERAS EN EL ACCESO A TECNOLOGÍAS Y SERVICIOS DE SALUD; Y OTROS ELEMENTOS COMPLEMENTARIOS PARA LA ATENCIÓN DEL USUARIO";0101;FALTA DE OPORTUNIDAD EN LA PRESTACIÓN DE TECNOLOGÍAS EN SALUD Y OTROS ELEMENTOS COMPLEMENTARIOS PARA LA ATENCIÓN DEL USUARIO;010104;FALTA DE OPORTUNIDAD EN LA ENTREGA O ENTREGA INCOMPLETA DE TECNOLOGÍAS EN SALUD Y/O PRESTACIÓN DE OTROS SERVICIOS;01010401;MEDICAMENTOS UPC;;;ENFERMEDADES CRÓNICAS NO TRANSMISIBLES –DIABETES;DIABETES;DIABETES MELLITUS NO INSULINODEPENDIENTE;No aplica;SIMPLE
203;2023;7;Web;19;19517;US- 000003270675;A nombre propio;MUJER;32;DE 30 A 37 AÑOS;No Aplica;Subsidiado;Indígena;No Aplica;19;19517;ASOCIACIÓN INDÍGENA DEL CAUCA (AIC) -EPSI;RÉGIMEN SUBSIDIADO;EPSI03;AIC - ASOCIACIÓN INDÍGENA DEL CAUCA (EPS-I CAUCA);19;19517;01;"BARRERAS EN EL ACCESO A TECNOLOGÍAS Y SERVICIOS DE SALUD; Y OTROS ELEMENTOS COMPLEMENTARIOS PARA LA ATENCIÓN DEL USUARIO";0101;FALTA DE OPORTUNIDAD EN LA PRESTACIÓN DE TECNOLOGÍAS EN SALUD Y OTROS ELEMENTOS COMPLEMENTARIOS PARA LA ATENCIÓN DEL USUARIO;010103;FALTA DE OPORTUNIDAD EN LA ATENCIÓN EN OTROS SERVICIOS DE SALUD;01010308;PROCEDIMIENTOS NO QUIRÚRGICOS;01010308002;LABORATORIO CLÍNICO Y ANATOMOPATOLÓGICO;ENFERMEDADES OSTEOARTICULARES;NEUROLÓGICAS;ANEURISMA CEREBRAL, SIN RUPTURA;No aplica;SIMPLE
204;2023;7;Telefónico;19;19698;US- 000003288458;Otro;MUJER;66;MAYOR DE 63 AÑOS ;Primaria;Subsidiado;No Aplica;No Aplica;19;19698;ASOCIACIÓN INDÍGENA DEL CAUCA (AIC) -EPSI;RÉGIMEN SUBSIDIADO;EPSI03;AIC - ASOCIACIÓN INDÍGENA DEL CAUCA (EPS-I CAUCA);19;19698;01;"BARRERAS EN EL ACCESO A TECNOLOGÍAS Y SERVICIOS DE SALUD; Y OTROS ELEMENTOS COMPLEMENTARIOS PARA LA ATENCIÓN DEL USUARIO";0102;NEGACIÓN DE TECNOLOGÍAS EN SALUD Y OTROS ELEMENTOS COMPLEMENTARIOS PARA LA ATENCIÓN DEL USUARIO;010203;NEGACIÓN EN LA ATENCIÓN EN OTROS SERVICIOS DE SALUD;01020308;PROCEDIMIENTOS NO QUIRÚRGICOS;01020308001;IMAGENOLOGÍA;ENFERMEDADES CRÓNICAS NO TRASMISIBLES CARDIOVASCULARES;HTA (HIPERTENSIÓN ARTERIAL);DISFAGIA;No aplica;SIMPLE
205;2023;7;Web;11;11001;US- 000002149639;A nombre propio;MUJER;75;MAYOR DE 63 AÑOS ;No Aplica;Contributivo;No Aplica;No Aplica;11;11001;NUEVA EPS;RÉGIMEN CONTRIBUTIVO;EPS037;NUEVA EPS;11;11001;04;INSATISFACCIÓN DEL USUARIO CON EL PROCESO ADMINISTRATIVO;0404;INSATISFACCIÓN RELACIONADA CON TRÁMITES ADMINISTRATIVOS;040404;INCONSISTENCIA RELACIONADA CON COBROS Y/O APORTES;04040402;COBRO CUOTA MODERADORA;;;ENFERMEDADES CRÓNICAS NO TRANSMISIBLES RESPIRATORIAS;EPOC (ENFERMEDAD PULMONAR OBSTRUCTIVA CRÓNICA, BRONQUITIS CRÓNICA O ENFISEMA);ENFERMEDAD PULMONAR OBSTRUCTIVA CRÓNICA, NO ESPECIFICADA;No aplica;SIMPLE
206;2023;7;Chat;08;08001;US- 000003286676;A nombre propio;MUJER;67;MAYOR DE 63 AÑOS ;Universitario Incompleto;Subsidiado;No Aplica;No Aplica;08;08001;MUTUAL SER;RÉGIMEN SUBSIDIADO;ESS207;MUTUAL SER;08;08001;01;"BARRERAS EN EL ACCESO A TECNOLOGÍAS Y SERVICIOS DE SALUD; Y OTROS ELEMENTOS COMPLEMENTARIOS PARA LA ATENCIÓN DEL USUARIO";0101;FALTA DE OPORTUNIDAD EN LA PRESTACIÓN DE TECNOLOGÍAS EN SALUD Y OTROS ELEMENTOS COMPLEMENTARIOS PARA LA ATENCIÓN DEL USUARIO;010105;FALTA DE OPORTUNIDAD EN EL PROCESO DE REFERENCIA Y CONTRARREFERENCIA;;;;;CÁNCER ;CÁNCER DE PULMÓN;CARCINOMA IN SITU DEL BRONQUIO Y DEL PULMÓN;Quimioterapia y radioterapia para el cáncer;PRIORIZADO
207;2023;7;Web;41;41001;US- 000000236991;Hijo (A);MUJER;76;MAYOR DE 63 AÑOS ;No Aplica;Contributivo;No Aplica;No Aplica;41;41001;NUEVA EPS;RÉGIMEN CONTRIBUTIVO;EPS037;NUEVA EPS;41;41001;01;"BARRERAS EN EL ACCESO A TECNOLOGÍAS Y SERVICIOS DE SALUD; Y OTROS ELEMENTOS COMPLEMENTARIOS PARA LA ATENCIÓN DEL USUARIO";0103;FALTA DE OPORTUNIDAD EN LA AUTORIZACIÓN DE TECNOLOGÍAS EN SALUD Y OTROS ELEMENTOS COMPLEMENTARIOS PARA LA ATENCIÓN DEL USUARIO;010302;FALTA DE OPORTUNIDAD EN LA AUTORIZACIÓN DE CITAS DE CONSULTA;01030203;ESPECIALIDADES MÉDICAS ;01030203039;ENDOCRINOLOGÍA;PROBLEMAS RELACIONADOS CON FACILIDADES DE ATENCIÓN MÉDICA U OTROS SERVICIOS DE SALUD;PROBLEMAS RELACIONADOS CON FACILIDADES DE ATENCIÓN MÉDICA U OTROS SERVICIOS DE SALUD;VENAS VARICOSAS DE LOS MIEMBROS INFERIORES SIN ULCERA NI INFLAMACIÓN;No aplica;SIMPLE
208;2023;7;Telefónico;25;25754;US- 000001424727;Madre;HOMBRE;2;DE 0 A 5 AÑOS;Ninguno;Régimen Especial;No Aplica;No Aplica;25;25754;MAGISTERIO;REGÍMENES DE EXCEPCIÓN Y ESPECIALES;REMG01;MAGISTERIO;11;11001;01;"BARRERAS EN EL ACCESO A TECNOLOGÍAS Y SERVICIOS DE SALUD; Y OTROS ELEMENTOS COMPLEMENTARIOS PARA LA ATENCIÓN DEL USUARIO";0101;FALTA DE OPORTUNIDAD EN LA PRESTACIÓN DE TECNOLOGÍAS EN SALUD Y OTROS ELEMENTOS COMPLEMENTARIOS PARA LA ATENCIÓN DEL USUARIO;010103;FALTA DE OPORTUNIDAD EN LA ATENCIÓN EN OTROS SERVICIOS DE SALUD;01010301;URGENCIAS;;;MATERNO INFANTIL;ATENCIÓN NIÑOS MENORES DE 5 AÑOS;ALERGIA NO ESPECIFICADA;No aplica;PRIORIZADO
209;2023;7;Web;11;11001;US- 000002215011;A nombre propio;MUJER;43;DE 38 A 49 AÑOS;No Aplica;Contributivo;No Aplica;Persona con discapacidad;11;11001;SALUD TOTAL;RÉGIMEN CONTRIBUTIVO;EPS002;SALUD TOTAL;11;11001;04;INSATISFACCIÓN DEL USUARIO CON EL PROCESO ADMINISTRATIVO;0405;PROBLEMAS EN EL RECONOCIMIENTO Y/O PAGO DE PRESTACIONES ECONÓMICAS;040501;NO RECONOCIMIENTO Y/O PAGO DE LAS PRESTACIONES ECONÓMICAS;04050107;INCAPACIDAD DE ENFERMEDAD GENERAL;;;PROBLEMAS RELACIONADOS CON FACILIDADES DE ATENCIÓN MÉDICA U OTROS SERVICIOS DE SALUD;PROBLEMAS RELACIONADOS CON FACILIDADES DE ATENCIÓN MÉDICA U OTROS SERVICIOS DE SALUD;FISTULA DE LA VAGINA AL INTESTINO GRUESO;No aplica;SIMPLE
210;2023;7;Escrito;76;76001;US- 000003287808;A nombre propio;MUJER;57;DE 50 A 62 AÑOS;No Aplica;Contributivo;No Aplica;No Aplica;76;76001;SURAMERICANA EPS;RÉGIMEN CONTRIBUTIVO;EPS010;EPS SURA;76;76001;02;INSATISFACCIÓN RELACIONADA CON LA ATENCIÓN EN SALUD;0202;INSATISFACCIÓN RELACIONADA CON LA ATENCIÓN DEL PERSONAL EN SALUD;020201;INSATISFACCIÓN RELACIONADA CON LA ATENCIÓN DEL PERSONAL EN SALUD;02020102;FALLAS EN LA PRÁCTICA MÉDICA;;;PROBLEMAS RELACIONADOS CON FACILIDADES DE ATENCIÓN MÉDICA U OTROS SERVICIOS DE SALUD;PROBLEMAS RELACIONADOS CON FACILIDADES DE ATENCIÓN MÉDICA U OTROS SERVICIOS DE SALUD;PROBLEMAS RELACIONADOS CON FACILIDADES DE ATENCIÓN MEDICA U OTROS SERVICIOS DE SALUD;No aplica;SIMPLE
211;2023;7;Web;19;19698;US- 000003009029;A nombre propio;MUJER;28;DE 25 A 29 AÑOS;No Aplica;Contributivo;No Aplica;No Aplica;19;19698;SOS -SERVICIO OCCIDENTAL DE SALUD;RÉGIMEN CONTRIBUTIVO;EPS018;SERVICIO OCCIDENTAL DE SALUD (SOS);19;19698;01;"BARRERAS EN EL ACCESO A TECNOLOGÍAS Y SERVICIOS DE SALUD; Y OTROS ELEMENTOS COMPLEMENTARIOS PARA LA ATENCIÓN DEL USUARIO";0101;FALTA DE OPORTUNIDAD EN LA PRESTACIÓN DE TECNOLOGÍAS EN SALUD Y OTROS ELEMENTOS COMPLEMENTARIOS PARA LA ATENCIÓN DEL USUARIO;010101;FALTA DE OPORTUNIDAD EN LAS CITAS O CONSULTAS;01010103;ESPECIALIDADES MÉDICAS ;01010103047;GINECOLOGÍA Y OBSTETRICIA;PROBLEMAS RELACIONADOS CON FACILIDADES DE ATENCIÓN MÉDICA U OTROS SERVICIOS DE SALUD;PROBLEMAS RELACIONADOS CON FACILIDADES DE ATENCIÓN MÉDICA U OTROS SERVICIOS DE SALUD;DISPLASIA CERVICAL SEVERA, NO CLASIFICADA EN OTRA PARTE;No aplica;SIMPLE
212;2023;7;Personalizado;63;63001;US- 000000865374;A nombre propio;MUJER;29;DE 25 A 29 AÑOS;Secundaria Incompleta;Contributivo;No Aplica;No Aplica;63;63001;ASMET SALUD EPS;RÉGIMEN SUBSIDIADO;ESS062;ASMET SALUD;63;63001;01;"BARRERAS EN EL ACCESO A TECNOLOGÍAS Y SERVICIOS DE SALUD; Y OTROS ELEMENTOS COMPLEMENTARIOS PARA LA ATENCIÓN DEL USUARIO";0101;FALTA DE OPORTUNIDAD EN LA PRESTACIÓN DE TECNOLOGÍAS EN SALUD Y OTROS ELEMENTOS COMPLEMENTARIOS PARA LA ATENCIÓN DEL USUARIO;010104;FALTA DE OPORTUNIDAD EN LA ENTREGA O ENTREGA INCOMPLETA DE TECNOLOGÍAS EN SALUD Y/O PRESTACIÓN DE OTROS SERVICIOS;01010401;MEDICAMENTOS UPC;;;ENFERMEDADES CRÓNICAS NO TRANSMISIBLES –DIABETES;DIABETES;DIABETES MELLITUS NO INSULINODEPENDIENTE SIN MENCIÓN DE COMPLICACIÓN;No aplica;SIMPLE
213;2023;7;Web;05;05308;US- 000003264841;A nombre propio;MUJER;29;DE 25 A 29 AÑOS;No Aplica;Contributivo;No Aplica;No Aplica;05;05308;SURAMERICANA EPS;RÉGIMEN CONTRIBUTIVO;EPS010;EPS SURA;05;05308;01;"BARRERAS EN EL ACCESO A TECNOLOGÍAS Y SERVICIOS DE SALUD; Y OTROS ELEMENTOS COMPLEMENTARIOS PARA LA ATENCIÓN DEL USUARIO";0101;FALTA DE OPORTUNIDAD EN LA PRESTACIÓN DE TECNOLOGÍAS EN SALUD Y OTROS ELEMENTOS COMPLEMENTARIOS PARA LA ATENCIÓN DEL USUARIO;010101;FALTA DE OPORTUNIDAD EN LAS CITAS O CONSULTAS;01010102;ODONTOLOGÍA GENERAL;;;SALUD ORAL;SALUD ORAL;OTROS TRASTORNOS DEL DESARROLLO DE LOS DIENTES;No aplica;SIMPLE
214;2023;7;Telefónico;52;52001;US- 000003273218;Cónyuge;HOMBRE;33;DE 30 A 37 AÑOS;Universitario;Contributivo;No Aplica;No Aplica;52;52001;SANITAS;RÉGIMEN CONTRIBUTIVO;EPS005;SANITAS;52;52001;01;"BARRERAS EN EL ACCESO A TECNOLOGÍAS Y SERVICIOS DE SALUD; Y OTROS ELEMENTOS COMPLEMENTARIOS PARA LA ATENCIÓN DEL USUARIO";0101;FALTA DE OPORTUNIDAD EN LA PRESTACIÓN DE TECNOLOGÍAS EN SALUD Y OTROS ELEMENTOS COMPLEMENTARIOS PARA LA ATENCIÓN DEL USUARIO;010101;FALTA DE OPORTUNIDAD EN LAS CITAS O CONSULTAS;01010103;ESPECIALIDADES MÉDICAS ;01010103042;GASTROENTEROLOGÍA;PROBLEMAS RELACIONADOS CON FACILIDADES DE ATENCIÓN MÉDICA U OTROS SERVICIOS DE SALUD;PROBLEMAS RELACIONADOS CON FACILIDADES DE ATENCIÓN MÉDICA U OTROS SERVICIOS DE SALUD;SÍNDROME DEL COLON IRRITABLE;No aplica;SIMPLE
215;2023;7;Telefónico;08;08638;US- 000000373921;A nombre propio;MUJER;28;DE 25 A 29 AÑOS;Secundaria;Subsidiado;No Aplica;No Aplica;08;08638;FAMISANAR;RÉGIMEN CONTRIBUTIVO;EPS017;FAMISANAR;08;08638;01;"BARRERAS EN EL ACCESO A TECNOLOGÍAS Y SERVICIOS DE SALUD; Y OTROS ELEMENTOS COMPLEMENTARIOS PARA LA ATENCIÓN DEL USUARIO";0101;FALTA DE OPORTUNIDAD EN LA PRESTACIÓN DE TECNOLOGÍAS EN SALUD Y OTROS ELEMENTOS COMPLEMENTARIOS PARA LA ATENCIÓN DEL USUARIO;010101;FALTA DE OPORTUNIDAD EN LAS CITAS O CONSULTAS;01010103;ESPECIALIDADES MÉDICAS ;01010103094;UROLOGÍA;ENFERMEDADES OSTEOARTICULARES;OTROS;CALCULO DEL RIÑÓN;No aplica;SIMPLE
216;2023;7;Web;63;63001;US- 000003285582;A nombre propio;MUJER;68;MAYOR DE 63 AÑOS ;No Aplica;Contributivo;Mulato ;No Aplica;63;63001;SURAMERICANA EPS;RÉGIMEN CONTRIBUTIVO;EPS010;EPS SURA;63;63001;01;"BARRERAS EN EL ACCESO A TECNOLOGÍAS Y SERVICIOS DE SALUD; Y OTROS ELEMENTOS COMPLEMENTARIOS PARA LA ATENCIÓN DEL USUARIO";0101;FALTA DE OPORTUNIDAD EN LA PRESTACIÓN DE TECNOLOGÍAS EN SALUD Y OTROS ELEMENTOS COMPLEMENTARIOS PARA LA ATENCIÓN DEL USUARIO;010101;FALTA DE OPORTUNIDAD EN LAS CITAS O CONSULTAS;01010103;ESPECIALIDADES MÉDICAS ;01010103072;NEUROLOGÍA;PROBLEMAS RELACIONADOS CON FACILIDADES DE ATENCIÓN MÉDICA U OTROS SERVICIOS DE SALUD;PROBLEMAS RELACIONADOS CON FACILIDADES DE ATENCIÓN MÉDICA U OTROS SERVICIOS DE SALUD;OTRAS DEFORMIDADES (ADQUIRIDAS) DEL (DE LOS) DEDO(S) DEL PIE;No aplica;SIMPLE
217;2023;7;Web;25;25473;US- 000001391214;A nombre propio;MUJER;36;DE 30 A 37 AÑOS;No Aplica;Contributivo;No Aplica;No Aplica;25;25473;SANITAS;RÉGIMEN CONTRIBUTIVO;EPS005;SANITAS;11;11001;01;"BARRERAS EN EL ACCESO A TECNOLOGÍAS Y SERVICIOS DE SALUD; Y OTROS ELEMENTOS COMPLEMENTARIOS PARA LA ATENCIÓN DEL USUARIO";0101;FALTA DE OPORTUNIDAD EN LA PRESTACIÓN DE TECNOLOGÍAS EN SALUD Y OTROS ELEMENTOS COMPLEMENTARIOS PARA LA ATENCIÓN DEL USUARIO;010101;FALTA DE OPORTUNIDAD EN LAS CITAS O CONSULTAS;01010103;ESPECIALIDADES MÉDICAS ;01010103001;ALERGOLOGÍA;PROBLEMAS RELACIONADOS CON FACILIDADES DE ATENCIÓN MÉDICA U OTROS SERVICIOS DE SALUD;PROBLEMAS RELACIONADOS CON FACILIDADES DE ATENCIÓN MÉDICA U OTROS SERVICIOS DE SALUD;DERMATITIS ATÓPICA;No aplica;SIMPLE
218;2023;7;Web;66;66001;US- 000003310942;A nombre propio;HOMBRE;51;DE 50 A 62 AÑOS;No Aplica;Contributivo;No Aplica;Desplazado;66;66001;SALUD TOTAL;RÉGIMEN CONTRIBUTIVO;EPS002;SALUD TOTAL;66;66001;01;"BARRERAS EN EL ACCESO A TECNOLOGÍAS Y SERVICIOS DE SALUD; Y OTROS ELEMENTOS COMPLEMENTARIOS PARA LA ATENCIÓN DEL USUARIO";0101;FALTA DE OPORTUNIDAD EN LA PRESTACIÓN DE TECNOLOGÍAS EN SALUD Y OTROS ELEMENTOS COMPLEMENTARIOS PARA LA ATENCIÓN DEL USUARIO;010103;FALTA DE OPORTUNIDAD EN LA ATENCIÓN EN OTROS SERVICIOS DE SALUD;01010309;PROCEDIMIENTOS QUIRÚRGICOS;01010309003;OTROS PROCEDIMIENTOS QUIRÚRGICOS;PROBLEMAS RELACIONADOS CON FACILIDADES DE ATENCIÓN MÉDICA U OTROS SERVICIOS DE SALUD;PROBLEMAS RELACIONADOS CON FACILIDADES DE ATENCIÓN MÉDICA U OTROS SERVICIOS DE SALUD;OTROS PROBLEMAS RELACIONADOS CON SERVICIOS MÉDICOS Y DE SALUD;No aplica;SIMPLE
219;2023;7;Telefónico;73;73411;US- 000003109475;Amigo (A);HOMBRE;88;MAYOR DE 63 AÑOS ;Secundaria;Subsidiado;No Aplica;No Aplica;73;73411;NUEVA EPS;RÉGIMEN SUBSIDIADO;EPSS41;NUEVA EPS;73;73411;01;"BARRERAS EN EL ACCESO A TECNOLOGÍAS Y SERVICIOS DE SALUD; Y OTROS ELEMENTOS COMPLEMENTARIOS PARA LA ATENCIÓN DEL USUARIO";0101;FALTA DE OPORTUNIDAD EN LA PRESTACIÓN DE TECNOLOGÍAS EN SALUD Y OTROS ELEMENTOS COMPLEMENTARIOS PARA LA ATENCIÓN DEL USUARIO;010101;FALTA DE OPORTUNIDAD EN LAS CITAS O CONSULTAS;01010103;ESPECIALIDADES MÉDICAS ;01010103078;ORTOPEDIA Y TRAUMATOLOGÍA;ENFERMEDADES CRÓNICAS NO TRASMISIBLES CARDIOVASCULARES;HTA (HIPERTENSIÓN ARTERIAL);BURSITIS DEL HOMBRO;No aplica;SIMPLE
220;2023;7;Personalizado;41;41001;US- 000000109462;A nombre propio;HOMBRE;50;DE 50 A 62 AÑOS;Secundaria;No aplica;No Aplica;No Aplica;41;41001;SECRETARÍA DE SALUD DEPARTAMENTAL DEL HUILA;ENTIDADES TERRITORIALES;999998;SECRETARIA DE SALUD DEPARTAMENTAL DEL HUILA;41;41001;02;INSATISFACCIÓN RELACIONADA CON LA ATENCIÓN EN SALUD;0201;INSATISFACCIÓN RELACIONADA CON LA ATENCIÓN EN SALUD POR FALTA DE OPORTUNIDAD;020101;INSATISFACCIÓN POR FALTA DE OPORTUNIDAD EN LA ATENCIÓN POR PARTE DEL PERSONAL DE SALUD;02010104;SERVICIO DE URGENCIAS;;;ENFERMEDADES CRÓNICAS NO TRASMISIBLES CARDIOVASCULARES;HTA (HIPERTENSIÓN ARTERIAL);PROBLEMAS RELACIONADOS CON FACILIDADES DE ATENCIÓN MEDICA U OTROS SERVICIOS DE SALUD;No aplica;SIMPLE
221;2023;7;Web;08;08001;US- 000000315252;A nombre propio;MUJER;51;DE 50 A 62 AÑOS;No Aplica;Régimen Especial;No Aplica;No Aplica;08;08001;MAGISTERIO;REGÍMENES DE EXCEPCIÓN Y ESPECIALES;REMG01;MAGISTERIO;08;08001;01;"BARRERAS EN EL ACCESO A TECNOLOGÍAS Y SERVICIOS DE SALUD; Y OTROS ELEMENTOS COMPLEMENTARIOS PARA LA ATENCIÓN DEL USUARIO";0101;FALTA DE OPORTUNIDAD EN LA PRESTACIÓN DE TECNOLOGÍAS EN SALUD Y OTROS ELEMENTOS COMPLEMENTARIOS PARA LA ATENCIÓN DEL USUARIO;010104;FALTA DE OPORTUNIDAD EN LA ENTREGA O ENTREGA INCOMPLETA DE TECNOLOGÍAS EN SALUD Y/O PRESTACIÓN DE OTROS SERVICIOS;01010401;MEDICAMENTOS UPC;;;ENFERMEDADES CRÓNICAS NO TRANSMISIBLES –DIABETES;DIABETES;DIABETES MELLITUS NO INSULINODEPENDIENTE SIN MENCIÓN DE COMPLICACIÓN;No aplica;SIMPLE
222;2023;7;Web;11;11001;US- 000001329991;A nombre propio;MUJER;18;DE 18 A 24 AÑOS;No Aplica;Contributivo;No Aplica;No Aplica;11;11001;ALIANSALUD;RÉGIMEN CONTRIBUTIVO;EPS001;ALIANSALUD;11;11001;01;"BARRERAS EN EL ACCESO A TECNOLOGÍAS Y SERVICIOS DE SALUD; Y OTROS ELEMENTOS COMPLEMENTARIOS PARA LA ATENCIÓN DEL USUARIO";0101;FALTA DE OPORTUNIDAD EN LA PRESTACIÓN DE TECNOLOGÍAS EN SALUD Y OTROS ELEMENTOS COMPLEMENTARIOS PARA LA ATENCIÓN DEL USUARIO;010104;FALTA DE OPORTUNIDAD EN LA ENTREGA O ENTREGA INCOMPLETA DE TECNOLOGÍAS EN SALUD Y/O PRESTACIÓN DE OTROS SERVICIOS;01010402;MEDICAMENTOS NO UPC;;;ENFERMEDADES CRÓNICAS NO TRANSMISIBLES –DIABETES;DIABETES;DIABETES MELLITUS INSULINODEPENDIENTE SIN MENCIÓN DE COMPLICACIÓN;No aplica;RIESGO VITAL
223;2023;7;Escrito;11;11001;US- 000003294340;Cónyuge;MUJER;63;MAYOR DE 63 AÑOS ;No Aplica;No aplica;No Aplica;No Aplica;11;11001;SECRETARÍA DISTRITAL DE SALUD  DE BOGOTA;ENTIDADES TERRITORIALES;999998;SECRETARIA DISTRITAL DE SALUD  DE BOGOTA;11;11001;02;INSATISFACCIÓN RELACIONADA CON LA ATENCIÓN EN SALUD;0202;INSATISFACCIÓN RELACIONADA CON LA ATENCIÓN DEL PERSONAL EN SALUD;020201;INSATISFACCIÓN RELACIONADA CON LA ATENCIÓN DEL PERSONAL EN SALUD;02020104;INSUFICIENTE INFORMACIÓN SOBRE LA ATENCIÓN EN SALUD;;;CÁNCER ;CÁNCER COLORECTAL;TUMOR MALIGNO DEL COLON ASCENDENTE;Quimioterapia y radioterapia para el cáncer;SIMPLE
224;2023;7;Telefónico;11;11001;US- 000003300947;Hijo (A);HOMBRE;84;MAYOR DE 63 AÑOS ;Primaria;Contributivo;No Aplica;No Aplica;25;25386;COMPENSAR;RÉGIMEN CONTRIBUTIVO;EPS008;COMPENSAR;11;11001;01;"BARRERAS EN EL ACCESO A TECNOLOGÍAS Y SERVICIOS DE SALUD; Y OTROS ELEMENTOS COMPLEMENTARIOS PARA LA ATENCIÓN DEL USUARIO";0101;FALTA DE OPORTUNIDAD EN LA PRESTACIÓN DE TECNOLOGÍAS EN SALUD Y OTROS ELEMENTOS COMPLEMENTARIOS PARA LA ATENCIÓN DEL USUARIO;010101;FALTA DE OPORTUNIDAD EN LAS CITAS O CONSULTAS;01010103;ESPECIALIDADES MÉDICAS ;01010103072;NEUROLOGÍA;ENFERMEDADES CRÓNICAS NO TRASMISIBLES CARDIOVASCULARES;HTA (HIPERTENSIÓN ARTERIAL);OTROS TRASTORNOS DE LA PRÓSTATA;No aplica;SIMPLE
225;2023;7;Personalizado;63;63001;US- 000002437987;A nombre propio;HOMBRE;58;DE 50 A 62 AÑOS;Primaria Incompleta;Contributivo;No Aplica;No Aplica;63;63001;SOS -SERVICIO OCCIDENTAL DE SALUD;RÉGIMEN CONTRIBUTIVO;EPS018;SERVICIO OCCIDENTAL DE SALUD (SOS);63;63001;01;"BARRERAS EN EL ACCESO A TECNOLOGÍAS Y SERVICIOS DE SALUD; Y OTROS ELEMENTOS COMPLEMENTARIOS PARA LA ATENCIÓN DEL USUARIO";0101;FALTA DE OPORTUNIDAD EN LA PRESTACIÓN DE TECNOLOGÍAS EN SALUD Y OTROS ELEMENTOS COMPLEMENTARIOS PARA LA ATENCIÓN DEL USUARIO;010101;FALTA DE OPORTUNIDAD EN LAS CITAS O CONSULTAS;01010103;ESPECIALIDADES MÉDICAS ;01010103080;OTORRINOLARINGOLOGÍA;PROBLEMAS RELACIONADOS CON FACILIDADES DE ATENCIÓN MÉDICA U OTROS SERVICIOS DE SALUD;PROBLEMAS RELACIONADOS CON FACILIDADES DE ATENCIÓN MÉDICA U OTROS SERVICIOS DE SALUD;HIPOACUSIA NEUROSENSORIAL, BILATERAL;No aplica;SIMPLE
226;2023;7;Web;11;11001;US- 000001324916;A nombre propio;MUJER;32;DE 30 A 37 AÑOS;No Aplica;Contributivo;No Aplica;No Aplica;11;11001;FAMISANAR;RÉGIMEN CONTRIBUTIVO;EPS017;FAMISANAR;11;11001;01;"BARRERAS EN EL ACCESO A TECNOLOGÍAS Y SERVICIOS DE SALUD; Y OTROS ELEMENTOS COMPLEMENTARIOS PARA LA ATENCIÓN DEL USUARIO";0103;FALTA DE OPORTUNIDAD EN LA AUTORIZACIÓN DE TECNOLOGÍAS EN SALUD Y OTROS ELEMENTOS COMPLEMENTARIOS PARA LA ATENCIÓN DEL USUARIO;010303;FALTA DE OPORTUNIDAD EN LA AUTORIZACIÓN PARA SERVICIOS DE COMPLEMENTACIÓN TERAPÉUTICA;01030309;OTRAS TERAPIAS;;;ENFERMEDADES OSTEOARTICULARES;OTROS;EPICONDILITIS MEDIA;No aplica;SIMPLE
227;2023;7;Personalizado;41;41001;US- 000003288895;Hijo (A);MUJER;86;MAYOR DE 63 AÑOS ;Ninguno;Contributivo;No Aplica;No Aplica;41;41016;NUEVA EPS;RÉGIMEN CONTRIBUTIVO;EPS037;NUEVA EPS;41;41001;01;"BARRERAS EN EL ACCESO A TECNOLOGÍAS Y SERVICIOS DE SALUD; Y OTROS ELEMENTOS COMPLEMENTARIOS PARA LA ATENCIÓN DEL USUARIO";0101;FALTA DE OPORTUNIDAD EN LA PRESTACIÓN DE TECNOLOGÍAS EN SALUD Y OTROS ELEMENTOS COMPLEMENTARIOS PARA LA ATENCIÓN DEL USUARIO;010101;FALTA DE OPORTUNIDAD EN LAS CITAS O CONSULTAS;01010103;ESPECIALIDADES MÉDICAS ;01010103075;OFTALMOLOGÍA;ENFERMEDADES CRÓNICAS NO TRASMISIBLES CARDIOVASCULARES;HTA (HIPERTENSIÓN ARTERIAL);OTRAS ALTERACIONES VISUALES;No aplica;SIMPLE
228;2023;7;Telefónico;05;05360;US- 000002251438;A nombre propio;HOMBRE;60;DE 50 A 62 AÑOS;Secundaria;Subsidiado;No Aplica;No Aplica;05;05360;SAVIA SALUD;RÉGIMEN SUBSIDIADO;EPSS40;SAVIA SALUD EPS;05;05360;02;INSATISFACCIÓN RELACIONADA CON LA ATENCIÓN EN SALUD;0201;INSATISFACCIÓN RELACIONADA CON LA ATENCIÓN EN SALUD POR FALTA DE OPORTUNIDAD;020101;INSATISFACCIÓN POR FALTA DE OPORTUNIDAD EN LA ATENCIÓN POR PARTE DEL PERSONAL DE SALUD;02010103;SERVICIO DE IMAGENOLOGÍA ;;;ENFERMEDADES CRÓNICAS NO TRASMISIBLES CARDIOVASCULARES;OTROS;OTROS CUIDADOS ESPECIFICADOS POSTERIORES A LA CIRUGÍA;No aplica;SIMPLE
229;2023;7;Chat;11;11001;US- 000003296919;A nombre propio;MUJER;51;DE 50 A 62 AÑOS;Secundaria;Contributivo;No Aplica;No Aplica;11;11001;SANITAS;RÉGIMEN CONTRIBUTIVO;EPS005;SANITAS;11;11001;01;"BARRERAS EN EL ACCESO A TECNOLOGÍAS Y SERVICIOS DE SALUD; Y OTROS ELEMENTOS COMPLEMENTARIOS PARA LA ATENCIÓN DEL USUARIO";0101;FALTA DE OPORTUNIDAD EN LA PRESTACIÓN DE TECNOLOGÍAS EN SALUD Y OTROS ELEMENTOS COMPLEMENTARIOS PARA LA ATENCIÓN DEL USUARIO;010103;FALTA DE OPORTUNIDAD EN LA ATENCIÓN EN OTROS SERVICIOS DE SALUD;01010308;PROCEDIMIENTOS NO QUIRÚRGICOS;01010308001;IMAGENOLOGÍA;PROBLEMAS RELACIONADOS CON FACILIDADES DE ATENCIÓN MÉDICA U OTROS SERVICIOS DE SALUD;PROBLEMAS RELACIONADOS CON FACILIDADES DE ATENCIÓN MÉDICA U OTROS SERVICIOS DE SALUD;VENAS VARICOSAS DE LOS MIEMBROS INFERIORES;No aplica;SIMPLE
230;2023;7;Web;76;76001;US- 000003291956;A nombre propio;MUJER;70;MAYOR DE 63 AÑOS ;No Aplica;Contributivo;No Aplica;No Aplica;76;76001;SURAMERICANA EPS;RÉGIMEN CONTRIBUTIVO;EPS010;EPS SURA;76;76001;01;"BARRERAS EN EL ACCESO A TECNOLOGÍAS Y SERVICIOS DE SALUD; Y OTROS ELEMENTOS COMPLEMENTARIOS PARA LA ATENCIÓN DEL USUARIO";0101;FALTA DE OPORTUNIDAD EN LA PRESTACIÓN DE TECNOLOGÍAS EN SALUD Y OTROS ELEMENTOS COMPLEMENTARIOS PARA LA ATENCIÓN DEL USUARIO;010104;FALTA DE OPORTUNIDAD EN LA ENTREGA O ENTREGA INCOMPLETA DE TECNOLOGÍAS EN SALUD Y/O PRESTACIÓN DE OTROS SERVICIOS;01010401;MEDICAMENTOS UPC;;;CÁNCER ;OTROS;TUMOR MALIGNO DE LA COLUMNA VERTEBRAL;No aplica;PRIORIZADO
231;2023;7;Escrito;11;11001;US- 000002884676;A nombre propio;MUJER;57;DE 50 A 62 AÑOS;No Aplica;Contributivo;No Aplica;No Aplica;11;11001;FAMISANAR;RÉGIMEN CONTRIBUTIVO;EPS017;FAMISANAR;11;11001;04;INSATISFACCIÓN DEL USUARIO CON EL PROCESO ADMINISTRATIVO;0405;PROBLEMAS EN EL RECONOCIMIENTO Y/O PAGO DE PRESTACIONES ECONÓMICAS;040501;NO RECONOCIMIENTO Y/O PAGO DE LAS PRESTACIONES ECONÓMICAS;04050107;INCAPACIDAD DE ENFERMEDAD GENERAL;;;PROBLEMAS RELACIONADOS CON FACILIDADES DE ATENCIÓN MÉDICA U OTROS SERVICIOS DE SALUD;PROBLEMAS RELACIONADOS CON FACILIDADES DE ATENCIÓN MÉDICA U OTROS SERVICIOS DE SALUD;PROBLEMAS RELACIONADOS CON FACILIDADES DE ATENCIÓN MEDICA U OTROS SERVICIOS DE SALUD;No aplica;SIMPLE
232;2023;7;Escrito;11;11001;US- 000002205662;A nombre propio;MUJER;53;DE 50 A 62 AÑOS;Primaria Incompleta;Contributivo;No Aplica;No Aplica;11;11001;COMPENSAR;RÉGIMEN CONTRIBUTIVO;EPS008;COMPENSAR;11;11001;01;"BARRERAS EN EL ACCESO A TECNOLOGÍAS Y SERVICIOS DE SALUD; Y OTROS ELEMENTOS COMPLEMENTARIOS PARA LA ATENCIÓN DEL USUARIO";0101;FALTA DE OPORTUNIDAD EN LA PRESTACIÓN DE TECNOLOGÍAS EN SALUD Y OTROS ELEMENTOS COMPLEMENTARIOS PARA LA ATENCIÓN DEL USUARIO;010101;FALTA DE OPORTUNIDAD EN LAS CITAS O CONSULTAS;01010113;JUNTA MÉDICA;;;REEMPLAZOS ARTICULARES PROSTÉTICOS DE CADERA O DE RODILLA;REEMPLAZOS ARTICULARES PROSTÉTICOS DE CADERA O DE RODILLA;(OSTEO)ARTROSIS PRIMARIA GENERALIZADA;Reemplazos articulares;SIMPLE
233;2023;7;Web;05;05001;US- 000002747360;A nombre propio;HOMBRE;54;DE 50 A 62 AÑOS;No Aplica;Contributivo;No Aplica;No Aplica;05;05001;SURAMERICANA EPS;RÉGIMEN CONTRIBUTIVO;EPS010;EPS SURA;05;05001;01;"BARRERAS EN EL ACCESO A TECNOLOGÍAS Y SERVICIOS DE SALUD; Y OTROS ELEMENTOS COMPLEMENTARIOS PARA LA ATENCIÓN DEL USUARIO";0103;FALTA DE OPORTUNIDAD EN LA AUTORIZACIÓN DE TECNOLOGÍAS EN SALUD Y OTROS ELEMENTOS COMPLEMENTARIOS PARA LA ATENCIÓN DEL USUARIO;010301;FALTA DE OPORTUNIDAD EN LA AUTORIZACIÓN DE TECNOLOGÍAS EN SALUD Y/O DE OTROS SERVICIOS;01030101;MEDICAMENTOS UPC;;;PROBLEMAS RELACIONADOS CON FACILIDADES DE ATENCIÓN MÉDICA U OTROS SERVICIOS DE SALUD;PROBLEMAS RELACIONADOS CON FACILIDADES DE ATENCIÓN MÉDICA U OTROS SERVICIOS DE SALUD;ASMA;No aplica;SIMPLE
234;2023;7;Web;23;23162;US- 000003294218;A nombre propio;MUJER;72;MAYOR DE 63 AÑOS ;No Aplica;Subsidiado;No Aplica;No Aplica;23;23162;CAJACOPI EPS;RÉGIMEN SUBSIDIADO;CCF055;CAJACOPI EPS;23;23162;01;"BARRERAS EN EL ACCESO A TECNOLOGÍAS Y SERVICIOS DE SALUD; Y OTROS ELEMENTOS COMPLEMENTARIOS PARA LA ATENCIÓN DEL USUARIO";0103;FALTA DE OPORTUNIDAD EN LA AUTORIZACIÓN DE TECNOLOGÍAS EN SALUD Y OTROS ELEMENTOS COMPLEMENTARIOS PARA LA ATENCIÓN DEL USUARIO;010301;FALTA DE OPORTUNIDAD EN LA AUTORIZACIÓN DE TECNOLOGÍAS EN SALUD Y/O DE OTROS SERVICIOS;01030101;MEDICAMENTOS UPC;;;ENFERMEDADES CRÓNICAS NO TRASMISIBLES CARDIOVASCULARES;HTA (HIPERTENSIÓN ARTERIAL);TRASTORNOS INTERNO DE LA RODILLA, NO ESPECIFICADO;No aplica;SIMPLE
235;2023;7;Personalizado;76;76001;US- 000003305973;A nombre propio;MUJER;50;DE 50 A 62 AÑOS;Secundaria;Subsidiado;No Aplica;No Aplica;76;76001;EMSSANAR EPS;RÉGIMEN SUBSIDIADO;ESS118;EMSSANAR;76;76001;01;"BARRERAS EN EL ACCESO A TECNOLOGÍAS Y SERVICIOS DE SALUD; Y OTROS ELEMENTOS COMPLEMENTARIOS PARA LA ATENCIÓN DEL USUARIO";0101;FALTA DE OPORTUNIDAD EN LA PRESTACIÓN DE TECNOLOGÍAS EN SALUD Y OTROS ELEMENTOS COMPLEMENTARIOS PARA LA ATENCIÓN DEL USUARIO;010101;FALTA DE OPORTUNIDAD EN LAS CITAS O CONSULTAS;01010103;ESPECIALIDADES MÉDICAS ;01010103047;GINECOLOGÍA Y OBSTETRICIA;PROBLEMAS RELACIONADOS CON FACILIDADES DE ATENCIÓN MÉDICA U OTROS SERVICIOS DE SALUD;PROBLEMAS RELACIONADOS CON FACILIDADES DE ATENCIÓN MÉDICA U OTROS SERVICIOS DE SALUD;LEIOMIOMA DEL ÚTERO, SIN OTRA ESPECIFICACIÓN;No aplica;SIMPLE
236;2023;7;Web;85;85001;US- 000003286869;A nombre propio;MUJER;0;DE 0 A 5 AÑOS;No Aplica;Subsidiado;No Aplica;No Aplica;85;85001;CAPRESOCA;RÉGIMEN SUBSIDIADO;EPS025;CAPRESOCA;85;85001;01;"BARRERAS EN EL ACCESO A TECNOLOGÍAS Y SERVICIOS DE SALUD; Y OTROS ELEMENTOS COMPLEMENTARIOS PARA LA ATENCIÓN DEL USUARIO";0101;FALTA DE OPORTUNIDAD EN LA PRESTACIÓN DE TECNOLOGÍAS EN SALUD Y OTROS ELEMENTOS COMPLEMENTARIOS PARA LA ATENCIÓN DEL USUARIO;010105;FALTA DE OPORTUNIDAD EN EL PROCESO DE REFERENCIA Y CONTRARREFERENCIA;;;;;MATERNO INFANTIL;ATENCIÓN RECIÉN NACIDO;OTRAS MALFORMACIONES CONGÉNITAS DEL CORAZÓN, ESPECIFICADAS;Manejo de pacientes en Unidades de cuidados intensivos;RIESGO VITAL
237;2023;7;Web;05;05088;US- 000000277300;A nombre propio;MUJER;50;DE 50 A 62 AÑOS;No Aplica;Contributivo;No Aplica;No Aplica;05;05088;NUEVA EPS;RÉGIMEN CONTRIBUTIVO;EPS037;NUEVA EPS;05;05088;01;"BARRERAS EN EL ACCESO A TECNOLOGÍAS Y SERVICIOS DE SALUD; Y OTROS ELEMENTOS COMPLEMENTARIOS PARA LA ATENCIÓN DEL USUARIO";0101;FALTA DE OPORTUNIDAD EN LA PRESTACIÓN DE TECNOLOGÍAS EN SALUD Y OTROS ELEMENTOS COMPLEMENTARIOS PARA LA ATENCIÓN DEL USUARIO;010101;FALTA DE OPORTUNIDAD EN LAS CITAS O CONSULTAS;01010103;ESPECIALIDADES MÉDICAS ;01010103075;OFTALMOLOGÍA;PROBLEMAS RELACIONADOS CON FACILIDADES DE ATENCIÓN MÉDICA U OTROS SERVICIOS DE SALUD;PROBLEMAS RELACIONADOS CON FACILIDADES DE ATENCIÓN MÉDICA U OTROS SERVICIOS DE SALUD;OTRAS IRIDOCICLITIS ESPECIFICADAS;No aplica;SIMPLE
238;2023;7;Web;11;11001;US- 000002457211;Hijo (A);HOMBRE;68;MAYOR DE 63 AÑOS ;No Aplica;Contributivo;No Aplica;No Aplica;11;11001;COMPENSAR;RÉGIMEN CONTRIBUTIVO;EPS008;COMPENSAR;11;11001;01;"BARRERAS EN EL ACCESO A TECNOLOGÍAS Y SERVICIOS DE SALUD; Y OTROS ELEMENTOS COMPLEMENTARIOS PARA LA ATENCIÓN DEL USUARIO";0101;FALTA DE OPORTUNIDAD EN LA PRESTACIÓN DE TECNOLOGÍAS EN SALUD Y OTROS ELEMENTOS COMPLEMENTARIOS PARA LA ATENCIÓN DEL USUARIO;010105;FALTA DE OPORTUNIDAD EN EL PROCESO DE REFERENCIA Y CONTRARREFERENCIA;;;;;ENFERMEDADES CRÓNICAS NO TRASMISIBLES CARDIOVASCULARES;OTROS;ENDOCARDITIS INFECCIOSA AGUDA Y SUBAGUDA;Manejo quirúrgico para enfermedades del corazón;RIESGO VITAL
239;2023;7;Correo;63;63001;US- 000000957468;A nombre propio;HOMBRE;23;DE 18 A 24 AÑOS;No Aplica;Régimen Especial;No Aplica;No Aplica;63;63001;MAGISTERIO;REGÍMENES DE EXCEPCIÓN Y ESPECIALES;REMG01;MAGISTERIO;63;63001;01;"BARRERAS EN EL ACCESO A TECNOLOGÍAS Y SERVICIOS DE SALUD; Y OTROS ELEMENTOS COMPLEMENTARIOS PARA LA ATENCIÓN DEL USUARIO";0101;FALTA DE OPORTUNIDAD EN LA PRESTACIÓN DE TECNOLOGÍAS EN SALUD Y OTROS ELEMENTOS COMPLEMENTARIOS PARA LA ATENCIÓN DEL USUARIO;010101;FALTA DE OPORTUNIDAD EN LAS CITAS O CONSULTAS;01010101;MEDICINA GENERAL;;;ENFERMEDADES CRÓNICAS NO TRANSMISIBLES –DIABETES;DIABETES;DIABETES MELLITUS NO INSULINODEPENDIENTE;No aplica;SIMPLE
240;2023;7;Web;73;73001;US- 000003271815;A nombre propio;MUJER;34;DE 30 A 37 AÑOS;No Aplica;Contributivo;No Aplica;No Aplica;73;73001;SANITAS;RÉGIMEN CONTRIBUTIVO;EPS005;SANITAS;73;73001;04;INSATISFACCIÓN DEL USUARIO CON EL PROCESO ADMINISTRATIVO;0403;INSATISFACCIÓN RELACIONADA CON LA ATENCIÓN DEL PERSONAL ADMINISTRATIVO;040301;INSATISFACCIÓN RELACIONADA CON LA ATENCIÓN DEL PERSONAL ADMINISTRATIVO;;;;;PROBLEMAS RELACIONADOS CON FACILIDADES DE ATENCIÓN MÉDICA U OTROS SERVICIOS DE SALUD;PROBLEMAS RELACIONADOS CON FACILIDADES DE ATENCIÓN MÉDICA U OTROS SERVICIOS DE SALUD;PROBLEMAS RELACIONADOS CON FACILIDADES DE ATENCIÓN MEDICA U OTROS SERVICIOS DE SALUD;No aplica;SIMPLE
241;2023;7;Web;08;08001;US- 000003266872;Otro;HOMBRE;28;DE 25 A 29 AÑOS;No Aplica;Contributivo;No Aplica;No Aplica;11;11001;FAMISANAR;RÉGIMEN CONTRIBUTIVO;EPS017;FAMISANAR;08;08001;04;INSATISFACCIÓN DEL USUARIO CON EL PROCESO ADMINISTRATIVO;0405;PROBLEMAS EN EL RECONOCIMIENTO Y/O PAGO DE PRESTACIONES ECONÓMICAS;040501;NO RECONOCIMIENTO Y/O PAGO DE LAS PRESTACIONES ECONÓMICAS;04050107;INCAPACIDAD DE ENFERMEDAD GENERAL;;;PROBLEMAS RELACIONADOS CON FACILIDADES DE ATENCIÓN MÉDICA U OTROS SERVICIOS DE SALUD;PROBLEMAS RELACIONADOS CON FACILIDADES DE ATENCIÓN MÉDICA U OTROS SERVICIOS DE SALUD;OTROS PROBLEMAS RELACIONADOS CON SERVICIOS MÉDICOS Y DE SALUD;No aplica;SIMPLE
242;2023;7;Telefónico;05;05664;US- 000001573389;Cónyuge;HOMBRE;75;MAYOR DE 63 AÑOS ;Primaria;Contributivo;No Aplica;No Aplica;05;05664;NUEVA EPS;RÉGIMEN CONTRIBUTIVO;EPS037;NUEVA EPS;05;05664;01;"BARRERAS EN EL ACCESO A TECNOLOGÍAS Y SERVICIOS DE SALUD; Y OTROS ELEMENTOS COMPLEMENTARIOS PARA LA ATENCIÓN DEL USUARIO";0101;FALTA DE OPORTUNIDAD EN LA PRESTACIÓN DE TECNOLOGÍAS EN SALUD Y OTROS ELEMENTOS COMPLEMENTARIOS PARA LA ATENCIÓN DEL USUARIO;010105;FALTA DE OPORTUNIDAD EN EL PROCESO DE REFERENCIA Y CONTRARREFERENCIA;;;;;ENFERMEDADES CRÓNICAS NO TRANSMISIBLES- FACTORES DE RIESGO;MEDICIÓN DE FACTORES DE RIESGO;TUBERCULOSIS DEL PULMÓN , CONFIRMADA POR MEDIOS NO ESPECIFICADOS;No aplica;PRIORIZADO
243;2023;7;Web;05;05266;US- 000001284615;A nombre propio;HOMBRE;54;DE 50 A 62 AÑOS;No Aplica;Régimen Especial;No Aplica;No Aplica;05;05266;POLICIA NACIONAL;REGÍMENES DE EXCEPCIÓN Y ESPECIALES;REPN01;POLICIA NACIONAL;05;05266;01;"BARRERAS EN EL ACCESO A TECNOLOGÍAS Y SERVICIOS DE SALUD; Y OTROS ELEMENTOS COMPLEMENTARIOS PARA LA ATENCIÓN DEL USUARIO";0101;FALTA DE OPORTUNIDAD EN LA PRESTACIÓN DE TECNOLOGÍAS EN SALUD Y OTROS ELEMENTOS COMPLEMENTARIOS PARA LA ATENCIÓN DEL USUARIO;010101;FALTA DE OPORTUNIDAD EN LAS CITAS O CONSULTAS;01010103;ESPECIALIDADES MÉDICAS ;01010103075;OFTALMOLOGÍA;PROBLEMAS RELACIONADOS CON FACILIDADES DE ATENCIÓN MÉDICA U OTROS SERVICIOS DE SALUD;PROBLEMAS RELACIONADOS CON FACILIDADES DE ATENCIÓN MÉDICA U OTROS SERVICIOS DE SALUD;OTRAS CONSULTAS ESPECIFICADAS;No aplica;SIMPLE
244;2023;7;Escrito;11;11001;US- 000002588075;A nombre propio;HOMBRE;45;DE 38 A 49 AÑOS;No Aplica;Subsidiado;No Aplica;No Aplica;11;11001;COMPENSAR;RÉGIMEN CONTRIBUTIVO;EPS008;COMPENSAR;11;11001;04;INSATISFACCIÓN DEL USUARIO CON EL PROCESO ADMINISTRATIVO;0404;INSATISFACCIÓN RELACIONADA CON TRÁMITES ADMINISTRATIVOS;040403;INCONSISTENCIAS EN LA AFILIACIÓN;04040306;CAMBIO DE RÉGIMEN;;;PROBLEMAS RELACIONADOS CON FACILIDADES DE ATENCIÓN MÉDICA U OTROS SERVICIOS DE SALUD;PROBLEMAS RELACIONADOS CON FACILIDADES DE ATENCIÓN MÉDICA U OTROS SERVICIOS DE SALUD;PROBLEMAS RELACIONADOS CON ATENCIÓN DE SALUD NO DISPONIBLE O INACCESIBLE;No aplica;SIMPLE
245;2023;7;Web;70;70001;US- 000002238574;A nombre propio;MUJER;72;MAYOR DE 63 AÑOS ;Ninguno;Contributivo;No Aplica;No Aplica;70;70001;SALUD TOTAL;RÉGIMEN CONTRIBUTIVO;EPS002;SALUD TOTAL;70;70001;01;"BARRERAS EN EL ACCESO A TECNOLOGÍAS Y SERVICIOS DE SALUD; Y OTROS ELEMENTOS COMPLEMENTARIOS PARA LA ATENCIÓN DEL USUARIO";0101;FALTA DE OPORTUNIDAD EN LA PRESTACIÓN DE TECNOLOGÍAS EN SALUD Y OTROS ELEMENTOS COMPLEMENTARIOS PARA LA ATENCIÓN DEL USUARIO;010101;FALTA DE OPORTUNIDAD EN LAS CITAS O CONSULTAS;01010103;ESPECIALIDADES MÉDICAS ;01010103094;UROLOGÍA;PROBLEMAS RELACIONADOS CON FACILIDADES DE ATENCIÓN MÉDICA U OTROS SERVICIOS DE SALUD;PROBLEMAS RELACIONADOS CON FACILIDADES DE ATENCIÓN MÉDICA U OTROS SERVICIOS DE SALUD;CISTOCELE;No aplica;SIMPLE
246;2023;7;Escrito;76;76892;US- 000003119261;Otro;MUJER;71;MAYOR DE 63 AÑOS ;No Aplica;Subsidiado;No Aplica;No Aplica;76;76892;ASMET SALUD EPS;RÉGIMEN SUBSIDIADO;ESS062;ASMET SALUD;76;76892;01;"BARRERAS EN EL ACCESO A TECNOLOGÍAS Y SERVICIOS DE SALUD; Y OTROS ELEMENTOS COMPLEMENTARIOS PARA LA ATENCIÓN DEL USUARIO";0101;FALTA DE OPORTUNIDAD EN LA PRESTACIÓN DE TECNOLOGÍAS EN SALUD Y OTROS ELEMENTOS COMPLEMENTARIOS PARA LA ATENCIÓN DEL USUARIO;010104;FALTA DE OPORTUNIDAD EN LA ENTREGA O ENTREGA INCOMPLETA DE TECNOLOGÍAS EN SALUD Y/O PRESTACIÓN DE OTROS SERVICIOS;01010401;MEDICAMENTOS UPC;;;PROBLEMAS RELACIONADOS CON FACILIDADES DE ATENCIÓN MÉDICA U OTROS SERVICIOS DE SALUD;PROBLEMAS RELACIONADOS CON FACILIDADES DE ATENCIÓN MÉDICA U OTROS SERVICIOS DE SALUD;PROBLEMAS RELACIONADOS CON FACILIDADES DE ATENCIÓN MEDICA U OTROS SERVICIOS DE SALUD;No aplica;SIMPLE
247;2023;7;Web;11;11001;US- 000001333206;Hermano (A);HOMBRE;9;DE 6 A 12 AÑOS;No Aplica;Subsidiado;No Aplica;No Aplica;25;25754;SALUD TOTAL;RÉGIMEN CONTRIBUTIVO;EPS002;SALUD TOTAL;25;25754;01;"BARRERAS EN EL ACCESO A TECNOLOGÍAS Y SERVICIOS DE SALUD; Y OTROS ELEMENTOS COMPLEMENTARIOS PARA LA ATENCIÓN DEL USUARIO";0101;FALTA DE OPORTUNIDAD EN LA PRESTACIÓN DE TECNOLOGÍAS EN SALUD Y OTROS ELEMENTOS COMPLEMENTARIOS PARA LA ATENCIÓN DEL USUARIO;010101;FALTA DE OPORTUNIDAD EN LAS CITAS O CONSULTAS;01010103;ESPECIALIDADES MÉDICAS ;01010103075;OFTALMOLOGÍA;PROBLEMAS RELACIONADOS CON FACILIDADES DE ATENCIÓN MÉDICA U OTROS SERVICIOS DE SALUD;PROBLEMAS RELACIONADOS CON FACILIDADES DE ATENCIÓN MÉDICA U OTROS SERVICIOS DE SALUD;PROBLEMAS RELACIONADOS CON FACILIDADES DE ATENCIÓN MEDICA U OTROS SERVICIOS DE SALUD;No aplica;SIMPLE
248;2023;7;Web;76;76364;US- 000003279374;A nombre propio;MUJER;24;DE 18 A 24 AÑOS;No Aplica;Contributivo;No Aplica;No Aplica;76;76364;SURAMERICANA EPS;RÉGIMEN CONTRIBUTIVO;EPS010;EPS SURA;19;19845;04;INSATISFACCIÓN DEL USUARIO CON EL PROCESO ADMINISTRATIVO;0404;INSATISFACCIÓN RELACIONADA CON TRÁMITES ADMINISTRATIVOS;040403;INCONSISTENCIAS EN LA AFILIACIÓN;04040309;OTRAS INCONSISTENCIAS;;;PROBLEMAS RELACIONADOS CON FACILIDADES DE ATENCIÓN MÉDICA U OTROS SERVICIOS DE SALUD;PROBLEMAS RELACIONADOS CON FACILIDADES DE ATENCIÓN MÉDICA U OTROS SERVICIOS DE SALUD;PROBLEMAS RELACIONADOS CON ATENCIÓN DE SALUD NO DISPONIBLE O INACCESIBLE;No aplica;SIMPLE
249;2023;7;Web;25;25899;US- 000002350177;A nombre propio;MUJER;27;DE 25 A 29 AÑOS;No Aplica;Contributivo;No Aplica;No Aplica;25;25899;FAMISANAR;RÉGIMEN CONTRIBUTIVO;EPS017;FAMISANAR;25;25899;01;"BARRERAS EN EL ACCESO A TECNOLOGÍAS Y SERVICIOS DE SALUD; Y OTROS ELEMENTOS COMPLEMENTARIOS PARA LA ATENCIÓN DEL USUARIO";0101;FALTA DE OPORTUNIDAD EN LA PRESTACIÓN DE TECNOLOGÍAS EN SALUD Y OTROS ELEMENTOS COMPLEMENTARIOS PARA LA ATENCIÓN DEL USUARIO;010103;FALTA DE OPORTUNIDAD EN LA ATENCIÓN EN OTROS SERVICIOS DE SALUD;01010308;PROCEDIMIENTOS NO QUIRÚRGICOS;01010308006;OTROS PROCEDIMIENTOS NO QUIRÚRGICOS;PROBLEMAS RELACIONADOS CON FACILIDADES DE ATENCIÓN MÉDICA U OTROS SERVICIOS DE SALUD;PROBLEMAS RELACIONADOS CON FACILIDADES DE ATENCIÓN MÉDICA U OTROS SERVICIOS DE SALUD;TRASTORNO ATRÓFICO DE LA PIEL, NO ESPECIFICADO;No aplica;SIMPLE
250;2023;7;Web;76;76001;US- 000003143175;A nombre propio;MUJER;68;MAYOR DE 63 AÑOS ;No Aplica;Contributivo;No Aplica;No Aplica;76;76001;SOS -SERVICIO OCCIDENTAL DE SALUD;RÉGIMEN CONTRIBUTIVO;EPS018;SERVICIO OCCIDENTAL DE SALUD (SOS);76;76001;01;"BARRERAS EN EL ACCESO A TECNOLOGÍAS Y SERVICIOS DE SALUD; Y OTROS ELEMENTOS COMPLEMENTARIOS PARA LA ATENCIÓN DEL USUARIO";0101;FALTA DE OPORTUNIDAD EN LA PRESTACIÓN DE TECNOLOGÍAS EN SALUD Y OTROS ELEMENTOS COMPLEMENTARIOS PARA LA ATENCIÓN DEL USUARIO;010103;FALTA DE OPORTUNIDAD EN LA ATENCIÓN EN OTROS SERVICIOS DE SALUD;01010309;PROCEDIMIENTOS QUIRÚRGICOS;01010309003;OTROS PROCEDIMIENTOS QUIRÚRGICOS;PROBLEMAS RELACIONADOS CON FACILIDADES DE ATENCIÓN MÉDICA U OTROS SERVICIOS DE SALUD;PROBLEMAS RELACIONADOS CON FACILIDADES DE ATENCIÓN MÉDICA U OTROS SERVICIOS DE SALUD;PTERIGIÓN;No aplica;SIMPLE
251;2023;7;Escrito;11;11001;US- 000001795289;Otro;HOMBRE;12;DE 6 A 12 AÑOS;Ninguno;Subsidiado;No Aplica;No Aplica;47;47001;CAJACOPI EPS;RÉGIMEN SUBSIDIADO;CCF055;CAJACOPI EPS;47;47001;01;"BARRERAS EN EL ACCESO A TECNOLOGÍAS Y SERVICIOS DE SALUD; Y OTROS ELEMENTOS COMPLEMENTARIOS PARA LA ATENCIÓN DEL USUARIO";0101;FALTA DE OPORTUNIDAD EN LA PRESTACIÓN DE TECNOLOGÍAS EN SALUD Y OTROS ELEMENTOS COMPLEMENTARIOS PARA LA ATENCIÓN DEL USUARIO;010101;FALTA DE OPORTUNIDAD EN LAS CITAS O CONSULTAS;01010109;FONOAUDIOLOGÍA;;;ENFERMEDADES CRÓNICAS NO TRANSMISIBLES- FACTORES DE RIESGO;MEDICIÓN DE FACTORES DE RIESGO;AUTISMO EN LA NIÑEZ;No aplica;SIMPLE
252;2023;7;Web;08;08001;US- 000002777853;A nombre propio;MUJER;54;DE 50 A 62 AÑOS;No Aplica;Régimen Especial;No Aplica;No Aplica;08;08001;MAGISTERIO;REGÍMENES DE EXCEPCIÓN Y ESPECIALES;REMG01;MAGISTERIO;08;08001;01;"BARRERAS EN EL ACCESO A TECNOLOGÍAS Y SERVICIOS DE SALUD; Y OTROS ELEMENTOS COMPLEMENTARIOS PARA LA ATENCIÓN DEL USUARIO";0101;FALTA DE OPORTUNIDAD EN LA PRESTACIÓN DE TECNOLOGÍAS EN SALUD Y OTROS ELEMENTOS COMPLEMENTARIOS PARA LA ATENCIÓN DEL USUARIO;010104;FALTA DE OPORTUNIDAD EN LA ENTREGA O ENTREGA INCOMPLETA DE TECNOLOGÍAS EN SALUD Y/O PRESTACIÓN DE OTROS SERVICIOS;01010401;MEDICAMENTOS UPC;;;ENFERMEDADES OSTEOARTICULARES;OTROS;DOLOR EN MIEMBRO;No aplica;SIMPLE
253;2023;7;Web;08;08758;US- 000003283331;A nombre propio;HOMBRE;98;MAYOR DE 63 AÑOS ;No Aplica;Subsidiado;No Aplica;No Aplica;08;08758;CAJACOPI EPS;RÉGIMEN SUBSIDIADO;CCF055;CAJACOPI EPS;08;08758;01;"BARRERAS EN EL ACCESO A TECNOLOGÍAS Y SERVICIOS DE SALUD; Y OTROS ELEMENTOS COMPLEMENTARIOS PARA LA ATENCIÓN DEL USUARIO";0101;FALTA DE OPORTUNIDAD EN LA PRESTACIÓN DE TECNOLOGÍAS EN SALUD Y OTROS ELEMENTOS COMPLEMENTARIOS PARA LA ATENCIÓN DEL USUARIO;010101;FALTA DE OPORTUNIDAD EN LAS CITAS O CONSULTAS;01010101;MEDICINA GENERAL;;;ENFERMEDADES OSTEOARTICULARES;NEUROLÓGICAS;ENFERMEDAD DE ALZHEIMER;No aplica;SIMPLE
254;2023;7;Web;05;05001;US- 000003299589;A nombre propio;MUJER;53;DE 50 A 62 AÑOS;No Aplica;Subsidiado;No Aplica;No Aplica;05;05001;SAVIA SALUD;RÉGIMEN SUBSIDIADO;EPSS40;SAVIA SALUD EPS;05;05001;01;"BARRERAS EN EL ACCESO A TECNOLOGÍAS Y SERVICIOS DE SALUD; Y OTROS ELEMENTOS COMPLEMENTARIOS PARA LA ATENCIÓN DEL USUARIO";0101;FALTA DE OPORTUNIDAD EN LA PRESTACIÓN DE TECNOLOGÍAS EN SALUD Y OTROS ELEMENTOS COMPLEMENTARIOS PARA LA ATENCIÓN DEL USUARIO;010101;FALTA DE OPORTUNIDAD EN LAS CITAS O CONSULTAS;01010103;ESPECIALIDADES MÉDICAS ;01010103075;OFTALMOLOGÍA;PROBLEMAS RELACIONADOS CON FACILIDADES DE ATENCIÓN MÉDICA U OTROS SERVICIOS DE SALUD;PROBLEMAS RELACIONADOS CON FACILIDADES DE ATENCIÓN MÉDICA U OTROS SERVICIOS DE SALUD;ALTERACIONES DE LA VISION;No aplica;SIMPLE
255;2023;7;Chat;08;08001;US- 000001418063;A nombre propio;MUJER;34;DE 30 A 37 AÑOS;Universitario Incompleto;Contributivo;No Aplica;No Aplica;08;08001;NUEVA EPS;RÉGIMEN CONTRIBUTIVO;EPS037;NUEVA EPS;08;08001;01;"BARRERAS EN EL ACCESO A TECNOLOGÍAS Y SERVICIOS DE SALUD; Y OTROS ELEMENTOS COMPLEMENTARIOS PARA LA ATENCIÓN DEL USUARIO";0101;FALTA DE OPORTUNIDAD EN LA PRESTACIÓN DE TECNOLOGÍAS EN SALUD Y OTROS ELEMENTOS COMPLEMENTARIOS PARA LA ATENCIÓN DEL USUARIO;010101;FALTA DE OPORTUNIDAD EN LAS CITAS O CONSULTAS;01010101;MEDICINA GENERAL;;;ENFERMEDADES CRÓNICAS NO TRASMISIBLES CARDIOVASCULARES;OTROS;EFECTOS ADVERSOS DE OTRAS HORMONAS ANTAGONISTAS, Y LAS NO ESPECIFICADAS;No aplica;SIMPLE
256;2023;7;Telefónico;05;05001;US- 000001153917;A nombre propio;MUJER;50;DE 50 A 62 AÑOS;Primaria;Subsidiado;No Aplica;Desplazado;05;05001;SAVIA SALUD;RÉGIMEN SUBSIDIADO;EPSS40;SAVIA SALUD EPS;05;05001;01;"BARRERAS EN EL ACCESO A TECNOLOGÍAS Y SERVICIOS DE SALUD; Y OTROS ELEMENTOS COMPLEMENTARIOS PARA LA ATENCIÓN DEL USUARIO";0101;FALTA DE OPORTUNIDAD EN LA PRESTACIÓN DE TECNOLOGÍAS EN SALUD Y OTROS ELEMENTOS COMPLEMENTARIOS PARA LA ATENCIÓN DEL USUARIO;010103;FALTA DE OPORTUNIDAD EN LA ATENCIÓN EN OTROS SERVICIOS DE SALUD;01010308;PROCEDIMIENTOS NO QUIRÚRGICOS;01010308001;IMAGENOLOGÍA;ENFERMEDADES CRÓNICAS NO TRANSMISIBLES- FACTORES DE RIESGO;MEDICIÓN DE FACTORES DE RIESGO;FISTULA RECTOVAGINAL CONGÉNITA;No aplica;SIMPLE
257;2023;7;Telefónico;73;73168;US- 000003085178;Hijo (A);HOMBRE;78;MAYOR DE 63 AÑOS ;Primaria;Subsidiado;Indígena;No Aplica;73;73168;PIJAOS SALUD -EPSI;RÉGIMEN SUBSIDIADO;EPSI06;PIJAOS SALUD (EPS-I);73;73168;01;"BARRERAS EN EL ACCESO A TECNOLOGÍAS Y SERVICIOS DE SALUD; Y OTROS ELEMENTOS COMPLEMENTARIOS PARA LA ATENCIÓN DEL USUARIO";0101;FALTA DE OPORTUNIDAD EN LA PRESTACIÓN DE TECNOLOGÍAS EN SALUD Y OTROS ELEMENTOS COMPLEMENTARIOS PARA LA ATENCIÓN DEL USUARIO;010104;FALTA DE OPORTUNIDAD EN LA ENTREGA O ENTREGA INCOMPLETA DE TECNOLOGÍAS EN SALUD Y/O PRESTACIÓN DE OTROS SERVICIOS;01010408;TRANSPORTE, ALOJAMIENTO O ALIMENTACIÓN;;;ENFERMEDADES CRÓNICAS NO TRASMISIBLES CARDIOVASCULARES;HTA (HIPERTENSIÓN ARTERIAL);INSUFICIENCIA RENAL CRÓNICA;Diálisis peritoneal;PRIORIZADO
258;2023;7;Escrito;11;11001;US- 000003284260;Otro;HOMBRE;63;MAYOR DE 63 AÑOS ;No Aplica;Contributivo;No Aplica;No Aplica;11;11001;COMPENSAR;RÉGIMEN CONTRIBUTIVO;EPS008;COMPENSAR;25;25290;01;"BARRERAS EN EL ACCESO A TECNOLOGÍAS Y SERVICIOS DE SALUD; Y OTROS ELEMENTOS COMPLEMENTARIOS PARA LA ATENCIÓN DEL USUARIO";0102;NEGACIÓN DE TECNOLOGÍAS EN SALUD Y OTROS ELEMENTOS COMPLEMENTARIOS PARA LA ATENCIÓN DEL USUARIO;010203;NEGACIÓN EN LA ATENCIÓN EN OTROS SERVICIOS DE SALUD;01020308;PROCEDIMIENTOS NO QUIRÚRGICOS;01020308002;LABORATORIO CLÍNICO Y ANATOMOPATOLÓGICO;ENFERMEDADES CRÓNICAS NO TRANSMISIBLES RESPIRATORIAS;EPOC (ENFERMEDAD PULMONAR OBSTRUCTIVA CRÓNICA, BRONQUITIS CRÓNICA O ENFISEMA);ENFERMEDAD PULMONAR OBSTRUCTIVA CRÓNICA, NO ESPECIFICADA;No aplica;SIMPLE
259;2023;7;Web;11;11001;US- 000000341538;A nombre propio;HOMBRE;59;DE 50 A 62 AÑOS;No Aplica;Contributivo;No Aplica;No Aplica;11;11001;ALIANSALUD;RÉGIMEN CONTRIBUTIVO;EPS001;ALIANSALUD;11;11001;01;"BARRERAS EN EL ACCESO A TECNOLOGÍAS Y SERVICIOS DE SALUD; Y OTROS ELEMENTOS COMPLEMENTARIOS PARA LA ATENCIÓN DEL USUARIO";0101;FALTA DE OPORTUNIDAD EN LA PRESTACIÓN DE TECNOLOGÍAS EN SALUD Y OTROS ELEMENTOS COMPLEMENTARIOS PARA LA ATENCIÓN DEL USUARIO;010103;FALTA DE OPORTUNIDAD EN LA ATENCIÓN EN OTROS SERVICIOS DE SALUD;01010308;PROCEDIMIENTOS NO QUIRÚRGICOS;01010308001;IMAGENOLOGÍA;PROBLEMAS RELACIONADOS CON FACILIDADES DE ATENCIÓN MÉDICA U OTROS SERVICIOS DE SALUD;PROBLEMAS RELACIONADOS CON FACILIDADES DE ATENCIÓN MÉDICA U OTROS SERVICIOS DE SALUD;PÓLIPO DEL COLON;No aplica;SIMPLE
260;2023;7;Telefónico;23;23660;US- 000002500191;Hijo (A);MUJER;58;DE 50 A 62 AÑOS;Primaria;Subsidiado;Indígena;No Aplica;23;23660;NUEVA EPS;RÉGIMEN SUBSIDIADO;EPSS41;NUEVA EPS;23;23660;01;"BARRERAS EN EL ACCESO A TECNOLOGÍAS Y SERVICIOS DE SALUD; Y OTROS ELEMENTOS COMPLEMENTARIOS PARA LA ATENCIÓN DEL USUARIO";0101;FALTA DE OPORTUNIDAD EN LA PRESTACIÓN DE TECNOLOGÍAS EN SALUD Y OTROS ELEMENTOS COMPLEMENTARIOS PARA LA ATENCIÓN DEL USUARIO;010103;FALTA DE OPORTUNIDAD EN LA ATENCIÓN EN OTROS SERVICIOS DE SALUD;01010309;PROCEDIMIENTOS QUIRÚRGICOS;01010309003;OTROS PROCEDIMIENTOS QUIRÚRGICOS;PROBLEMAS RELACIONADOS CON FACILIDADES DE ATENCIÓN MÉDICA U OTROS SERVICIOS DE SALUD;PROBLEMAS RELACIONADOS CON FACILIDADES DE ATENCIÓN MÉDICA U OTROS SERVICIOS DE SALUD;OTRAS CATARATAS;No aplica;SIMPLE
261;2023;7;Chat;11;11001;US- 000003264455;A nombre propio;HOMBRE;23;DE 18 A 24 AÑOS;Universitario Incompleto;Contributivo;No Aplica;No Aplica;11;11001;SALUD TOTAL;RÉGIMEN CONTRIBUTIVO;EPS002;SALUD TOTAL;11;11001;01;"BARRERAS EN EL ACCESO A TECNOLOGÍAS Y SERVICIOS DE SALUD; Y OTROS ELEMENTOS COMPLEMENTARIOS PARA LA ATENCIÓN DEL USUARIO";0101;FALTA DE OPORTUNIDAD EN LA PRESTACIÓN DE TECNOLOGÍAS EN SALUD Y OTROS ELEMENTOS COMPLEMENTARIOS PARA LA ATENCIÓN DEL USUARIO;010103;FALTA DE OPORTUNIDAD EN LA ATENCIÓN EN OTROS SERVICIOS DE SALUD;01010308;PROCEDIMIENTOS NO QUIRÚRGICOS;01010308006;OTROS PROCEDIMIENTOS NO QUIRÚRGICOS;VIH SIDA Y OTRAS ET SEXUAL;VIH SIDA;ENFERMEDAD POR VIRUS DE LA INMUNODEFICIENCIA HUMANA (VIH), SIN OTRA ESPECIFICACIÓN;Diagnóstico y manejo del paciente infectado por VIH;PRIORIZADO
262;2023;7;Web;05;05051;US- 000003267422;Madre;MUJER;3;DE 0 A 5 AÑOS;No Aplica;Subsidiado;No Aplica;No Aplica;05;05051;NUEVA EPS;RÉGIMEN SUBSIDIADO;EPSS41;NUEVA EPS;05;05051;01;"BARRERAS EN EL ACCESO A TECNOLOGÍAS Y SERVICIOS DE SALUD; Y OTROS ELEMENTOS COMPLEMENTARIOS PARA LA ATENCIÓN DEL USUARIO";0101;FALTA DE OPORTUNIDAD EN LA PRESTACIÓN DE TECNOLOGÍAS EN SALUD Y OTROS ELEMENTOS COMPLEMENTARIOS PARA LA ATENCIÓN DEL USUARIO;010104;FALTA DE OPORTUNIDAD EN LA ENTREGA O ENTREGA INCOMPLETA DE TECNOLOGÍAS EN SALUD Y/O PRESTACIÓN DE OTROS SERVICIOS;01010401;MEDICAMENTOS UPC;;;MATERNO INFANTIL;ATENCIÓN NIÑOS MENORES DE 5 AÑOS;PERDIDA ANORMAL DE PESO;No aplica;SIMPLE
263;2023;7;Telefónico;05;05789;US- 000003285581;A nombre propio;MUJER;64;MAYOR DE 63 AÑOS ;Universitario Incompleto;Contributivo;No Aplica;No Aplica;05;05789;SURAMERICANA EPS;RÉGIMEN CONTRIBUTIVO;EPS010;EPS SURA;05;05001;01;"BARRERAS EN EL ACCESO A TECNOLOGÍAS Y SERVICIOS DE SALUD; Y OTROS ELEMENTOS COMPLEMENTARIOS PARA LA ATENCIÓN DEL USUARIO";0101;FALTA DE OPORTUNIDAD EN LA PRESTACIÓN DE TECNOLOGÍAS EN SALUD Y OTROS ELEMENTOS COMPLEMENTARIOS PARA LA ATENCIÓN DEL USUARIO;010104;FALTA DE OPORTUNIDAD EN LA ENTREGA O ENTREGA INCOMPLETA DE TECNOLOGÍAS EN SALUD Y/O PRESTACIÓN DE OTROS SERVICIOS;01010403;DISPOSITIVOS MÉDICOS UPC;;;PROBLEMAS RELACIONADOS CON FACILIDADES DE ATENCIÓN MÉDICA U OTROS SERVICIOS DE SALUD;PROBLEMAS RELACIONADOS CON FACILIDADES DE ATENCIÓN MÉDICA U OTROS SERVICIOS DE SALUD;PAROTIDITIS INFECCIOSA CON OTRAS COMPLICACIONES;No aplica;SIMPLE
264;2023;7;Web;11;11001;US- 000002848738;A nombre propio;MUJER;56;DE 50 A 62 AÑOS;No Aplica;Contributivo;No Aplica;No Aplica;11;11001;COMPENSAR;RÉGIMEN CONTRIBUTIVO;EPS008;COMPENSAR;11;11001;01;"BARRERAS EN EL ACCESO A TECNOLOGÍAS Y SERVICIOS DE SALUD; Y OTROS ELEMENTOS COMPLEMENTARIOS PARA LA ATENCIÓN DEL USUARIO";0103;FALTA DE OPORTUNIDAD EN LA AUTORIZACIÓN DE TECNOLOGÍAS EN SALUD Y OTROS ELEMENTOS COMPLEMENTARIOS PARA LA ATENCIÓN DEL USUARIO;010304;FALTA DE OPORTUNIDAD EN LA AUTORIZACIÓN DE OTROS SERVICIOS DE SALUD;01030409;PROCEDIMIENTOS QUIRÚRGICOS;01030409003;OTROS PROCEDIMIENTOS QUIRÚRGICOS;PROBLEMAS RELACIONADOS CON FACILIDADES DE ATENCIÓN MÉDICA U OTROS SERVICIOS DE SALUD;PROBLEMAS RELACIONADOS CON FACILIDADES DE ATENCIÓN MÉDICA U OTROS SERVICIOS DE SALUD;SÍNDROME DEL TÚNEL CARPIANO;No aplica;PRIORIZADO
265;2023;7;Web;54;54001;US- 000003304630;A nombre propio;HOMBRE;80;MAYOR DE 63 AÑOS ;No Aplica;Contributivo;No Aplica;No Aplica;54;54001;COOSALUD;RÉGIMEN CONTRIBUTIVO;EPS042;COOSALUD;54;54001;02;INSATISFACCIÓN RELACIONADA CON LA ATENCIÓN EN SALUD;0202;INSATISFACCIÓN RELACIONADA CON LA ATENCIÓN DEL PERSONAL EN SALUD;020201;INSATISFACCIÓN RELACIONADA CON LA ATENCIÓN DEL PERSONAL EN SALUD;02020101;FALLAS EN LA ÉTICA PROFESIONAL;;;PROBLEMAS RELACIONADOS CON FACILIDADES DE ATENCIÓN MÉDICA U OTROS SERVICIOS DE SALUD;PROBLEMAS RELACIONADOS CON FACILIDADES DE ATENCIÓN MÉDICA U OTROS SERVICIOS DE SALUD;PROBLEMAS RELACIONADOS CON FACILIDADES DE ATENCIÓN MEDICA U OTROS SERVICIOS DE SALUD;No aplica;SIMPLE
266;2023;7;Escrito;54;54250;US- 000003295081;A nombre propio;MUJER;38;DE 38 A 49 AÑOS;No Aplica;Subsidiado;No Aplica;No Aplica;54;54250;CCF DEL ORIENTE COLOMBIANO -COMFAORIENTE;RÉGIMEN SUBSIDIADO;CCF049;"CCF ORIENTE ""COMFAORIENTE""";54;54498;04;INSATISFACCIÓN DEL USUARIO CON EL PROCESO ADMINISTRATIVO;0405;PROBLEMAS EN EL RECONOCIMIENTO Y/O PAGO DE PRESTACIONES ECONÓMICAS;040502;NEGACIÓN Y/O FALTA DE OPORTUNIDAD EN EL RECONOCIMIENTO DE REEMBOLSOS;04050206;TRANSPORTE, ALOJAMIENTO O ALIMENTACIÓN;;;PROBLEMAS RELACIONADOS CON FACILIDADES DE ATENCIÓN MÉDICA U OTROS SERVICIOS DE SALUD;PROBLEMAS RELACIONADOS CON FACILIDADES DE ATENCIÓN MÉDICA U OTROS SERVICIOS DE SALUD;HEPATITIS AGUDA TIPO B;No aplica;SIMPLE
267;2023;7;Telefónico;73;73443;US- 000000683562;Cónyuge;HOMBRE;70;MAYOR DE 63 AÑOS ;Primaria Incompleta;Contributivo;No Aplica;No Aplica;73;73443;NUEVA EPS;RÉGIMEN CONTRIBUTIVO;EPS037;NUEVA EPS;73;73443;01;"BARRERAS EN EL ACCESO A TECNOLOGÍAS Y SERVICIOS DE SALUD; Y OTROS ELEMENTOS COMPLEMENTARIOS PARA LA ATENCIÓN DEL USUARIO";0101;FALTA DE OPORTUNIDAD EN LA PRESTACIÓN DE TECNOLOGÍAS EN SALUD Y OTROS ELEMENTOS COMPLEMENTARIOS PARA LA ATENCIÓN DEL USUARIO;010101;FALTA DE OPORTUNIDAD EN LAS CITAS O CONSULTAS;01010103;ESPECIALIDADES MÉDICAS ;01010103006;CARDIOLOGÍA;ENFERMEDADES CRÓNICAS NO TRANSMISIBLES –DIABETES;DIABETES;GLAUCOMA;No aplica;SIMPLE
268;2023;7;Telefónico;05;05001;US- 000001144043;Hermano (A);MUJER;63;MAYOR DE 63 AÑOS ;Primaria Incompleta;Subsidiado;No Aplica;Persona con discapacidad;05;05001;SAVIA SALUD;RÉGIMEN SUBSIDIADO;EPSS40;SAVIA SALUD EPS;05;05001;01;"BARRERAS EN EL ACCESO A TECNOLOGÍAS Y SERVICIOS DE SALUD; Y OTROS ELEMENTOS COMPLEMENTARIOS PARA LA ATENCIÓN DEL USUARIO";0101;FALTA DE OPORTUNIDAD EN LA PRESTACIÓN DE TECNOLOGÍAS EN SALUD Y OTROS ELEMENTOS COMPLEMENTARIOS PARA LA ATENCIÓN DEL USUARIO;010101;FALTA DE OPORTUNIDAD EN LAS CITAS O CONSULTAS;01010101;MEDICINA GENERAL;;;ENFERMEDADES CRÓNICAS NO TRASMISIBLES CARDIOVASCULARES;HTA (HIPERTENSIÓN ARTERIAL);INSUFICIENCIA VENOSA (CRÓNICA) (PERIFÉRICA);No aplica;SIMPLE
269;2023;7;Escrito;11;11001;US- 000000633376;A nombre propio;MUJER;75;MAYOR DE 63 AÑOS ;No Aplica;Subsidiado;No Aplica;No Aplica;11;11001;CAPITAL SALUD;RÉGIMEN SUBSIDIADO;EPSS34;CAPITAL SALUD;11;11001;01;"BARRERAS EN EL ACCESO A TECNOLOGÍAS Y SERVICIOS DE SALUD; Y OTROS ELEMENTOS COMPLEMENTARIOS PARA LA ATENCIÓN DEL USUARIO";0103;FALTA DE OPORTUNIDAD EN LA AUTORIZACIÓN DE TECNOLOGÍAS EN SALUD Y OTROS ELEMENTOS COMPLEMENTARIOS PARA LA ATENCIÓN DEL USUARIO;010301;FALTA DE OPORTUNIDAD EN LA AUTORIZACIÓN DE TECNOLOGÍAS EN SALUD Y/O DE OTROS SERVICIOS;01030103;DISPOSITIVOS MÉDICOS UPC;;;PROBLEMAS RELACIONADOS CON FACILIDADES DE ATENCIÓN MÉDICA U OTROS SERVICIOS DE SALUD;PROBLEMAS RELACIONADOS CON FACILIDADES DE ATENCIÓN MÉDICA U OTROS SERVICIOS DE SALUD;ULCERA DEL MIEMBRO INFERIOR, NO CLASIFICADA EN OTRA PARTE;No aplica;SIMPLE
270;2023;7;Web;05;05631;US- 000003306087;Hijo (A);HOMBRE;74;MAYOR DE 63 AÑOS ;No Aplica;Contributivo;No Aplica;No Aplica;05;05631;SURAMERICANA EPS;RÉGIMEN CONTRIBUTIVO;EPS010;EPS SURA;05;05631;01;"BARRERAS EN EL ACCESO A TECNOLOGÍAS Y SERVICIOS DE SALUD; Y OTROS ELEMENTOS COMPLEMENTARIOS PARA LA ATENCIÓN DEL USUARIO";0101;FALTA DE OPORTUNIDAD EN LA PRESTACIÓN DE TECNOLOGÍAS EN SALUD Y OTROS ELEMENTOS COMPLEMENTARIOS PARA LA ATENCIÓN DEL USUARIO;010103;FALTA DE OPORTUNIDAD EN LA ATENCIÓN EN OTROS SERVICIOS DE SALUD;01010309;PROCEDIMIENTOS QUIRÚRGICOS;01010309003;OTROS PROCEDIMIENTOS QUIRÚRGICOS;PROBLEMAS RELACIONADOS CON FACILIDADES DE ATENCIÓN MÉDICA U OTROS SERVICIOS DE SALUD;PROBLEMAS RELACIONADOS CON FACILIDADES DE ATENCIÓN MÉDICA U OTROS SERVICIOS DE SALUD;ENFERMEDAD INFLAMATORIA DE LA PRÓSTATA, NO ESPECIFICADA;No aplica;SIMPLE
271;2023;7;Web;76;76563;US- 000003304685;Hijo (A);HOMBRE;73;MAYOR DE 63 AÑOS ;No Aplica;Contributivo;No Aplica;No Aplica;76;76563;SOS -SERVICIO OCCIDENTAL DE SALUD;RÉGIMEN CONTRIBUTIVO;EPS018;SERVICIO OCCIDENTAL DE SALUD (SOS);76;76563;01;"BARRERAS EN EL ACCESO A TECNOLOGÍAS Y SERVICIOS DE SALUD; Y OTROS ELEMENTOS COMPLEMENTARIOS PARA LA ATENCIÓN DEL USUARIO";0101;FALTA DE OPORTUNIDAD EN LA PRESTACIÓN DE TECNOLOGÍAS EN SALUD Y OTROS ELEMENTOS COMPLEMENTARIOS PARA LA ATENCIÓN DEL USUARIO;010103;FALTA DE OPORTUNIDAD EN LA ATENCIÓN EN OTROS SERVICIOS DE SALUD;01010308;PROCEDIMIENTOS NO QUIRÚRGICOS;01010308006;OTROS PROCEDIMIENTOS NO QUIRÚRGICOS;CÁNCER ;OTROS;CARCINOMA IN SITU DE LA PIEL DE OTRAS PARTES Y DE LAS NO ESPECIFICADAS DE LA CARA;Quimioterapia y radioterapia para el cáncer;PRIORIZADO
272;2023;7;Web;11;11001;US- 000003303010;A nombre propio;MUJER;56;DE 50 A 62 AÑOS;No Aplica;Contributivo;No Aplica;No Aplica;11;11001;SALUD TOTAL;RÉGIMEN CONTRIBUTIVO;EPS002;SALUD TOTAL;11;11001;01;"BARRERAS EN EL ACCESO A TECNOLOGÍAS Y SERVICIOS DE SALUD; Y OTROS ELEMENTOS COMPLEMENTARIOS PARA LA ATENCIÓN DEL USUARIO";0101;FALTA DE OPORTUNIDAD EN LA PRESTACIÓN DE TECNOLOGÍAS EN SALUD Y OTROS ELEMENTOS COMPLEMENTARIOS PARA LA ATENCIÓN DEL USUARIO;010101;FALTA DE OPORTUNIDAD EN LAS CITAS O CONSULTAS;01010103;ESPECIALIDADES MÉDICAS ;01010103028;CIRUGÍA PLÁSTICA, ESTÉTICA Y RECONSTRUCTIVA;CÁNCER ;OTROS;TUMOR MALIGNO DE LA PIEL DE OTRAS PARTES Y DE LAS NO ESPECIFICADAS DE LA CARA;No aplica;PRIORIZADO
273;2023;7;Web;23;23466;US- 000003288715;Hijo (A);MUJER;88;MAYOR DE 63 AÑOS ;No Aplica;Subsidiado;No Aplica;No Aplica;23;23466;NUEVA EPS;RÉGIMEN SUBSIDIADO;EPSS41;NUEVA EPS;23;23466;01;"BARRERAS EN EL ACCESO A TECNOLOGÍAS Y SERVICIOS DE SALUD; Y OTROS ELEMENTOS COMPLEMENTARIOS PARA LA ATENCIÓN DEL USUARIO";0101;FALTA DE OPORTUNIDAD EN LA PRESTACIÓN DE TECNOLOGÍAS EN SALUD Y OTROS ELEMENTOS COMPLEMENTARIOS PARA LA ATENCIÓN DEL USUARIO;010101;FALTA DE OPORTUNIDAD EN LAS CITAS O CONSULTAS;01010103;ESPECIALIDADES MÉDICAS ;01010103063;MEDICINA INTERNA;ENFERMEDADES CRÓNICAS NO TRASMISIBLES CARDIOVASCULARES;HTA (HIPERTENSIÓN ARTERIAL);DIABETES MELLITUS INSULINODEPENDIENTE;No aplica;SIMPLE
274;2023;7;Personalizado;11;11001;US- 000001941803;A nombre propio;HOMBRE;1;DE 0 A 5 AÑOS;No Aplica;Subsidiado;No Aplica;No Aplica;11;11001;NUEVA EPS;RÉGIMEN CONTRIBUTIVO;EPS037;NUEVA EPS;11;11001;01;"BARRERAS EN EL ACCESO A TECNOLOGÍAS Y SERVICIOS DE SALUD; Y OTROS ELEMENTOS COMPLEMENTARIOS PARA LA ATENCIÓN DEL USUARIO";0103;FALTA DE OPORTUNIDAD EN LA AUTORIZACIÓN DE TECNOLOGÍAS EN SALUD Y OTROS ELEMENTOS COMPLEMENTARIOS PARA LA ATENCIÓN DEL USUARIO;010301;FALTA DE OPORTUNIDAD EN LA AUTORIZACIÓN DE TECNOLOGÍAS EN SALUD Y/O DE OTROS SERVICIOS;01030101;MEDICAMENTOS UPC;;;MATERNO INFANTIL;ATENCIÓN NIÑOS MENORES DE 5 AÑOS;DESNUTRICIÓN PROTEICOCALORICA , NO ESPECIFICADA;No aplica;PRIORIZADO
275;2023;7;Web;08;08001;US- 000003280881;A nombre propio;HOMBRE;24;DE 18 A 24 AÑOS;No Aplica;Subsidiado;No Aplica;No Aplica;08;08001;MUTUAL SER;RÉGIMEN SUBSIDIADO;ESS207;MUTUAL SER;08;08001;01;"BARRERAS EN EL ACCESO A TECNOLOGÍAS Y SERVICIOS DE SALUD; Y OTROS ELEMENTOS COMPLEMENTARIOS PARA LA ATENCIÓN DEL USUARIO";0101;FALTA DE OPORTUNIDAD EN LA PRESTACIÓN DE TECNOLOGÍAS EN SALUD Y OTROS ELEMENTOS COMPLEMENTARIOS PARA LA ATENCIÓN DEL USUARIO;010103;FALTA DE OPORTUNIDAD EN LA ATENCIÓN EN OTROS SERVICIOS DE SALUD;01010308;PROCEDIMIENTOS NO QUIRÚRGICOS;01010308001;IMAGENOLOGÍA;SALUD ORAL;SALUD ORAL;OTROS TRASTORNOS DE LOS DIENTES Y DE SUS ESTRUCTURAS DE SOSTÉN;No aplica;SIMPLE
276;2023;7;Telefónico;86;86568;US- 000003262199;Otro;MUJER;33;DE 30 A 37 AÑOS;Secundaria;Subsidiado;No Aplica;Desplazado;86;86568;EMSSANAR EPS;RÉGIMEN SUBSIDIADO;ESS118;EMSSANAR;86;86568;01;"BARRERAS EN EL ACCESO A TECNOLOGÍAS Y SERVICIOS DE SALUD; Y OTROS ELEMENTOS COMPLEMENTARIOS PARA LA ATENCIÓN DEL USUARIO";0101;FALTA DE OPORTUNIDAD EN LA PRESTACIÓN DE TECNOLOGÍAS EN SALUD Y OTROS ELEMENTOS COMPLEMENTARIOS PARA LA ATENCIÓN DEL USUARIO;010103;FALTA DE OPORTUNIDAD EN LA ATENCIÓN EN OTROS SERVICIOS DE SALUD;01010308;PROCEDIMIENTOS NO QUIRÚRGICOS;01010308001;IMAGENOLOGÍA;ENFERMEDADES CRÓNICAS NO TRANSMISIBLES- FACTORES DE RIESGO;MEDICIÓN DE FACTORES DE RIESGO;HEMORRAGIA GASTROINTESTINAL, NO ESPECIFICADA;No aplica;PRIORIZADO
277;2023;7;Personalizado;25;25175;US- 000003155813;A nombre propio;MUJER;51;DE 50 A 62 AÑOS;Universitario Incompleto;Contributivo;No Aplica;No Aplica;25;25175;COMPENSAR;RÉGIMEN CONTRIBUTIVO;EPS008;COMPENSAR;25;25175;01;"BARRERAS EN EL ACCESO A TECNOLOGÍAS Y SERVICIOS DE SALUD; Y OTROS ELEMENTOS COMPLEMENTARIOS PARA LA ATENCIÓN DEL USUARIO";0101;FALTA DE OPORTUNIDAD EN LA PRESTACIÓN DE TECNOLOGÍAS EN SALUD Y OTROS ELEMENTOS COMPLEMENTARIOS PARA LA ATENCIÓN DEL USUARIO;010101;FALTA DE OPORTUNIDAD EN LAS CITAS O CONSULTAS;01010103;ESPECIALIDADES MÉDICAS ;01010103072;NEUROLOGÍA;ENFERMEDADES OSTEOARTICULARES;NEUROLÓGICAS;PARÁLISIS DE BELL;No aplica;SIMPLE
278;2023;7;Telefónico;17;17524;US- 000003287860;Hijo (A);MUJER;59;DE 50 A 62 AÑOS;Primaria;Subsidiado;No Aplica;No Aplica;17;17524;NUEVA EPS;RÉGIMEN SUBSIDIADO;EPSS41;NUEVA EPS;17;17524;01;"BARRERAS EN EL ACCESO A TECNOLOGÍAS Y SERVICIOS DE SALUD; Y OTROS ELEMENTOS COMPLEMENTARIOS PARA LA ATENCIÓN DEL USUARIO";0101;FALTA DE OPORTUNIDAD EN LA PRESTACIÓN DE TECNOLOGÍAS EN SALUD Y OTROS ELEMENTOS COMPLEMENTARIOS PARA LA ATENCIÓN DEL USUARIO;010101;FALTA DE OPORTUNIDAD EN LAS CITAS O CONSULTAS;01010103;ESPECIALIDADES MÉDICAS ;01010103094;UROLOGÍA;PROBLEMAS RELACIONADOS CON FACILIDADES DE ATENCIÓN MÉDICA U OTROS SERVICIOS DE SALUD;PROBLEMAS RELACIONADOS CON FACILIDADES DE ATENCIÓN MÉDICA U OTROS SERVICIOS DE SALUD;PÓLIPO DE OTRAS PARTES DEL TRACTO GENITAL FEMENINO;No aplica;SIMPLE
279;2023;7;Web;11;11001;US- 000001649712;Hermano (A);MUJER;41;DE 38 A 49 AÑOS;No Aplica;Contributivo;No Aplica;Persona con discapacidad;11;11001;NUEVA EPS;RÉGIMEN CONTRIBUTIVO;EPS037;NUEVA EPS;11;11001;01;"BARRERAS EN EL ACCESO A TECNOLOGÍAS Y SERVICIOS DE SALUD; Y OTROS ELEMENTOS COMPLEMENTARIOS PARA LA ATENCIÓN DEL USUARIO";0101;FALTA DE OPORTUNIDAD EN LA PRESTACIÓN DE TECNOLOGÍAS EN SALUD Y OTROS ELEMENTOS COMPLEMENTARIOS PARA LA ATENCIÓN DEL USUARIO;010103;FALTA DE OPORTUNIDAD EN LA ATENCIÓN EN OTROS SERVICIOS DE SALUD;01010308;PROCEDIMIENTOS NO QUIRÚRGICOS;01010308006;OTROS PROCEDIMIENTOS NO QUIRÚRGICOS;PROBLEMAS RELACIONADOS CON FACILIDADES DE ATENCIÓN MÉDICA U OTROS SERVICIOS DE SALUD;PROBLEMAS RELACIONADOS CON FACILIDADES DE ATENCIÓN MÉDICA U OTROS SERVICIOS DE SALUD;HIPOACUSIA NEUROSENSORIAL, BILATERAL;Implante coclear;PRIORIZADO
280;2023;7;Telefónico;68;68001;US- 000001106485;Hijo (A);MUJER;51;DE 50 A 62 AÑOS;Secundaria;Contributivo;No Aplica;No Aplica;68;68001;SURAMERICANA EPS;RÉGIMEN CONTRIBUTIVO;EPS010;EPS SURA;68;68001;01;"BARRERAS EN EL ACCESO A TECNOLOGÍAS Y SERVICIOS DE SALUD; Y OTROS ELEMENTOS COMPLEMENTARIOS PARA LA ATENCIÓN DEL USUARIO";0101;FALTA DE OPORTUNIDAD EN LA PRESTACIÓN DE TECNOLOGÍAS EN SALUD Y OTROS ELEMENTOS COMPLEMENTARIOS PARA LA ATENCIÓN DEL USUARIO;010102;FALTA DE OPORTUNIDAD PARA SERVICIOS DE COMPLEMENTACIÓN TERAPÉUTICA;01010206;TERAPIA LENGUAJE;;;CÁNCER ;OTROS;TUMOR MALIGNO DE LA LENGUA, PARTE NO ESPECIFICADA;Quimioterapia y radioterapia para el cáncer;PRIORIZADO
281;2023;7;Chat;05;05001;US- 000003302656;A nombre propio;MUJER;53;DE 50 A 62 AÑOS;Secundaria;Subsidiado;No Aplica;No Aplica;05;05001;SAVIA SALUD;RÉGIMEN SUBSIDIADO;EPSS40;SAVIA SALUD EPS;05;05001;01;"BARRERAS EN EL ACCESO A TECNOLOGÍAS Y SERVICIOS DE SALUD; Y OTROS ELEMENTOS COMPLEMENTARIOS PARA LA ATENCIÓN DEL USUARIO";0101;FALTA DE OPORTUNIDAD EN LA PRESTACIÓN DE TECNOLOGÍAS EN SALUD Y OTROS ELEMENTOS COMPLEMENTARIOS PARA LA ATENCIÓN DEL USUARIO;010101;FALTA DE OPORTUNIDAD EN LAS CITAS O CONSULTAS;01010103;ESPECIALIDADES MÉDICAS ;01010103047;GINECOLOGÍA Y OBSTETRICIA;PROBLEMAS RELACIONADOS CON FACILIDADES DE ATENCIÓN MÉDICA U OTROS SERVICIOS DE SALUD;PROBLEMAS RELACIONADOS CON FACILIDADES DE ATENCIÓN MÉDICA U OTROS SERVICIOS DE SALUD;CISTOCELE;No aplica;SIMPLE
282;2023;7;Web;44;44874;US- 000000956590;A nombre propio;HOMBRE;46;DE 38 A 49 AÑOS;No Aplica;Contributivo;Indígena;Persona con discapacidad;44;44874;SANITAS;RÉGIMEN CONTRIBUTIVO;EPS005;SANITAS;44;44650;04;INSATISFACCIÓN DEL USUARIO CON EL PROCESO ADMINISTRATIVO;0405;PROBLEMAS EN EL RECONOCIMIENTO Y/O PAGO DE PRESTACIONES ECONÓMICAS;040501;NO RECONOCIMIENTO Y/O PAGO DE LAS PRESTACIONES ECONÓMICAS;04050107;INCAPACIDAD DE ENFERMEDAD GENERAL;;;ENFERMEDADES OSTEOARTICULARES;OTROS;LUMBAGO CON CIÁTICA;No aplica;SIMPLE
283;2023;7;Telefónico;05;05541;US- 000003306888;Amigo (A);HOMBRE;68;MAYOR DE 63 AÑOS ;Primaria;Contributivo;No Aplica;No Aplica;05;05088;SANITAS;RÉGIMEN CONTRIBUTIVO;EPS005;SANITAS;05;05001;01;"BARRERAS EN EL ACCESO A TECNOLOGÍAS Y SERVICIOS DE SALUD; Y OTROS ELEMENTOS COMPLEMENTARIOS PARA LA ATENCIÓN DEL USUARIO";0101;FALTA DE OPORTUNIDAD EN LA PRESTACIÓN DE TECNOLOGÍAS EN SALUD Y OTROS ELEMENTOS COMPLEMENTARIOS PARA LA ATENCIÓN DEL USUARIO;010101;FALTA DE OPORTUNIDAD EN LAS CITAS O CONSULTAS;01010103;ESPECIALIDADES MÉDICAS ;01010103072;NEUROLOGÍA;ENFERMEDADES OSTEOARTICULARES;NEUROLÓGICAS;INFARTO CEREBRAL;No aplica;SIMPLE
284;2023;7;Telefónico;20;20621;US- 000003307956;Cónyuge;HOMBRE;35;DE 30 A 37 AÑOS;Secundaria;Régimen Especial;No Aplica;No Aplica;20;20621;FUERZAS MILITARES;REGÍMENES DE EXCEPCIÓN Y ESPECIALES;REFM01;FUERZAS MILITARES;20;20621;01;"BARRERAS EN EL ACCESO A TECNOLOGÍAS Y SERVICIOS DE SALUD; Y OTROS ELEMENTOS COMPLEMENTARIOS PARA LA ATENCIÓN DEL USUARIO";0102;NEGACIÓN DE TECNOLOGÍAS EN SALUD Y OTROS ELEMENTOS COMPLEMENTARIOS PARA LA ATENCIÓN DEL USUARIO;010204;NEGACIÓN PARA LA ENTREGA DE TECNOLOGÍAS EN SALUD Y/O DE OTROS SERVICIOS AUTORIZADOS;01020401;MEDICAMENTOS UPC;;;ENFERMEDADES CRÓNICAS NO TRASMISIBLES CARDIOVASCULARES;HTA (HIPERTENSIÓN ARTERIAL);HIPERTENSIÓN ESENCIAL (PRIMARIA);No aplica;SIMPLE
285;2023;7;Web;11;11001;US- 000003308518;A nombre propio;HOMBRE;54;DE 50 A 62 AÑOS;No Aplica;Contributivo;No Aplica;No Aplica;11;11001;SANITAS;RÉGIMEN CONTRIBUTIVO;EPS005;SANITAS;11;11001;01;"BARRERAS EN EL ACCESO A TECNOLOGÍAS Y SERVICIOS DE SALUD; Y OTROS ELEMENTOS COMPLEMENTARIOS PARA LA ATENCIÓN DEL USUARIO";0101;FALTA DE OPORTUNIDAD EN LA PRESTACIÓN DE TECNOLOGÍAS EN SALUD Y OTROS ELEMENTOS COMPLEMENTARIOS PARA LA ATENCIÓN DEL USUARIO;010101;FALTA DE OPORTUNIDAD EN LAS CITAS O CONSULTAS;01010103;ESPECIALIDADES MÉDICAS ;01010103063;MEDICINA INTERNA;PROBLEMAS RELACIONADOS CON FACILIDADES DE ATENCIÓN MÉDICA U OTROS SERVICIOS DE SALUD;PROBLEMAS RELACIONADOS CON FACILIDADES DE ATENCIÓN MÉDICA U OTROS SERVICIOS DE SALUD;PROBLEMAS RELACIONADOS CON FACILIDADES DE ATENCIÓN MEDICA U OTROS SERVICIOS DE SALUD;No aplica;SIMPLE
286;2023;7;Web;23;23001;US- 000002274666;Cónyuge;HOMBRE;57;DE 50 A 62 AÑOS;Secundaria;Subsidiado;No Aplica;Persona con discapacidad;23;23001;MUTUAL SER;RÉGIMEN SUBSIDIADO;ESS207;MUTUAL SER;23;23001;01;"BARRERAS EN EL ACCESO A TECNOLOGÍAS Y SERVICIOS DE SALUD; Y OTROS ELEMENTOS COMPLEMENTARIOS PARA LA ATENCIÓN DEL USUARIO";0101;FALTA DE OPORTUNIDAD EN LA PRESTACIÓN DE TECNOLOGÍAS EN SALUD Y OTROS ELEMENTOS COMPLEMENTARIOS PARA LA ATENCIÓN DEL USUARIO;010103;FALTA DE OPORTUNIDAD EN LA ATENCIÓN EN OTROS SERVICIOS DE SALUD;01010308;PROCEDIMIENTOS NO QUIRÚRGICOS;01010308002;LABORATORIO CLÍNICO Y ANATOMOPATOLÓGICO;ENFERMEDADES CRÓNICAS NO TRANSMISIBLES –RENALES;IRC-ENFERMEDAD RENAL;HIPERTENSIÓN ESENCIAL (PRIMARIA);Hemodiálisis;PRIORIZADO
287;2023;7;Web;11;11001;US- 000002886984;A nombre propio;HOMBRE;60;DE 50 A 62 AÑOS;No Aplica;Subsidiado;No Aplica;No Aplica;11;11001;CAPITAL SALUD;RÉGIMEN SUBSIDIADO;EPSS34;CAPITAL SALUD;11;11001;01;"BARRERAS EN EL ACCESO A TECNOLOGÍAS Y SERVICIOS DE SALUD; Y OTROS ELEMENTOS COMPLEMENTARIOS PARA LA ATENCIÓN DEL USUARIO";0101;FALTA DE OPORTUNIDAD EN LA PRESTACIÓN DE TECNOLOGÍAS EN SALUD Y OTROS ELEMENTOS COMPLEMENTARIOS PARA LA ATENCIÓN DEL USUARIO;010103;FALTA DE OPORTUNIDAD EN LA ATENCIÓN EN OTROS SERVICIOS DE SALUD;01010308;PROCEDIMIENTOS NO QUIRÚRGICOS;01010308006;OTROS PROCEDIMIENTOS NO QUIRÚRGICOS;ENFERMEDADES CRÓNICAS NO TRANSMISIBLES- FACTORES DE RIESGO;MEDICIÓN DE FACTORES DE RIESGO;DOLOR AGUDO;No aplica;SIMPLE
288;2023;7;Personalizado;05;05001;US- 000002174829;A nombre propio;MUJER;58;DE 50 A 62 AÑOS;Primaria;Contributivo;No Aplica;No Aplica;05;05001;SURAMERICANA EPS;RÉGIMEN CONTRIBUTIVO;EPS010;EPS SURA;05;05001;01;"BARRERAS EN EL ACCESO A TECNOLOGÍAS Y SERVICIOS DE SALUD; Y OTROS ELEMENTOS COMPLEMENTARIOS PARA LA ATENCIÓN DEL USUARIO";0101;FALTA DE OPORTUNIDAD EN LA PRESTACIÓN DE TECNOLOGÍAS EN SALUD Y OTROS ELEMENTOS COMPLEMENTARIOS PARA LA ATENCIÓN DEL USUARIO;010102;FALTA DE OPORTUNIDAD PARA SERVICIOS DE COMPLEMENTACIÓN TERAPÉUTICA;01010201;TERAPIA FÍSICA;;;ENFERMEDADES CRÓNICAS NO TRASMISIBLES CARDIOVASCULARES;HTA (HIPERTENSIÓN ARTERIAL);SÍNDROME DE MANGUITO ROTATORIO;No aplica;SIMPLE
289;2023;7;Web;73;73168;US- 000000551013;A nombre propio;MUJER;92;MAYOR DE 63 AÑOS ;No Aplica;Subsidiado;No Aplica;No Aplica;73;73168;NUEVA EPS;RÉGIMEN SUBSIDIADO;EPSS41;NUEVA EPS;73;73168;01;"BARRERAS EN EL ACCESO A TECNOLOGÍAS Y SERVICIOS DE SALUD; Y OTROS ELEMENTOS COMPLEMENTARIOS PARA LA ATENCIÓN DEL USUARIO";0101;FALTA DE OPORTUNIDAD EN LA PRESTACIÓN DE TECNOLOGÍAS EN SALUD Y OTROS ELEMENTOS COMPLEMENTARIOS PARA LA ATENCIÓN DEL USUARIO;010104;FALTA DE OPORTUNIDAD EN LA ENTREGA O ENTREGA INCOMPLETA DE TECNOLOGÍAS EN SALUD Y/O PRESTACIÓN DE OTROS SERVICIOS;01010401;MEDICAMENTOS UPC;;;PROBLEMAS RELACIONADOS CON FACILIDADES DE ATENCIÓN MÉDICA U OTROS SERVICIOS DE SALUD;PROBLEMAS RELACIONADOS CON FACILIDADES DE ATENCIÓN MÉDICA U OTROS SERVICIOS DE SALUD;PROBLEMAS RELACIONADOS CON FACILIDADES DE ATENCIÓN MEDICA U OTROS SERVICIOS DE SALUD;No aplica;SIMPLE
290;2023;7;Web;85;85001;US- 000003280595;Madre;HOMBRE;1;DE 0 A 5 AÑOS;No Aplica;Contributivo;No Aplica;No Aplica;85;85001;SANITAS;RÉGIMEN CONTRIBUTIVO;EPS005;SANITAS;85;85001;01;"BARRERAS EN EL ACCESO A TECNOLOGÍAS Y SERVICIOS DE SALUD; Y OTROS ELEMENTOS COMPLEMENTARIOS PARA LA ATENCIÓN DEL USUARIO";0101;FALTA DE OPORTUNIDAD EN LA PRESTACIÓN DE TECNOLOGÍAS EN SALUD Y OTROS ELEMENTOS COMPLEMENTARIOS PARA LA ATENCIÓN DEL USUARIO;010105;FALTA DE OPORTUNIDAD EN EL PROCESO DE REFERENCIA Y CONTRARREFERENCIA;;;;;PROBLEMAS RELACIONADOS CON FACILIDADES DE ATENCIÓN MÉDICA U OTROS SERVICIOS DE SALUD;PROBLEMAS RELACIONADOS CON FACILIDADES DE ATENCIÓN MÉDICA U OTROS SERVICIOS DE SALUD;INFECCIÓN AGUDA NO ESPECIFICADA DE LAS VÍAS RESPIRATORIAS INFERIORES;No aplica;RIESGO VITAL
291;2023;7;Web;15;15759;US- 000000229569;A nombre propio;MUJER;72;MAYOR DE 63 AÑOS ;No Aplica;Contributivo;No Aplica;No Aplica;15;15759;NUEVA EPS;RÉGIMEN CONTRIBUTIVO;EPS037;NUEVA EPS;15;15759;01;"BARRERAS EN EL ACCESO A TECNOLOGÍAS Y SERVICIOS DE SALUD; Y OTROS ELEMENTOS COMPLEMENTARIOS PARA LA ATENCIÓN DEL USUARIO";0101;FALTA DE OPORTUNIDAD EN LA PRESTACIÓN DE TECNOLOGÍAS EN SALUD Y OTROS ELEMENTOS COMPLEMENTARIOS PARA LA ATENCIÓN DEL USUARIO;010103;FALTA DE OPORTUNIDAD EN LA ATENCIÓN EN OTROS SERVICIOS DE SALUD;01010308;PROCEDIMIENTOS NO QUIRÚRGICOS;01010308001;IMAGENOLOGÍA;PROBLEMAS RELACIONADOS CON FACILIDADES DE ATENCIÓN MÉDICA U OTROS SERVICIOS DE SALUD;PROBLEMAS RELACIONADOS CON FACILIDADES DE ATENCIÓN MÉDICA U OTROS SERVICIOS DE SALUD;PROBLEMAS RELACIONADOS CON FACILIDADES DE ATENCIÓN MEDICA U OTROS SERVICIOS DE SALUD;No aplica;SIMPLE
292;2023;7;Web;76;76001;US- 000003279240;A nombre propio;MUJER;33;DE 30 A 37 AÑOS;Ninguno;Contributivo;Afrocolombiano o Afrodescendiente;No Aplica;76;76001;SURAMERICANA EPS;RÉGIMEN CONTRIBUTIVO;EPS010;EPS SURA;76;76001;01;"BARRERAS EN EL ACCESO A TECNOLOGÍAS Y SERVICIOS DE SALUD; Y OTROS ELEMENTOS COMPLEMENTARIOS PARA LA ATENCIÓN DEL USUARIO";0101;FALTA DE OPORTUNIDAD EN LA PRESTACIÓN DE TECNOLOGÍAS EN SALUD Y OTROS ELEMENTOS COMPLEMENTARIOS PARA LA ATENCIÓN DEL USUARIO;010102;FALTA DE OPORTUNIDAD PARA SERVICIOS DE COMPLEMENTACIÓN TERAPÉUTICA;01010201;TERAPIA FÍSICA;;;PROBLEMAS RELACIONADOS CON FACILIDADES DE ATENCIÓN MÉDICA U OTROS SERVICIOS DE SALUD;PROBLEMAS RELACIONADOS CON FACILIDADES DE ATENCIÓN MÉDICA U OTROS SERVICIOS DE SALUD;PROBLEMA NO ESPECIFICADO RELACIONADO CON SERVICIOS MÉDICOS Y DE SALUD;No aplica;SIMPLE
293;2023;7;Telefónico;05;05001;US- 000000394128;A nombre propio;MUJER;33;DE 30 A 37 AÑOS;Primaria;Contributivo;Afrocolombiano o Afrodescendiente;No Aplica;05;05001;SURAMERICANA EPS;RÉGIMEN CONTRIBUTIVO;EPS010;EPS SURA;05;05001;02;INSATISFACCIÓN RELACIONADA CON LA ATENCIÓN EN SALUD;0201;INSATISFACCIÓN RELACIONADA CON LA ATENCIÓN EN SALUD POR FALTA DE OPORTUNIDAD;020101;INSATISFACCIÓN POR FALTA DE OPORTUNIDAD EN LA ATENCIÓN POR PARTE DEL PERSONAL DE SALUD;02010104;SERVICIO DE URGENCIAS;;;ENFERMEDADES OSTEOARTICULARES;NEUROLÓGICAS;OTROS SÍNDROMES DE CEFALEA ESPECIFICADOS;No aplica;SIMPLE
294;2023;7;Telefónico;20;20013;US- 000003294888;Hijo (A);MUJER;70;MAYOR DE 63 AÑOS ;Primaria Incompleta;Subsidiado;No Aplica;No Aplica;20;20013;DUSAKAWI -EPSI;RÉGIMEN SUBSIDIADO;EPSI01;DUSAKAWI (EPS-I CESAR Y GUAJIRA);20;20013;01;"BARRERAS EN EL ACCESO A TECNOLOGÍAS Y SERVICIOS DE SALUD; Y OTROS ELEMENTOS COMPLEMENTARIOS PARA LA ATENCIÓN DEL USUARIO";0101;FALTA DE OPORTUNIDAD EN LA PRESTACIÓN DE TECNOLOGÍAS EN SALUD Y OTROS ELEMENTOS COMPLEMENTARIOS PARA LA ATENCIÓN DEL USUARIO;010103;FALTA DE OPORTUNIDAD EN LA ATENCIÓN EN OTROS SERVICIOS DE SALUD;01010308;PROCEDIMIENTOS NO QUIRÚRGICOS;01010308001;IMAGENOLOGÍA;ENFERMEDADES OSTEOARTICULARES;OTROS;OTRAS ARTROSIS ESPECIFICADAS;No aplica;SIMPLE
295;2023;7;Telefónico;05;05400;US- 000003300152;A nombre propio;MUJER;43;DE 38 A 49 AÑOS;Primaria Incompleta;Subsidiado;No Aplica;Desplazado;05;05400;SAVIA SALUD;RÉGIMEN SUBSIDIADO;EPSS40;SAVIA SALUD EPS;05;05400;01;"BARRERAS EN EL ACCESO A TECNOLOGÍAS Y SERVICIOS DE SALUD; Y OTROS ELEMENTOS COMPLEMENTARIOS PARA LA ATENCIÓN DEL USUARIO";0101;FALTA DE OPORTUNIDAD EN LA PRESTACIÓN DE TECNOLOGÍAS EN SALUD Y OTROS ELEMENTOS COMPLEMENTARIOS PARA LA ATENCIÓN DEL USUARIO;010101;FALTA DE OPORTUNIDAD EN LAS CITAS O CONSULTAS;01010103;ESPECIALIDADES MÉDICAS ;01010103061;MEDICINA FÍSICA Y REHABILITACIÓN - FISIATRÍA;ENFERMEDADES OSTEOARTICULARES;OTROS;DOLOR EN LA COLUMNA DORSAL;No aplica;SIMPLE
296;2023;7;Telefónico;05;05001;US- 000003285854;Hijo (A);MUJER;88;MAYOR DE 63 AÑOS ;Ninguno;Subsidiado;No Aplica;No Aplica;05;05001;SAVIA SALUD;RÉGIMEN SUBSIDIADO;EPSS40;SAVIA SALUD EPS;05;05001;01;"BARRERAS EN EL ACCESO A TECNOLOGÍAS Y SERVICIOS DE SALUD; Y OTROS ELEMENTOS COMPLEMENTARIOS PARA LA ATENCIÓN DEL USUARIO";0101;FALTA DE OPORTUNIDAD EN LA PRESTACIÓN DE TECNOLOGÍAS EN SALUD Y OTROS ELEMENTOS COMPLEMENTARIOS PARA LA ATENCIÓN DEL USUARIO;010103;FALTA DE OPORTUNIDAD EN LA ATENCIÓN EN OTROS SERVICIOS DE SALUD;01010308;PROCEDIMIENTOS NO QUIRÚRGICOS;01010308001;IMAGENOLOGÍA;PROBLEMAS RELACIONADOS CON FACILIDADES DE ATENCIÓN MÉDICA U OTROS SERVICIOS DE SALUD;PROBLEMAS RELACIONADOS CON FACILIDADES DE ATENCIÓN MÉDICA U OTROS SERVICIOS DE SALUD;ENFERMEDAD DEL ANO Y DEL RECTO, NO ESPECIFICADA;No aplica;SIMPLE
297;2023;7;Web;95;95001;US- 000000614125;Otro;HOMBRE;79;MAYOR DE 63 AÑOS ;No Aplica;Contributivo;No Aplica;No Aplica;05;05854;NUEVA EPS;RÉGIMEN CONTRIBUTIVO;EPS037;NUEVA EPS;05;05854;01;"BARRERAS EN EL ACCESO A TECNOLOGÍAS Y SERVICIOS DE SALUD; Y OTROS ELEMENTOS COMPLEMENTARIOS PARA LA ATENCIÓN DEL USUARIO";0101;FALTA DE OPORTUNIDAD EN LA PRESTACIÓN DE TECNOLOGÍAS EN SALUD Y OTROS ELEMENTOS COMPLEMENTARIOS PARA LA ATENCIÓN DEL USUARIO;010104;FALTA DE OPORTUNIDAD EN LA ENTREGA O ENTREGA INCOMPLETA DE TECNOLOGÍAS EN SALUD Y/O PRESTACIÓN DE OTROS SERVICIOS;01010401;MEDICAMENTOS UPC;;;ENFERMEDADES CRÓNICAS NO TRASMISIBLES CARDIOVASCULARES;OTROS;CARDIOMIOPATÍA ISQUÉMICA;No aplica;SIMPLE
298;2023;7;Web;11;11001;US- 000003297759;Otro;MUJER;71;MAYOR DE 63 AÑOS ;No Aplica;Contributivo;No Aplica;No Aplica;11;11001;SANITAS;RÉGIMEN CONTRIBUTIVO;EPS005;SANITAS;11;11001;01;"BARRERAS EN EL ACCESO A TECNOLOGÍAS Y SERVICIOS DE SALUD; Y OTROS ELEMENTOS COMPLEMENTARIOS PARA LA ATENCIÓN DEL USUARIO";0101;FALTA DE OPORTUNIDAD EN LA PRESTACIÓN DE TECNOLOGÍAS EN SALUD Y OTROS ELEMENTOS COMPLEMENTARIOS PARA LA ATENCIÓN DEL USUARIO;010105;FALTA DE OPORTUNIDAD EN EL PROCESO DE REFERENCIA Y CONTRARREFERENCIA;;;;;PROBLEMAS RELACIONADOS CON FACILIDADES DE ATENCIÓN MÉDICA U OTROS SERVICIOS DE SALUD;PROBLEMAS RELACIONADOS CON FACILIDADES DE ATENCIÓN MÉDICA U OTROS SERVICIOS DE SALUD;PROBLEMAS RELACIONADOS CON FACILIDADES DE ATENCIÓN MEDICA U OTROS SERVICIOS DE SALUD;No aplica;RIESGO VITAL
299;2023;7;Web;41;41001;US- 000003121916;Nieto (A);MUJER;82;MAYOR DE 63 AÑOS ;No Aplica;Subsidiado;Afrocolombiano o Afrodescendiente;Persona con discapacidad;41;41001;NUEVA EPS;RÉGIMEN SUBSIDIADO;EPSS41;NUEVA EPS;41;41001;01;"BARRERAS EN EL ACCESO A TECNOLOGÍAS Y SERVICIOS DE SALUD; Y OTROS ELEMENTOS COMPLEMENTARIOS PARA LA ATENCIÓN DEL USUARIO";0101;FALTA DE OPORTUNIDAD EN LA PRESTACIÓN DE TECNOLOGÍAS EN SALUD Y OTROS ELEMENTOS COMPLEMENTARIOS PARA LA ATENCIÓN DEL USUARIO;010104;FALTA DE OPORTUNIDAD EN LA ENTREGA O ENTREGA INCOMPLETA DE TECNOLOGÍAS EN SALUD Y/O PRESTACIÓN DE OTROS SERVICIOS;01010404;DISPOSITIVOS MÉDICOS NO UPC;;;ENFERMEDADES OSTEOARTICULARES;NEUROLÓGICAS;SECUELAS DE ENFERMEDADES CEREBROVASCULAR;No aplica;SIMPLE
300;2023;7;Telefónico;76;76364;US- 000003276762;A nombre propio;MUJER;17;DE 13 A 17 AÑOS;Secundaria;Contributivo;No Aplica;Mujer en estado de gestación;76;76364;NUEVA EPS;RÉGIMEN CONTRIBUTIVO;EPS037;NUEVA EPS;76;76364;01;"BARRERAS EN EL ACCESO A TECNOLOGÍAS Y SERVICIOS DE SALUD; Y OTROS ELEMENTOS COMPLEMENTARIOS PARA LA ATENCIÓN DEL USUARIO";0101;FALTA DE OPORTUNIDAD EN LA PRESTACIÓN DE TECNOLOGÍAS EN SALUD Y OTROS ELEMENTOS COMPLEMENTARIOS PARA LA ATENCIÓN DEL USUARIO;010103;FALTA DE OPORTUNIDAD EN LA ATENCIÓN EN OTROS SERVICIOS DE SALUD;01010308;PROCEDIMIENTOS NO QUIRÚRGICOS;01010308001;IMAGENOLOGÍA;MATERNO INFANTIL;ATENCIÓN EN EL EMBARAZO;SUPERVISIÓN DE EMBARAZO NORMAL;No aplica;PRIORIZADO
301;2023;7;Web;73;73268;US- 000003222884;Hijo (A);MUJER;48;DE 38 A 49 AÑOS;No Aplica;Subsidiado;No Aplica;No Aplica;73;73268;SALUD TOTAL;RÉGIMEN CONTRIBUTIVO;EPS002;SALUD TOTAL;73;73268;01;"BARRERAS EN EL ACCESO A TECNOLOGÍAS Y SERVICIOS DE SALUD; Y OTROS ELEMENTOS COMPLEMENTARIOS PARA LA ATENCIÓN DEL USUARIO";0101;FALTA DE OPORTUNIDAD EN LA PRESTACIÓN DE TECNOLOGÍAS EN SALUD Y OTROS ELEMENTOS COMPLEMENTARIOS PARA LA ATENCIÓN DEL USUARIO;010103;FALTA DE OPORTUNIDAD EN LA ATENCIÓN EN OTROS SERVICIOS DE SALUD;01010308;PROCEDIMIENTOS NO QUIRÚRGICOS;01010308001;IMAGENOLOGÍA;CÁNCER ;CÁNCER COLORECTAL;CARCINOMA IN SITU DEL COLON;No aplica;RIESGO VITAL
302;2023;7;Web;73;73268;US- 000003290314;Otro;MUJER;73;MAYOR DE 63 AÑOS ;No Aplica;Contributivo;No Aplica;No Aplica;73;73268;NUEVA EPS;RÉGIMEN CONTRIBUTIVO;EPS037;NUEVA EPS;73;73268;01;"BARRERAS EN EL ACCESO A TECNOLOGÍAS Y SERVICIOS DE SALUD; Y OTROS ELEMENTOS COMPLEMENTARIOS PARA LA ATENCIÓN DEL USUARIO";0101;FALTA DE OPORTUNIDAD EN LA PRESTACIÓN DE TECNOLOGÍAS EN SALUD Y OTROS ELEMENTOS COMPLEMENTARIOS PARA LA ATENCIÓN DEL USUARIO;010101;FALTA DE OPORTUNIDAD EN LAS CITAS O CONSULTAS;01010112;OPTOMETRÍA;;;PROBLEMAS RELACIONADOS CON FACILIDADES DE ATENCIÓN MÉDICA U OTROS SERVICIOS DE SALUD;PROBLEMAS RELACIONADOS CON FACILIDADES DE ATENCIÓN MÉDICA U OTROS SERVICIOS DE SALUD;PROBLEMAS RELACIONADOS CON FACILIDADES DE ATENCIÓN MEDICA U OTROS SERVICIOS DE SALUD;No aplica;SIMPLE
303;2023;7;Telefónico;11;11001;US- 000003266958;Cónyuge;HOMBRE;31;DE 30 A 37 AÑOS;Secundaria;Contributivo;No Aplica;No Aplica;11;11001;SURAMERICANA EPS;RÉGIMEN CONTRIBUTIVO;EPS010;EPS SURA;11;11001;01;"BARRERAS EN EL ACCESO A TECNOLOGÍAS Y SERVICIOS DE SALUD; Y OTROS ELEMENTOS COMPLEMENTARIOS PARA LA ATENCIÓN DEL USUARIO";0101;FALTA DE OPORTUNIDAD EN LA PRESTACIÓN DE TECNOLOGÍAS EN SALUD Y OTROS ELEMENTOS COMPLEMENTARIOS PARA LA ATENCIÓN DEL USUARIO;010103;FALTA DE OPORTUNIDAD EN LA ATENCIÓN EN OTROS SERVICIOS DE SALUD;01010303;UNIDAD DE CUIDADO INTENSIVO;;;ENFERMEDADES CRÓNICAS NO TRANSMISIBLES- FACTORES DE RIESGO;MEDICIÓN DE FACTORES DE RIESGO;CONVULSIONES NO CLASIFICADAS EN OTRA PARTE;Manejo de pacientes en Unidades de cuidados intensivos;RIESGO VITAL
304;2023;7;Web;13;13001;US- 000002825238;A nombre propio;MUJER;63;MAYOR DE 63 AÑOS ;No Aplica;Contributivo;No Aplica;No Aplica;13;13001;SANITAS;RÉGIMEN CONTRIBUTIVO;EPS005;SANITAS;13;13001;01;"BARRERAS EN EL ACCESO A TECNOLOGÍAS Y SERVICIOS DE SALUD; Y OTROS ELEMENTOS COMPLEMENTARIOS PARA LA ATENCIÓN DEL USUARIO";0101;FALTA DE OPORTUNIDAD EN LA PRESTACIÓN DE TECNOLOGÍAS EN SALUD Y OTROS ELEMENTOS COMPLEMENTARIOS PARA LA ATENCIÓN DEL USUARIO;010101;FALTA DE OPORTUNIDAD EN LAS CITAS O CONSULTAS;01010103;ESPECIALIDADES MÉDICAS ;01010103042;GASTROENTEROLOGÍA;PROBLEMAS RELACIONADOS CON FACILIDADES DE ATENCIÓN MÉDICA U OTROS SERVICIOS DE SALUD;PROBLEMAS RELACIONADOS CON FACILIDADES DE ATENCIÓN MÉDICA U OTROS SERVICIOS DE SALUD;PROBLEMAS RELACIONADOS CON FACILIDADES DE ATENCIÓN MEDICA U OTROS SERVICIOS DE SALUD;No aplica;SIMPLE
305;2023;7;Web;68;68689;US- 000001392281;A nombre propio;HOMBRE;16;DE 13 A 17 AÑOS;No Aplica;Contributivo;No Aplica;Persona con discapacidad;68;68689;COOSALUD;RÉGIMEN CONTRIBUTIVO;EPS042;COOSALUD;68;68689;01;"BARRERAS EN EL ACCESO A TECNOLOGÍAS Y SERVICIOS DE SALUD; Y OTROS ELEMENTOS COMPLEMENTARIOS PARA LA ATENCIÓN DEL USUARIO";0103;FALTA DE OPORTUNIDAD EN LA AUTORIZACIÓN DE TECNOLOGÍAS EN SALUD Y OTROS ELEMENTOS COMPLEMENTARIOS PARA LA ATENCIÓN DEL USUARIO;010304;FALTA DE OPORTUNIDAD EN LA AUTORIZACIÓN DE OTROS SERVICIOS DE SALUD;01030408;PROCEDIMIENTOS NO QUIRÚRGICOS;01030408001;IMAGENOLOGÍA;ENFERMEDADES OSTEOARTICULARES;OTROS;ESPINA BÍFIDA, NO ESPECIFICADA;No aplica;PRIORIZADO
306;2023;7;Redes Sociales;50;50287;US- 000003311177;Cónyuge;HOMBRE;62;DE 50 A 62 AÑOS;Primaria Incompleta;Subsidiado;No Aplica;Desplazado;50;50287;NUEVA EPS;RÉGIMEN SUBSIDIADO;EPSS41;NUEVA EPS;50;50287;01;"BARRERAS EN EL ACCESO A TECNOLOGÍAS Y SERVICIOS DE SALUD; Y OTROS ELEMENTOS COMPLEMENTARIOS PARA LA ATENCIÓN DEL USUARIO";0101;FALTA DE OPORTUNIDAD EN LA PRESTACIÓN DE TECNOLOGÍAS EN SALUD Y OTROS ELEMENTOS COMPLEMENTARIOS PARA LA ATENCIÓN DEL USUARIO;010103;FALTA DE OPORTUNIDAD EN LA ATENCIÓN EN OTROS SERVICIOS DE SALUD;01010309;PROCEDIMIENTOS QUIRÚRGICOS;01010309003;OTROS PROCEDIMIENTOS QUIRÚRGICOS;ENFERMEDADES CRÓNICAS NO TRANSMISIBLES –DIABETES;DIABETES;DIABETES MELLITUS INSULINODEPENDIENTE CON COMPLICACIONES CIRCULATORIAS PERIFÉRICAS;Diálisis peritoneal;RIESGO VITAL
307;2023;7;Web;08;08758;US- 000003295232;A nombre propio;HOMBRE;72;MAYOR DE 63 AÑOS ;No Aplica;Contributivo;No Aplica;Persona con discapacidad;08;08758;SURAMERICANA EPS;RÉGIMEN CONTRIBUTIVO;EPS010;EPS SURA;08;08001;01;"BARRERAS EN EL ACCESO A TECNOLOGÍAS Y SERVICIOS DE SALUD; Y OTROS ELEMENTOS COMPLEMENTARIOS PARA LA ATENCIÓN DEL USUARIO";0103;FALTA DE OPORTUNIDAD EN LA AUTORIZACIÓN DE TECNOLOGÍAS EN SALUD Y OTROS ELEMENTOS COMPLEMENTARIOS PARA LA ATENCIÓN DEL USUARIO;010302;FALTA DE OPORTUNIDAD EN LA AUTORIZACIÓN DE CITAS DE CONSULTA;01030203;ESPECIALIDADES MÉDICAS ;01030203071;NEUROCIRUGÍA;ENFERMEDADES CRÓNICAS NO TRANSMISIBLES RESPIRATORIAS;EPOC (ENFERMEDAD PULMONAR OBSTRUCTIVA CRÓNICA, BRONQUITIS CRÓNICA O ENFISEMA);CADERA INESTABLE;No aplica;SIMPLE
308;2023;7;Chat;11;11001;US- 000000179008;Hijo (A);MUJER;82;MAYOR DE 63 AÑOS ;Primaria;Régimen Especial;No Aplica;No Aplica;17;17653;POLICIA NACIONAL;REGÍMENES DE EXCEPCIÓN Y ESPECIALES;REPN01;POLICIA NACIONAL;17;17653;01;"BARRERAS EN EL ACCESO A TECNOLOGÍAS Y SERVICIOS DE SALUD; Y OTROS ELEMENTOS COMPLEMENTARIOS PARA LA ATENCIÓN DEL USUARIO";0101;FALTA DE OPORTUNIDAD EN LA PRESTACIÓN DE TECNOLOGÍAS EN SALUD Y OTROS ELEMENTOS COMPLEMENTARIOS PARA LA ATENCIÓN DEL USUARIO;010103;FALTA DE OPORTUNIDAD EN LA ATENCIÓN EN OTROS SERVICIOS DE SALUD;01010308;PROCEDIMIENTOS NO QUIRÚRGICOS;01010308001;IMAGENOLOGÍA;ENFERMEDADES CRÓNICAS NO TRANSMISIBLES –DIABETES;DIABETES;ICTERICIA NO ESPECIFICADA;No aplica;PRIORIZADO
309;2023;7;Web;76;76001;US- 000000944516;A nombre propio;HOMBRE;43;DE 38 A 49 AÑOS;No Aplica;Contributivo;No Aplica;No Aplica;76;76001;SOS -SERVICIO OCCIDENTAL DE SALUD;RÉGIMEN CONTRIBUTIVO;EPS018;SERVICIO OCCIDENTAL DE SALUD (SOS);76;76001;01;"BARRERAS EN EL ACCESO A TECNOLOGÍAS Y SERVICIOS DE SALUD; Y OTROS ELEMENTOS COMPLEMENTARIOS PARA LA ATENCIÓN DEL USUARIO";0101;FALTA DE OPORTUNIDAD EN LA PRESTACIÓN DE TECNOLOGÍAS EN SALUD Y OTROS ELEMENTOS COMPLEMENTARIOS PARA LA ATENCIÓN DEL USUARIO;010101;FALTA DE OPORTUNIDAD EN LAS CITAS O CONSULTAS;01010103;ESPECIALIDADES MÉDICAS ;01010103075;OFTALMOLOGÍA;ENFERMEDADES CRÓNICAS NO TRASMISIBLES CARDIOVASCULARES;HTA (HIPERTENSIÓN ARTERIAL);HIPERTENSIÓN ESENCIAL (PRIMARIA);No aplica;SIMPLE
310;2023;7;Web;66;66170;US- 000003273512;A nombre propio;MUJER;31;DE 30 A 37 AÑOS;Secundaria;Contributivo;No Aplica;No Aplica;66;66170;SALUD TOTAL;RÉGIMEN CONTRIBUTIVO;EPS002;SALUD TOTAL;66;66001;01;"BARRERAS EN EL ACCESO A TECNOLOGÍAS Y SERVICIOS DE SALUD; Y OTROS ELEMENTOS COMPLEMENTARIOS PARA LA ATENCIÓN DEL USUARIO";0101;FALTA DE OPORTUNIDAD EN LA PRESTACIÓN DE TECNOLOGÍAS EN SALUD Y OTROS ELEMENTOS COMPLEMENTARIOS PARA LA ATENCIÓN DEL USUARIO;010103;FALTA DE OPORTUNIDAD EN LA ATENCIÓN EN OTROS SERVICIOS DE SALUD;01010308;PROCEDIMIENTOS NO QUIRÚRGICOS;01010308001;IMAGENOLOGÍA;ENFERMEDADES CRÓNICAS NO TRASMISIBLES CARDIOVASCULARES;HTA (HIPERTENSIÓN ARTERIAL);HIPERTENSIÓN ESENCIAL (PRIMARIA);No aplica;SIMPLE
311;2023;7;Telefónico;76;76001;US- 000000917035;Madre;HOMBRE;7;DE 6 A 12 AÑOS;Ninguno;Subsidiado;No Aplica;Persona con discapacidad;76;76001;EMSSANAR EPS;RÉGIMEN SUBSIDIADO;ESS118;EMSSANAR;76;76001;01;"BARRERAS EN EL ACCESO A TECNOLOGÍAS Y SERVICIOS DE SALUD; Y OTROS ELEMENTOS COMPLEMENTARIOS PARA LA ATENCIÓN DEL USUARIO";0101;FALTA DE OPORTUNIDAD EN LA PRESTACIÓN DE TECNOLOGÍAS EN SALUD Y OTROS ELEMENTOS COMPLEMENTARIOS PARA LA ATENCIÓN DEL USUARIO;010101;FALTA DE OPORTUNIDAD EN LAS CITAS O CONSULTAS;01010103;ESPECIALIDADES MÉDICAS ;01010103080;OTORRINOLARINGOLOGÍA;ENFERMEDADES HUÉRFANAS;HIPERGLICINEMIA NO CETÓSICA;OTRAS CONVULSIONES Y LAS NO ESPECIFICADAS;No aplica;PRIORIZADO
312;2023;7;Escrito;05;05483;US- 000003286009;A nombre propio;MUJER;72;MAYOR DE 63 AÑOS ;No Aplica;Subsidiado;No Aplica;No Aplica;05;05483;SAVIA SALUD;RÉGIMEN SUBSIDIADO;EPSS40;SAVIA SALUD EPS;05;05483;01;"BARRERAS EN EL ACCESO A TECNOLOGÍAS Y SERVICIOS DE SALUD; Y OTROS ELEMENTOS COMPLEMENTARIOS PARA LA ATENCIÓN DEL USUARIO";0101;FALTA DE OPORTUNIDAD EN LA PRESTACIÓN DE TECNOLOGÍAS EN SALUD Y OTROS ELEMENTOS COMPLEMENTARIOS PARA LA ATENCIÓN DEL USUARIO;010101;FALTA DE OPORTUNIDAD EN LAS CITAS O CONSULTAS;01010103;ESPECIALIDADES MÉDICAS ;01010103047;GINECOLOGÍA Y OBSTETRICIA;PROBLEMAS RELACIONADOS CON FACILIDADES DE ATENCIÓN MÉDICA U OTROS SERVICIOS DE SALUD;PROBLEMAS RELACIONADOS CON FACILIDADES DE ATENCIÓN MÉDICA U OTROS SERVICIOS DE SALUD;PROLAPSO UTEROVAGINAL INCOMPLETO;No aplica;SIMPLE
313;2023;7;Telefónico;05;05001;US- 000003263718;Madre;HOMBRE;12;DE 6 A 12 AÑOS;Secundaria Incompleta;Contributivo;No Aplica;No Aplica;05;05001;SURAMERICANA EPS;RÉGIMEN CONTRIBUTIVO;EPS010;EPS SURA;05;05001;01;"BARRERAS EN EL ACCESO A TECNOLOGÍAS Y SERVICIOS DE SALUD; Y OTROS ELEMENTOS COMPLEMENTARIOS PARA LA ATENCIÓN DEL USUARIO";0101;FALTA DE OPORTUNIDAD EN LA PRESTACIÓN DE TECNOLOGÍAS EN SALUD Y OTROS ELEMENTOS COMPLEMENTARIOS PARA LA ATENCIÓN DEL USUARIO;010101;FALTA DE OPORTUNIDAD EN LAS CITAS O CONSULTAS;01010105;PSICOLOGÍA;;;SALUD MENTAL;OTROS TRASTORNOS MENTALES;TRASTORNO DEL DESARROLLO PSICOLÓGICO, NO ESPECIFICADO;No aplica;SIMPLE
314;2023;7;Web;11;11001;US- 000003301450;A nombre propio;MUJER;66;MAYOR DE 63 AÑOS ;No Aplica;Contributivo;Afrocolombiano o Afrodescendiente;No Aplica;11;11001;COMPENSAR;RÉGIMEN CONTRIBUTIVO;EPS008;COMPENSAR;11;11001;02;INSATISFACCIÓN RELACIONADA CON LA ATENCIÓN EN SALUD;0202;INSATISFACCIÓN RELACIONADA CON LA ATENCIÓN DEL PERSONAL EN SALUD;020201;INSATISFACCIÓN RELACIONADA CON LA ATENCIÓN DEL PERSONAL EN SALUD;02020104;INSUFICIENTE INFORMACIÓN SOBRE LA ATENCIÓN EN SALUD;;;PROBLEMAS RELACIONADOS CON FACILIDADES DE ATENCIÓN MÉDICA U OTROS SERVICIOS DE SALUD;PROBLEMAS RELACIONADOS CON FACILIDADES DE ATENCIÓN MÉDICA U OTROS SERVICIOS DE SALUD;PROBLEMAS RELACIONADOS CON FACILIDADES DE ATENCIÓN MEDICA U OTROS SERVICIOS DE SALUD;No aplica;SIMPLE
315;2023;7;Telefónico;44;44430;US- 000003277970;A nombre propio;MUJER;33;DE 30 A 37 AÑOS;Primaria Incompleta;Subsidiado;No Aplica;No Aplica;44;44430;ANASWAYUU -EPSI;RÉGIMEN SUBSIDIADO;EPSI04;ANAS WAYUU (EPS-I);44;44430;01;"BARRERAS EN EL ACCESO A TECNOLOGÍAS Y SERVICIOS DE SALUD; Y OTROS ELEMENTOS COMPLEMENTARIOS PARA LA ATENCIÓN DEL USUARIO";0101;FALTA DE OPORTUNIDAD EN LA PRESTACIÓN DE TECNOLOGÍAS EN SALUD Y OTROS ELEMENTOS COMPLEMENTARIOS PARA LA ATENCIÓN DEL USUARIO;010103;FALTA DE OPORTUNIDAD EN LA ATENCIÓN EN OTROS SERVICIOS DE SALUD;01010309;PROCEDIMIENTOS QUIRÚRGICOS;01010309003;OTROS PROCEDIMIENTOS QUIRÚRGICOS;CÁNCER ;CÁNCER DE ÚTERO;PAPILOMAVIRUS COMO CAUSA DE ENFERMEDADES CLASIFICADAS EN OTROS CAPÍTULOS;No aplica;RIESGO VITAL
316;2023;7;Telefónico;05;05308;US- 000002823284;A nombre propio;MUJER;74;MAYOR DE 63 AÑOS ;Primaria Incompleta;Contributivo;No Aplica;No Aplica;05;05308;NUEVA EPS;RÉGIMEN CONTRIBUTIVO;EPS037;NUEVA EPS;05;05308;01;"BARRERAS EN EL ACCESO A TECNOLOGÍAS Y SERVICIOS DE SALUD; Y OTROS ELEMENTOS COMPLEMENTARIOS PARA LA ATENCIÓN DEL USUARIO";0101;FALTA DE OPORTUNIDAD EN LA PRESTACIÓN DE TECNOLOGÍAS EN SALUD Y OTROS ELEMENTOS COMPLEMENTARIOS PARA LA ATENCIÓN DEL USUARIO;010101;FALTA DE OPORTUNIDAD EN LAS CITAS O CONSULTAS;01010103;ESPECIALIDADES MÉDICAS ;01010103075;OFTALMOLOGÍA;PROBLEMAS RELACIONADOS CON FACILIDADES DE ATENCIÓN MÉDICA U OTROS SERVICIOS DE SALUD;PROBLEMAS RELACIONADOS CON FACILIDADES DE ATENCIÓN MÉDICA U OTROS SERVICIOS DE SALUD;TRASTORNOS DEL NERVIO ÓPTICO, NO CLASIFICADOS EN OTRA PARTE;No aplica;SIMPLE
317;2023;7;Web;19;19256;US- 000003270410;A nombre propio;MUJER;18;DE 18 A 24 AÑOS;No Aplica;Subsidiado;No Aplica;No Aplica;19;19256;ASMET SALUD EPS;RÉGIMEN SUBSIDIADO;ESS062;ASMET SALUD;19;19256;01;"BARRERAS EN EL ACCESO A TECNOLOGÍAS Y SERVICIOS DE SALUD; Y OTROS ELEMENTOS COMPLEMENTARIOS PARA LA ATENCIÓN DEL USUARIO";0101;FALTA DE OPORTUNIDAD EN LA PRESTACIÓN DE TECNOLOGÍAS EN SALUD Y OTROS ELEMENTOS COMPLEMENTARIOS PARA LA ATENCIÓN DEL USUARIO;010104;FALTA DE OPORTUNIDAD EN LA ENTREGA O ENTREGA INCOMPLETA DE TECNOLOGÍAS EN SALUD Y/O PRESTACIÓN DE OTROS SERVICIOS;01010402;MEDICAMENTOS NO UPC;;;PROBLEMAS RELACIONADOS CON FACILIDADES DE ATENCIÓN MÉDICA U OTROS SERVICIOS DE SALUD;PROBLEMAS RELACIONADOS CON FACILIDADES DE ATENCIÓN MÉDICA U OTROS SERVICIOS DE SALUD;PROBLEMAS RELACIONADOS CON FACILIDADES DE ATENCIÓN MEDICA U OTROS SERVICIOS DE SALUD;No aplica;SIMPLE
318;2023;7;Telefónico;70;70001;US- 000002250347;Hijo (A);HOMBRE;73;MAYOR DE 63 AÑOS ;Universitario;Régimen Especial;No Aplica;No Aplica;70;70001;MAGISTERIO;REGÍMENES DE EXCEPCIÓN Y ESPECIALES;REMG01;MAGISTERIO;70;70001;01;"BARRERAS EN EL ACCESO A TECNOLOGÍAS Y SERVICIOS DE SALUD; Y OTROS ELEMENTOS COMPLEMENTARIOS PARA LA ATENCIÓN DEL USUARIO";0101;FALTA DE OPORTUNIDAD EN LA PRESTACIÓN DE TECNOLOGÍAS EN SALUD Y OTROS ELEMENTOS COMPLEMENTARIOS PARA LA ATENCIÓN DEL USUARIO;010101;FALTA DE OPORTUNIDAD EN LAS CITAS O CONSULTAS;01010103;ESPECIALIDADES MÉDICAS ;01010103063;MEDICINA INTERNA;PROBLEMAS RELACIONADOS CON FACILIDADES DE ATENCIÓN MÉDICA U OTROS SERVICIOS DE SALUD;PROBLEMAS RELACIONADOS CON FACILIDADES DE ATENCIÓN MÉDICA U OTROS SERVICIOS DE SALUD;SÍNDROME DEL COLON IRRITABLE SIN DIARREA;No aplica;SIMPLE
319;2023;7;Telefónico;25;25307;US- 000003271621;Otro;HOMBRE;8;DE 6 A 12 AÑOS;Primaria Incompleta;Contributivo;No Aplica;No Aplica;25;25307;FAMISANAR;RÉGIMEN CONTRIBUTIVO;EPS017;FAMISANAR;25;25307;01;"BARRERAS EN EL ACCESO A TECNOLOGÍAS Y SERVICIOS DE SALUD; Y OTROS ELEMENTOS COMPLEMENTARIOS PARA LA ATENCIÓN DEL USUARIO";0101;FALTA DE OPORTUNIDAD EN LA PRESTACIÓN DE TECNOLOGÍAS EN SALUD Y OTROS ELEMENTOS COMPLEMENTARIOS PARA LA ATENCIÓN DEL USUARIO;010105;FALTA DE OPORTUNIDAD EN EL PROCESO DE REFERENCIA Y CONTRARREFERENCIA;;;;;CUIDADO INTENSIVO PARA CUALQUIER PATOLOGÍA;CUIDADO INTENSIVO PARA CUALQUIER PATOLOGÍA;FIEBRE DEL DENGUE [DENGUE CLÁSICO];Manejo de pacientes en Unidades de cuidados intensivos;RIESGO VITAL
320;2023;7;Web;11;11001;US- 000000477428;A nombre propio;HOMBRE;29;DE 25 A 29 AÑOS;Ninguno;Contributivo;No Aplica;No Aplica;11;11001;FAMISANAR;RÉGIMEN CONTRIBUTIVO;EPS017;FAMISANAR;11;11001;01;"BARRERAS EN EL ACCESO A TECNOLOGÍAS Y SERVICIOS DE SALUD; Y OTROS ELEMENTOS COMPLEMENTARIOS PARA LA ATENCIÓN DEL USUARIO";0101;FALTA DE OPORTUNIDAD EN LA PRESTACIÓN DE TECNOLOGÍAS EN SALUD Y OTROS ELEMENTOS COMPLEMENTARIOS PARA LA ATENCIÓN DEL USUARIO;010101;FALTA DE OPORTUNIDAD EN LAS CITAS O CONSULTAS;01010103;ESPECIALIDADES MÉDICAS ;01010103058;MEDICINA DEL TRABAJO O SEGURIDAD Y SALUD EN EL TRABAJO;ENFERMEDADES OSTEOARTICULARES;OTROS;OTROS TRASTORNOS INTERNOS DE LA RODILLA;No aplica;SIMPLE
321;2023;7;Web;85;85001;US- 000002316833;A nombre propio;HOMBRE;56;DE 50 A 62 AÑOS;No Aplica;Contributivo;No Aplica;No Aplica;85;85001;SANITAS;RÉGIMEN CONTRIBUTIVO;EPS005;SANITAS;85;85001;01;"BARRERAS EN EL ACCESO A TECNOLOGÍAS Y SERVICIOS DE SALUD; Y OTROS ELEMENTOS COMPLEMENTARIOS PARA LA ATENCIÓN DEL USUARIO";0101;FALTA DE OPORTUNIDAD EN LA PRESTACIÓN DE TECNOLOGÍAS EN SALUD Y OTROS ELEMENTOS COMPLEMENTARIOS PARA LA ATENCIÓN DEL USUARIO;010103;FALTA DE OPORTUNIDAD EN LA ATENCIÓN EN OTROS SERVICIOS DE SALUD;01010309;PROCEDIMIENTOS QUIRÚRGICOS;01010309003;OTROS PROCEDIMIENTOS QUIRÚRGICOS;PROBLEMAS RELACIONADOS CON FACILIDADES DE ATENCIÓN MÉDICA U OTROS SERVICIOS DE SALUD;PROBLEMAS RELACIONADOS CON FACILIDADES DE ATENCIÓN MÉDICA U OTROS SERVICIOS DE SALUD;OTROS TRASTORNOS DEL CUERPO VITREO;No aplica;SIMPLE
322;2023;7;Web;11;11001;US- 000001309363;Madre;MUJER;2;DE 0 A 5 AÑOS;No Aplica;Contributivo;Afrocolombiano o Afrodescendiente;Persona con discapacidad;11;11001;FAMISANAR;RÉGIMEN CONTRIBUTIVO;EPS017;FAMISANAR;11;11001;01;"BARRERAS EN EL ACCESO A TECNOLOGÍAS Y SERVICIOS DE SALUD; Y OTROS ELEMENTOS COMPLEMENTARIOS PARA LA ATENCIÓN DEL USUARIO";0101;FALTA DE OPORTUNIDAD EN LA PRESTACIÓN DE TECNOLOGÍAS EN SALUD Y OTROS ELEMENTOS COMPLEMENTARIOS PARA LA ATENCIÓN DEL USUARIO;010103;FALTA DE OPORTUNIDAD EN LA ATENCIÓN EN OTROS SERVICIOS DE SALUD;01010308;PROCEDIMIENTOS NO QUIRÚRGICOS;01010308001;IMAGENOLOGÍA;ENFERMEDADES OSTEOARTICULARES;NEUROLÓGICAS;PARÁLISIS CEREBRAL ESPÁSTICA;No aplica;PRIORIZADO
323;2023;7;Personalizado;05;05001;US- 000000223811;A nombre propio;MUJER;72;MAYOR DE 63 AÑOS ;Secundaria;Contributivo;No Aplica;No Aplica;05;05001;SURAMERICANA EPS;RÉGIMEN CONTRIBUTIVO;EPS010;EPS SURA;05;05001;01;"BARRERAS EN EL ACCESO A TECNOLOGÍAS Y SERVICIOS DE SALUD; Y OTROS ELEMENTOS COMPLEMENTARIOS PARA LA ATENCIÓN DEL USUARIO";0101;FALTA DE OPORTUNIDAD EN LA PRESTACIÓN DE TECNOLOGÍAS EN SALUD Y OTROS ELEMENTOS COMPLEMENTARIOS PARA LA ATENCIÓN DEL USUARIO;010103;FALTA DE OPORTUNIDAD EN LA ATENCIÓN EN OTROS SERVICIOS DE SALUD;01010308;PROCEDIMIENTOS NO QUIRÚRGICOS;01010308006;OTROS PROCEDIMIENTOS NO QUIRÚRGICOS;CÁNCER ;OTROS;TUMOR MALIGNO DE LA PIEL DE OTRAS PARTES Y DE LAS NO ESPECIFICADAS DE LA CARA;No aplica;PRIORIZADO
324;2023;7;Web;11;11001;US- 000001303803;A nombre propio;MUJER;28;DE 25 A 29 AÑOS;Ninguno;Contributivo;No Aplica;No Aplica;11;11001;FAMISANAR;RÉGIMEN CONTRIBUTIVO;EPS017;FAMISANAR;11;11001;01;"BARRERAS EN EL ACCESO A TECNOLOGÍAS Y SERVICIOS DE SALUD; Y OTROS ELEMENTOS COMPLEMENTARIOS PARA LA ATENCIÓN DEL USUARIO";0101;FALTA DE OPORTUNIDAD EN LA PRESTACIÓN DE TECNOLOGÍAS EN SALUD Y OTROS ELEMENTOS COMPLEMENTARIOS PARA LA ATENCIÓN DEL USUARIO;010105;FALTA DE OPORTUNIDAD EN EL PROCESO DE REFERENCIA Y CONTRARREFERENCIA;;;;;PROBLEMAS RELACIONADOS CON FACILIDADES DE ATENCIÓN MÉDICA U OTROS SERVICIOS DE SALUD;PROBLEMAS RELACIONADOS CON FACILIDADES DE ATENCIÓN MÉDICA U OTROS SERVICIOS DE SALUD;OTRAS CONSULTAS ESPECIFICADAS;No aplica;RIESGO VITAL
325;2023;7;Escrito;05;05001;US- 000003229457;Madre;HOMBRE;3;DE 0 A 5 AÑOS;No Aplica;Subsidiado;No Aplica;Persona con discapacidad;05;05001;SAVIA SALUD;RÉGIMEN SUBSIDIADO;EPSS40;SAVIA SALUD EPS;05;05001;01;"BARRERAS EN EL ACCESO A TECNOLOGÍAS Y SERVICIOS DE SALUD; Y OTROS ELEMENTOS COMPLEMENTARIOS PARA LA ATENCIÓN DEL USUARIO";0101;FALTA DE OPORTUNIDAD EN LA PRESTACIÓN DE TECNOLOGÍAS EN SALUD Y OTROS ELEMENTOS COMPLEMENTARIOS PARA LA ATENCIÓN DEL USUARIO;010101;FALTA DE OPORTUNIDAD EN LAS CITAS O CONSULTAS;01010103;ESPECIALIDADES MÉDICAS ;01010103043;GASTROENTEROLOGÍA PEDIÁTRICA;ENFERMEDADES HUÉRFANAS;OTROS;OTROS TRASTORNOS FALCIFORMES;No aplica;PRIORIZADO
326;2023;7;Web;85;85001;US- 000003276970;A nombre propio;HOMBRE;17;DE 13 A 17 AÑOS;Ninguno;Régimen Especial;No Aplica;No Aplica;85;85001;MAGISTERIO;REGÍMENES DE EXCEPCIÓN Y ESPECIALES;REMG01;MAGISTERIO;85;85001;01;"BARRERAS EN EL ACCESO A TECNOLOGÍAS Y SERVICIOS DE SALUD; Y OTROS ELEMENTOS COMPLEMENTARIOS PARA LA ATENCIÓN DEL USUARIO";0101;FALTA DE OPORTUNIDAD EN LA PRESTACIÓN DE TECNOLOGÍAS EN SALUD Y OTROS ELEMENTOS COMPLEMENTARIOS PARA LA ATENCIÓN DEL USUARIO;010101;FALTA DE OPORTUNIDAD EN LAS CITAS O CONSULTAS;01010103;ESPECIALIDADES MÉDICAS ;01010103033;DERMATOLOGÍA;PROBLEMAS RELACIONADOS CON FACILIDADES DE ATENCIÓN MÉDICA U OTROS SERVICIOS DE SALUD;PROBLEMAS RELACIONADOS CON FACILIDADES DE ATENCIÓN MÉDICA U OTROS SERVICIOS DE SALUD;OTROS ACINES;No aplica;SIMPLE
327;2023;7;Web;25;25290;US- 000003303150;A nombre propio;MUJER;38;DE 38 A 49 AÑOS;No Aplica;Subsidiado;No Aplica;No Aplica;25;25290;COMPENSAR;RÉGIMEN CONTRIBUTIVO;EPS008;COMPENSAR;25;25290;01;"BARRERAS EN EL ACCESO A TECNOLOGÍAS Y SERVICIOS DE SALUD; Y OTROS ELEMENTOS COMPLEMENTARIOS PARA LA ATENCIÓN DEL USUARIO";0101;FALTA DE OPORTUNIDAD EN LA PRESTACIÓN DE TECNOLOGÍAS EN SALUD Y OTROS ELEMENTOS COMPLEMENTARIOS PARA LA ATENCIÓN DEL USUARIO;010101;FALTA DE OPORTUNIDAD EN LAS CITAS O CONSULTAS;01010103;ESPECIALIDADES MÉDICAS ;01010103028;CIRUGÍA PLÁSTICA, ESTÉTICA Y RECONSTRUCTIVA;PROBLEMAS RELACIONADOS CON FACILIDADES DE ATENCIÓN MÉDICA U OTROS SERVICIOS DE SALUD;PROBLEMAS RELACIONADOS CON FACILIDADES DE ATENCIÓN MÉDICA U OTROS SERVICIOS DE SALUD;HIPERTROFIA DE LA MAMA;No aplica;SIMPLE
328;2023;7;Telefónico;05;05001;US- 000003293079;Tío (A);MUJER;70;MAYOR DE 63 AÑOS ;Primaria;Subsidiado;Afrocolombiano o Afrodescendiente;No Aplica;27;27075;CCF DEL CHOCÓ -COMFACHOCO;RÉGIMEN SUBSIDIADO;CCF102;"CCF CHOCÓ ""CONMFACHOCÓ""";27;27075;01;"BARRERAS EN EL ACCESO A TECNOLOGÍAS Y SERVICIOS DE SALUD; Y OTROS ELEMENTOS COMPLEMENTARIOS PARA LA ATENCIÓN DEL USUARIO";0102;NEGACIÓN DE TECNOLOGÍAS EN SALUD Y OTROS ELEMENTOS COMPLEMENTARIOS PARA LA ATENCIÓN DEL USUARIO;010201;NEGACIÓN EN LA ASIGNACIÓN DE CITAS O CONSULTAS;01020103;ESPECIALIDADES MÉDICAS ;01020103078;ORTOPEDIA Y TRAUMATOLOGÍA;ENFERMEDADES OSTEOARTICULARES;OTROS;AMPUTACIÓN TRAUMÁTICA EN ALGÚN NIVEL ENTRE LA CADERA Y LA RODILLA;No aplica;SIMPLE
329;2023;7;Web;15;15407;US- 000003270014;A nombre propio;MUJER;30;DE 30 A 37 AÑOS;No Aplica;Contributivo;No Aplica;No Aplica;15;15407;NUEVA EPS;RÉGIMEN CONTRIBUTIVO;EPS037;NUEVA EPS;15;15407;01;"BARRERAS EN EL ACCESO A TECNOLOGÍAS Y SERVICIOS DE SALUD; Y OTROS ELEMENTOS COMPLEMENTARIOS PARA LA ATENCIÓN DEL USUARIO";0103;FALTA DE OPORTUNIDAD EN LA AUTORIZACIÓN DE TECNOLOGÍAS EN SALUD Y OTROS ELEMENTOS COMPLEMENTARIOS PARA LA ATENCIÓN DEL USUARIO;010301;FALTA DE OPORTUNIDAD EN LA AUTORIZACIÓN DE TECNOLOGÍAS EN SALUD Y/O DE OTROS SERVICIOS;01030101;MEDICAMENTOS UPC;;;PROBLEMAS RELACIONADOS CON FACILIDADES DE ATENCIÓN MÉDICA U OTROS SERVICIOS DE SALUD;PROBLEMAS RELACIONADOS CON FACILIDADES DE ATENCIÓN MÉDICA U OTROS SERVICIOS DE SALUD;ROSÁCEA, NO ESPECIFICADA;No aplica;SIMPLE
330;2023;7;Personalizado;68;68001;US- 000000734365;Madre;HOMBRE;38;DE 38 A 49 AÑOS;Secundaria;Contributivo;No Aplica;Persona con discapacidad;68;68001;SANITAS;RÉGIMEN CONTRIBUTIVO;EPS005;SANITAS;68;68001;01;"BARRERAS EN EL ACCESO A TECNOLOGÍAS Y SERVICIOS DE SALUD; Y OTROS ELEMENTOS COMPLEMENTARIOS PARA LA ATENCIÓN DEL USUARIO";0103;FALTA DE OPORTUNIDAD EN LA AUTORIZACIÓN DE TECNOLOGÍAS EN SALUD Y OTROS ELEMENTOS COMPLEMENTARIOS PARA LA ATENCIÓN DEL USUARIO;010301;FALTA DE OPORTUNIDAD EN LA AUTORIZACIÓN DE TECNOLOGÍAS EN SALUD Y/O DE OTROS SERVICIOS;01030101;MEDICAMENTOS UPC;;;ENFERMEDADES OSTEOARTICULARES;NEUROLÓGICAS;EPILEPSIA Y SÍNDROMES EPILÉPTICOS SINTOMÁTICOS RELACIONADOS CON LOCALIZACIONES (FOCALES) (PARCIALES) Y CON ATAQUES PARCIALES COMPLEJOS;No aplica;PRIORIZADO
331;2023;7;Telefónico;11;11001;US- 000001479796;Hijo (A);MUJER;65;MAYOR DE 63 AÑOS ;No Aplica;Subsidiado;No Aplica;No Aplica;11;11001;SANITAS;RÉGIMEN CONTRIBUTIVO;EPS005;SANITAS;11;11001;01;"BARRERAS EN EL ACCESO A TECNOLOGÍAS Y SERVICIOS DE SALUD; Y OTROS ELEMENTOS COMPLEMENTARIOS PARA LA ATENCIÓN DEL USUARIO";0101;FALTA DE OPORTUNIDAD EN LA PRESTACIÓN DE TECNOLOGÍAS EN SALUD Y OTROS ELEMENTOS COMPLEMENTARIOS PARA LA ATENCIÓN DEL USUARIO;010101;FALTA DE OPORTUNIDAD EN LAS CITAS O CONSULTAS;01010103;ESPECIALIDADES MÉDICAS ;01010103010;CIRUGÍA CARDIOVASCULAR;ENFERMEDADES CRÓNICAS NO TRASMISIBLES CARDIOVASCULARES;OTROS;INSUFICIENCIA VENOSA (CRÓNICA) (PERIFÉRICA);No aplica;SIMPLE
332;2023;7;Personalizado;05;05001;US- 000002776033;Hijo (A);MUJER;70;MAYOR DE 63 AÑOS ;Secundaria;Contributivo;No Aplica;No Aplica;05;05001;SURAMERICANA EPS;RÉGIMEN CONTRIBUTIVO;EPS010;EPS SURA;05;05001;01;"BARRERAS EN EL ACCESO A TECNOLOGÍAS Y SERVICIOS DE SALUD; Y OTROS ELEMENTOS COMPLEMENTARIOS PARA LA ATENCIÓN DEL USUARIO";0101;FALTA DE OPORTUNIDAD EN LA PRESTACIÓN DE TECNOLOGÍAS EN SALUD Y OTROS ELEMENTOS COMPLEMENTARIOS PARA LA ATENCIÓN DEL USUARIO;010103;FALTA DE OPORTUNIDAD EN LA ATENCIÓN EN OTROS SERVICIOS DE SALUD;01010302;HOSPITALIZACIÓN;;;PROBLEMAS RELACIONADOS CON FACILIDADES DE ATENCIÓN MÉDICA U OTROS SERVICIOS DE SALUD;PROBLEMAS RELACIONADOS CON FACILIDADES DE ATENCIÓN MÉDICA U OTROS SERVICIOS DE SALUD;PROLAPSO GENITAL FEMENINO;No aplica;PRIORIZADO
333;2023;7;Web;63;63001;US- 000003274073;Madre;HOMBRE;3;DE 0 A 5 AÑOS;No Aplica;Contributivo;No Aplica;No Aplica;63;63001;NUEVA EPS;RÉGIMEN CONTRIBUTIVO;EPS037;NUEVA EPS;63;63001;01;"BARRERAS EN EL ACCESO A TECNOLOGÍAS Y SERVICIOS DE SALUD; Y OTROS ELEMENTOS COMPLEMENTARIOS PARA LA ATENCIÓN DEL USUARIO";0101;FALTA DE OPORTUNIDAD EN LA PRESTACIÓN DE TECNOLOGÍAS EN SALUD Y OTROS ELEMENTOS COMPLEMENTARIOS PARA LA ATENCIÓN DEL USUARIO;010101;FALTA DE OPORTUNIDAD EN LAS CITAS O CONSULTAS;01010103;ESPECIALIDADES MÉDICAS ;01010103040;ENDOCRINOLOGÍA PEDIÁTRICA;PROBLEMAS RELACIONADOS CON FACILIDADES DE ATENCIÓN MÉDICA U OTROS SERVICIOS DE SALUD;PROBLEMAS RELACIONADOS CON FACILIDADES DE ATENCIÓN MÉDICA U OTROS SERVICIOS DE SALUD;PERDIDA ANORMAL DE PESO;No aplica;SIMPLE
334;2023;7;Escrito;76;76834;US- 000001054545;A nombre propio;MUJER;78;MAYOR DE 63 AÑOS ;No Aplica;Contributivo;No Aplica;No Aplica;76;76834;SANITAS;RÉGIMEN CONTRIBUTIVO;EPS005;SANITAS;76;76834;01;"BARRERAS EN EL ACCESO A TECNOLOGÍAS Y SERVICIOS DE SALUD; Y OTROS ELEMENTOS COMPLEMENTARIOS PARA LA ATENCIÓN DEL USUARIO";0101;FALTA DE OPORTUNIDAD EN LA PRESTACIÓN DE TECNOLOGÍAS EN SALUD Y OTROS ELEMENTOS COMPLEMENTARIOS PARA LA ATENCIÓN DEL USUARIO;010101;FALTA DE OPORTUNIDAD EN LAS CITAS O CONSULTAS;01010103;ESPECIALIDADES MÉDICAS ;01010103063;MEDICINA INTERNA;CÁNCER ;CÁNCER DE MAMA;TUMOR MALIGNO DE LA MAMA;Quimioterapia y radioterapia para el cáncer;PRIORIZADO
335;2023;7;Web;11;11001;US- 000003284029;Hijo (A);HOMBRE;69;MAYOR DE 63 AÑOS ;No Aplica;Contributivo;No Aplica;No Aplica;11;11001;SANITAS;RÉGIMEN CONTRIBUTIVO;EPS005;SANITAS;11;11001;01;"BARRERAS EN EL ACCESO A TECNOLOGÍAS Y SERVICIOS DE SALUD; Y OTROS ELEMENTOS COMPLEMENTARIOS PARA LA ATENCIÓN DEL USUARIO";0101;FALTA DE OPORTUNIDAD EN LA PRESTACIÓN DE TECNOLOGÍAS EN SALUD Y OTROS ELEMENTOS COMPLEMENTARIOS PARA LA ATENCIÓN DEL USUARIO;010105;FALTA DE OPORTUNIDAD EN EL PROCESO DE REFERENCIA Y CONTRARREFERENCIA;;;;;ENFERMEDADES CRÓNICAS NO TRASMISIBLES CARDIOVASCULARES;OTROS;OTROS TRASTORNOS ARTERIALES O ARTERIOLARES;Hemodiálisis;PRIORIZADO
336;2023;7;Telefónico;11;11001;US- 000003295726;Otro;HOMBRE;65;MAYOR DE 63 AÑOS ;Primaria Incompleta;Subsidiado;No Aplica;No Aplica;11;11001;CAPITAL SALUD;RÉGIMEN SUBSIDIADO;EPSS34;CAPITAL SALUD;11;11001;02;INSATISFACCIÓN RELACIONADA CON LA ATENCIÓN EN SALUD;0201;INSATISFACCIÓN RELACIONADA CON LA ATENCIÓN EN SALUD POR FALTA DE OPORTUNIDAD;020101;INSATISFACCIÓN POR FALTA DE OPORTUNIDAD EN LA ATENCIÓN POR PARTE DEL PERSONAL DE SALUD;02010107;SERVICIO QUIRÚRGICO;;;ENFERMEDADES CRÓNICAS NO TRANSMISIBLES –DIABETES;DIABETES;DIABETES MELLITUS INSULINODEPENDIENTE;No aplica;SIMPLE
337;2023;7;Personalizado;41;41799;US- 000003248862;Hijo (A);HOMBRE;50;DE 50 A 62 AÑOS;Primaria;Subsidiado;No Aplica;No Aplica;41;41799;SANITAS;RÉGIMEN CONTRIBUTIVO;EPS005;SANITAS;41;41799;01;"BARRERAS EN EL ACCESO A TECNOLOGÍAS Y SERVICIOS DE SALUD; Y OTROS ELEMENTOS COMPLEMENTARIOS PARA LA ATENCIÓN DEL USUARIO";0101;FALTA DE OPORTUNIDAD EN LA PRESTACIÓN DE TECNOLOGÍAS EN SALUD Y OTROS ELEMENTOS COMPLEMENTARIOS PARA LA ATENCIÓN DEL USUARIO;010103;FALTA DE OPORTUNIDAD EN LA ATENCIÓN EN OTROS SERVICIOS DE SALUD;01010308;PROCEDIMIENTOS NO QUIRÚRGICOS;01010308001;IMAGENOLOGÍA;PROBLEMAS RELACIONADOS CON FACILIDADES DE ATENCIÓN MÉDICA U OTROS SERVICIOS DE SALUD;PROBLEMAS RELACIONADOS CON FACILIDADES DE ATENCIÓN MÉDICA U OTROS SERVICIOS DE SALUD;CÓLICO RENAL, NO ESPECIFICADO;No aplica;SIMPLE
338;2023;7;Web;11;11001;US- 000001647272;A nombre propio;MUJER;44;DE 38 A 49 AÑOS;No Aplica;Contributivo;No Aplica;No Aplica;11;11001;COMPENSAR;RÉGIMEN CONTRIBUTIVO;EPS008;COMPENSAR;11;11001;01;"BARRERAS EN EL ACCESO A TECNOLOGÍAS Y SERVICIOS DE SALUD; Y OTROS ELEMENTOS COMPLEMENTARIOS PARA LA ATENCIÓN DEL USUARIO";0101;FALTA DE OPORTUNIDAD EN LA PRESTACIÓN DE TECNOLOGÍAS EN SALUD Y OTROS ELEMENTOS COMPLEMENTARIOS PARA LA ATENCIÓN DEL USUARIO;010103;FALTA DE OPORTUNIDAD EN LA ATENCIÓN EN OTROS SERVICIOS DE SALUD;01010309;PROCEDIMIENTOS QUIRÚRGICOS;01010309003;OTROS PROCEDIMIENTOS QUIRÚRGICOS;PROBLEMAS RELACIONADOS CON FACILIDADES DE ATENCIÓN MÉDICA U OTROS SERVICIOS DE SALUD;PROBLEMAS RELACIONADOS CON FACILIDADES DE ATENCIÓN MÉDICA U OTROS SERVICIOS DE SALUD;PROBLEMAS RELACIONADOS CON FACILIDADES DE ATENCIÓN MEDICA U OTROS SERVICIOS DE SALUD;No aplica;SIMPLE
339;2023;7;Web;73;73001;US- 000002802943;A nombre propio;MUJER;41;DE 38 A 49 AÑOS;No Aplica;Contributivo;No Aplica;No Aplica;73;73001;SALUD TOTAL;RÉGIMEN CONTRIBUTIVO;EPS002;SALUD TOTAL;73;73001;01;"BARRERAS EN EL ACCESO A TECNOLOGÍAS Y SERVICIOS DE SALUD; Y OTROS ELEMENTOS COMPLEMENTARIOS PARA LA ATENCIÓN DEL USUARIO";0101;FALTA DE OPORTUNIDAD EN LA PRESTACIÓN DE TECNOLOGÍAS EN SALUD Y OTROS ELEMENTOS COMPLEMENTARIOS PARA LA ATENCIÓN DEL USUARIO;010101;FALTA DE OPORTUNIDAD EN LAS CITAS O CONSULTAS;01010103;ESPECIALIDADES MÉDICAS ;01010103072;NEUROLOGÍA;PROBLEMAS RELACIONADOS CON FACILIDADES DE ATENCIÓN MÉDICA U OTROS SERVICIOS DE SALUD;PROBLEMAS RELACIONADOS CON FACILIDADES DE ATENCIÓN MÉDICA U OTROS SERVICIOS DE SALUD;PROBLEMAS RELACIONADOS CON FACILIDADES DE ATENCIÓN MEDICA U OTROS SERVICIOS DE SALUD;No aplica;SIMPLE
340;2023;7;Web;54;54874;US- 000003266720;Otro;MUJER;3;DE 0 A 5 AÑOS;No Aplica;Subsidiado;No Aplica;No Aplica;54;54874;NUEVA EPS;RÉGIMEN SUBSIDIADO;EPSS41;NUEVA EPS;54;54001;04;INSATISFACCIÓN DEL USUARIO CON EL PROCESO ADMINISTRATIVO;0404;INSATISFACCIÓN RELACIONADA CON TRÁMITES ADMINISTRATIVOS;040405;INCONSISTENCIA CON TRASLADOS DEL MUNICIPIO DE LA AFILIACIÓN Y SOLICITUDES DE MOVILIDAD O PORTABILIDAD;04040501;DEMORA EN EL TRASLADO A OTRO MUNICIPIO;;;MATERNO INFANTIL;ATENCIÓN NIÑOS MENORES DE 5 AÑOS;PROBLEMAS RELACIONADOS CON FACILIDADES DE ATENCIÓN MEDICA U OTROS SERVICIOS DE SALUD;No aplica;SIMPLE
341;2023;7;Telefónico;25;25307;US- 000003260993;Veedor;HOMBRE;19;DE 18 A 24 AÑOS;Secundaria;Contributivo;No Aplica;No Aplica;25;25307;SALUD TOTAL;RÉGIMEN CONTRIBUTIVO;EPS002;SALUD TOTAL;25;25307;01;"BARRERAS EN EL ACCESO A TECNOLOGÍAS Y SERVICIOS DE SALUD; Y OTROS ELEMENTOS COMPLEMENTARIOS PARA LA ATENCIÓN DEL USUARIO";0101;FALTA DE OPORTUNIDAD EN LA PRESTACIÓN DE TECNOLOGÍAS EN SALUD Y OTROS ELEMENTOS COMPLEMENTARIOS PARA LA ATENCIÓN DEL USUARIO;010105;FALTA DE OPORTUNIDAD EN EL PROCESO DE REFERENCIA Y CONTRARREFERENCIA;;;;;ENFERMEDAD TRANSMITIDA POR VECTORES;MALARIA, DENGUE;FIEBRE DEL DENGUE [DENGUE CLÁSICO];No aplica;RIESGO VITAL
342;2023;7;Web;25;25430;US- 000002956347;A nombre propio;MUJER;19;DE 18 A 24 AÑOS;No Aplica;Subsidiado;No Aplica;No Aplica;25;25430;COMPENSAR;RÉGIMEN CONTRIBUTIVO;EPS008;COMPENSAR;25;25473;01;"BARRERAS EN EL ACCESO A TECNOLOGÍAS Y SERVICIOS DE SALUD; Y OTROS ELEMENTOS COMPLEMENTARIOS PARA LA ATENCIÓN DEL USUARIO";0101;FALTA DE OPORTUNIDAD EN LA PRESTACIÓN DE TECNOLOGÍAS EN SALUD Y OTROS ELEMENTOS COMPLEMENTARIOS PARA LA ATENCIÓN DEL USUARIO;010101;FALTA DE OPORTUNIDAD EN LAS CITAS O CONSULTAS;01010103;ESPECIALIDADES MÉDICAS ;01010103078;ORTOPEDIA Y TRAUMATOLOGÍA;PROBLEMAS RELACIONADOS CON FACILIDADES DE ATENCIÓN MÉDICA U OTROS SERVICIOS DE SALUD;PROBLEMAS RELACIONADOS CON FACILIDADES DE ATENCIÓN MÉDICA U OTROS SERVICIOS DE SALUD;OTROS PROBLEMAS RELACIONADOS CON SERVICIOS MÉDICOS Y DE SALUD;No aplica;SIMPLE
343;2023;7;Chat;11;11001;US- 000003302374;A nombre propio;MUJER;47;DE 38 A 49 AÑOS;Secundaria;Contributivo;No Aplica;No Aplica;11;11001;COMPENSAR;RÉGIMEN CONTRIBUTIVO;EPS008;COMPENSAR;11;11001;01;"BARRERAS EN EL ACCESO A TECNOLOGÍAS Y SERVICIOS DE SALUD; Y OTROS ELEMENTOS COMPLEMENTARIOS PARA LA ATENCIÓN DEL USUARIO";0101;FALTA DE OPORTUNIDAD EN LA PRESTACIÓN DE TECNOLOGÍAS EN SALUD Y OTROS ELEMENTOS COMPLEMENTARIOS PARA LA ATENCIÓN DEL USUARIO;010101;FALTA DE OPORTUNIDAD EN LAS CITAS O CONSULTAS;01010103;ESPECIALIDADES MÉDICAS ;01010103080;OTORRINOLARINGOLOGÍA;PROBLEMAS RELACIONADOS CON FACILIDADES DE ATENCIÓN MÉDICA U OTROS SERVICIOS DE SALUD;PROBLEMAS RELACIONADOS CON FACILIDADES DE ATENCIÓN MÉDICA U OTROS SERVICIOS DE SALUD;VÉRTIGO EPIDÉMICO;No aplica;SIMPLE
344;2023;7;Escrito;68;68432;US- 000003274613;A nombre propio;MUJER;8;DE 6 A 12 AÑOS;No Aplica;Subsidiado;No Aplica;No Aplica;68;68432;SALUD TOTAL;RÉGIMEN CONTRIBUTIVO;EPS002;SALUD TOTAL;68;68432;01;"BARRERAS EN EL ACCESO A TECNOLOGÍAS Y SERVICIOS DE SALUD; Y OTROS ELEMENTOS COMPLEMENTARIOS PARA LA ATENCIÓN DEL USUARIO";0102;NEGACIÓN DE TECNOLOGÍAS EN SALUD Y OTROS ELEMENTOS COMPLEMENTARIOS PARA LA ATENCIÓN DEL USUARIO;010204;NEGACIÓN PARA LA ENTREGA DE TECNOLOGÍAS EN SALUD Y/O DE OTROS SERVICIOS AUTORIZADOS;01020408;TRANSPORTE, ALOJAMIENTO O ALIMENTACIÓN;;;ENFERMEDADES CRÓNICAS NO TRANSMISIBLES- FACTORES DE RIESGO;MEDICIÓN DE FACTORES DE RIESGO;HIPERMETROPÍA;No aplica;SIMPLE
345;2023;7;Web;63;63001;US- 000003281851;A nombre propio;HOMBRE;78;MAYOR DE 63 AÑOS ;No Aplica;Subsidiado;No Aplica;No Aplica;63;63001;ASMET SALUD EPS;RÉGIMEN SUBSIDIADO;ESS062;ASMET SALUD;63;63001;01;"BARRERAS EN EL ACCESO A TECNOLOGÍAS Y SERVICIOS DE SALUD; Y OTROS ELEMENTOS COMPLEMENTARIOS PARA LA ATENCIÓN DEL USUARIO";0102;NEGACIÓN DE TECNOLOGÍAS EN SALUD Y OTROS ELEMENTOS COMPLEMENTARIOS PARA LA ATENCIÓN DEL USUARIO;010201;NEGACIÓN EN LA ASIGNACIÓN DE CITAS O CONSULTAS;01020103;ESPECIALIDADES MÉDICAS ;01020103063;MEDICINA INTERNA;ENFERMEDADES CRÓNICAS NO TRASMISIBLES CARDIOVASCULARES;HTA (HIPERTENSIÓN ARTERIAL);HIPERTENSIÓN ESENCIAL (PRIMARIA);No aplica;SIMPLE
346;2023;7;Personalizado;08;08001;US- 000003309814;A nombre propio;HOMBRE;63;MAYOR DE 63 AÑOS ;Secundaria;Contributivo;No Aplica;No Aplica;08;08001;MUTUAL SER;RÉGIMEN SUBSIDIADO;ESS207;MUTUAL SER;08;08001;01;"BARRERAS EN EL ACCESO A TECNOLOGÍAS Y SERVICIOS DE SALUD; Y OTROS ELEMENTOS COMPLEMENTARIOS PARA LA ATENCIÓN DEL USUARIO";0101;FALTA DE OPORTUNIDAD EN LA PRESTACIÓN DE TECNOLOGÍAS EN SALUD Y OTROS ELEMENTOS COMPLEMENTARIOS PARA LA ATENCIÓN DEL USUARIO;010101;FALTA DE OPORTUNIDAD EN LAS CITAS O CONSULTAS;01010103;ESPECIALIDADES MÉDICAS ;01010103094;UROLOGÍA;PROBLEMAS RELACIONADOS CON FACILIDADES DE ATENCIÓN MÉDICA U OTROS SERVICIOS DE SALUD;PROBLEMAS RELACIONADOS CON FACILIDADES DE ATENCIÓN MÉDICA U OTROS SERVICIOS DE SALUD;HIPERPLASIA DE LA PRÓSTATA;No aplica;SIMPLE
347;2023;7;Web;47;47053;US- 000003303937;Hijo (A);MUJER;67;MAYOR DE 63 AÑOS ;No Aplica;Contributivo;No Aplica;No Aplica;47;47288;SALUD TOTAL;RÉGIMEN CONTRIBUTIVO;EPS002;SALUD TOTAL;47;47288;01;"BARRERAS EN EL ACCESO A TECNOLOGÍAS Y SERVICIOS DE SALUD; Y OTROS ELEMENTOS COMPLEMENTARIOS PARA LA ATENCIÓN DEL USUARIO";0101;FALTA DE OPORTUNIDAD EN LA PRESTACIÓN DE TECNOLOGÍAS EN SALUD Y OTROS ELEMENTOS COMPLEMENTARIOS PARA LA ATENCIÓN DEL USUARIO;010104;FALTA DE OPORTUNIDAD EN LA ENTREGA O ENTREGA INCOMPLETA DE TECNOLOGÍAS EN SALUD Y/O PRESTACIÓN DE OTROS SERVICIOS;01010403;DISPOSITIVOS MÉDICOS UPC;;;PROBLEMAS RELACIONADOS CON FACILIDADES DE ATENCIÓN MÉDICA U OTROS SERVICIOS DE SALUD;PROBLEMAS RELACIONADOS CON FACILIDADES DE ATENCIÓN MÉDICA U OTROS SERVICIOS DE SALUD;PROBLEMAS RELACIONADOS CON FACILIDADES DE ATENCIÓN MEDICA U OTROS SERVICIOS DE SALUD;No aplica;RIESGO VITAL
348;2023;7;Web;25;25875;US- 000001939498;A nombre propio;HOMBRE;49;DE 38 A 49 AÑOS;No Aplica;Contributivo;No Aplica;No Aplica;25;25875;SANITAS;RÉGIMEN CONTRIBUTIVO;EPS005;SANITAS;25;25875;04;INSATISFACCIÓN DEL USUARIO CON EL PROCESO ADMINISTRATIVO;0404;INSATISFACCIÓN RELACIONADA CON TRÁMITES ADMINISTRATIVOS;040405;INCONSISTENCIA CON TRASLADOS DEL MUNICIPIO DE LA AFILIACIÓN Y SOLICITUDES DE MOVILIDAD O PORTABILIDAD;04040501;DEMORA EN EL TRASLADO A OTRO MUNICIPIO;;;SALUD ORAL;SALUD ORAL;EXAMEN ODONTOLÓGICO;No aplica;SIMPLE
349;2023;7;Telefónico;05;05001;US- 000002748188;Otro;HOMBRE;49;DE 38 A 49 AÑOS;Primaria;Contributivo;No Aplica;No Aplica;05;05001;SURAMERICANA EPS;RÉGIMEN CONTRIBUTIVO;EPS010;EPS SURA;05;05001;01;"BARRERAS EN EL ACCESO A TECNOLOGÍAS Y SERVICIOS DE SALUD; Y OTROS ELEMENTOS COMPLEMENTARIOS PARA LA ATENCIÓN DEL USUARIO";0103;FALTA DE OPORTUNIDAD EN LA AUTORIZACIÓN DE TECNOLOGÍAS EN SALUD Y OTROS ELEMENTOS COMPLEMENTARIOS PARA LA ATENCIÓN DEL USUARIO;010304;FALTA DE OPORTUNIDAD EN LA AUTORIZACIÓN DE OTROS SERVICIOS DE SALUD;01030409;PROCEDIMIENTOS QUIRÚRGICOS;01030409003;OTROS PROCEDIMIENTOS QUIRÚRGICOS;CÁNCER ;OTROS;TUMOR MALIGNO DEL CARDIAS;No aplica;PRIORIZADO
350;2023;7;Chat;08;08758;US- 000003273159;A nombre propio;MUJER;37;DE 30 A 37 AÑOS;Universitario;Contributivo;No Aplica;No Aplica;08;08758;NUEVA EPS;RÉGIMEN CONTRIBUTIVO;EPS037;NUEVA EPS;08;08758;01;"BARRERAS EN EL ACCESO A TECNOLOGÍAS Y SERVICIOS DE SALUD; Y OTROS ELEMENTOS COMPLEMENTARIOS PARA LA ATENCIÓN DEL USUARIO";0101;FALTA DE OPORTUNIDAD EN LA PRESTACIÓN DE TECNOLOGÍAS EN SALUD Y OTROS ELEMENTOS COMPLEMENTARIOS PARA LA ATENCIÓN DEL USUARIO;010101;FALTA DE OPORTUNIDAD EN LAS CITAS O CONSULTAS;01010103;ESPECIALIDADES MÉDICAS ;01010103063;MEDICINA INTERNA;PROBLEMAS RELACIONADOS CON FACILIDADES DE ATENCIÓN MÉDICA U OTROS SERVICIOS DE SALUD;PROBLEMAS RELACIONADOS CON FACILIDADES DE ATENCIÓN MÉDICA U OTROS SERVICIOS DE SALUD;HIPERPLASIA ADENOMATOSA DEL ENDOMETRIO;No aplica;SIMPLE
351;2023;7;Web;08;08758;US- 000003307250;A nombre propio;HOMBRE;42;DE 38 A 49 AÑOS;No Aplica;Contributivo;No Aplica;No Aplica;08;08758;SURAMERICANA EPS;RÉGIMEN CONTRIBUTIVO;EPS010;EPS SURA;08;08001;01;"BARRERAS EN EL ACCESO A TECNOLOGÍAS Y SERVICIOS DE SALUD; Y OTROS ELEMENTOS COMPLEMENTARIOS PARA LA ATENCIÓN DEL USUARIO";0101;FALTA DE OPORTUNIDAD EN LA PRESTACIÓN DE TECNOLOGÍAS EN SALUD Y OTROS ELEMENTOS COMPLEMENTARIOS PARA LA ATENCIÓN DEL USUARIO;010103;FALTA DE OPORTUNIDAD EN LA ATENCIÓN EN OTROS SERVICIOS DE SALUD;01010308;PROCEDIMIENTOS NO QUIRÚRGICOS;01010308006;OTROS PROCEDIMIENTOS NO QUIRÚRGICOS;PROBLEMAS RELACIONADOS CON FACILIDADES DE ATENCIÓN MÉDICA U OTROS SERVICIOS DE SALUD;PROBLEMAS RELACIONADOS CON FACILIDADES DE ATENCIÓN MÉDICA U OTROS SERVICIOS DE SALUD;VERRUGAS VÍRICAS;No aplica;SIMPLE
352;2023;7;Telefónico;05;05079;US- 000003282150;Cónyuge;HOMBRE;60;DE 50 A 62 AÑOS;Secundaria Incompleta;Subsidiado;No Aplica;No Aplica;05;05079;SAVIA SALUD;RÉGIMEN SUBSIDIADO;EPSS40;SAVIA SALUD EPS;05;05079;01;"BARRERAS EN EL ACCESO A TECNOLOGÍAS Y SERVICIOS DE SALUD; Y OTROS ELEMENTOS COMPLEMENTARIOS PARA LA ATENCIÓN DEL USUARIO";0103;FALTA DE OPORTUNIDAD EN LA AUTORIZACIÓN DE TECNOLOGÍAS EN SALUD Y OTROS ELEMENTOS COMPLEMENTARIOS PARA LA ATENCIÓN DEL USUARIO;010304;FALTA DE OPORTUNIDAD EN LA AUTORIZACIÓN DE OTROS SERVICIOS DE SALUD;01030408;PROCEDIMIENTOS NO QUIRÚRGICOS;01030408006;OTROS PROCEDIMIENTOS NO QUIRÚRGICOS;PROBLEMAS RELACIONADOS CON FACILIDADES DE ATENCIÓN MÉDICA U OTROS SERVICIOS DE SALUD;PROBLEMAS RELACIONADOS CON FACILIDADES DE ATENCIÓN MÉDICA U OTROS SERVICIOS DE SALUD;OTRAS GASTRITIS AGUDAS;No aplica;SIMPLE
353;2023;7;Web;08;08549;US- 000003286620;A nombre propio;MUJER;58;DE 50 A 62 AÑOS;No Aplica;Subsidiado;No Aplica;No Aplica;08;08549;NUEVA EPS;RÉGIMEN SUBSIDIADO;EPSS41;NUEVA EPS;08;08549;01;"BARRERAS EN EL ACCESO A TECNOLOGÍAS Y SERVICIOS DE SALUD; Y OTROS ELEMENTOS COMPLEMENTARIOS PARA LA ATENCIÓN DEL USUARIO";0101;FALTA DE OPORTUNIDAD EN LA PRESTACIÓN DE TECNOLOGÍAS EN SALUD Y OTROS ELEMENTOS COMPLEMENTARIOS PARA LA ATENCIÓN DEL USUARIO;010103;FALTA DE OPORTUNIDAD EN LA ATENCIÓN EN OTROS SERVICIOS DE SALUD;01010309;PROCEDIMIENTOS QUIRÚRGICOS;01010309003;OTROS PROCEDIMIENTOS QUIRÚRGICOS;PROBLEMAS RELACIONADOS CON FACILIDADES DE ATENCIÓN MÉDICA U OTROS SERVICIOS DE SALUD;PROBLEMAS RELACIONADOS CON FACILIDADES DE ATENCIÓN MÉDICA U OTROS SERVICIOS DE SALUD;HIPERPLASIA DE GLÁNDULA DEL ENDOMETRIO;No aplica;SIMPLE
354;2023;7;Web;25;25269;US- 000003270867;Madre;MUJER;1;DE 0 A 5 AÑOS;No Aplica;Subsidiado;No Aplica;No Aplica;25;25269;CAJACOPI EPS;RÉGIMEN SUBSIDIADO;CCF055;CAJACOPI EPS;20;20400;04;INSATISFACCIÓN DEL USUARIO CON EL PROCESO ADMINISTRATIVO;0404;INSATISFACCIÓN RELACIONADA CON TRÁMITES ADMINISTRATIVOS;040401;RESTRICCIÓN EN LA LIBRE ESCOGENCIA;04040101;EPS;;;PROBLEMAS RELACIONADOS CON FACILIDADES DE ATENCIÓN MÉDICA U OTROS SERVICIOS DE SALUD;PROBLEMAS RELACIONADOS CON FACILIDADES DE ATENCIÓN MÉDICA U OTROS SERVICIOS DE SALUD;PROBLEMAS RELACIONADOS CON FACILIDADES DE ATENCIÓN MEDICA U OTROS SERVICIOS DE SALUD;No aplica;SIMPLE
355;2023;7;Web;11;11001;US- 000003308171;A nombre propio;HOMBRE;62;DE 50 A 62 AÑOS;No Aplica;Contributivo;No Aplica;No Aplica;11;11001;COMPENSAR;RÉGIMEN CONTRIBUTIVO;EPS008;COMPENSAR;11;11001;01;"BARRERAS EN EL ACCESO A TECNOLOGÍAS Y SERVICIOS DE SALUD; Y OTROS ELEMENTOS COMPLEMENTARIOS PARA LA ATENCIÓN DEL USUARIO";0101;FALTA DE OPORTUNIDAD EN LA PRESTACIÓN DE TECNOLOGÍAS EN SALUD Y OTROS ELEMENTOS COMPLEMENTARIOS PARA LA ATENCIÓN DEL USUARIO;010103;FALTA DE OPORTUNIDAD EN LA ATENCIÓN EN OTROS SERVICIOS DE SALUD;01010309;PROCEDIMIENTOS QUIRÚRGICOS;01010309003;OTROS PROCEDIMIENTOS QUIRÚRGICOS;PROBLEMAS RELACIONADOS CON FACILIDADES DE ATENCIÓN MÉDICA U OTROS SERVICIOS DE SALUD;PROBLEMAS RELACIONADOS CON FACILIDADES DE ATENCIÓN MÉDICA U OTROS SERVICIOS DE SALUD;CATARATA, NO ESPECIFICADA;No aplica;SIMPLE
356;2023;7;Web;11;11001;US- 000003271979;A nombre propio;HOMBRE;24;DE 18 A 24 AÑOS;No Aplica;Contributivo;No Aplica;No Aplica;11;11001;SALUD TOTAL;RÉGIMEN CONTRIBUTIVO;EPS002;SALUD TOTAL;11;11001;01;"BARRERAS EN EL ACCESO A TECNOLOGÍAS Y SERVICIOS DE SALUD; Y OTROS ELEMENTOS COMPLEMENTARIOS PARA LA ATENCIÓN DEL USUARIO";0101;FALTA DE OPORTUNIDAD EN LA PRESTACIÓN DE TECNOLOGÍAS EN SALUD Y OTROS ELEMENTOS COMPLEMENTARIOS PARA LA ATENCIÓN DEL USUARIO;010101;FALTA DE OPORTUNIDAD EN LAS CITAS O CONSULTAS;01010103;ESPECIALIDADES MÉDICAS ;01010103080;OTORRINOLARINGOLOGÍA;PROBLEMAS RELACIONADOS CON FACILIDADES DE ATENCIÓN MÉDICA U OTROS SERVICIOS DE SALUD;PROBLEMAS RELACIONADOS CON FACILIDADES DE ATENCIÓN MÉDICA U OTROS SERVICIOS DE SALUD;PROBLEMAS RELACIONADOS CON FACILIDADES DE ATENCIÓN MEDICA U OTROS SERVICIOS DE SALUD;No aplica;SIMPLE
357;2023;7;Escrito;76;76001;US- 000003062145;A nombre propio;MUJER;31;DE 30 A 37 AÑOS;No Aplica;Contributivo;No Aplica;No Aplica;76;76001;COMFENALCO VALLE;RÉGIMEN CONTRIBUTIVO;EPS012;COMFENALCO  VALLE;76;76001;01;"BARRERAS EN EL ACCESO A TECNOLOGÍAS Y SERVICIOS DE SALUD; Y OTROS ELEMENTOS COMPLEMENTARIOS PARA LA ATENCIÓN DEL USUARIO";0101;FALTA DE OPORTUNIDAD EN LA PRESTACIÓN DE TECNOLOGÍAS EN SALUD Y OTROS ELEMENTOS COMPLEMENTARIOS PARA LA ATENCIÓN DEL USUARIO;010103;FALTA DE OPORTUNIDAD EN LA ATENCIÓN EN OTROS SERVICIOS DE SALUD;01010309;PROCEDIMIENTOS QUIRÚRGICOS;01010309003;OTROS PROCEDIMIENTOS QUIRÚRGICOS;ENFERMEDADES CRÓNICAS NO TRANSMISIBLES- FACTORES DE RIESGO;OBESIDAD;OBESIDAD DEBIDA A EXCESO DE CALORÍAS;No aplica;SIMPLE
358;2023;7;Web;76;76001;US- 000003307800;A nombre propio;HOMBRE;56;DE 50 A 62 AÑOS;No Aplica;Contributivo;Mulato ;No Aplica;76;76001;SALUD TOTAL;RÉGIMEN CONTRIBUTIVO;EPS002;SALUD TOTAL;76;76001;01;"BARRERAS EN EL ACCESO A TECNOLOGÍAS Y SERVICIOS DE SALUD; Y OTROS ELEMENTOS COMPLEMENTARIOS PARA LA ATENCIÓN DEL USUARIO";0101;FALTA DE OPORTUNIDAD EN LA PRESTACIÓN DE TECNOLOGÍAS EN SALUD Y OTROS ELEMENTOS COMPLEMENTARIOS PARA LA ATENCIÓN DEL USUARIO;010103;FALTA DE OPORTUNIDAD EN LA ATENCIÓN EN OTROS SERVICIOS DE SALUD;01010309;PROCEDIMIENTOS QUIRÚRGICOS;01010309003;OTROS PROCEDIMIENTOS QUIRÚRGICOS;PROBLEMAS RELACIONADOS CON FACILIDADES DE ATENCIÓN MÉDICA U OTROS SERVICIOS DE SALUD;PROBLEMAS RELACIONADOS CON FACILIDADES DE ATENCIÓN MÉDICA U OTROS SERVICIOS DE SALUD;CALCULO DEL RIÑÓN;No aplica;SIMPLE
359;2023;7;Web;76;76001;US- 000003292192;A nombre propio;MUJER;43;DE 38 A 49 AÑOS;Secundaria;Contributivo;No Aplica;No Aplica;76;76001;COMFENALCO VALLE;RÉGIMEN CONTRIBUTIVO;EPS012;COMFENALCO  VALLE;76;76001;01;"BARRERAS EN EL ACCESO A TECNOLOGÍAS Y SERVICIOS DE SALUD; Y OTROS ELEMENTOS COMPLEMENTARIOS PARA LA ATENCIÓN DEL USUARIO";0101;FALTA DE OPORTUNIDAD EN LA PRESTACIÓN DE TECNOLOGÍAS EN SALUD Y OTROS ELEMENTOS COMPLEMENTARIOS PARA LA ATENCIÓN DEL USUARIO;010103;FALTA DE OPORTUNIDAD EN LA ATENCIÓN EN OTROS SERVICIOS DE SALUD;01010302;HOSPITALIZACIÓN;;;PROBLEMAS RELACIONADOS CON FACILIDADES DE ATENCIÓN MÉDICA U OTROS SERVICIOS DE SALUD;PROBLEMAS RELACIONADOS CON FACILIDADES DE ATENCIÓN MÉDICA U OTROS SERVICIOS DE SALUD;DOLOR AGUDO;No aplica;PRIORIZADO
360;2023;7;Web;20;20001;US- 000000284338;A nombre propio;MUJER;56;DE 50 A 62 AÑOS;No Aplica;Contributivo;No Aplica;No Aplica;20;20001;NUEVA EPS;RÉGIMEN CONTRIBUTIVO;EPS037;NUEVA EPS;20;20001;01;"BARRERAS EN EL ACCESO A TECNOLOGÍAS Y SERVICIOS DE SALUD; Y OTROS ELEMENTOS COMPLEMENTARIOS PARA LA ATENCIÓN DEL USUARIO";0101;FALTA DE OPORTUNIDAD EN LA PRESTACIÓN DE TECNOLOGÍAS EN SALUD Y OTROS ELEMENTOS COMPLEMENTARIOS PARA LA ATENCIÓN DEL USUARIO;010104;FALTA DE OPORTUNIDAD EN LA ENTREGA O ENTREGA INCOMPLETA DE TECNOLOGÍAS EN SALUD Y/O PRESTACIÓN DE OTROS SERVICIOS;01010401;MEDICAMENTOS UPC;;;PROBLEMAS RELACIONADOS CON FACILIDADES DE ATENCIÓN MÉDICA U OTROS SERVICIOS DE SALUD;PROBLEMAS RELACIONADOS CON FACILIDADES DE ATENCIÓN MÉDICA U OTROS SERVICIOS DE SALUD;PROBLEMAS RELACIONADOS CON FACILIDADES DE ATENCIÓN MEDICA U OTROS SERVICIOS DE SALUD;No aplica;SIMPLE
361;2023;7;Web;70;70708;US- 000001769998;Madre;HOMBRE;17;DE 13 A 17 AÑOS;No Aplica;Contributivo;No Aplica;No Aplica;11;11001;FAMISANAR;RÉGIMEN CONTRIBUTIVO;EPS017;FAMISANAR;11;11001;04;INSATISFACCIÓN DEL USUARIO CON EL PROCESO ADMINISTRATIVO;0404;INSATISFACCIÓN RELACIONADA CON TRÁMITES ADMINISTRATIVOS;040401;RESTRICCIÓN EN LA LIBRE ESCOGENCIA;04040101;EPS;;;PROBLEMAS RELACIONADOS CON FACILIDADES DE ATENCIÓN MÉDICA U OTROS SERVICIOS DE SALUD;PROBLEMAS RELACIONADOS CON FACILIDADES DE ATENCIÓN MÉDICA U OTROS SERVICIOS DE SALUD;OTROS PROBLEMAS RELACIONADOS CON SERVICIOS MÉDICOS Y DE SALUD;No aplica;SIMPLE
362;2023;7;Web;20;20001;US- 000003271040;A nombre propio;HOMBRE;25;DE 25 A 29 AÑOS;No Aplica;Contributivo;No Aplica;No Aplica;20;20001;SANITAS;RÉGIMEN CONTRIBUTIVO;EPS005;SANITAS;20;20001;04;INSATISFACCIÓN DEL USUARIO CON EL PROCESO ADMINISTRATIVO;0404;INSATISFACCIÓN RELACIONADA CON TRÁMITES ADMINISTRATIVOS;040403;INCONSISTENCIAS EN LA AFILIACIÓN;04040309;OTRAS INCONSISTENCIAS;;;PROBLEMAS RELACIONADOS CON FACILIDADES DE ATENCIÓN MÉDICA U OTROS SERVICIOS DE SALUD;PROBLEMAS RELACIONADOS CON FACILIDADES DE ATENCIÓN MÉDICA U OTROS SERVICIOS DE SALUD;OTROS PROBLEMAS RELACIONADOS CON SERVICIOS MÉDICOS Y DE SALUD;No aplica;SIMPLE
363;2023;7;Web;11;11001;US- 000003206157;Otro;MUJER;45;DE 38 A 49 AÑOS;Secundaria;Contributivo;No Aplica;No Aplica;11;11001;FAMISANAR;RÉGIMEN CONTRIBUTIVO;EPS017;FAMISANAR;11;11001;01;"BARRERAS EN EL ACCESO A TECNOLOGÍAS Y SERVICIOS DE SALUD; Y OTROS ELEMENTOS COMPLEMENTARIOS PARA LA ATENCIÓN DEL USUARIO";0101;FALTA DE OPORTUNIDAD EN LA PRESTACIÓN DE TECNOLOGÍAS EN SALUD Y OTROS ELEMENTOS COMPLEMENTARIOS PARA LA ATENCIÓN DEL USUARIO;010105;FALTA DE OPORTUNIDAD EN EL PROCESO DE REFERENCIA Y CONTRARREFERENCIA;;;;;PROBLEMAS RELACIONADOS CON FACILIDADES DE ATENCIÓN MÉDICA U OTROS SERVICIOS DE SALUD;PROBLEMAS RELACIONADOS CON FACILIDADES DE ATENCIÓN MÉDICA U OTROS SERVICIOS DE SALUD;PROBLEMAS RELACIONADOS CON FACILIDADES DE ATENCIÓN MEDICA U OTROS SERVICIOS DE SALUD;No aplica;RIESGO VITAL
364;2023;7;Personalizado;08;08001;US- 000003307546;A nombre propio;HOMBRE;77;MAYOR DE 63 AÑOS ;Universitario;Contributivo;No Aplica;No Aplica;08;08001;SALUD TOTAL;RÉGIMEN CONTRIBUTIVO;EPS002;SALUD TOTAL;08;08001;01;"BARRERAS EN EL ACCESO A TECNOLOGÍAS Y SERVICIOS DE SALUD; Y OTROS ELEMENTOS COMPLEMENTARIOS PARA LA ATENCIÓN DEL USUARIO";0103;FALTA DE OPORTUNIDAD EN LA AUTORIZACIÓN DE TECNOLOGÍAS EN SALUD Y OTROS ELEMENTOS COMPLEMENTARIOS PARA LA ATENCIÓN DEL USUARIO;010304;FALTA DE OPORTUNIDAD EN LA AUTORIZACIÓN DE OTROS SERVICIOS DE SALUD;01030409;PROCEDIMIENTOS QUIRÚRGICOS;01030409003;OTROS PROCEDIMIENTOS QUIRÚRGICOS;PROBLEMAS RELACIONADOS CON FACILIDADES DE ATENCIÓN MÉDICA U OTROS SERVICIOS DE SALUD;PROBLEMAS RELACIONADOS CON FACILIDADES DE ATENCIÓN MÉDICA U OTROS SERVICIOS DE SALUD;CALCULO DEL RIÑÓN;No aplica;SIMPLE
365;2023;7;Web;20;20001;US- 000003281214;A nombre propio;HOMBRE;73;MAYOR DE 63 AÑOS ;No Aplica;Régimen Especial;No Aplica;No Aplica;20;20001;MAGISTERIO;REGÍMENES DE EXCEPCIÓN Y ESPECIALES;REMG01;MAGISTERIO;20;20001;01;"BARRERAS EN EL ACCESO A TECNOLOGÍAS Y SERVICIOS DE SALUD; Y OTROS ELEMENTOS COMPLEMENTARIOS PARA LA ATENCIÓN DEL USUARIO";0101;FALTA DE OPORTUNIDAD EN LA PRESTACIÓN DE TECNOLOGÍAS EN SALUD Y OTROS ELEMENTOS COMPLEMENTARIOS PARA LA ATENCIÓN DEL USUARIO;010104;FALTA DE OPORTUNIDAD EN LA ENTREGA O ENTREGA INCOMPLETA DE TECNOLOGÍAS EN SALUD Y/O PRESTACIÓN DE OTROS SERVICIOS;01010401;MEDICAMENTOS UPC;;;CÁNCER ;LEUCEMIA LINFOIDE AGUDA;LEUCEMIA LINFOCÍTICA CRÓNICA;Quimioterapia y radioterapia para el cáncer;PRIORIZADO
366;2023;7;Web;05;05088;US- 000003295515;A nombre propio;MUJER;55;DE 50 A 62 AÑOS;No Aplica;Contributivo;No Aplica;No Aplica;05;05088;SURAMERICANA EPS;RÉGIMEN CONTRIBUTIVO;EPS010;EPS SURA;05;05088;01;"BARRERAS EN EL ACCESO A TECNOLOGÍAS Y SERVICIOS DE SALUD; Y OTROS ELEMENTOS COMPLEMENTARIOS PARA LA ATENCIÓN DEL USUARIO";0101;FALTA DE OPORTUNIDAD EN LA PRESTACIÓN DE TECNOLOGÍAS EN SALUD Y OTROS ELEMENTOS COMPLEMENTARIOS PARA LA ATENCIÓN DEL USUARIO;010103;FALTA DE OPORTUNIDAD EN LA ATENCIÓN EN OTROS SERVICIOS DE SALUD;01010308;PROCEDIMIENTOS NO QUIRÚRGICOS;01010308001;IMAGENOLOGÍA;PROBLEMAS RELACIONADOS CON FACILIDADES DE ATENCIÓN MÉDICA U OTROS SERVICIOS DE SALUD;PROBLEMAS RELACIONADOS CON FACILIDADES DE ATENCIÓN MÉDICA U OTROS SERVICIOS DE SALUD;PROBLEMAS RELACIONADOS CON FACILIDADES DE ATENCIÓN MEDICA U OTROS SERVICIOS DE SALUD;No aplica;SIMPLE
367;2023;7;Web;08;08001;US- 000003279077;Madre;MUJER;9;DE 6 A 12 AÑOS;No Aplica;Subsidiado;No Aplica;No Aplica;08;08001;MUTUAL SER;RÉGIMEN SUBSIDIADO;ESS207;MUTUAL SER;08;08001;01;"BARRERAS EN EL ACCESO A TECNOLOGÍAS Y SERVICIOS DE SALUD; Y OTROS ELEMENTOS COMPLEMENTARIOS PARA LA ATENCIÓN DEL USUARIO";0101;FALTA DE OPORTUNIDAD EN LA PRESTACIÓN DE TECNOLOGÍAS EN SALUD Y OTROS ELEMENTOS COMPLEMENTARIOS PARA LA ATENCIÓN DEL USUARIO;010101;FALTA DE OPORTUNIDAD EN LAS CITAS O CONSULTAS;01010103;ESPECIALIDADES MÉDICAS ;01010103082;PEDIATRÍA;PROBLEMAS RELACIONADOS CON FACILIDADES DE ATENCIÓN MÉDICA U OTROS SERVICIOS DE SALUD;PROBLEMAS RELACIONADOS CON FACILIDADES DE ATENCIÓN MÉDICA U OTROS SERVICIOS DE SALUD;PUBERTAD PRECOZ;No aplica;SIMPLE
368;2023;7;Escrito;11;11001;US- 000003085735;A nombre propio;HOMBRE;76;MAYOR DE 63 AÑOS ;No Aplica;Contributivo;No Aplica;No Aplica;11;11001;COMPENSAR;RÉGIMEN CONTRIBUTIVO;EPS008;COMPENSAR;11;11001;01;"BARRERAS EN EL ACCESO A TECNOLOGÍAS Y SERVICIOS DE SALUD; Y OTROS ELEMENTOS COMPLEMENTARIOS PARA LA ATENCIÓN DEL USUARIO";0101;FALTA DE OPORTUNIDAD EN LA PRESTACIÓN DE TECNOLOGÍAS EN SALUD Y OTROS ELEMENTOS COMPLEMENTARIOS PARA LA ATENCIÓN DEL USUARIO;010104;FALTA DE OPORTUNIDAD EN LA ENTREGA O ENTREGA INCOMPLETA DE TECNOLOGÍAS EN SALUD Y/O PRESTACIÓN DE OTROS SERVICIOS;01010408;TRANSPORTE, ALOJAMIENTO O ALIMENTACIÓN;;;ENFERMEDADES OSTEOARTICULARES;NEUROLÓGICAS;ENFERMEDAD DE ALZHEIMER;No aplica;SIMPLE
369;2023;7;Web;73;73001;US- 000000877581;A nombre propio;MUJER;34;DE 30 A 37 AÑOS;No Aplica;Régimen Especial;No Aplica;No Aplica;73;73001;POLICIA NACIONAL;REGÍMENES DE EXCEPCIÓN Y ESPECIALES;REPN01;POLICIA NACIONAL;73;73001;01;"BARRERAS EN EL ACCESO A TECNOLOGÍAS Y SERVICIOS DE SALUD; Y OTROS ELEMENTOS COMPLEMENTARIOS PARA LA ATENCIÓN DEL USUARIO";0101;FALTA DE OPORTUNIDAD EN LA PRESTACIÓN DE TECNOLOGÍAS EN SALUD Y OTROS ELEMENTOS COMPLEMENTARIOS PARA LA ATENCIÓN DEL USUARIO;010101;FALTA DE OPORTUNIDAD EN LAS CITAS O CONSULTAS;01010103;ESPECIALIDADES MÉDICAS ;01010103047;GINECOLOGÍA Y OBSTETRICIA;PROBLEMAS RELACIONADOS CON FACILIDADES DE ATENCIÓN MÉDICA U OTROS SERVICIOS DE SALUD;PROBLEMAS RELACIONADOS CON FACILIDADES DE ATENCIÓN MÉDICA U OTROS SERVICIOS DE SALUD;PROBLEMAS RELACIONADOS CON FACILIDADES DE ATENCIÓN MEDICA U OTROS SERVICIOS DE SALUD;No aplica;SIMPLE
370;2023;7;Web;05;05001;US- 000003299852;A nombre propio;MUJER;46;DE 38 A 49 AÑOS;No Aplica;Contributivo;No Aplica;No Aplica;05;05001;SURAMERICANA EPS;RÉGIMEN CONTRIBUTIVO;EPS010;EPS SURA;05;05001;01;"BARRERAS EN EL ACCESO A TECNOLOGÍAS Y SERVICIOS DE SALUD; Y OTROS ELEMENTOS COMPLEMENTARIOS PARA LA ATENCIÓN DEL USUARIO";0101;FALTA DE OPORTUNIDAD EN LA PRESTACIÓN DE TECNOLOGÍAS EN SALUD Y OTROS ELEMENTOS COMPLEMENTARIOS PARA LA ATENCIÓN DEL USUARIO;010103;FALTA DE OPORTUNIDAD EN LA ATENCIÓN EN OTROS SERVICIOS DE SALUD;01010308;PROCEDIMIENTOS NO QUIRÚRGICOS;01010308001;IMAGENOLOGÍA;PROBLEMAS RELACIONADOS CON FACILIDADES DE ATENCIÓN MÉDICA U OTROS SERVICIOS DE SALUD;PROBLEMAS RELACIONADOS CON FACILIDADES DE ATENCIÓN MÉDICA U OTROS SERVICIOS DE SALUD;OTROS PROBLEMAS RELACIONADOS CON SERVICIOS MÉDICOS Y DE SALUD;No aplica;SIMPLE
371;2023;7;Telefónico;11;11001;US- 000003201573;Otro;MUJER;55;DE 50 A 62 AÑOS;Primaria;Subsidiado;No Aplica;No Aplica;11;11001;SANITAS;RÉGIMEN CONTRIBUTIVO;EPS005;SANITAS;11;11001;01;"BARRERAS EN EL ACCESO A TECNOLOGÍAS Y SERVICIOS DE SALUD; Y OTROS ELEMENTOS COMPLEMENTARIOS PARA LA ATENCIÓN DEL USUARIO";0103;FALTA DE OPORTUNIDAD EN LA AUTORIZACIÓN DE TECNOLOGÍAS EN SALUD Y OTROS ELEMENTOS COMPLEMENTARIOS PARA LA ATENCIÓN DEL USUARIO;010304;FALTA DE OPORTUNIDAD EN LA AUTORIZACIÓN DE OTROS SERVICIOS DE SALUD;01030408;PROCEDIMIENTOS NO QUIRÚRGICOS;01030408001;IMAGENOLOGÍA;ENFERMEDADES CRÓNICAS NO TRASMISIBLES CARDIOVASCULARES;HTA (HIPERTENSIÓN ARTERIAL);TRASTORNOS DE LA CORTEZA VISUAL;No aplica;SIMPLE
372;2023;7;Web;76;76520;US- 000001548477;A nombre propio;MUJER;78;MAYOR DE 63 AÑOS ;No Aplica;Subsidiado;No Aplica;No Aplica;76;76520;EMSSANAR EPS;RÉGIMEN SUBSIDIADO;ESS118;EMSSANAR;76;76520;01;"BARRERAS EN EL ACCESO A TECNOLOGÍAS Y SERVICIOS DE SALUD; Y OTROS ELEMENTOS COMPLEMENTARIOS PARA LA ATENCIÓN DEL USUARIO";0103;FALTA DE OPORTUNIDAD EN LA AUTORIZACIÓN DE TECNOLOGÍAS EN SALUD Y OTROS ELEMENTOS COMPLEMENTARIOS PARA LA ATENCIÓN DEL USUARIO;010304;FALTA DE OPORTUNIDAD EN LA AUTORIZACIÓN DE OTROS SERVICIOS DE SALUD;01030408;PROCEDIMIENTOS NO QUIRÚRGICOS;01030408006;OTROS PROCEDIMIENTOS NO QUIRÚRGICOS;PROBLEMAS RELACIONADOS CON FACILIDADES DE ATENCIÓN MÉDICA U OTROS SERVICIOS DE SALUD;PROBLEMAS RELACIONADOS CON FACILIDADES DE ATENCIÓN MÉDICA U OTROS SERVICIOS DE SALUD;OTROS PROBLEMAS RELACIONADOS CON SERVICIOS MÉDICOS Y DE SALUD;No aplica;SIMPLE
373;2023;7;Escrito;66;66001;US- 000002284111;A nombre propio;HOMBRE;46;DE 38 A 49 AÑOS;No Aplica;Contributivo;No Aplica;No Aplica;66;66001;SANITAS;RÉGIMEN CONTRIBUTIVO;EPS005;SANITAS;66;66001;01;"BARRERAS EN EL ACCESO A TECNOLOGÍAS Y SERVICIOS DE SALUD; Y OTROS ELEMENTOS COMPLEMENTARIOS PARA LA ATENCIÓN DEL USUARIO";0101;FALTA DE OPORTUNIDAD EN LA PRESTACIÓN DE TECNOLOGÍAS EN SALUD Y OTROS ELEMENTOS COMPLEMENTARIOS PARA LA ATENCIÓN DEL USUARIO;010103;FALTA DE OPORTUNIDAD EN LA ATENCIÓN EN OTROS SERVICIOS DE SALUD;01010308;PROCEDIMIENTOS NO QUIRÚRGICOS;01010308001;IMAGENOLOGÍA;PROBLEMAS RELACIONADOS CON FACILIDADES DE ATENCIÓN MÉDICA U OTROS SERVICIOS DE SALUD;PROBLEMAS RELACIONADOS CON FACILIDADES DE ATENCIÓN MÉDICA U OTROS SERVICIOS DE SALUD;SOSPECHA DE GLAUCOMA;No aplica;SIMPLE
374;2023;7;Telefónico;76;76233;US- 000000582758;Hijo (A);MUJER;71;MAYOR DE 63 AÑOS ;Ninguno;Contributivo;No Aplica;No Aplica;76;76233;SOS -SERVICIO OCCIDENTAL DE SALUD;RÉGIMEN CONTRIBUTIVO;EPS018;SERVICIO OCCIDENTAL DE SALUD (SOS);76;76233;01;"BARRERAS EN EL ACCESO A TECNOLOGÍAS Y SERVICIOS DE SALUD; Y OTROS ELEMENTOS COMPLEMENTARIOS PARA LA ATENCIÓN DEL USUARIO";0101;FALTA DE OPORTUNIDAD EN LA PRESTACIÓN DE TECNOLOGÍAS EN SALUD Y OTROS ELEMENTOS COMPLEMENTARIOS PARA LA ATENCIÓN DEL USUARIO;010103;FALTA DE OPORTUNIDAD EN LA ATENCIÓN EN OTROS SERVICIOS DE SALUD;01010309;PROCEDIMIENTOS QUIRÚRGICOS;01010309003;OTROS PROCEDIMIENTOS QUIRÚRGICOS;ENFERMEDADES CRÓNICAS NO TRASMISIBLES CARDIOVASCULARES;ICC (INSUFICIENCIA CARDIACA CONGESTIVA);OTRAS ARRITMIAS CARDIACAS;No aplica;RIESGO VITAL
375;2023;7;Web;17;17777;US- 000000185674;A nombre propio;MUJER;68;MAYOR DE 63 AÑOS ;No Aplica;Subsidiado;No Aplica;No Aplica;17;17777;MALLAMAS -EPSI;RÉGIMEN SUBSIDIADO;EPSI05;MALLAMAS (EPS-I);17;17777;04;INSATISFACCIÓN DEL USUARIO CON EL PROCESO ADMINISTRATIVO;0401;INSATISFACCIÓN CON LA COMUNICACIÓN O INFORMACIÓN ENTREGADA POR PARTE DEL PERSONAL ADMINISTRATIVO;040101;INSATISFACCIÓN RELACIONADA CON INSUFICIENCIA O DEFICIENCIAS EN LA CALIDAD DE LA INFORMACIÓN BRINDADA AL USUARIO;;;;;PROBLEMAS RELACIONADOS CON FACILIDADES DE ATENCIÓN MÉDICA U OTROS SERVICIOS DE SALUD;PROBLEMAS RELACIONADOS CON FACILIDADES DE ATENCIÓN MÉDICA U OTROS SERVICIOS DE SALUD;HISTORIA PERSONAL DE TRATAMIENTO MEDICO;No aplica;SIMPLE
376;2023;7;Web;11;11001;US- 000003302565;A nombre propio;MUJER;46;DE 38 A 49 AÑOS;Secundaria;Contributivo;No Aplica;No Aplica;11;11001;SANITAS;RÉGIMEN CONTRIBUTIVO;EPS005;SANITAS;11;11001;01;"BARRERAS EN EL ACCESO A TECNOLOGÍAS Y SERVICIOS DE SALUD; Y OTROS ELEMENTOS COMPLEMENTARIOS PARA LA ATENCIÓN DEL USUARIO";0101;FALTA DE OPORTUNIDAD EN LA PRESTACIÓN DE TECNOLOGÍAS EN SALUD Y OTROS ELEMENTOS COMPLEMENTARIOS PARA LA ATENCIÓN DEL USUARIO;010101;FALTA DE OPORTUNIDAD EN LAS CITAS O CONSULTAS;01010103;ESPECIALIDADES MÉDICAS ;01010103047;GINECOLOGÍA Y OBSTETRICIA;PROBLEMAS RELACIONADOS CON FACILIDADES DE ATENCIÓN MÉDICA U OTROS SERVICIOS DE SALUD;PROBLEMAS RELACIONADOS CON FACILIDADES DE ATENCIÓN MÉDICA U OTROS SERVICIOS DE SALUD;HEMORRAGIA VAGINAL Y UTERINA ANORMAL, NO ESPECIFICADA;No aplica;SIMPLE
377;2023;7;Web;05;05001;US- 000000798246;A nombre propio;MUJER;33;DE 30 A 37 AÑOS;No Aplica;Contributivo;No Aplica;No Aplica;05;05001;SURAMERICANA EPS;RÉGIMEN CONTRIBUTIVO;EPS010;EPS SURA;05;05001;01;"BARRERAS EN EL ACCESO A TECNOLOGÍAS Y SERVICIOS DE SALUD; Y OTROS ELEMENTOS COMPLEMENTARIOS PARA LA ATENCIÓN DEL USUARIO";0101;FALTA DE OPORTUNIDAD EN LA PRESTACIÓN DE TECNOLOGÍAS EN SALUD Y OTROS ELEMENTOS COMPLEMENTARIOS PARA LA ATENCIÓN DEL USUARIO;010101;FALTA DE OPORTUNIDAD EN LAS CITAS O CONSULTAS;01010103;ESPECIALIDADES MÉDICAS ;01010103072;NEUROLOGÍA;ENFERMEDADES HUÉRFANAS;OTROS;NEUROMIELITIS ÓPTICA [DEVIC];Quimioterapia y radioterapia para el cáncer;PRIORIZADO
378;2023;7;Personalizado;25;25899;US- 000003294400;Hijo (A);MUJER;61;DE 50 A 62 AÑOS;Primaria;Subsidiado;No Aplica;No Aplica;25;25899;SURAMERICANA EPS;RÉGIMEN CONTRIBUTIVO;EPS010;EPS SURA;25;25899;01;"BARRERAS EN EL ACCESO A TECNOLOGÍAS Y SERVICIOS DE SALUD; Y OTROS ELEMENTOS COMPLEMENTARIOS PARA LA ATENCIÓN DEL USUARIO";0101;FALTA DE OPORTUNIDAD EN LA PRESTACIÓN DE TECNOLOGÍAS EN SALUD Y OTROS ELEMENTOS COMPLEMENTARIOS PARA LA ATENCIÓN DEL USUARIO;010101;FALTA DE OPORTUNIDAD EN LAS CITAS O CONSULTAS;01010103;ESPECIALIDADES MÉDICAS ;01010103047;GINECOLOGÍA Y OBSTETRICIA;PROBLEMAS RELACIONADOS CON FACILIDADES DE ATENCIÓN MÉDICA U OTROS SERVICIOS DE SALUD;PROBLEMAS RELACIONADOS CON FACILIDADES DE ATENCIÓN MÉDICA U OTROS SERVICIOS DE SALUD;DOLOR PÉLVICO Y PERINEAL;No aplica;SIMPLE
379;2023;7;Redes Sociales;25;25269;US- 000001485134;Hijo (A);MUJER;90;MAYOR DE 63 AÑOS ;Secundaria;Contributivo;No Aplica;No Aplica;25;25269;COMPENSAR;RÉGIMEN CONTRIBUTIVO;EPS008;COMPENSAR;25;25269;01;"BARRERAS EN EL ACCESO A TECNOLOGÍAS Y SERVICIOS DE SALUD; Y OTROS ELEMENTOS COMPLEMENTARIOS PARA LA ATENCIÓN DEL USUARIO";0101;FALTA DE OPORTUNIDAD EN LA PRESTACIÓN DE TECNOLOGÍAS EN SALUD Y OTROS ELEMENTOS COMPLEMENTARIOS PARA LA ATENCIÓN DEL USUARIO;010101;FALTA DE OPORTUNIDAD EN LAS CITAS O CONSULTAS;01010101;MEDICINA GENERAL;;;PROBLEMAS RELACIONADOS CON FACILIDADES DE ATENCIÓN MÉDICA U OTROS SERVICIOS DE SALUD;PROBLEMAS RELACIONADOS CON FACILIDADES DE ATENCIÓN MÉDICA U OTROS SERVICIOS DE SALUD;OTROS DOLORES ABDOMINALES Y LOS NO ESPECIFICADOS;No aplica;PRIORIZADO
380;2023;7;Telefónico;13;13006;US- 000003269425;Madre;MUJER;4;DE 0 A 5 AÑOS;No Aplica;Subsidiado;No Aplica;No Aplica;13;13006;COOSALUD;RÉGIMEN SUBSIDIADO;ESS024;COOSALUD;13;13006;04;INSATISFACCIÓN DEL USUARIO CON EL PROCESO ADMINISTRATIVO;0404;INSATISFACCIÓN RELACIONADA CON TRÁMITES ADMINISTRATIVOS;040403;INCONSISTENCIAS EN LA AFILIACIÓN;04040309;OTRAS INCONSISTENCIAS;;;PROBLEMAS RELACIONADOS CON FACILIDADES DE ATENCIÓN MÉDICA U OTROS SERVICIOS DE SALUD;PROBLEMAS RELACIONADOS CON FACILIDADES DE ATENCIÓN MÉDICA U OTROS SERVICIOS DE SALUD;PROBLEMAS RELACIONADOS CON FACILIDADES DE ATENCIÓN MEDICA U OTROS SERVICIOS DE SALUD;No aplica;SIMPLE
381;2023;7;Web;73;73001;US- 000000199877;A nombre propio;MUJER;91;MAYOR DE 63 AÑOS ;No Aplica;Contributivo;No Aplica;No Aplica;73;73001;SALUD TOTAL;RÉGIMEN CONTRIBUTIVO;EPS002;SALUD TOTAL;73;73001;01;"BARRERAS EN EL ACCESO A TECNOLOGÍAS Y SERVICIOS DE SALUD; Y OTROS ELEMENTOS COMPLEMENTARIOS PARA LA ATENCIÓN DEL USUARIO";0101;FALTA DE OPORTUNIDAD EN LA PRESTACIÓN DE TECNOLOGÍAS EN SALUD Y OTROS ELEMENTOS COMPLEMENTARIOS PARA LA ATENCIÓN DEL USUARIO;010101;FALTA DE OPORTUNIDAD EN LAS CITAS O CONSULTAS;01010103;ESPECIALIDADES MÉDICAS ;01010103010;CIRUGÍA CARDIOVASCULAR;ENFERMEDADES CRÓNICAS NO TRANSMISIBLES –DIABETES;DIABETES;DIABETES MELLITUS INSULINODEPENDIENTE;No aplica;PRIORIZADO
382;2023;7;Web;11;11001;US- 000003245764;A nombre propio;HOMBRE;39;DE 38 A 49 AÑOS;No Aplica;Contributivo;No Aplica;No Aplica;11;11001;SURAMERICANA EPS;RÉGIMEN CONTRIBUTIVO;EPS010;EPS SURA;11;11001;01;"BARRERAS EN EL ACCESO A TECNOLOGÍAS Y SERVICIOS DE SALUD; Y OTROS ELEMENTOS COMPLEMENTARIOS PARA LA ATENCIÓN DEL USUARIO";0103;FALTA DE OPORTUNIDAD EN LA AUTORIZACIÓN DE TECNOLOGÍAS EN SALUD Y OTROS ELEMENTOS COMPLEMENTARIOS PARA LA ATENCIÓN DEL USUARIO;010304;FALTA DE OPORTUNIDAD EN LA AUTORIZACIÓN DE OTROS SERVICIOS DE SALUD;01030408;PROCEDIMIENTOS NO QUIRÚRGICOS;01030408001;IMAGENOLOGÍA;ENFERMEDADES OSTEOARTICULARES;OTROS;TRASTORNO DEL LIGAMENTO;No aplica;SIMPLE
383;2023;7;Web;11;11001;US- 000002982331;Madre;MUJER;8;DE 6 A 12 AÑOS;No Aplica;Contributivo;No Aplica;No Aplica;11;11001;SANITAS;RÉGIMEN CONTRIBUTIVO;EPS005;SANITAS;11;11001;01;"BARRERAS EN EL ACCESO A TECNOLOGÍAS Y SERVICIOS DE SALUD; Y OTROS ELEMENTOS COMPLEMENTARIOS PARA LA ATENCIÓN DEL USUARIO";0101;FALTA DE OPORTUNIDAD EN LA PRESTACIÓN DE TECNOLOGÍAS EN SALUD Y OTROS ELEMENTOS COMPLEMENTARIOS PARA LA ATENCIÓN DEL USUARIO;010101;FALTA DE OPORTUNIDAD EN LAS CITAS O CONSULTAS;01010103;ESPECIALIDADES MÉDICAS ;01010103079;ORTOPEDIA Y TRAUMATOLOGÍA PEDIÁTRICA;PROBLEMAS RELACIONADOS CON FACILIDADES DE ATENCIÓN MÉDICA U OTROS SERVICIOS DE SALUD;PROBLEMAS RELACIONADOS CON FACILIDADES DE ATENCIÓN MÉDICA U OTROS SERVICIOS DE SALUD;OTROS PROBLEMAS RELACIONADOS CON SERVICIOS MÉDICOS Y DE SALUD;No aplica;SIMPLE
384;2023;7;Telefónico;08;08001;US- 000003148848;A nombre propio;MUJER;56;DE 50 A 62 AÑOS;Primaria;Subsidiado;No Aplica;No Aplica;08;08001;CAJACOPI EPS;RÉGIMEN SUBSIDIADO;CCF055;CAJACOPI EPS;08;08001;01;"BARRERAS EN EL ACCESO A TECNOLOGÍAS Y SERVICIOS DE SALUD; Y OTROS ELEMENTOS COMPLEMENTARIOS PARA LA ATENCIÓN DEL USUARIO";0102;NEGACIÓN DE TECNOLOGÍAS EN SALUD Y OTROS ELEMENTOS COMPLEMENTARIOS PARA LA ATENCIÓN DEL USUARIO;010204;NEGACIÓN PARA LA ENTREGA DE TECNOLOGÍAS EN SALUD Y/O DE OTROS SERVICIOS AUTORIZADOS;01020403;DISPOSITIVOS MÉDICOS UPC;;;PROBLEMAS RELACIONADOS CON FACILIDADES DE ATENCIÓN MÉDICA U OTROS SERVICIOS DE SALUD;PROBLEMAS RELACIONADOS CON FACILIDADES DE ATENCIÓN MÉDICA U OTROS SERVICIOS DE SALUD;ENFERMEDAD NO ESPECIFICADA DE LOS TEJIDOS DENTALES DUROS;No aplica;SIMPLE
385;2023;7;Telefónico;05;05212;US- 000003292876;Hijo (A);MUJER;77;MAYOR DE 63 AÑOS ;Primaria Incompleta;Contributivo;No Aplica;No Aplica;05;05212;NUEVA EPS;RÉGIMEN CONTRIBUTIVO;EPS037;NUEVA EPS;05;05212;01;"BARRERAS EN EL ACCESO A TECNOLOGÍAS Y SERVICIOS DE SALUD; Y OTROS ELEMENTOS COMPLEMENTARIOS PARA LA ATENCIÓN DEL USUARIO";0101;FALTA DE OPORTUNIDAD EN LA PRESTACIÓN DE TECNOLOGÍAS EN SALUD Y OTROS ELEMENTOS COMPLEMENTARIOS PARA LA ATENCIÓN DEL USUARIO;010101;FALTA DE OPORTUNIDAD EN LAS CITAS O CONSULTAS;01010103;ESPECIALIDADES MÉDICAS ;01010103072;NEUROLOGÍA;PROBLEMAS RELACIONADOS CON FACILIDADES DE ATENCIÓN MÉDICA U OTROS SERVICIOS DE SALUD;PROBLEMAS RELACIONADOS CON FACILIDADES DE ATENCIÓN MÉDICA U OTROS SERVICIOS DE SALUD;DISFAGIA;No aplica;SIMPLE
386;2023;7;Web;11;11001;US- 000003198434;A nombre propio;MUJER;63;MAYOR DE 63 AÑOS ;No Aplica;Contributivo;No Aplica;No Aplica;11;11001;NUEVA EPS;RÉGIMEN CONTRIBUTIVO;EPS037;NUEVA EPS;11;11001;01;"BARRERAS EN EL ACCESO A TECNOLOGÍAS Y SERVICIOS DE SALUD; Y OTROS ELEMENTOS COMPLEMENTARIOS PARA LA ATENCIÓN DEL USUARIO";0101;FALTA DE OPORTUNIDAD EN LA PRESTACIÓN DE TECNOLOGÍAS EN SALUD Y OTROS ELEMENTOS COMPLEMENTARIOS PARA LA ATENCIÓN DEL USUARIO;010103;FALTA DE OPORTUNIDAD EN LA ATENCIÓN EN OTROS SERVICIOS DE SALUD;01010308;PROCEDIMIENTOS NO QUIRÚRGICOS;01010308006;OTROS PROCEDIMIENTOS NO QUIRÚRGICOS;PROBLEMAS RELACIONADOS CON FACILIDADES DE ATENCIÓN MÉDICA U OTROS SERVICIOS DE SALUD;PROBLEMAS RELACIONADOS CON FACILIDADES DE ATENCIÓN MÉDICA U OTROS SERVICIOS DE SALUD;HIPOACUSIA, NO ESPECIFICADA;No aplica;SIMPLE
387;2023;7;Escrito;11;11001;US- 000002366859;A nombre propio;MUJER;36;DE 30 A 37 AÑOS;No Aplica;Contributivo;No Aplica;No Aplica;11;11001;COMPENSAR;RÉGIMEN CONTRIBUTIVO;EPS008;COMPENSAR;11;11001;01;"BARRERAS EN EL ACCESO A TECNOLOGÍAS Y SERVICIOS DE SALUD; Y OTROS ELEMENTOS COMPLEMENTARIOS PARA LA ATENCIÓN DEL USUARIO";0101;FALTA DE OPORTUNIDAD EN LA PRESTACIÓN DE TECNOLOGÍAS EN SALUD Y OTROS ELEMENTOS COMPLEMENTARIOS PARA LA ATENCIÓN DEL USUARIO;010101;FALTA DE OPORTUNIDAD EN LAS CITAS O CONSULTAS;01010103;ESPECIALIDADES MÉDICAS ;01010103022;CIRUGÍA GENERAL;CÁNCER ;OTROS;MELANOMA IN SITU;No aplica;PRIORIZADO
388;2023;7;Web;76;76364;US- 000003290964;A nombre propio;MUJER;90;MAYOR DE 63 AÑOS ;Ninguno;Contributivo;No Aplica;No Aplica;76;76364;NUEVA EPS;RÉGIMEN CONTRIBUTIVO;EPS037;NUEVA EPS;76;76364;01;"BARRERAS EN EL ACCESO A TECNOLOGÍAS Y SERVICIOS DE SALUD; Y OTROS ELEMENTOS COMPLEMENTARIOS PARA LA ATENCIÓN DEL USUARIO";0102;NEGACIÓN DE TECNOLOGÍAS EN SALUD Y OTROS ELEMENTOS COMPLEMENTARIOS PARA LA ATENCIÓN DEL USUARIO;010203;NEGACIÓN EN LA ATENCIÓN EN OTROS SERVICIOS DE SALUD;01020308;PROCEDIMIENTOS NO QUIRÚRGICOS;01020308001;IMAGENOLOGÍA;ENFERMEDADES CRÓNICAS NO TRASMISIBLES CARDIOVASCULARES;HTA (HIPERTENSIÓN ARTERIAL);ENFERMEDAD PULMONAR OBSTRUCTIVA CRÓNICA, NO ESPECIFICADA;No aplica;SIMPLE
389;2023;7;Web;76;76248;US- 000003310941;A nombre propio;HOMBRE;44;DE 38 A 49 AÑOS;No Aplica;Contributivo;No Aplica;No Aplica;76;76248;SOS -SERVICIO OCCIDENTAL DE SALUD;RÉGIMEN CONTRIBUTIVO;EPS018;SERVICIO OCCIDENTAL DE SALUD (SOS);76;76520;04;INSATISFACCIÓN DEL USUARIO CON EL PROCESO ADMINISTRATIVO;0404;INSATISFACCIÓN RELACIONADA CON TRÁMITES ADMINISTRATIVOS;040402;FALLAS O IRREGULARIDADES EN EL MANEJO TÉCNICO DE LA HISTORIA CLÍNICA Y/O REGISTROS ASISTENCIALES;;;;;PROBLEMAS RELACIONADOS CON FACILIDADES DE ATENCIÓN MÉDICA U OTROS SERVICIOS DE SALUD;PROBLEMAS RELACIONADOS CON FACILIDADES DE ATENCIÓN MÉDICA U OTROS SERVICIOS DE SALUD;OTROS TRASTORNOS ESPECIFICADOS DEL RIÑÓN Y DEL URÉTER;No aplica;SIMPLE
390;2023;7;Web;76;76622;US- 000003276581;A nombre propio;MUJER;25;DE 25 A 29 AÑOS;No Aplica;Contributivo;No Aplica;No Aplica;76;76622;SOS -SERVICIO OCCIDENTAL DE SALUD;RÉGIMEN CONTRIBUTIVO;EPS018;SERVICIO OCCIDENTAL DE SALUD (SOS);76;76622;04;INSATISFACCIÓN DEL USUARIO CON EL PROCESO ADMINISTRATIVO;0405;PROBLEMAS EN EL RECONOCIMIENTO Y/O PAGO DE PRESTACIONES ECONÓMICAS;040501;NO RECONOCIMIENTO Y/O PAGO DE LAS PRESTACIONES ECONÓMICAS;04050101;LICENCIA DE MATERNIDAD;;;PROBLEMAS RELACIONADOS CON FACILIDADES DE ATENCIÓN MÉDICA U OTROS SERVICIOS DE SALUD;PROBLEMAS RELACIONADOS CON FACILIDADES DE ATENCIÓN MÉDICA U OTROS SERVICIOS DE SALUD;PROBLEMAS RELACIONADOS CON FACILIDADES DE ATENCIÓN MEDICA U OTROS SERVICIOS DE SALUD;No aplica;SIMPLE
391;2023;7;Telefónico;20;20013;US- 000001841322;A nombre propio;HOMBRE;47;DE 38 A 49 AÑOS;Primaria;Contributivo;No Aplica;No Aplica;20;20013;NUEVA EPS;RÉGIMEN CONTRIBUTIVO;EPS037;NUEVA EPS;20;20013;04;INSATISFACCIÓN DEL USUARIO CON EL PROCESO ADMINISTRATIVO;0404;INSATISFACCIÓN RELACIONADA CON TRÁMITES ADMINISTRATIVOS;040403;INCONSISTENCIAS EN LA AFILIACIÓN;04040308;TRASLADO NO SOLICITADO POR EL USUARIO;;;ENFERMEDADES CRÓNICAS NO TRANSMISIBLES- FACTORES DE RIESGO;MEDICIÓN DE FACTORES DE RIESGO;OTROS CÁLCULOS DE LAS VÍAS URINARIAS INFERIORES;No aplica;SIMPLE
392;2023;7;Web;66;66001;US- 000000366898;A nombre propio;HOMBRE;65;MAYOR DE 63 AÑOS ;Ninguno;Contributivo;No Aplica;No Aplica;66;66001;SOS -SERVICIO OCCIDENTAL DE SALUD;RÉGIMEN CONTRIBUTIVO;EPS018;SERVICIO OCCIDENTAL DE SALUD (SOS);66;66001;01;"BARRERAS EN EL ACCESO A TECNOLOGÍAS Y SERVICIOS DE SALUD; Y OTROS ELEMENTOS COMPLEMENTARIOS PARA LA ATENCIÓN DEL USUARIO";0101;FALTA DE OPORTUNIDAD EN LA PRESTACIÓN DE TECNOLOGÍAS EN SALUD Y OTROS ELEMENTOS COMPLEMENTARIOS PARA LA ATENCIÓN DEL USUARIO;010101;FALTA DE OPORTUNIDAD EN LAS CITAS O CONSULTAS;01010103;ESPECIALIDADES MÉDICAS ;01010103006;CARDIOLOGÍA;ENFERMEDADES CRÓNICAS NO TRASMISIBLES CARDIOVASCULARES;ENFERMEDAD CARDIOVASCULAR QUE REQUIERA CIRUGÍA;CARDIOMIOPATÍA ISQUÉMICA;No aplica;PRIORIZADO
393;2023;7;Web;05;05001;US- 000002010054;A nombre propio;MUJER;79;MAYOR DE 63 AÑOS ;No Aplica;Contributivo;No Aplica;No Aplica;05;05001;SALUD TOTAL;RÉGIMEN CONTRIBUTIVO;EPS002;SALUD TOTAL;05;05001;01;"BARRERAS EN EL ACCESO A TECNOLOGÍAS Y SERVICIOS DE SALUD; Y OTROS ELEMENTOS COMPLEMENTARIOS PARA LA ATENCIÓN DEL USUARIO";0101;FALTA DE OPORTUNIDAD EN LA PRESTACIÓN DE TECNOLOGÍAS EN SALUD Y OTROS ELEMENTOS COMPLEMENTARIOS PARA LA ATENCIÓN DEL USUARIO;010103;FALTA DE OPORTUNIDAD EN LA ATENCIÓN EN OTROS SERVICIOS DE SALUD;01010308;PROCEDIMIENTOS NO QUIRÚRGICOS;01010308001;IMAGENOLOGÍA;PROBLEMAS RELACIONADOS CON FACILIDADES DE ATENCIÓN MÉDICA U OTROS SERVICIOS DE SALUD;PROBLEMAS RELACIONADOS CON FACILIDADES DE ATENCIÓN MÉDICA U OTROS SERVICIOS DE SALUD;OTROS TRASTORNOS DE LAS VENAS;No aplica;SIMPLE
394;2023;7;Personalizado;66;66001;US- 000002480753;A nombre propio;MUJER;61;DE 50 A 62 AÑOS;Primaria;Subsidiado;No Aplica;No Aplica;66;66001;ASMET SALUD EPS;RÉGIMEN SUBSIDIADO;ESS062;ASMET SALUD;66;66001;01;"BARRERAS EN EL ACCESO A TECNOLOGÍAS Y SERVICIOS DE SALUD; Y OTROS ELEMENTOS COMPLEMENTARIOS PARA LA ATENCIÓN DEL USUARIO";0102;NEGACIÓN DE TECNOLOGÍAS EN SALUD Y OTROS ELEMENTOS COMPLEMENTARIOS PARA LA ATENCIÓN DEL USUARIO;010204;NEGACIÓN PARA LA ENTREGA DE TECNOLOGÍAS EN SALUD Y/O DE OTROS SERVICIOS AUTORIZADOS;01020401;MEDICAMENTOS UPC;;;PROBLEMAS RELACIONADOS CON FACILIDADES DE ATENCIÓN MÉDICA U OTROS SERVICIOS DE SALUD;PROBLEMAS RELACIONADOS CON FACILIDADES DE ATENCIÓN MÉDICA U OTROS SERVICIOS DE SALUD;CATARATA SENIL INCIPIENTE;No aplica;SIMPLE
395;2023;7;Web;50;50001;US- 000003099089;A nombre propio;MUJER;79;MAYOR DE 63 AÑOS ;No Aplica;Contributivo;No Aplica;No Aplica;50;50001;COMPENSAR;RÉGIMEN CONTRIBUTIVO;EPS008;COMPENSAR;50;50001;01;"BARRERAS EN EL ACCESO A TECNOLOGÍAS Y SERVICIOS DE SALUD; Y OTROS ELEMENTOS COMPLEMENTARIOS PARA LA ATENCIÓN DEL USUARIO";0103;FALTA DE OPORTUNIDAD EN LA AUTORIZACIÓN DE TECNOLOGÍAS EN SALUD Y OTROS ELEMENTOS COMPLEMENTARIOS PARA LA ATENCIÓN DEL USUARIO;010301;FALTA DE OPORTUNIDAD EN LA AUTORIZACIÓN DE TECNOLOGÍAS EN SALUD Y/O DE OTROS SERVICIOS;01030102;MEDICAMENTOS NO UPC;;;PROBLEMAS RELACIONADOS CON FACILIDADES DE ATENCIÓN MÉDICA U OTROS SERVICIOS DE SALUD;PROBLEMAS RELACIONADOS CON FACILIDADES DE ATENCIÓN MÉDICA U OTROS SERVICIOS DE SALUD;OTRAS CONSULTAS ESPECIFICADAS;No aplica;SIMPLE
396;2023;7;Telefónico;76;76001;US- 000002335863;A nombre propio;MUJER;23;DE 18 A 24 AÑOS;Secundaria;Subsidiado;No Aplica;Persona con discapacidad;76;76001;COOSALUD;RÉGIMEN SUBSIDIADO;ESS024;COOSALUD;76;76001;01;"BARRERAS EN EL ACCESO A TECNOLOGÍAS Y SERVICIOS DE SALUD; Y OTROS ELEMENTOS COMPLEMENTARIOS PARA LA ATENCIÓN DEL USUARIO";0101;FALTA DE OPORTUNIDAD EN LA PRESTACIÓN DE TECNOLOGÍAS EN SALUD Y OTROS ELEMENTOS COMPLEMENTARIOS PARA LA ATENCIÓN DEL USUARIO;010101;FALTA DE OPORTUNIDAD EN LAS CITAS O CONSULTAS;01010103;ESPECIALIDADES MÉDICAS ;01010103094;UROLOGÍA;PROBLEMAS RELACIONADOS CON FACILIDADES DE ATENCIÓN MÉDICA U OTROS SERVICIOS DE SALUD;PROBLEMAS RELACIONADOS CON FACILIDADES DE ATENCIÓN MÉDICA U OTROS SERVICIOS DE SALUD;INFECCIÓN DEL TRACTO GENITOURINARIO INFERIOR DEBIDA A CLAMIDIAS;No aplica;SIMPLE
397;2023;7;Telefónico;17;17614;US- 000003288233;Otro;MUJER;70;MAYOR DE 63 AÑOS ;Primaria;Subsidiado;No Aplica;No Aplica;17;17614;ASOCIACIÓN INDÍGENA DEL CAUCA (AIC) -EPSI;RÉGIMEN SUBSIDIADO;EPSI03;AIC - ASOCIACIÓN INDÍGENA DEL CAUCA (EPS-I CAUCA);17;17614;01;"BARRERAS EN EL ACCESO A TECNOLOGÍAS Y SERVICIOS DE SALUD; Y OTROS ELEMENTOS COMPLEMENTARIOS PARA LA ATENCIÓN DEL USUARIO";0103;FALTA DE OPORTUNIDAD EN LA AUTORIZACIÓN DE TECNOLOGÍAS EN SALUD Y OTROS ELEMENTOS COMPLEMENTARIOS PARA LA ATENCIÓN DEL USUARIO;010302;FALTA DE OPORTUNIDAD EN LA AUTORIZACIÓN DE CITAS DE CONSULTA;01030203;ESPECIALIDADES MÉDICAS ;01030203017;CIRUGÍA DE TÓRAX;CÁNCER ;OTROS;TUMOR DE COMPORTAMIENTO INCIERTO O DESCONOCIDO DE LA TRÁQUEA, DE LOS BRONQUIOS Y DEL PULMÓN;No aplica;PRIORIZADO
398;2023;7;Web;05;05001;US- 000000164716;Otro;MUJER;61;DE 50 A 62 AÑOS;No Aplica;Régimen Especial;No Aplica;No Aplica;05;05360;POLICIA NACIONAL;REGÍMENES DE EXCEPCIÓN Y ESPECIALES;REPN01;POLICIA NACIONAL;05;05266;01;"BARRERAS EN EL ACCESO A TECNOLOGÍAS Y SERVICIOS DE SALUD; Y OTROS ELEMENTOS COMPLEMENTARIOS PARA LA ATENCIÓN DEL USUARIO";0101;FALTA DE OPORTUNIDAD EN LA PRESTACIÓN DE TECNOLOGÍAS EN SALUD Y OTROS ELEMENTOS COMPLEMENTARIOS PARA LA ATENCIÓN DEL USUARIO;010101;FALTA DE OPORTUNIDAD EN LAS CITAS O CONSULTAS;01010103;ESPECIALIDADES MÉDICAS ;01010103075;OFTALMOLOGÍA;ENFERMEDADES CRÓNICAS NO TRANSMISIBLES –DIABETES;DIABETES;RETINOPATÍA DIABÉTICA (E10-E14† CON CUARTO CARÁCTER COMÚN .3);No aplica;PRIORIZADO
399;2023;7;Web;17;17001;US- 000003290182;A nombre propio;MUJER;75;MAYOR DE 63 AÑOS ;No Aplica;Contributivo;No Aplica;No Aplica;17;17001;NUEVA EPS;RÉGIMEN CONTRIBUTIVO;EPS037;NUEVA EPS;17;17001;01;"BARRERAS EN EL ACCESO A TECNOLOGÍAS Y SERVICIOS DE SALUD; Y OTROS ELEMENTOS COMPLEMENTARIOS PARA LA ATENCIÓN DEL USUARIO";0101;FALTA DE OPORTUNIDAD EN LA PRESTACIÓN DE TECNOLOGÍAS EN SALUD Y OTROS ELEMENTOS COMPLEMENTARIOS PARA LA ATENCIÓN DEL USUARIO;010101;FALTA DE OPORTUNIDAD EN LAS CITAS O CONSULTAS;01010103;ESPECIALIDADES MÉDICAS ;01010103075;OFTALMOLOGÍA;PROBLEMAS RELACIONADOS CON FACILIDADES DE ATENCIÓN MÉDICA U OTROS SERVICIOS DE SALUD;PROBLEMAS RELACIONADOS CON FACILIDADES DE ATENCIÓN MÉDICA U OTROS SERVICIOS DE SALUD;GLAUCOMA;No aplica;SIMPLE
400;2023;7;Web;05;05440;US- 000003286084;Otro;MUJER;75;MAYOR DE 63 AÑOS ;No Aplica;Contributivo;No Aplica;Persona con discapacidad;05;05440;SURAMERICANA EPS;RÉGIMEN CONTRIBUTIVO;EPS010;EPS SURA;05;05440;01;"BARRERAS EN EL ACCESO A TECNOLOGÍAS Y SERVICIOS DE SALUD; Y OTROS ELEMENTOS COMPLEMENTARIOS PARA LA ATENCIÓN DEL USUARIO";0101;FALTA DE OPORTUNIDAD EN LA PRESTACIÓN DE TECNOLOGÍAS EN SALUD Y OTROS ELEMENTOS COMPLEMENTARIOS PARA LA ATENCIÓN DEL USUARIO;010103;FALTA DE OPORTUNIDAD EN LA ATENCIÓN EN OTROS SERVICIOS DE SALUD;01010309;PROCEDIMIENTOS QUIRÚRGICOS;01010309003;OTROS PROCEDIMIENTOS QUIRÚRGICOS;ENFERMEDADES OSTEOARTICULARES;OTROS;COMPLICACIÓN MECÁNICA DE PRÓTESIS ARTICULAR INTERNA;Reemplazos articulares;PRIORIZADO
401;2023;7;Telefónico;11;11001;US- 000001652297;A nombre propio;MUJER;40;DE 38 A 49 AÑOS;Secundaria;Contributivo;No Aplica;Persona con discapacidad;11;11001;FAMISANAR;RÉGIMEN CONTRIBUTIVO;EPS017;FAMISANAR;11;11001;04;INSATISFACCIÓN DEL USUARIO CON EL PROCESO ADMINISTRATIVO;0405;PROBLEMAS EN EL RECONOCIMIENTO Y/O PAGO DE PRESTACIONES ECONÓMICAS;040501;NO RECONOCIMIENTO Y/O PAGO DE LAS PRESTACIONES ECONÓMICAS;04050107;INCAPACIDAD DE ENFERMEDAD GENERAL;;;SALUD MENTAL;OTROS TRASTORNOS MENTALES;TRASTORNO MIXTO DE ANSIEDAD Y DEPRESIÓN;No aplica;SIMPLE
402;2023;7;Personalizado;25;25175;US- 000000145093;Cónyuge;HOMBRE;87;MAYOR DE 63 AÑOS ;Posgrado;Contributivo;No Aplica;No Aplica;25;25175;SURAMERICANA EPS;RÉGIMEN CONTRIBUTIVO;EPS010;EPS SURA;25;25175;01;"BARRERAS EN EL ACCESO A TECNOLOGÍAS Y SERVICIOS DE SALUD; Y OTROS ELEMENTOS COMPLEMENTARIOS PARA LA ATENCIÓN DEL USUARIO";0101;FALTA DE OPORTUNIDAD EN LA PRESTACIÓN DE TECNOLOGÍAS EN SALUD Y OTROS ELEMENTOS COMPLEMENTARIOS PARA LA ATENCIÓN DEL USUARIO;010104;FALTA DE OPORTUNIDAD EN LA ENTREGA O ENTREGA INCOMPLETA DE TECNOLOGÍAS EN SALUD Y/O PRESTACIÓN DE OTROS SERVICIOS;01010401;MEDICAMENTOS UPC;;;ENFERMEDADES CRÓNICAS NO TRASMISIBLES CARDIOVASCULARES;HTA (HIPERTENSIÓN ARTERIAL);HIPERPLASIA DE LA PRÓSTATA;No aplica;SIMPLE
403;2023;7;Web;11;11001;US- 000003297899;Hijo (A);MUJER;72;MAYOR DE 63 AÑOS ;No Aplica;Contributivo;No Aplica;No Aplica;11;11001;NUEVA EPS;RÉGIMEN CONTRIBUTIVO;EPS037;NUEVA EPS;11;11001;01;"BARRERAS EN EL ACCESO A TECNOLOGÍAS Y SERVICIOS DE SALUD; Y OTROS ELEMENTOS COMPLEMENTARIOS PARA LA ATENCIÓN DEL USUARIO";0101;FALTA DE OPORTUNIDAD EN LA PRESTACIÓN DE TECNOLOGÍAS EN SALUD Y OTROS ELEMENTOS COMPLEMENTARIOS PARA LA ATENCIÓN DEL USUARIO;010101;FALTA DE OPORTUNIDAD EN LAS CITAS O CONSULTAS;01010101;MEDICINA GENERAL;;;ENFERMEDADES OSTEOARTICULARES;OTROS;TRAUMATISMO SUPERFICIAL DE LA CADERA Y DEL MUSLO;No aplica;SIMPLE
404;2023;7;Web;25;25754;US- 000002277987;A nombre propio;HOMBRE;59;DE 50 A 62 AÑOS;No Aplica;Contributivo;No Aplica;No Aplica;25;25754;NUEVA EPS;RÉGIMEN CONTRIBUTIVO;EPS037;NUEVA EPS;11;11001;01;"BARRERAS EN EL ACCESO A TECNOLOGÍAS Y SERVICIOS DE SALUD; Y OTROS ELEMENTOS COMPLEMENTARIOS PARA LA ATENCIÓN DEL USUARIO";0103;FALTA DE OPORTUNIDAD EN LA AUTORIZACIÓN DE TECNOLOGÍAS EN SALUD Y OTROS ELEMENTOS COMPLEMENTARIOS PARA LA ATENCIÓN DEL USUARIO;010302;FALTA DE OPORTUNIDAD EN LA AUTORIZACIÓN DE CITAS DE CONSULTA;01030203;ESPECIALIDADES MÉDICAS ;01030203033;DERMATOLOGÍA;PROBLEMAS RELACIONADOS CON FACILIDADES DE ATENCIÓN MÉDICA U OTROS SERVICIOS DE SALUD;PROBLEMAS RELACIONADOS CON FACILIDADES DE ATENCIÓN MÉDICA U OTROS SERVICIOS DE SALUD;PROBLEMAS RELACIONADOS CON FACILIDADES DE ATENCIÓN MEDICA U OTROS SERVICIOS DE SALUD;No aplica;SIMPLE
405;2023;7;Web;11;11001;US- 000003308425;A nombre propio;HOMBRE;58;DE 50 A 62 AÑOS;No Aplica;Contributivo;No Aplica;No Aplica;11;11001;SANITAS;RÉGIMEN CONTRIBUTIVO;EPS005;SANITAS;11;11001;01;"BARRERAS EN EL ACCESO A TECNOLOGÍAS Y SERVICIOS DE SALUD; Y OTROS ELEMENTOS COMPLEMENTARIOS PARA LA ATENCIÓN DEL USUARIO";0101;FALTA DE OPORTUNIDAD EN LA PRESTACIÓN DE TECNOLOGÍAS EN SALUD Y OTROS ELEMENTOS COMPLEMENTARIOS PARA LA ATENCIÓN DEL USUARIO;010101;FALTA DE OPORTUNIDAD EN LAS CITAS O CONSULTAS;01010101;MEDICINA GENERAL;;;PROBLEMAS RELACIONADOS CON FACILIDADES DE ATENCIÓN MÉDICA U OTROS SERVICIOS DE SALUD;PROBLEMAS RELACIONADOS CON FACILIDADES DE ATENCIÓN MÉDICA U OTROS SERVICIOS DE SALUD;OTRAS CONSULTAS ESPECIFICADAS;No aplica;SIMPLE
406;2023;7;Web;20;20238;US- 000003303983;A nombre propio;MUJER;37;DE 30 A 37 AÑOS;No Aplica;Subsidiado;No Aplica;Desplazado;20;20238;ASMET SALUD EPS;RÉGIMEN SUBSIDIADO;ESS062;ASMET SALUD;20;20238;01;"BARRERAS EN EL ACCESO A TECNOLOGÍAS Y SERVICIOS DE SALUD; Y OTROS ELEMENTOS COMPLEMENTARIOS PARA LA ATENCIÓN DEL USUARIO";0102;NEGACIÓN DE TECNOLOGÍAS EN SALUD Y OTROS ELEMENTOS COMPLEMENTARIOS PARA LA ATENCIÓN DEL USUARIO;010203;NEGACIÓN EN LA ATENCIÓN EN OTROS SERVICIOS DE SALUD;01020309;PROCEDIMIENTOS QUIRÚRGICOS;01020309003;OTROS PROCEDIMIENTOS QUIRÚRGICOS;ENFERMEDADES OSTEOARTICULARES;OTROS;TRAUMATISMO SUPERFICIAL DEL TOBILLO Y DEL PIE;No aplica;PRIORIZADO
407;2023;7;Telefónico;13;13001;US- 000003268909;Madre;HOMBRE;5;DE 0 A 5 AÑOS;No Aplica;Contributivo;No Aplica;No Aplica;13;13001;SALUD TOTAL;RÉGIMEN CONTRIBUTIVO;EPS002;SALUD TOTAL;13;13001;01;"BARRERAS EN EL ACCESO A TECNOLOGÍAS Y SERVICIOS DE SALUD; Y OTROS ELEMENTOS COMPLEMENTARIOS PARA LA ATENCIÓN DEL USUARIO";0101;FALTA DE OPORTUNIDAD EN LA PRESTACIÓN DE TECNOLOGÍAS EN SALUD Y OTROS ELEMENTOS COMPLEMENTARIOS PARA LA ATENCIÓN DEL USUARIO;010101;FALTA DE OPORTUNIDAD EN LAS CITAS O CONSULTAS;01010104;ESPECIALIDADES ODONTOLÓGICAS;01010104010;ODONTOPEDIATRÍA;SALUD ORAL;SALUD ORAL;ABSCESO PERIAPICAL SIN FISTULA;No aplica;SIMPLE
408;2023;7;Web;11;11001;US- 000003283010;A nombre propio;HOMBRE;81;MAYOR DE 63 AÑOS ;No Aplica;Contributivo;No Aplica;No Aplica;11;11001;COMPENSAR;RÉGIMEN CONTRIBUTIVO;EPS008;COMPENSAR;11;11001;01;"BARRERAS EN EL ACCESO A TECNOLOGÍAS Y SERVICIOS DE SALUD; Y OTROS ELEMENTOS COMPLEMENTARIOS PARA LA ATENCIÓN DEL USUARIO";0101;FALTA DE OPORTUNIDAD EN LA PRESTACIÓN DE TECNOLOGÍAS EN SALUD Y OTROS ELEMENTOS COMPLEMENTARIOS PARA LA ATENCIÓN DEL USUARIO;010101;FALTA DE OPORTUNIDAD EN LAS CITAS O CONSULTAS;01010103;ESPECIALIDADES MÉDICAS ;01010103054;INFECTOLOGÍA;CÁNCER ;OTROS;EXAMEN DE PESQUISA ESPECIAL PARA TUMOR DE SITIO NO ESPECIFICADO;No aplica;PRIORIZADO
409;2023;7;Personalizado;47;47245;US- 000000622549;A nombre propio;MUJER;57;DE 50 A 62 AÑOS;No Aplica;Subsidiado;No Aplica;No Aplica;47;47245;MUTUAL SER;RÉGIMEN SUBSIDIADO;ESS207;MUTUAL SER;47;47245;03;INSATISFACCIÓN RELACIONADA CON INFRAESTRUCTURA Y LOGÍSTICA;0301;INSATISFACCIÓN RELACIONADA CON CONDICIONES INSUFICIENTES O INADECUADAS DEL RECURSO FÍSICO;030101;INSATISFACCIÓN RELACIONADA CON LA PLANTA FÍSICA, ESPACIOS, MUEBLES Y DOTACIÓN INAPROPIADA;03010111;OFICINAS DE ATENCIÓN AL USUARIO ;;;PROBLEMAS RELACIONADOS CON FACILIDADES DE ATENCIÓN MÉDICA U OTROS SERVICIOS DE SALUD;PROBLEMAS RELACIONADOS CON FACILIDADES DE ATENCIÓN MÉDICA U OTROS SERVICIOS DE SALUD;OTRAS ATENCIONES MEDICAS ESPECIFICADAS;No aplica;SIMPLE
410;2023;7;Telefónico;05;05001;US- 000002916944;Hermano (A);HOMBRE;60;DE 50 A 62 AÑOS;Ninguno;Subsidiado;No Aplica;No Aplica;05;05040;COOSALUD;RÉGIMEN SUBSIDIADO;ESS024;COOSALUD;05;05040;01;"BARRERAS EN EL ACCESO A TECNOLOGÍAS Y SERVICIOS DE SALUD; Y OTROS ELEMENTOS COMPLEMENTARIOS PARA LA ATENCIÓN DEL USUARIO";0101;FALTA DE OPORTUNIDAD EN LA PRESTACIÓN DE TECNOLOGÍAS EN SALUD Y OTROS ELEMENTOS COMPLEMENTARIOS PARA LA ATENCIÓN DEL USUARIO;010103;FALTA DE OPORTUNIDAD EN LA ATENCIÓN EN OTROS SERVICIOS DE SALUD;01010309;PROCEDIMIENTOS QUIRÚRGICOS;01010309003;OTROS PROCEDIMIENTOS QUIRÚRGICOS;PROBLEMAS RELACIONADOS CON FACILIDADES DE ATENCIÓN MÉDICA U OTROS SERVICIOS DE SALUD;PROBLEMAS RELACIONADOS CON FACILIDADES DE ATENCIÓN MÉDICA U OTROS SERVICIOS DE SALUD;TUMOR BENIGNO LIPOMATOSO DE PIEL Y DE TEJIDO SUBCUTÁNEO DE OTROS SITIOS Y DE LOS NO ESPECIFICADOS;No aplica;SIMPLE
411;2023;7;Web;11;11001;US- 000002781679;Hijo (A);MUJER;68;MAYOR DE 63 AÑOS ;No Aplica;Subsidiado;No Aplica;Persona con discapacidad;15;15248;CAJACOPI EPS;RÉGIMEN SUBSIDIADO;CCF055;CAJACOPI EPS;15;15248;01;"BARRERAS EN EL ACCESO A TECNOLOGÍAS Y SERVICIOS DE SALUD; Y OTROS ELEMENTOS COMPLEMENTARIOS PARA LA ATENCIÓN DEL USUARIO";0103;FALTA DE OPORTUNIDAD EN LA AUTORIZACIÓN DE TECNOLOGÍAS EN SALUD Y OTROS ELEMENTOS COMPLEMENTARIOS PARA LA ATENCIÓN DEL USUARIO;010302;FALTA DE OPORTUNIDAD EN LA AUTORIZACIÓN DE CITAS DE CONSULTA;01030201;MEDICINA GENERAL;;;PROBLEMAS RELACIONADOS CON FACILIDADES DE ATENCIÓN MÉDICA U OTROS SERVICIOS DE SALUD;PROBLEMAS RELACIONADOS CON FACILIDADES DE ATENCIÓN MÉDICA U OTROS SERVICIOS DE SALUD;PROBLEMAS RELACIONADOS CON FACILIDADES DE ATENCIÓN MEDICA U OTROS SERVICIOS DE SALUD;No aplica;SIMPLE
412;2023;7;Telefónico;11;11001;US- 000000538299;Madre;MUJER;71;MAYOR DE 63 AÑOS ;Ninguno;Subsidiado;No Aplica;No Aplica;11;11001;CAPITAL SALUD;RÉGIMEN SUBSIDIADO;EPSS34;CAPITAL SALUD;11;11001;01;"BARRERAS EN EL ACCESO A TECNOLOGÍAS Y SERVICIOS DE SALUD; Y OTROS ELEMENTOS COMPLEMENTARIOS PARA LA ATENCIÓN DEL USUARIO";0101;FALTA DE OPORTUNIDAD EN LA PRESTACIÓN DE TECNOLOGÍAS EN SALUD Y OTROS ELEMENTOS COMPLEMENTARIOS PARA LA ATENCIÓN DEL USUARIO;010104;FALTA DE OPORTUNIDAD EN LA ENTREGA O ENTREGA INCOMPLETA DE TECNOLOGÍAS EN SALUD Y/O PRESTACIÓN DE OTROS SERVICIOS;01010401;MEDICAMENTOS UPC;;;ENFERMEDADES CRÓNICAS NO TRASMISIBLES CARDIOVASCULARES;HTA (HIPERTENSIÓN ARTERIAL);HIPERTENSIÓN ESENCIAL (PRIMARIA);No aplica;PRIORIZADO
413;2023;7;Web;11;11001;US- 000000639766;A nombre propio;MUJER;67;MAYOR DE 63 AÑOS ;No Aplica;Contributivo;No Aplica;No Aplica;11;11001;SALUD TOTAL;RÉGIMEN CONTRIBUTIVO;EPS002;SALUD TOTAL;11;11001;01;"BARRERAS EN EL ACCESO A TECNOLOGÍAS Y SERVICIOS DE SALUD; Y OTROS ELEMENTOS COMPLEMENTARIOS PARA LA ATENCIÓN DEL USUARIO";0101;FALTA DE OPORTUNIDAD EN LA PRESTACIÓN DE TECNOLOGÍAS EN SALUD Y OTROS ELEMENTOS COMPLEMENTARIOS PARA LA ATENCIÓN DEL USUARIO;010101;FALTA DE OPORTUNIDAD EN LAS CITAS O CONSULTAS;01010103;ESPECIALIDADES MÉDICAS ;01010103072;NEUROLOGÍA;ENFERMEDADES OSTEOARTICULARES;OTROS;OTRAS OSTEOPOROSIS, SIN FRACTURA PATOLÓGICA;No aplica;SIMPLE
414;2023;7;Escrito;11;11001;US- 000003307292;Otro;HOMBRE;40;DE 38 A 49 AÑOS;No Aplica;Contributivo;No Aplica;No Aplica;08;08758;FAMISANAR;RÉGIMEN CONTRIBUTIVO;EPS017;FAMISANAR;08;08758;01;"BARRERAS EN EL ACCESO A TECNOLOGÍAS Y SERVICIOS DE SALUD; Y OTROS ELEMENTOS COMPLEMENTARIOS PARA LA ATENCIÓN DEL USUARIO";0101;FALTA DE OPORTUNIDAD EN LA PRESTACIÓN DE TECNOLOGÍAS EN SALUD Y OTROS ELEMENTOS COMPLEMENTARIOS PARA LA ATENCIÓN DEL USUARIO;010101;FALTA DE OPORTUNIDAD EN LAS CITAS O CONSULTAS;01010103;ESPECIALIDADES MÉDICAS ;01010103058;MEDICINA DEL TRABAJO O SEGURIDAD Y SALUD EN EL TRABAJO;ENFERMEDADES OSTEOARTICULARES;OTROS;EPICONDILITIS MEDIA;No aplica;SIMPLE
415;2023;7;Telefónico;18;18753;US- 000003277143;Padre;HOMBRE;27;DE 25 A 29 AÑOS;Ninguno;Subsidiado;No Aplica;Persona con discapacidad;18;18753;ASMET SALUD EPS;RÉGIMEN SUBSIDIADO;ESS062;ASMET SALUD;18;18753;01;"BARRERAS EN EL ACCESO A TECNOLOGÍAS Y SERVICIOS DE SALUD; Y OTROS ELEMENTOS COMPLEMENTARIOS PARA LA ATENCIÓN DEL USUARIO";0102;NEGACIÓN DE TECNOLOGÍAS EN SALUD Y OTROS ELEMENTOS COMPLEMENTARIOS PARA LA ATENCIÓN DEL USUARIO;010207;NEGACIÓN EN LA AUTORIZACIÓN DE TECNOLOGÍAS EN SALUD Y/O DE OTROS SERVICIOS;01020701;MEDICAMENTOS UPC;;;ENFERMEDADES NEUROLÓGICAS;EPILEPSIA;OTRAS EPILEPSIAS;No aplica;PRIORIZADO
416;2023;7;Personalizado;25;25772;US- 000003272418;A nombre propio;MUJER;35;DE 30 A 37 AÑOS;Secundaria;Contributivo;No Aplica;No Aplica;25;25772;FAMISANAR;RÉGIMEN CONTRIBUTIVO;EPS017;FAMISANAR;25;25772;01;"BARRERAS EN EL ACCESO A TECNOLOGÍAS Y SERVICIOS DE SALUD; Y OTROS ELEMENTOS COMPLEMENTARIOS PARA LA ATENCIÓN DEL USUARIO";0101;FALTA DE OPORTUNIDAD EN LA PRESTACIÓN DE TECNOLOGÍAS EN SALUD Y OTROS ELEMENTOS COMPLEMENTARIOS PARA LA ATENCIÓN DEL USUARIO;010101;FALTA DE OPORTUNIDAD EN LAS CITAS O CONSULTAS;01010103;ESPECIALIDADES MÉDICAS ;01010103086;RADIOLOGÍA E IMÁGENES DIAGNÓSTICAS;ENFERMEDADES CRÓNICAS NO TRASMISIBLES CARDIOVASCULARES;OTROS;HIPERTENSIÓN PULMONAR PRIMARIA;No aplica;PRIORIZADO
417;2023;7;Web;11;11001;US- 000003278905;A nombre propio;MUJER;3;DE 0 A 5 AÑOS;No Aplica;Contributivo;No Aplica;No Aplica;11;11001;SANITAS;RÉGIMEN CONTRIBUTIVO;EPS005;SANITAS;11;11001;01;"BARRERAS EN EL ACCESO A TECNOLOGÍAS Y SERVICIOS DE SALUD; Y OTROS ELEMENTOS COMPLEMENTARIOS PARA LA ATENCIÓN DEL USUARIO";0101;FALTA DE OPORTUNIDAD EN LA PRESTACIÓN DE TECNOLOGÍAS EN SALUD Y OTROS ELEMENTOS COMPLEMENTARIOS PARA LA ATENCIÓN DEL USUARIO;010101;FALTA DE OPORTUNIDAD EN LAS CITAS O CONSULTAS;01010102;ODONTOLOGÍA GENERAL;;;MATERNO INFANTIL;ATENCIÓN NIÑOS MENORES DE 5 AÑOS;CARIES DENTAL;No aplica;SIMPLE
418;2023;7;Escrito;05;05001;US- 000003264337;Madre;HOMBRE;2;DE 0 A 5 AÑOS;No Aplica;Contributivo;No Aplica;No Aplica;11;11001;COOSALUD;RÉGIMEN SUBSIDIADO;ESS024;COOSALUD;05;05001;01;"BARRERAS EN EL ACCESO A TECNOLOGÍAS Y SERVICIOS DE SALUD; Y OTROS ELEMENTOS COMPLEMENTARIOS PARA LA ATENCIÓN DEL USUARIO";0101;FALTA DE OPORTUNIDAD EN LA PRESTACIÓN DE TECNOLOGÍAS EN SALUD Y OTROS ELEMENTOS COMPLEMENTARIOS PARA LA ATENCIÓN DEL USUARIO;010101;FALTA DE OPORTUNIDAD EN LAS CITAS O CONSULTAS;01010106;NUTRICIÓN;;;MATERNO INFANTIL;ATENCIÓN NIÑOS MENORES DE 5 AÑOS;DESNUTRICIÓN PROTEICOCALORICA SEVERA, NO ESPECIFICADA;No aplica;RIESGO VITAL
419;2023;7;Telefónico;66;66170;US- 000003304966;Hijo (A);MUJER;46;DE 38 A 49 AÑOS;Primaria;Contributivo;No Aplica;No Aplica;66;66170;SOS -SERVICIO OCCIDENTAL DE SALUD;RÉGIMEN CONTRIBUTIVO;EPS018;SERVICIO OCCIDENTAL DE SALUD (SOS);66;66170;01;"BARRERAS EN EL ACCESO A TECNOLOGÍAS Y SERVICIOS DE SALUD; Y OTROS ELEMENTOS COMPLEMENTARIOS PARA LA ATENCIÓN DEL USUARIO";0101;FALTA DE OPORTUNIDAD EN LA PRESTACIÓN DE TECNOLOGÍAS EN SALUD Y OTROS ELEMENTOS COMPLEMENTARIOS PARA LA ATENCIÓN DEL USUARIO;010104;FALTA DE OPORTUNIDAD EN LA ENTREGA O ENTREGA INCOMPLETA DE TECNOLOGÍAS EN SALUD Y/O PRESTACIÓN DE OTROS SERVICIOS;01010401;MEDICAMENTOS UPC;;;ENFERMEDADES CRÓNICAS NO TRASMISIBLES CARDIOVASCULARES;HTA (HIPERTENSIÓN ARTERIAL);HIPERTENSIÓN ESENCIAL (PRIMARIA);No aplica;SIMPLE
420;2023;7;Escrito;68;68001;US- 000000195976;A nombre propio;MUJER;91;MAYOR DE 63 AÑOS ;No Aplica;Contributivo;No Aplica;No Aplica;68;68001;FAMISANAR;RÉGIMEN CONTRIBUTIVO;EPS017;FAMISANAR;68;68001;01;"BARRERAS EN EL ACCESO A TECNOLOGÍAS Y SERVICIOS DE SALUD; Y OTROS ELEMENTOS COMPLEMENTARIOS PARA LA ATENCIÓN DEL USUARIO";0102;NEGACIÓN DE TECNOLOGÍAS EN SALUD Y OTROS ELEMENTOS COMPLEMENTARIOS PARA LA ATENCIÓN DEL USUARIO;010203;NEGACIÓN EN LA ATENCIÓN EN OTROS SERVICIOS DE SALUD;01020302;HOSPITALIZACIÓN;;;ENFERMEDADES CRÓNICAS NO TRANSMISIBLES- FACTORES DE RIESGO;MEDICIÓN DE FACTORES DE RIESGO;PROBLEMA NO ESPECIFICADO RELACIONADO CON SERVICIOS MÉDICOS Y DE SALUD;No aplica;SIMPLE
421;2023;7;Escrito;76;76001;US- 000003272291;Otro;HOMBRE;39;DE 38 A 49 AÑOS;Secundaria;Contributivo;No Aplica;No Aplica;76;76275;EMSSANAR EPS;RÉGIMEN SUBSIDIADO;ESS118;EMSSANAR;76;76275;04;INSATISFACCIÓN DEL USUARIO CON EL PROCESO ADMINISTRATIVO;0404;INSATISFACCIÓN RELACIONADA CON TRÁMITES ADMINISTRATIVOS;040404;INCONSISTENCIA RELACIONADA CON COBROS Y/O APORTES;04040401;COTIZACIONES AL SGSSS;;;PROBLEMAS RELACIONADOS CON FACILIDADES DE ATENCIÓN MÉDICA U OTROS SERVICIOS DE SALUD;PROBLEMAS RELACIONADOS CON FACILIDADES DE ATENCIÓN MÉDICA U OTROS SERVICIOS DE SALUD;PROBLEMAS RELACIONADOS CON FACILIDADES DE ATENCIÓN MEDICA U OTROS SERVICIOS DE SALUD;No aplica;SIMPLE
422;2023;7;Telefónico;08;08001;US- 000001915800;Padre;HOMBRE;10;DE 6 A 12 AÑOS;No Aplica;Contributivo;No Aplica;Persona con discapacidad;08;08001;SANITAS;RÉGIMEN CONTRIBUTIVO;EPS005;SANITAS;08;08758;01;"BARRERAS EN EL ACCESO A TECNOLOGÍAS Y SERVICIOS DE SALUD; Y OTROS ELEMENTOS COMPLEMENTARIOS PARA LA ATENCIÓN DEL USUARIO";0101;FALTA DE OPORTUNIDAD EN LA PRESTACIÓN DE TECNOLOGÍAS EN SALUD Y OTROS ELEMENTOS COMPLEMENTARIOS PARA LA ATENCIÓN DEL USUARIO;010105;FALTA DE OPORTUNIDAD EN EL PROCESO DE REFERENCIA Y CONTRARREFERENCIA;;;;;PROBLEMAS RELACIONADOS CON FACILIDADES DE ATENCIÓN MÉDICA U OTROS SERVICIOS DE SALUD;PROBLEMAS RELACIONADOS CON FACILIDADES DE ATENCIÓN MÉDICA U OTROS SERVICIOS DE SALUD;PROBLEMAS RELACIONADOS CON FACILIDADES DE ATENCIÓN MEDICA U OTROS SERVICIOS DE SALUD;No aplica;RIESGO VITAL
423;2023;7;Escrito;11;11001;US- 000003260708;Otro;HOMBRE;22;DE 18 A 24 AÑOS;No Aplica;Contributivo;No Aplica;No Aplica;11;11001;FAMISANAR;RÉGIMEN CONTRIBUTIVO;EPS017;FAMISANAR;11;11001;04;INSATISFACCIÓN DEL USUARIO CON EL PROCESO ADMINISTRATIVO;0405;PROBLEMAS EN EL RECONOCIMIENTO Y/O PAGO DE PRESTACIONES ECONÓMICAS;040501;NO RECONOCIMIENTO Y/O PAGO DE LAS PRESTACIONES ECONÓMICAS;04050107;INCAPACIDAD DE ENFERMEDAD GENERAL;;;PROBLEMAS RELACIONADOS CON FACILIDADES DE ATENCIÓN MÉDICA U OTROS SERVICIOS DE SALUD;PROBLEMAS RELACIONADOS CON FACILIDADES DE ATENCIÓN MÉDICA U OTROS SERVICIOS DE SALUD;PROBLEMA NO ESPECIFICADO RELACIONADO CON SERVICIOS MÉDICOS Y DE SALUD;No aplica;SIMPLE
424;2023;7;Escrito;11;11001;US- 000003296391;Otro;MUJER;40;DE 38 A 49 AÑOS;No Aplica;Contributivo;No Aplica;No Aplica;25;25307;FAMISANAR;RÉGIMEN CONTRIBUTIVO;EPS017;FAMISANAR;25;25307;04;INSATISFACCIÓN DEL USUARIO CON EL PROCESO ADMINISTRATIVO;0405;PROBLEMAS EN EL RECONOCIMIENTO Y/O PAGO DE PRESTACIONES ECONÓMICAS;040501;NO RECONOCIMIENTO Y/O PAGO DE LAS PRESTACIONES ECONÓMICAS;04050107;INCAPACIDAD DE ENFERMEDAD GENERAL;;;PROBLEMAS RELACIONADOS CON FACILIDADES DE ATENCIÓN MÉDICA U OTROS SERVICIOS DE SALUD;PROBLEMAS RELACIONADOS CON FACILIDADES DE ATENCIÓN MÉDICA U OTROS SERVICIOS DE SALUD;DOLOR PÉLVICO Y PERINEAL;No aplica;SIMPLE
425;2023;7;Web;05;05001;US- 000002509318;A nombre propio;MUJER;71;MAYOR DE 63 AÑOS ;No Aplica;Contributivo;No Aplica;No Aplica;05;05001;SURAMERICANA EPS;RÉGIMEN CONTRIBUTIVO;EPS010;EPS SURA;05;05001;01;"BARRERAS EN EL ACCESO A TECNOLOGÍAS Y SERVICIOS DE SALUD; Y OTROS ELEMENTOS COMPLEMENTARIOS PARA LA ATENCIÓN DEL USUARIO";0101;FALTA DE OPORTUNIDAD EN LA PRESTACIÓN DE TECNOLOGÍAS EN SALUD Y OTROS ELEMENTOS COMPLEMENTARIOS PARA LA ATENCIÓN DEL USUARIO;010103;FALTA DE OPORTUNIDAD EN LA ATENCIÓN EN OTROS SERVICIOS DE SALUD;01010308;PROCEDIMIENTOS NO QUIRÚRGICOS;01010308001;IMAGENOLOGÍA;PROBLEMAS RELACIONADOS CON FACILIDADES DE ATENCIÓN MÉDICA U OTROS SERVICIOS DE SALUD;PROBLEMAS RELACIONADOS CON FACILIDADES DE ATENCIÓN MÉDICA U OTROS SERVICIOS DE SALUD;OTROS PROBLEMAS RELACIONADOS CON SERVICIOS MÉDICOS Y DE SALUD;No aplica;SIMPLE
426;2023;7;Web;50;50001;US- 000002827217;A nombre propio;HOMBRE;77;MAYOR DE 63 AÑOS ;No Aplica;Contributivo;No Aplica;No Aplica;50;50001;NUEVA EPS;RÉGIMEN CONTRIBUTIVO;EPS037;NUEVA EPS;50;50001;01;"BARRERAS EN EL ACCESO A TECNOLOGÍAS Y SERVICIOS DE SALUD; Y OTROS ELEMENTOS COMPLEMENTARIOS PARA LA ATENCIÓN DEL USUARIO";0103;FALTA DE OPORTUNIDAD EN LA AUTORIZACIÓN DE TECNOLOGÍAS EN SALUD Y OTROS ELEMENTOS COMPLEMENTARIOS PARA LA ATENCIÓN DEL USUARIO;010302;FALTA DE OPORTUNIDAD EN LA AUTORIZACIÓN DE CITAS DE CONSULTA;01030203;ESPECIALIDADES MÉDICAS ;01030203066;NEFROLOGÍA;ENFERMEDADES CRÓNICAS NO TRANSMISIBLES –RENALES;IRC-ENFERMEDAD RENAL;INSUFICIENCIA RENAL AGUDA, NO ESPECIFICADA;No aplica;PRIORIZADO
427;2023;7;Web;11;11001;US- 000000768331;A nombre propio;MUJER;33;DE 30 A 37 AÑOS;No Aplica;Contributivo;No Aplica;No Aplica;11;11001;SANITAS;RÉGIMEN CONTRIBUTIVO;EPS005;SANITAS;11;11001;01;"BARRERAS EN EL ACCESO A TECNOLOGÍAS Y SERVICIOS DE SALUD; Y OTROS ELEMENTOS COMPLEMENTARIOS PARA LA ATENCIÓN DEL USUARIO";0101;FALTA DE OPORTUNIDAD EN LA PRESTACIÓN DE TECNOLOGÍAS EN SALUD Y OTROS ELEMENTOS COMPLEMENTARIOS PARA LA ATENCIÓN DEL USUARIO;010101;FALTA DE OPORTUNIDAD EN LAS CITAS O CONSULTAS;01010103;ESPECIALIDADES MÉDICAS ;01010103075;OFTALMOLOGÍA;PROBLEMAS RELACIONADOS CON FACILIDADES DE ATENCIÓN MÉDICA U OTROS SERVICIOS DE SALUD;PROBLEMAS RELACIONADOS CON FACILIDADES DE ATENCIÓN MÉDICA U OTROS SERVICIOS DE SALUD;PROBLEMAS RELACIONADOS CON FACILIDADES DE ATENCIÓN MEDICA U OTROS SERVICIOS DE SALUD;No aplica;SIMPLE
428;2023;7;Telefónico;17;17001;US- 000002873927;Hijo (A);HOMBRE;80;MAYOR DE 63 AÑOS ;Primaria;Contributivo;No Aplica;Persona con discapacidad;17;17001;SALUD TOTAL;RÉGIMEN CONTRIBUTIVO;EPS002;SALUD TOTAL;17;17001;01;"BARRERAS EN EL ACCESO A TECNOLOGÍAS Y SERVICIOS DE SALUD; Y OTROS ELEMENTOS COMPLEMENTARIOS PARA LA ATENCIÓN DEL USUARIO";0101;FALTA DE OPORTUNIDAD EN LA PRESTACIÓN DE TECNOLOGÍAS EN SALUD Y OTROS ELEMENTOS COMPLEMENTARIOS PARA LA ATENCIÓN DEL USUARIO;010101;FALTA DE OPORTUNIDAD EN LAS CITAS O CONSULTAS;01010103;ESPECIALIDADES MÉDICAS ;01010103080;OTORRINOLARINGOLOGÍA;ENFERMEDADES CRÓNICAS NO TRASMISIBLES CARDIOVASCULARES;HTA (HIPERTENSIÓN ARTERIAL);HIPOACUSIA CONDUCTIVA BILATERAL;No aplica;SIMPLE
429;2023;7;Web;11;11001;US- 000003284881;A nombre propio;MUJER;80;MAYOR DE 63 AÑOS ;No Aplica;Contributivo;No Aplica;No Aplica;11;11001;FAMISANAR;RÉGIMEN CONTRIBUTIVO;EPS017;FAMISANAR;11;11001;01;"BARRERAS EN EL ACCESO A TECNOLOGÍAS Y SERVICIOS DE SALUD; Y OTROS ELEMENTOS COMPLEMENTARIOS PARA LA ATENCIÓN DEL USUARIO";0101;FALTA DE OPORTUNIDAD EN LA PRESTACIÓN DE TECNOLOGÍAS EN SALUD Y OTROS ELEMENTOS COMPLEMENTARIOS PARA LA ATENCIÓN DEL USUARIO;010103;FALTA DE OPORTUNIDAD EN LA ATENCIÓN EN OTROS SERVICIOS DE SALUD;01010308;PROCEDIMIENTOS NO QUIRÚRGICOS;01010308001;IMAGENOLOGÍA;ENFERMEDADES CRÓNICAS NO TRASMISIBLES CARDIOVASCULARES;OTROS;ENFERMEDAD CARDIACA, NO ESPECIFICADA;No aplica;PRIORIZADO
430;2023;7;Telefónico;05;05360;US- 000003267904;A nombre propio;MUJER;37;DE 30 A 37 AÑOS;Secundaria Incompleta;Contributivo;No Aplica;No Aplica;05;05360;SURAMERICANA EPS;RÉGIMEN CONTRIBUTIVO;EPS010;EPS SURA;05;05360;03;INSATISFACCIÓN RELACIONADA CON INFRAESTRUCTURA Y LOGÍSTICA;0301;INSATISFACCIÓN RELACIONADA CON CONDICIONES INSUFICIENTES O INADECUADAS DEL RECURSO FÍSICO;030101;INSATISFACCIÓN RELACIONADA CON LA PLANTA FÍSICA, ESPACIOS, MUEBLES Y DOTACIÓN INAPROPIADA;03010109;SERVICIO QUIRÚRGICO;;;PROBLEMAS RELACIONADOS CON FACILIDADES DE ATENCIÓN MÉDICA U OTROS SERVICIOS DE SALUD;PROBLEMAS RELACIONADOS CON FACILIDADES DE ATENCIÓN MÉDICA U OTROS SERVICIOS DE SALUD;OTRAS ANEMIAS ESPECIFICADAS;No aplica;SIMPLE
431;2023;7;Web;11;11001;US- 000003266782;A nombre propio;HOMBRE;35;DE 30 A 37 AÑOS;No Aplica;Contributivo;No Aplica;No Aplica;11;11001;NUEVA EPS;RÉGIMEN CONTRIBUTIVO;EPS037;NUEVA EPS;11;11001;01;"BARRERAS EN EL ACCESO A TECNOLOGÍAS Y SERVICIOS DE SALUD; Y OTROS ELEMENTOS COMPLEMENTARIOS PARA LA ATENCIÓN DEL USUARIO";0101;FALTA DE OPORTUNIDAD EN LA PRESTACIÓN DE TECNOLOGÍAS EN SALUD Y OTROS ELEMENTOS COMPLEMENTARIOS PARA LA ATENCIÓN DEL USUARIO;010101;FALTA DE OPORTUNIDAD EN LAS CITAS O CONSULTAS;01010101;MEDICINA GENERAL;;;PROBLEMAS RELACIONADOS CON FACILIDADES DE ATENCIÓN MÉDICA U OTROS SERVICIOS DE SALUD;PROBLEMAS RELACIONADOS CON FACILIDADES DE ATENCIÓN MÉDICA U OTROS SERVICIOS DE SALUD;DOLOR ABDOMINAL LOCALIZADO EN PARTE SUPERIOR;No aplica;SIMPLE
432;2023;7;Telefónico;05;05001;US- 000003278553;Hijo (A);HOMBRE;0;DE 0 A 5 AÑOS;No Aplica;Subsidiado;No Aplica;No Aplica;05;05001;SAVIA SALUD;RÉGIMEN SUBSIDIADO;EPSS40;SAVIA SALUD EPS;05;05001;01;"BARRERAS EN EL ACCESO A TECNOLOGÍAS Y SERVICIOS DE SALUD; Y OTROS ELEMENTOS COMPLEMENTARIOS PARA LA ATENCIÓN DEL USUARIO";0102;NEGACIÓN DE TECNOLOGÍAS EN SALUD Y OTROS ELEMENTOS COMPLEMENTARIOS PARA LA ATENCIÓN DEL USUARIO;010201;NEGACIÓN EN LA ASIGNACIÓN DE CITAS O CONSULTAS;01020103;ESPECIALIDADES MÉDICAS ;01020103008;CARDIOLOGÍA PEDIÁTRICA;MATERNO INFANTIL;ATENCIÓN NIÑOS MENORES DE 5 AÑOS;OTRAS ENFERMEDADES CARDIOPULMONARES;No aplica;PRIORIZADO
433;2023;7;Escrito;41;41298;US- 000003272767;A nombre propio;MUJER;25;DE 25 A 29 AÑOS;No Aplica;Contributivo;No Aplica;No Aplica;41;41298;SANITAS;RÉGIMEN CONTRIBUTIVO;EPS005;SANITAS;41;41298;04;INSATISFACCIÓN DEL USUARIO CON EL PROCESO ADMINISTRATIVO;0405;PROBLEMAS EN EL RECONOCIMIENTO Y/O PAGO DE PRESTACIONES ECONÓMICAS;040501;NO RECONOCIMIENTO Y/O PAGO DE LAS PRESTACIONES ECONÓMICAS;04050101;LICENCIA DE MATERNIDAD;;;PROBLEMAS RELACIONADOS CON FACILIDADES DE ATENCIÓN MÉDICA U OTROS SERVICIOS DE SALUD;PROBLEMAS RELACIONADOS CON FACILIDADES DE ATENCIÓN MÉDICA U OTROS SERVICIOS DE SALUD;PROBLEMAS RELACIONADOS CON FACILIDADES DE ATENCIÓN MEDICA U OTROS SERVICIOS DE SALUD;No aplica;SIMPLE
434;2023;7;Web;76;76001;US- 000000109190;A nombre propio;HOMBRE;34;DE 30 A 37 AÑOS;Universitario;Contributivo;No Aplica;No Aplica;76;76001;SANITAS;RÉGIMEN CONTRIBUTIVO;EPS005;SANITAS;76;76001;01;"BARRERAS EN EL ACCESO A TECNOLOGÍAS Y SERVICIOS DE SALUD; Y OTROS ELEMENTOS COMPLEMENTARIOS PARA LA ATENCIÓN DEL USUARIO";0101;FALTA DE OPORTUNIDAD EN LA PRESTACIÓN DE TECNOLOGÍAS EN SALUD Y OTROS ELEMENTOS COMPLEMENTARIOS PARA LA ATENCIÓN DEL USUARIO;010101;FALTA DE OPORTUNIDAD EN LAS CITAS O CONSULTAS;01010101;MEDICINA GENERAL;;;PROBLEMAS RELACIONADOS CON FACILIDADES DE ATENCIÓN MÉDICA U OTROS SERVICIOS DE SALUD;PROBLEMAS RELACIONADOS CON FACILIDADES DE ATENCIÓN MÉDICA U OTROS SERVICIOS DE SALUD;OTROS PROBLEMAS RELACIONADOS CON SERVICIOS MÉDICOS Y DE SALUD;No aplica;SIMPLE
435;2023;7;Telefónico;76;76834;US- 000002713241;Madre;MUJER;9;DE 6 A 12 AÑOS;Primaria Incompleta;Subsidiado;No Aplica;Desplazado;76;76834;EMSSANAR EPS;RÉGIMEN SUBSIDIADO;ESS118;EMSSANAR;76;76834;01;"BARRERAS EN EL ACCESO A TECNOLOGÍAS Y SERVICIOS DE SALUD; Y OTROS ELEMENTOS COMPLEMENTARIOS PARA LA ATENCIÓN DEL USUARIO";0102;NEGACIÓN DE TECNOLOGÍAS EN SALUD Y OTROS ELEMENTOS COMPLEMENTARIOS PARA LA ATENCIÓN DEL USUARIO;010203;NEGACIÓN EN LA ATENCIÓN EN OTROS SERVICIOS DE SALUD;01020309;PROCEDIMIENTOS QUIRÚRGICOS;01020309003;OTROS PROCEDIMIENTOS QUIRÚRGICOS;PROBLEMAS RELACIONADOS CON FACILIDADES DE ATENCIÓN MÉDICA U OTROS SERVICIOS DE SALUD;PROBLEMAS RELACIONADOS CON FACILIDADES DE ATENCIÓN MÉDICA U OTROS SERVICIOS DE SALUD;CATARATA, NO ESPECIFICADA;No aplica;SIMPLE
436;2023;7;Web;76;76563;US- 000001540122;A nombre propio;MUJER;68;MAYOR DE 63 AÑOS ;No Aplica;Contributivo;No Aplica;No Aplica;76;76563;NUEVA EPS;RÉGIMEN CONTRIBUTIVO;EPS037;NUEVA EPS;76;76001;02;INSATISFACCIÓN RELACIONADA CON LA ATENCIÓN EN SALUD;0202;INSATISFACCIÓN RELACIONADA CON LA ATENCIÓN DEL PERSONAL EN SALUD;020201;INSATISFACCIÓN RELACIONADA CON LA ATENCIÓN DEL PERSONAL EN SALUD;02020103;FALTA DE IDONEIDAD EN EL TALENTO HUMANO EN SALUD;;;PROBLEMAS RELACIONADOS CON FACILIDADES DE ATENCIÓN MÉDICA U OTROS SERVICIOS DE SALUD;PROBLEMAS RELACIONADOS CON FACILIDADES DE ATENCIÓN MÉDICA U OTROS SERVICIOS DE SALUD;PROBLEMAS RELACIONADOS CON FACILIDADES DE ATENCIÓN MEDICA U OTROS SERVICIOS DE SALUD;No aplica;SIMPLE
437;2023;7;Web;76;76001;US- 000003077332;Hijo (A);HOMBRE;69;MAYOR DE 63 AÑOS ;No Aplica;Contributivo;No Aplica;No Aplica;76;76001;SOS -SERVICIO OCCIDENTAL DE SALUD;RÉGIMEN CONTRIBUTIVO;EPS018;SERVICIO OCCIDENTAL DE SALUD (SOS);76;76001;01;"BARRERAS EN EL ACCESO A TECNOLOGÍAS Y SERVICIOS DE SALUD; Y OTROS ELEMENTOS COMPLEMENTARIOS PARA LA ATENCIÓN DEL USUARIO";0101;FALTA DE OPORTUNIDAD EN LA PRESTACIÓN DE TECNOLOGÍAS EN SALUD Y OTROS ELEMENTOS COMPLEMENTARIOS PARA LA ATENCIÓN DEL USUARIO;010105;FALTA DE OPORTUNIDAD EN EL PROCESO DE REFERENCIA Y CONTRARREFERENCIA;;;;;PROBLEMAS RELACIONADOS CON FACILIDADES DE ATENCIÓN MÉDICA U OTROS SERVICIOS DE SALUD;PROBLEMAS RELACIONADOS CON FACILIDADES DE ATENCIÓN MÉDICA U OTROS SERVICIOS DE SALUD;PROBLEMAS RELACIONADOS CON FACILIDADES DE ATENCIÓN MEDICA U OTROS SERVICIOS DE SALUD;No aplica;RIESGO VITAL
438;2023;7;Telefónico;20;20001;US- 000003270976;Amigo (A);HOMBRE;35;DE 30 A 37 AÑOS;No Aplica;Subsidiado;No Aplica;No Aplica;20;20001;CAJACOPI EPS;RÉGIMEN SUBSIDIADO;CCF055;CAJACOPI EPS;20;20001;01;"BARRERAS EN EL ACCESO A TECNOLOGÍAS Y SERVICIOS DE SALUD; Y OTROS ELEMENTOS COMPLEMENTARIOS PARA LA ATENCIÓN DEL USUARIO";0101;FALTA DE OPORTUNIDAD EN LA PRESTACIÓN DE TECNOLOGÍAS EN SALUD Y OTROS ELEMENTOS COMPLEMENTARIOS PARA LA ATENCIÓN DEL USUARIO;010101;FALTA DE OPORTUNIDAD EN LAS CITAS O CONSULTAS;01010103;ESPECIALIDADES MÉDICAS ;01010103094;UROLOGÍA;PROBLEMAS RELACIONADOS CON FACILIDADES DE ATENCIÓN MÉDICA U OTROS SERVICIOS DE SALUD;PROBLEMAS RELACIONADOS CON FACILIDADES DE ATENCIÓN MÉDICA U OTROS SERVICIOS DE SALUD;PROBLEMAS RELACIONADOS CON FACILIDADES DE ATENCIÓN MEDICA U OTROS SERVICIOS DE SALUD;No aplica;SIMPLE
439;2023;7;Web;11;11001;US- 000003305040;A nombre propio;MUJER;41;DE 38 A 49 AÑOS;No Aplica;Contributivo;No Aplica;No Aplica;11;11001;SANITAS;RÉGIMEN CONTRIBUTIVO;EPS005;SANITAS;11;11001;01;"BARRERAS EN EL ACCESO A TECNOLOGÍAS Y SERVICIOS DE SALUD; Y OTROS ELEMENTOS COMPLEMENTARIOS PARA LA ATENCIÓN DEL USUARIO";0101;FALTA DE OPORTUNIDAD EN LA PRESTACIÓN DE TECNOLOGÍAS EN SALUD Y OTROS ELEMENTOS COMPLEMENTARIOS PARA LA ATENCIÓN DEL USUARIO;010103;FALTA DE OPORTUNIDAD EN LA ATENCIÓN EN OTROS SERVICIOS DE SALUD;01010309;PROCEDIMIENTOS QUIRÚRGICOS;01010309003;OTROS PROCEDIMIENTOS QUIRÚRGICOS;PROBLEMAS RELACIONADOS CON FACILIDADES DE ATENCIÓN MÉDICA U OTROS SERVICIOS DE SALUD;PROBLEMAS RELACIONADOS CON FACILIDADES DE ATENCIÓN MÉDICA U OTROS SERVICIOS DE SALUD;LEIOMIOMA DEL ÚTERO, SIN OTRA ESPECIFICACIÓN;No aplica;SIMPLE
440;2023;7;Web;15;15238;US- 000003269778;A nombre propio;MUJER;23;DE 18 A 24 AÑOS;Secundaria;Subsidiado;No Aplica;No Aplica;15;15238;NUEVA EPS;RÉGIMEN SUBSIDIADO;EPSS41;NUEVA EPS;15;15238;01;"BARRERAS EN EL ACCESO A TECNOLOGÍAS Y SERVICIOS DE SALUD; Y OTROS ELEMENTOS COMPLEMENTARIOS PARA LA ATENCIÓN DEL USUARIO";0101;FALTA DE OPORTUNIDAD EN LA PRESTACIÓN DE TECNOLOGÍAS EN SALUD Y OTROS ELEMENTOS COMPLEMENTARIOS PARA LA ATENCIÓN DEL USUARIO;010101;FALTA DE OPORTUNIDAD EN LAS CITAS O CONSULTAS;01010103;ESPECIALIDADES MÉDICAS ;01010103083;PSIQUIATRÍA;SALUD MENTAL;OTROS TRASTORNOS MENTALES;OTROS EPISODIOS DEPRESIVOS;No aplica;SIMPLE
441;2023;7;Telefónico;05;05001;US- 000002353017;Madre;MUJER;14;DE 13 A 17 AÑOS;Secundaria Incompleta;Régimen Especial;No Aplica;No Aplica;05;05001;FUERZAS MILITARES;REGÍMENES DE EXCEPCIÓN Y ESPECIALES;REFM01;FUERZAS MILITARES;05;05001;01;"BARRERAS EN EL ACCESO A TECNOLOGÍAS Y SERVICIOS DE SALUD; Y OTROS ELEMENTOS COMPLEMENTARIOS PARA LA ATENCIÓN DEL USUARIO";0101;FALTA DE OPORTUNIDAD EN LA PRESTACIÓN DE TECNOLOGÍAS EN SALUD Y OTROS ELEMENTOS COMPLEMENTARIOS PARA LA ATENCIÓN DEL USUARIO;010101;FALTA DE OPORTUNIDAD EN LAS CITAS O CONSULTAS;01010103;ESPECIALIDADES MÉDICAS ;01010103016;CIRUGÍA DE RODILLA - ORTOPEDIA;ENFERMEDADES OSTEOARTICULARES;OTROS;TRASTORNO INTERNO DE LA RODILLA;No aplica;SIMPLE
442;2023;7;Web;15;15001;US- 000003169939;A nombre propio;MUJER;61;DE 50 A 62 AÑOS;No Aplica;Contributivo;No Aplica;No Aplica;15;15001;SURAMERICANA EPS;RÉGIMEN CONTRIBUTIVO;EPS010;EPS SURA;15;15001;01;"BARRERAS EN EL ACCESO A TECNOLOGÍAS Y SERVICIOS DE SALUD; Y OTROS ELEMENTOS COMPLEMENTARIOS PARA LA ATENCIÓN DEL USUARIO";0101;FALTA DE OPORTUNIDAD EN LA PRESTACIÓN DE TECNOLOGÍAS EN SALUD Y OTROS ELEMENTOS COMPLEMENTARIOS PARA LA ATENCIÓN DEL USUARIO;010101;FALTA DE OPORTUNIDAD EN LAS CITAS O CONSULTAS;01010103;ESPECIALIDADES MÉDICAS ;01010103078;ORTOPEDIA Y TRAUMATOLOGÍA;PROBLEMAS RELACIONADOS CON FACILIDADES DE ATENCIÓN MÉDICA U OTROS SERVICIOS DE SALUD;PROBLEMAS RELACIONADOS CON FACILIDADES DE ATENCIÓN MÉDICA U OTROS SERVICIOS DE SALUD;HALLUX VALGUS (ADQUIRIDO);No aplica;SIMPLE
443;2023;7;Chat;76;76130;US- 000003304687;Hijo (A);HOMBRE;73;MAYOR DE 63 AÑOS ;Primaria;Contributivo;No Aplica;No Aplica;76;76130;SOS -SERVICIO OCCIDENTAL DE SALUD;RÉGIMEN CONTRIBUTIVO;EPS018;SERVICIO OCCIDENTAL DE SALUD (SOS);76;76275;01;"BARRERAS EN EL ACCESO A TECNOLOGÍAS Y SERVICIOS DE SALUD; Y OTROS ELEMENTOS COMPLEMENTARIOS PARA LA ATENCIÓN DEL USUARIO";0101;FALTA DE OPORTUNIDAD EN LA PRESTACIÓN DE TECNOLOGÍAS EN SALUD Y OTROS ELEMENTOS COMPLEMENTARIOS PARA LA ATENCIÓN DEL USUARIO;010103;FALTA DE OPORTUNIDAD EN LA ATENCIÓN EN OTROS SERVICIOS DE SALUD;01010302;HOSPITALIZACIÓN;;;ENFERMEDADES CRÓNICAS NO TRASMISIBLES CARDIOVASCULARES;ACV (ACCIDENTE CEREBRO VASCULAR);INFARTO CEREBRAL;No aplica;PRIORIZADO
444;2023;7;Redes Sociales;68;68190;US- 000003306424;A nombre propio;HOMBRE;68;MAYOR DE 63 AÑOS ;Primaria Incompleta;Subsidiado;No Aplica;No Aplica;68;68190;NUEVA EPS;RÉGIMEN SUBSIDIADO;EPSS41;NUEVA EPS;68;68190;01;"BARRERAS EN EL ACCESO A TECNOLOGÍAS Y SERVICIOS DE SALUD; Y OTROS ELEMENTOS COMPLEMENTARIOS PARA LA ATENCIÓN DEL USUARIO";0103;FALTA DE OPORTUNIDAD EN LA AUTORIZACIÓN DE TECNOLOGÍAS EN SALUD Y OTROS ELEMENTOS COMPLEMENTARIOS PARA LA ATENCIÓN DEL USUARIO;010304;FALTA DE OPORTUNIDAD EN LA AUTORIZACIÓN DE OTROS SERVICIOS DE SALUD;01030409;PROCEDIMIENTOS QUIRÚRGICOS;01030409003;OTROS PROCEDIMIENTOS QUIRÚRGICOS;ENFERMEDADES OSTEOARTICULARES;OTROS;HERNIA NO ESPECIFICADA DE LA CAVIDAD ABDOMINAL;No aplica;PRIORIZADO
445;2023;7;Telefónico;25;25754;US- 000003295952;Otro;MUJER;49;DE 38 A 49 AÑOS;Secundaria;Contributivo;No Aplica;No Aplica;25;25754;COMPENSAR;RÉGIMEN CONTRIBUTIVO;EPS008;COMPENSAR;25;25754;01;"BARRERAS EN EL ACCESO A TECNOLOGÍAS Y SERVICIOS DE SALUD; Y OTROS ELEMENTOS COMPLEMENTARIOS PARA LA ATENCIÓN DEL USUARIO";0101;FALTA DE OPORTUNIDAD EN LA PRESTACIÓN DE TECNOLOGÍAS EN SALUD Y OTROS ELEMENTOS COMPLEMENTARIOS PARA LA ATENCIÓN DEL USUARIO;010101;FALTA DE OPORTUNIDAD EN LAS CITAS O CONSULTAS;01010101;MEDICINA GENERAL;;;ENFERMEDADES CRÓNICAS NO TRASMISIBLES CARDIOVASCULARES;HTA (HIPERTENSIÓN ARTERIAL);DIABETES MELLITUS NO INSULINODEPENDIENTE;No aplica;SIMPLE
446;2023;7;Web;19;19001;US- 000002385784;A nombre propio;MUJER;12;DE 6 A 12 AÑOS;No Aplica;Subsidiado;Indígena;Persona con discapacidad;19;19001;ASMET SALUD EPS;RÉGIMEN SUBSIDIADO;ESS062;ASMET SALUD;19;19001;01;"BARRERAS EN EL ACCESO A TECNOLOGÍAS Y SERVICIOS DE SALUD; Y OTROS ELEMENTOS COMPLEMENTARIOS PARA LA ATENCIÓN DEL USUARIO";0101;FALTA DE OPORTUNIDAD EN LA PRESTACIÓN DE TECNOLOGÍAS EN SALUD Y OTROS ELEMENTOS COMPLEMENTARIOS PARA LA ATENCIÓN DEL USUARIO;010103;FALTA DE OPORTUNIDAD EN LA ATENCIÓN EN OTROS SERVICIOS DE SALUD;01010308;PROCEDIMIENTOS NO QUIRÚRGICOS;01010308006;OTROS PROCEDIMIENTOS NO QUIRÚRGICOS;ENFERMEDADES NEUROLÓGICAS;EPILEPSIA;OTROS TIPOS DE PARÁLISIS CEREBRAL INFANTIL;No aplica;SIMPLE
447;2023;7;Personalizado;76;76001;US- 000003292345;A nombre propio;MUJER;62;DE 50 A 62 AÑOS;Secundaria;Contributivo;No Aplica;No Aplica;76;76001;SURAMERICANA EPS;RÉGIMEN CONTRIBUTIVO;EPS010;EPS SURA;76;76001;01;"BARRERAS EN EL ACCESO A TECNOLOGÍAS Y SERVICIOS DE SALUD; Y OTROS ELEMENTOS COMPLEMENTARIOS PARA LA ATENCIÓN DEL USUARIO";0101;FALTA DE OPORTUNIDAD EN LA PRESTACIÓN DE TECNOLOGÍAS EN SALUD Y OTROS ELEMENTOS COMPLEMENTARIOS PARA LA ATENCIÓN DEL USUARIO;010104;FALTA DE OPORTUNIDAD EN LA ENTREGA O ENTREGA INCOMPLETA DE TECNOLOGÍAS EN SALUD Y/O PRESTACIÓN DE OTROS SERVICIOS;01010401;MEDICAMENTOS UPC;;;ENFERMEDADES OSTEOARTICULARES;OTROS;OTROS TRASTORNOS DE LA DENSIDAD Y DE LA ESTRUCTURA OSEAS;No aplica;SIMPLE
448;2023;7;Web;70;70771;US- 000003275217;Otro;MUJER;5;DE 0 A 5 AÑOS;No Aplica;Subsidiado;No Aplica;No Aplica;70;70771;COOSALUD;RÉGIMEN SUBSIDIADO;ESS024;COOSALUD;70;70771;04;INSATISFACCIÓN DEL USUARIO CON EL PROCESO ADMINISTRATIVO;0405;PROBLEMAS EN EL RECONOCIMIENTO Y/O PAGO DE PRESTACIONES ECONÓMICAS;040502;NEGACIÓN Y/O FALTA DE OPORTUNIDAD EN EL RECONOCIMIENTO DE REEMBOLSOS;04050206;TRANSPORTE, ALOJAMIENTO O ALIMENTACIÓN;;;PROBLEMAS RELACIONADOS CON FACILIDADES DE ATENCIÓN MÉDICA U OTROS SERVICIOS DE SALUD;PROBLEMAS RELACIONADOS CON FACILIDADES DE ATENCIÓN MÉDICA U OTROS SERVICIOS DE SALUD;PROBLEMAS RELACIONADOS CON FACILIDADES DE ATENCIÓN MEDICA U OTROS SERVICIOS DE SALUD;No aplica;SIMPLE
449;2023;7;Web;08;08758;US- 000002267361;A nombre propio;HOMBRE;78;MAYOR DE 63 AÑOS ;No Aplica;Contributivo;No Aplica;No Aplica;08;08758;NUEVA EPS;RÉGIMEN CONTRIBUTIVO;EPS037;NUEVA EPS;08;08758;01;"BARRERAS EN EL ACCESO A TECNOLOGÍAS Y SERVICIOS DE SALUD; Y OTROS ELEMENTOS COMPLEMENTARIOS PARA LA ATENCIÓN DEL USUARIO";0101;FALTA DE OPORTUNIDAD EN LA PRESTACIÓN DE TECNOLOGÍAS EN SALUD Y OTROS ELEMENTOS COMPLEMENTARIOS PARA LA ATENCIÓN DEL USUARIO;010101;FALTA DE OPORTUNIDAD EN LAS CITAS O CONSULTAS;01010103;ESPECIALIDADES MÉDICAS ;01010103006;CARDIOLOGÍA;ENFERMEDADES CRÓNICAS NO TRASMISIBLES CARDIOVASCULARES;OTROS;HISTORIA PERSONAL DE TRATAMIENTO MEDICO;No aplica;SIMPLE
450;2023;7;Web;11;11001;US- 000003301756;A nombre propio;MUJER;67;MAYOR DE 63 AÑOS ;Secundaria;Contributivo;No Aplica;No Aplica;11;11001;COMPENSAR;RÉGIMEN CONTRIBUTIVO;EPS008;COMPENSAR;11;11001;01;"BARRERAS EN EL ACCESO A TECNOLOGÍAS Y SERVICIOS DE SALUD; Y OTROS ELEMENTOS COMPLEMENTARIOS PARA LA ATENCIÓN DEL USUARIO";0101;FALTA DE OPORTUNIDAD EN LA PRESTACIÓN DE TECNOLOGÍAS EN SALUD Y OTROS ELEMENTOS COMPLEMENTARIOS PARA LA ATENCIÓN DEL USUARIO;010104;FALTA DE OPORTUNIDAD EN LA ENTREGA O ENTREGA INCOMPLETA DE TECNOLOGÍAS EN SALUD Y/O PRESTACIÓN DE OTROS SERVICIOS;01010401;MEDICAMENTOS UPC;;;PROBLEMAS RELACIONADOS CON FACILIDADES DE ATENCIÓN MÉDICA U OTROS SERVICIOS DE SALUD;PROBLEMAS RELACIONADOS CON FACILIDADES DE ATENCIÓN MÉDICA U OTROS SERVICIOS DE SALUD;OTROS HIPOTIROIDISMOS;No aplica;SIMPLE
451;2023;7;Web;44;44001;US- 000003277757;A nombre propio;MUJER;34;DE 30 A 37 AÑOS;No Aplica;No aplica;Indígena;Desplazado;44;44001;SECRETARÍA DE SALUD DEPARTAMENTAL DE LA GUAJIRA;ENTIDADES TERRITORIALES;999998;SECRETARIA DE SALUD DEPARTAMENTAL DE LA GUAJIRA;44;44001;04;INSATISFACCIÓN DEL USUARIO CON EL PROCESO ADMINISTRATIVO;0401;INSATISFACCIÓN CON LA COMUNICACIÓN O INFORMACIÓN ENTREGADA POR PARTE DEL PERSONAL ADMINISTRATIVO;040101;INSATISFACCIÓN RELACIONADA CON INSUFICIENCIA O DEFICIENCIAS EN LA CALIDAD DE LA INFORMACIÓN BRINDADA AL USUARIO;;;;;PROBLEMAS RELACIONADOS CON FACILIDADES DE ATENCIÓN MÉDICA U OTROS SERVICIOS DE SALUD;PROBLEMAS RELACIONADOS CON FACILIDADES DE ATENCIÓN MÉDICA U OTROS SERVICIOS DE SALUD;APENDICITIS AGUDA;No aplica;SIMPLE
452;2023;7;Web;73;73001;US- 000003290194;A nombre propio;MUJER;40;DE 38 A 49 AÑOS;No Aplica;Régimen Especial;No Aplica;No Aplica;73;73001;POLICIA NACIONAL;REGÍMENES DE EXCEPCIÓN Y ESPECIALES;REPN01;POLICIA NACIONAL;73;73001;01;"BARRERAS EN EL ACCESO A TECNOLOGÍAS Y SERVICIOS DE SALUD; Y OTROS ELEMENTOS COMPLEMENTARIOS PARA LA ATENCIÓN DEL USUARIO";0101;FALTA DE OPORTUNIDAD EN LA PRESTACIÓN DE TECNOLOGÍAS EN SALUD Y OTROS ELEMENTOS COMPLEMENTARIOS PARA LA ATENCIÓN DEL USUARIO;010103;FALTA DE OPORTUNIDAD EN LA ATENCIÓN EN OTROS SERVICIOS DE SALUD;01010308;PROCEDIMIENTOS NO QUIRÚRGICOS;01010308001;IMAGENOLOGÍA;PROBLEMAS RELACIONADOS CON FACILIDADES DE ATENCIÓN MÉDICA U OTROS SERVICIOS DE SALUD;PROBLEMAS RELACIONADOS CON FACILIDADES DE ATENCIÓN MÉDICA U OTROS SERVICIOS DE SALUD;MASA NO ESPECIFICADA EN LA MAMA;No aplica;SIMPLE
453;2023;7;Web;11;11001;US- 000000088423;Otro;HOMBRE;27;DE 25 A 29 AÑOS;No Aplica;Contributivo;No Aplica;Persona con discapacidad;11;11001;COMPENSAR;RÉGIMEN CONTRIBUTIVO;EPS008;COMPENSAR;11;11001;01;"BARRERAS EN EL ACCESO A TECNOLOGÍAS Y SERVICIOS DE SALUD; Y OTROS ELEMENTOS COMPLEMENTARIOS PARA LA ATENCIÓN DEL USUARIO";0101;FALTA DE OPORTUNIDAD EN LA PRESTACIÓN DE TECNOLOGÍAS EN SALUD Y OTROS ELEMENTOS COMPLEMENTARIOS PARA LA ATENCIÓN DEL USUARIO;010104;FALTA DE OPORTUNIDAD EN LA ENTREGA O ENTREGA INCOMPLETA DE TECNOLOGÍAS EN SALUD Y/O PRESTACIÓN DE OTROS SERVICIOS;01010401;MEDICAMENTOS UPC;;;PROBLEMAS RELACIONADOS CON FACILIDADES DE ATENCIÓN MÉDICA U OTROS SERVICIOS DE SALUD;PROBLEMAS RELACIONADOS CON FACILIDADES DE ATENCIÓN MÉDICA U OTROS SERVICIOS DE SALUD;OTROS PROBLEMAS RELACIONADOS CON SERVICIOS MÉDICOS Y DE SALUD;No aplica;SIMPLE
454;2023;7;Web;44;44078;US- 000002796912;A nombre propio;MUJER;86;MAYOR DE 63 AÑOS ;No Aplica;Subsidiado;No Aplica;Persona con discapacidad;44;44078;SANITAS;RÉGIMEN CONTRIBUTIVO;EPS005;SANITAS;44;44078;01;"BARRERAS EN EL ACCESO A TECNOLOGÍAS Y SERVICIOS DE SALUD; Y OTROS ELEMENTOS COMPLEMENTARIOS PARA LA ATENCIÓN DEL USUARIO";0101;FALTA DE OPORTUNIDAD EN LA PRESTACIÓN DE TECNOLOGÍAS EN SALUD Y OTROS ELEMENTOS COMPLEMENTARIOS PARA LA ATENCIÓN DEL USUARIO;010104;FALTA DE OPORTUNIDAD EN LA ENTREGA O ENTREGA INCOMPLETA DE TECNOLOGÍAS EN SALUD Y/O PRESTACIÓN DE OTROS SERVICIOS;01010407;ELEMENTOS COMPLEMENTARIOS PARA LA ATENCIÓN DEL USUARIO (PAÑALES, PAÑITOS, ETC.);;;PROBLEMAS RELACIONADOS CON FACILIDADES DE ATENCIÓN MÉDICA U OTROS SERVICIOS DE SALUD;PROBLEMAS RELACIONADOS CON FACILIDADES DE ATENCIÓN MÉDICA U OTROS SERVICIOS DE SALUD;OTROS PROBLEMAS RELACIONADOS CON SERVICIOS MÉDICOS Y DE SALUD;No aplica;SIMPLE
455;2023;7;Web;25;25126;US- 000003261105;A nombre propio;MUJER;20;DE 18 A 24 AÑOS;No Aplica;Subsidiado;No Aplica;No Aplica;25;25126;CAJACOPI EPS;RÉGIMEN SUBSIDIADO;CCF055;CAJACOPI EPS;13;13001;04;INSATISFACCIÓN DEL USUARIO CON EL PROCESO ADMINISTRATIVO;0404;INSATISFACCIÓN RELACIONADA CON TRÁMITES ADMINISTRATIVOS;040403;INCONSISTENCIAS EN LA AFILIACIÓN;04040308;TRASLADO NO SOLICITADO POR EL USUARIO;;;PROBLEMAS RELACIONADOS CON FACILIDADES DE ATENCIÓN MÉDICA U OTROS SERVICIOS DE SALUD;PROBLEMAS RELACIONADOS CON FACILIDADES DE ATENCIÓN MÉDICA U OTROS SERVICIOS DE SALUD;OTROS PROBLEMAS RELACIONADOS CON SERVICIOS MÉDICOS Y DE SALUD;No aplica;SIMPLE
456;2023;7;Web;76;76001;US- 000000594383;A nombre propio;MUJER;83;MAYOR DE 63 AÑOS ;No Aplica;Contributivo;Indígena;Persona con discapacidad;76;76001;SANITAS;RÉGIMEN CONTRIBUTIVO;EPS005;SANITAS;76;76001;01;"BARRERAS EN EL ACCESO A TECNOLOGÍAS Y SERVICIOS DE SALUD; Y OTROS ELEMENTOS COMPLEMENTARIOS PARA LA ATENCIÓN DEL USUARIO";0101;FALTA DE OPORTUNIDAD EN LA PRESTACIÓN DE TECNOLOGÍAS EN SALUD Y OTROS ELEMENTOS COMPLEMENTARIOS PARA LA ATENCIÓN DEL USUARIO;010101;FALTA DE OPORTUNIDAD EN LAS CITAS O CONSULTAS;01010101;MEDICINA GENERAL;;;PROBLEMAS RELACIONADOS CON FACILIDADES DE ATENCIÓN MÉDICA U OTROS SERVICIOS DE SALUD;PROBLEMAS RELACIONADOS CON FACILIDADES DE ATENCIÓN MÉDICA U OTROS SERVICIOS DE SALUD;PROBLEMAS RELACIONADOS CON ATENCIÓN DE SALUD NO DISPONIBLE O INACCESIBLE;No aplica;SIMPLE
457;2023;7;Web;13;13001;US- 000001689577;A nombre propio;MUJER;47;DE 38 A 49 AÑOS;No Aplica;Contributivo;No Aplica;No Aplica;13;13001;SALUD TOTAL;RÉGIMEN CONTRIBUTIVO;EPS002;SALUD TOTAL;13;13001;01;"BARRERAS EN EL ACCESO A TECNOLOGÍAS Y SERVICIOS DE SALUD; Y OTROS ELEMENTOS COMPLEMENTARIOS PARA LA ATENCIÓN DEL USUARIO";0101;FALTA DE OPORTUNIDAD EN LA PRESTACIÓN DE TECNOLOGÍAS EN SALUD Y OTROS ELEMENTOS COMPLEMENTARIOS PARA LA ATENCIÓN DEL USUARIO;010101;FALTA DE OPORTUNIDAD EN LAS CITAS O CONSULTAS;01010103;ESPECIALIDADES MÉDICAS ;01010103076;ONCOLOGÍA;CÁNCER ;OTROS;TUMOR MALIGNO DEL PEDÚNCULO CEREBRAL;No aplica;PRIORIZADO
458;2023;7;Escrito;11;11001;US- 000003245014;A nombre propio;HOMBRE;41;DE 38 A 49 AÑOS;No Aplica;Contributivo;No Aplica;No Aplica;11;11001;SANITAS;RÉGIMEN CONTRIBUTIVO;EPS005;SANITAS;11;11001;01;"BARRERAS EN EL ACCESO A TECNOLOGÍAS Y SERVICIOS DE SALUD; Y OTROS ELEMENTOS COMPLEMENTARIOS PARA LA ATENCIÓN DEL USUARIO";0103;FALTA DE OPORTUNIDAD EN LA AUTORIZACIÓN DE TECNOLOGÍAS EN SALUD Y OTROS ELEMENTOS COMPLEMENTARIOS PARA LA ATENCIÓN DEL USUARIO;010304;FALTA DE OPORTUNIDAD EN LA AUTORIZACIÓN DE OTROS SERVICIOS DE SALUD;01030408;PROCEDIMIENTOS NO QUIRÚRGICOS;01030408002;LABORATORIO CLÍNICO Y ANATOMOPATOLÓGICO;ENFERMEDADES CRÓNICAS NO TRANSMISIBLES- FACTORES DE RIESGO;MEDICIÓN DE FACTORES DE RIESGO;BALANITIS EN ENFERMEDADES CLASIFICADAS EN OTRA PARTE;No aplica;SIMPLE
459;2023;7;Web;47;47001;US- 000003284411;A nombre propio;HOMBRE;56;DE 50 A 62 AÑOS;No Aplica;No aplica;No Aplica;No Aplica;47;47001;SURAMERICANA;ADMINISTRADORAS DE RIESGOS LABORALES;ARL011;ARL - SURAMERICANA;47;47001;01;"BARRERAS EN EL ACCESO A TECNOLOGÍAS Y SERVICIOS DE SALUD; Y OTROS ELEMENTOS COMPLEMENTARIOS PARA LA ATENCIÓN DEL USUARIO";0101;FALTA DE OPORTUNIDAD EN LA PRESTACIÓN DE TECNOLOGÍAS EN SALUD Y OTROS ELEMENTOS COMPLEMENTARIOS PARA LA ATENCIÓN DEL USUARIO;010101;FALTA DE OPORTUNIDAD EN LAS CITAS O CONSULTAS;01010113;JUNTA MÉDICA;;;PROBLEMAS RELACIONADOS CON FACILIDADES DE ATENCIÓN MÉDICA U OTROS SERVICIOS DE SALUD;PROBLEMAS RELACIONADOS CON FACILIDADES DE ATENCIÓN MÉDICA U OTROS SERVICIOS DE SALUD;PROBLEMAS RELACIONADOS CON FACILIDADES DE ATENCIÓN MEDICA U OTROS SERVICIOS DE SALUD;No aplica;SIMPLE
460;2023;7;Web;05;05376;US- 000003303808;A nombre propio;MUJER;6;DE 6 A 12 AÑOS;Ninguno;Subsidiado;No Aplica;No Aplica;05;05376;SAVIA SALUD;RÉGIMEN SUBSIDIADO;EPSS40;SAVIA SALUD EPS;05;05376;01;"BARRERAS EN EL ACCESO A TECNOLOGÍAS Y SERVICIOS DE SALUD; Y OTROS ELEMENTOS COMPLEMENTARIOS PARA LA ATENCIÓN DEL USUARIO";0101;FALTA DE OPORTUNIDAD EN LA PRESTACIÓN DE TECNOLOGÍAS EN SALUD Y OTROS ELEMENTOS COMPLEMENTARIOS PARA LA ATENCIÓN DEL USUARIO;010101;FALTA DE OPORTUNIDAD EN LAS CITAS O CONSULTAS;01010103;ESPECIALIDADES MÉDICAS ;01010103082;PEDIATRÍA;PROBLEMAS RELACIONADOS CON FACILIDADES DE ATENCIÓN MÉDICA U OTROS SERVICIOS DE SALUD;PROBLEMAS RELACIONADOS CON FACILIDADES DE ATENCIÓN MÉDICA U OTROS SERVICIOS DE SALUD;OTRAS ATENCIONES MEDICAS ESPECIFICADAS;No aplica;SIMPLE
461;2023;7;Escrito;05;05360;US- 000002059334;A nombre propio;MUJER;92;MAYOR DE 63 AÑOS ;Ninguno;Contributivo;No Aplica;No Aplica;05;05360;ALIANSALUD;RÉGIMEN CONTRIBUTIVO;EPS001;ALIANSALUD;11;11001;01;"BARRERAS EN EL ACCESO A TECNOLOGÍAS Y SERVICIOS DE SALUD; Y OTROS ELEMENTOS COMPLEMENTARIOS PARA LA ATENCIÓN DEL USUARIO";0102;NEGACIÓN DE TECNOLOGÍAS EN SALUD Y OTROS ELEMENTOS COMPLEMENTARIOS PARA LA ATENCIÓN DEL USUARIO;010204;NEGACIÓN PARA LA ENTREGA DE TECNOLOGÍAS EN SALUD Y/O DE OTROS SERVICIOS AUTORIZADOS;01020401;MEDICAMENTOS UPC;;;ENFERMEDADES CRÓNICAS NO TRASMISIBLES CARDIOVASCULARES;OTROS;TUMOR MALIGNO DE LA MAMA;No aplica;PRIORIZADO
462;2023;7;Web;05;05664;US- 000003306556;A nombre propio;HOMBRE;62;DE 50 A 62 AÑOS;No Aplica;Contributivo;No Aplica;No Aplica;05;05664;SALUD TOTAL;RÉGIMEN CONTRIBUTIVO;EPS002;SALUD TOTAL;05;05664;01;"BARRERAS EN EL ACCESO A TECNOLOGÍAS Y SERVICIOS DE SALUD; Y OTROS ELEMENTOS COMPLEMENTARIOS PARA LA ATENCIÓN DEL USUARIO";0101;FALTA DE OPORTUNIDAD EN LA PRESTACIÓN DE TECNOLOGÍAS EN SALUD Y OTROS ELEMENTOS COMPLEMENTARIOS PARA LA ATENCIÓN DEL USUARIO;010101;FALTA DE OPORTUNIDAD EN LAS CITAS O CONSULTAS;01010103;ESPECIALIDADES MÉDICAS ;01010103078;ORTOPEDIA Y TRAUMATOLOGÍA;PROBLEMAS RELACIONADOS CON FACILIDADES DE ATENCIÓN MÉDICA U OTROS SERVICIOS DE SALUD;PROBLEMAS RELACIONADOS CON FACILIDADES DE ATENCIÓN MÉDICA U OTROS SERVICIOS DE SALUD;PROBLEMAS RELACIONADOS CON FACILIDADES DE ATENCIÓN MEDICA U OTROS SERVICIOS DE SALUD;No aplica;SIMPLE
463;2023;7;Web;11;11001;US- 000003308924;A nombre propio;HOMBRE;44;DE 38 A 49 AÑOS;No Aplica;Contributivo;No Aplica;No Aplica;11;11001;COMPENSAR;RÉGIMEN CONTRIBUTIVO;EPS008;COMPENSAR;11;11001;01;"BARRERAS EN EL ACCESO A TECNOLOGÍAS Y SERVICIOS DE SALUD; Y OTROS ELEMENTOS COMPLEMENTARIOS PARA LA ATENCIÓN DEL USUARIO";0102;NEGACIÓN DE TECNOLOGÍAS EN SALUD Y OTROS ELEMENTOS COMPLEMENTARIOS PARA LA ATENCIÓN DEL USUARIO;010203;NEGACIÓN EN LA ATENCIÓN EN OTROS SERVICIOS DE SALUD;01020309;PROCEDIMIENTOS QUIRÚRGICOS;01020309003;OTROS PROCEDIMIENTOS QUIRÚRGICOS;ENFERMEDADES OSTEOARTICULARES;OTROS;TRAUMATISMO DEL TENDÓN DE AQUILES;No aplica;SIMPLE
464;2023;7;Web;66;66001;US- 000003027341;A nombre propio;HOMBRE;0;DE 0 A 5 AÑOS;No Aplica;Subsidiado;No Aplica;Desplazado;66;66001;SALUD TOTAL;RÉGIMEN CONTRIBUTIVO;EPS002;SALUD TOTAL;66;66001;01;"BARRERAS EN EL ACCESO A TECNOLOGÍAS Y SERVICIOS DE SALUD; Y OTROS ELEMENTOS COMPLEMENTARIOS PARA LA ATENCIÓN DEL USUARIO";0101;FALTA DE OPORTUNIDAD EN LA PRESTACIÓN DE TECNOLOGÍAS EN SALUD Y OTROS ELEMENTOS COMPLEMENTARIOS PARA LA ATENCIÓN DEL USUARIO;010101;FALTA DE OPORTUNIDAD EN LAS CITAS O CONSULTAS;01010103;ESPECIALIDADES MÉDICAS ;01010103026;CIRUGÍA PEDIÁTRICA;MATERNO INFANTIL;ATENCIÓN NIÑOS MENORES DE 5 AÑOS;GASTROSTOMÍA;No aplica;SIMPLE
465;2023;7;Escrito;20;20011;US- 000003278191;A nombre propio;MUJER;9;DE 6 A 12 AÑOS;No Aplica;Subsidiado;No Aplica;No Aplica;20;20011;NUEVA EPS;RÉGIMEN SUBSIDIADO;EPSS41;NUEVA EPS;20;20011;04;INSATISFACCIÓN DEL USUARIO CON EL PROCESO ADMINISTRATIVO;0405;PROBLEMAS EN EL RECONOCIMIENTO Y/O PAGO DE PRESTACIONES ECONÓMICAS;040502;NEGACIÓN Y/O FALTA DE OPORTUNIDAD EN EL RECONOCIMIENTO DE REEMBOLSOS;04050206;TRANSPORTE, ALOJAMIENTO O ALIMENTACIÓN;;;PROBLEMAS RELACIONADOS CON FACILIDADES DE ATENCIÓN MÉDICA U OTROS SERVICIOS DE SALUD;PROBLEMAS RELACIONADOS CON FACILIDADES DE ATENCIÓN MÉDICA U OTROS SERVICIOS DE SALUD;ENFERMEDAD DEL REFLUJO GASTROESOFÁGICO SIN ESOFAGITIS;No aplica;SIMPLE
466;2023;7;Personalizado;54;54261;US- 000003147467;A nombre propio;MUJER;69;MAYOR DE 63 AÑOS ;Primaria;Subsidiado;No Aplica;No Aplica;54;54261;COOSALUD;RÉGIMEN SUBSIDIADO;ESS024;COOSALUD;54;54261;01;"BARRERAS EN EL ACCESO A TECNOLOGÍAS Y SERVICIOS DE SALUD; Y OTROS ELEMENTOS COMPLEMENTARIOS PARA LA ATENCIÓN DEL USUARIO";0103;FALTA DE OPORTUNIDAD EN LA AUTORIZACIÓN DE TECNOLOGÍAS EN SALUD Y OTROS ELEMENTOS COMPLEMENTARIOS PARA LA ATENCIÓN DEL USUARIO;010302;FALTA DE OPORTUNIDAD EN LA AUTORIZACIÓN DE CITAS DE CONSULTA;01030213;JUNTA MÉDICA;;;PROBLEMAS RELACIONADOS CON FACILIDADES DE ATENCIÓN MÉDICA U OTROS SERVICIOS DE SALUD;PROBLEMAS RELACIONADOS CON FACILIDADES DE ATENCIÓN MÉDICA U OTROS SERVICIOS DE SALUD;OTRAS DORSOPATIAS DEFORMANTES DE LA COLUMNA VERTEBRAL ESPECIFICADAS;No aplica;SIMPLE
467;2023;7;Telefónico;08;08001;US- 000003159803;Hijo (A);HOMBRE;75;MAYOR DE 63 AÑOS ;Primaria;Contributivo;No Aplica;No Aplica;08;08675;SALUD TOTAL;RÉGIMEN CONTRIBUTIVO;EPS002;SALUD TOTAL;08;08001;01;"BARRERAS EN EL ACCESO A TECNOLOGÍAS Y SERVICIOS DE SALUD; Y OTROS ELEMENTOS COMPLEMENTARIOS PARA LA ATENCIÓN DEL USUARIO";0101;FALTA DE OPORTUNIDAD EN LA PRESTACIÓN DE TECNOLOGÍAS EN SALUD Y OTROS ELEMENTOS COMPLEMENTARIOS PARA LA ATENCIÓN DEL USUARIO;010104;FALTA DE OPORTUNIDAD EN LA ENTREGA O ENTREGA INCOMPLETA DE TECNOLOGÍAS EN SALUD Y/O PRESTACIÓN DE OTROS SERVICIOS;01010402;MEDICAMENTOS NO UPC;;;ENFERMEDADES OSTEOARTICULARES;NEUROLÓGICAS;DEMENCIA EN LA ENFERMEDAD DE ALZHEIMER;No aplica;SIMPLE
468;2023;7;Web;19;19548;US- 000003008104;A nombre propio;MUJER;11;DE 6 A 12 AÑOS;No Aplica;Subsidiado;No Aplica;No Aplica;19;19548;EMSSANAR EPS;RÉGIMEN SUBSIDIADO;ESS118;EMSSANAR;19;19548;01;"BARRERAS EN EL ACCESO A TECNOLOGÍAS Y SERVICIOS DE SALUD; Y OTROS ELEMENTOS COMPLEMENTARIOS PARA LA ATENCIÓN DEL USUARIO";0101;FALTA DE OPORTUNIDAD EN LA PRESTACIÓN DE TECNOLOGÍAS EN SALUD Y OTROS ELEMENTOS COMPLEMENTARIOS PARA LA ATENCIÓN DEL USUARIO;010103;FALTA DE OPORTUNIDAD EN LA ATENCIÓN EN OTROS SERVICIOS DE SALUD;01010309;PROCEDIMIENTOS QUIRÚRGICOS;01010309003;OTROS PROCEDIMIENTOS QUIRÚRGICOS;ENFERMEDADES OSTEOARTICULARES;OTROS;FRACTURA DE LA DIÁFISIS DEL CUBITO;No aplica;SIMPLE
469;2023;7;Web;68;68001;US- 000003279000;A nombre propio;MUJER;5;DE 0 A 5 AÑOS;No Aplica;Contributivo;No Aplica;No Aplica;68;68001;SALUD TOTAL;RÉGIMEN CONTRIBUTIVO;EPS002;SALUD TOTAL;68;68001;01;"BARRERAS EN EL ACCESO A TECNOLOGÍAS Y SERVICIOS DE SALUD; Y OTROS ELEMENTOS COMPLEMENTARIOS PARA LA ATENCIÓN DEL USUARIO";0101;FALTA DE OPORTUNIDAD EN LA PRESTACIÓN DE TECNOLOGÍAS EN SALUD Y OTROS ELEMENTOS COMPLEMENTARIOS PARA LA ATENCIÓN DEL USUARIO;010104;FALTA DE OPORTUNIDAD EN LA ENTREGA O ENTREGA INCOMPLETA DE TECNOLOGÍAS EN SALUD Y/O PRESTACIÓN DE OTROS SERVICIOS;01010401;MEDICAMENTOS UPC;;;MATERNO INFANTIL;ATENCIÓN NIÑOS MENORES DE 5 AÑOS;OTROS RECIÉN NACIDOS PRETÉRMINO;No aplica;SIMPLE
470;2023;7;Web;54;54261;US- 000003018163;A nombre propio;MUJER;26;DE 25 A 29 AÑOS;No Aplica;Subsidiado;No Aplica;Mujer en estado de gestación;54;54261;NUEVA EPS;RÉGIMEN SUBSIDIADO;EPSS41;NUEVA EPS;54;54261;01;"BARRERAS EN EL ACCESO A TECNOLOGÍAS Y SERVICIOS DE SALUD; Y OTROS ELEMENTOS COMPLEMENTARIOS PARA LA ATENCIÓN DEL USUARIO";0101;FALTA DE OPORTUNIDAD EN LA PRESTACIÓN DE TECNOLOGÍAS EN SALUD Y OTROS ELEMENTOS COMPLEMENTARIOS PARA LA ATENCIÓN DEL USUARIO;010103;FALTA DE OPORTUNIDAD EN LA ATENCIÓN EN OTROS SERVICIOS DE SALUD;01010308;PROCEDIMIENTOS NO QUIRÚRGICOS;01010308002;LABORATORIO CLÍNICO Y ANATOMOPATOLÓGICO;MATERNO INFANTIL;INDICADORES GLOBALES MATERNO INFANTIL;SUPERVISIÓN DE EMBARAZO DE ALTO RIESGO, SIN OTRA ESPECIFICACIÓN;No aplica;PRIORIZADO
471;2023;7;Personalizado;08;08001;US- 000001819204;Madre;MUJER;16;DE 13 A 17 AÑOS;Ninguno;Contributivo;No Aplica;Persona con discapacidad;08;08001;NUEVA EPS;RÉGIMEN CONTRIBUTIVO;EPS037;NUEVA EPS;08;08758;04;INSATISFACCIÓN DEL USUARIO CON EL PROCESO ADMINISTRATIVO;0404;INSATISFACCIÓN RELACIONADA CON TRÁMITES ADMINISTRATIVOS;040403;INCONSISTENCIAS EN LA AFILIACIÓN;04040308;TRASLADO NO SOLICITADO POR EL USUARIO;;;ENFERMEDADES OSTEOARTICULARES;NEUROLÓGICAS;SÍNDROME DE DOWN;No aplica;SIMPLE
472;2023;7;Personalizado;19;19001;US- 000000831700;A nombre propio;MUJER;34;DE 30 A 37 AÑOS;Universitario;Contributivo;No Aplica;No Aplica;19;19001;SANITAS;RÉGIMEN CONTRIBUTIVO;EPS005;SANITAS;19;19001;01;"BARRERAS EN EL ACCESO A TECNOLOGÍAS Y SERVICIOS DE SALUD; Y OTROS ELEMENTOS COMPLEMENTARIOS PARA LA ATENCIÓN DEL USUARIO";0101;FALTA DE OPORTUNIDAD EN LA PRESTACIÓN DE TECNOLOGÍAS EN SALUD Y OTROS ELEMENTOS COMPLEMENTARIOS PARA LA ATENCIÓN DEL USUARIO;010103;FALTA DE OPORTUNIDAD EN LA ATENCIÓN EN OTROS SERVICIOS DE SALUD;01010308;PROCEDIMIENTOS NO QUIRÚRGICOS;01010308001;IMAGENOLOGÍA;ENFERMEDADES CRÓNICAS NO TRANSMISIBLES –DIABETES;DIABETES;HIPOTIROIDISMO, NO ESPECIFICADO;No aplica;SIMPLE
473;2023;7;Web;25;25377;US- 000001537453;Otro;HOMBRE;87;MAYOR DE 63 AÑOS ;No Aplica;Contributivo;No Aplica;Persona con discapacidad;11;11001;NUEVA EPS;RÉGIMEN CONTRIBUTIVO;EPS037;NUEVA EPS;11;11001;01;"BARRERAS EN EL ACCESO A TECNOLOGÍAS Y SERVICIOS DE SALUD; Y OTROS ELEMENTOS COMPLEMENTARIOS PARA LA ATENCIÓN DEL USUARIO";0101;FALTA DE OPORTUNIDAD EN LA PRESTACIÓN DE TECNOLOGÍAS EN SALUD Y OTROS ELEMENTOS COMPLEMENTARIOS PARA LA ATENCIÓN DEL USUARIO;010101;FALTA DE OPORTUNIDAD EN LAS CITAS O CONSULTAS;01010103;ESPECIALIDADES MÉDICAS ;01010103035;DOLOR Y CUIDADOS PALIATIVOS;CÁNCER ;CÁNCER GÁSTRICO;TUMOR MALIGNO DEL ESTOMAGO;No aplica;PRIORIZADO
474;2023;7;Web;05;05088;US- 000002543718;A nombre propio;MUJER;37;DE 30 A 37 AÑOS;Secundaria;Contributivo;No Aplica;No Aplica;05;05088;SURAMERICANA EPS;RÉGIMEN CONTRIBUTIVO;EPS010;EPS SURA;05;05088;01;"BARRERAS EN EL ACCESO A TECNOLOGÍAS Y SERVICIOS DE SALUD; Y OTROS ELEMENTOS COMPLEMENTARIOS PARA LA ATENCIÓN DEL USUARIO";0102;NEGACIÓN DE TECNOLOGÍAS EN SALUD Y OTROS ELEMENTOS COMPLEMENTARIOS PARA LA ATENCIÓN DEL USUARIO;010203;NEGACIÓN EN LA ATENCIÓN EN OTROS SERVICIOS DE SALUD;01020309;PROCEDIMIENTOS QUIRÚRGICOS;01020309003;OTROS PROCEDIMIENTOS QUIRÚRGICOS;PROBLEMAS RELACIONADOS CON FACILIDADES DE ATENCIÓN MÉDICA U OTROS SERVICIOS DE SALUD;PROBLEMAS RELACIONADOS CON FACILIDADES DE ATENCIÓN MÉDICA U OTROS SERVICIOS DE SALUD;RUPTURA DE ANEURISMA DE LA AORTA ABDOMINAL;No aplica;SIMPLE
475;2023;7;Web;05;05088;US- 000003300209;A nombre propio;MUJER;39;DE 38 A 49 AÑOS;No Aplica;Contributivo;No Aplica;No Aplica;05;05088;SURAMERICANA EPS;RÉGIMEN CONTRIBUTIVO;EPS010;EPS SURA;05;05088;01;"BARRERAS EN EL ACCESO A TECNOLOGÍAS Y SERVICIOS DE SALUD; Y OTROS ELEMENTOS COMPLEMENTARIOS PARA LA ATENCIÓN DEL USUARIO";0101;FALTA DE OPORTUNIDAD EN LA PRESTACIÓN DE TECNOLOGÍAS EN SALUD Y OTROS ELEMENTOS COMPLEMENTARIOS PARA LA ATENCIÓN DEL USUARIO;010103;FALTA DE OPORTUNIDAD EN LA ATENCIÓN EN OTROS SERVICIOS DE SALUD;01010309;PROCEDIMIENTOS QUIRÚRGICOS;01010309003;OTROS PROCEDIMIENTOS QUIRÚRGICOS;PROBLEMAS RELACIONADOS CON FACILIDADES DE ATENCIÓN MÉDICA U OTROS SERVICIOS DE SALUD;PROBLEMAS RELACIONADOS CON FACILIDADES DE ATENCIÓN MÉDICA U OTROS SERVICIOS DE SALUD;OTRAS ENFERMEDADES DE LA VESÍCULA BILIAR;No aplica;SIMPLE
476;2023;7;Personalizado;23;23001;US- 000000285777;A nombre propio;MUJER;44;DE 38 A 49 AÑOS;Secundaria Incompleta;Subsidiado;No Aplica;Persona con discapacidad;23;23001;NUEVA EPS;RÉGIMEN CONTRIBUTIVO;EPS037;NUEVA EPS;23;23001;01;"BARRERAS EN EL ACCESO A TECNOLOGÍAS Y SERVICIOS DE SALUD; Y OTROS ELEMENTOS COMPLEMENTARIOS PARA LA ATENCIÓN DEL USUARIO";0101;FALTA DE OPORTUNIDAD EN LA PRESTACIÓN DE TECNOLOGÍAS EN SALUD Y OTROS ELEMENTOS COMPLEMENTARIOS PARA LA ATENCIÓN DEL USUARIO;010104;FALTA DE OPORTUNIDAD EN LA ENTREGA O ENTREGA INCOMPLETA DE TECNOLOGÍAS EN SALUD Y/O PRESTACIÓN DE OTROS SERVICIOS;01010401;MEDICAMENTOS UPC;;;ENFERMEDADES CRÓNICAS NO TRASMISIBLES CARDIOVASCULARES;OTROS;ARRITMIA CARDIACA, NO ESPECIFICADA;No aplica;SIMPLE
477;2023;7;Web;23;23815;US- 000003271769;Otro;MUJER;17;DE 13 A 17 AÑOS;Ninguno;Subsidiado;Indígena;Mujer en estado de gestación;23;23815;CAJACOPI EPS;RÉGIMEN SUBSIDIADO;CCF055;CAJACOPI EPS;23;23815;01;"BARRERAS EN EL ACCESO A TECNOLOGÍAS Y SERVICIOS DE SALUD; Y OTROS ELEMENTOS COMPLEMENTARIOS PARA LA ATENCIÓN DEL USUARIO";0101;FALTA DE OPORTUNIDAD EN LA PRESTACIÓN DE TECNOLOGÍAS EN SALUD Y OTROS ELEMENTOS COMPLEMENTARIOS PARA LA ATENCIÓN DEL USUARIO;010104;FALTA DE OPORTUNIDAD EN LA ENTREGA O ENTREGA INCOMPLETA DE TECNOLOGÍAS EN SALUD Y/O PRESTACIÓN DE OTROS SERVICIOS;01010408;TRANSPORTE, ALOJAMIENTO O ALIMENTACIÓN;;;MATERNO INFANTIL;ATENCIÓN EN EL EMBARAZO;SUPERVISIÓN DE EMBARAZO DE ALTO RIESGO, SIN OTRA ESPECIFICACIÓN;No aplica;PRIORIZADO
478;2023;7;Web;68;68081;US- 000003274551;A nombre propio;MUJER;27;DE 25 A 29 AÑOS;No Aplica;Contributivo;No Aplica;Desplazado;68;68081;NUEVA EPS;RÉGIMEN CONTRIBUTIVO;EPS037;NUEVA EPS;68;68081;04;INSATISFACCIÓN DEL USUARIO CON EL PROCESO ADMINISTRATIVO;0405;PROBLEMAS EN EL RECONOCIMIENTO Y/O PAGO DE PRESTACIONES ECONÓMICAS;040501;NO RECONOCIMIENTO Y/O PAGO DE LAS PRESTACIONES ECONÓMICAS;04050101;LICENCIA DE MATERNIDAD;;;PROBLEMAS RELACIONADOS CON FACILIDADES DE ATENCIÓN MÉDICA U OTROS SERVICIOS DE SALUD;PROBLEMAS RELACIONADOS CON FACILIDADES DE ATENCIÓN MÉDICA U OTROS SERVICIOS DE SALUD;OTROS PROBLEMAS RELACIONADOS CON SERVICIOS MÉDICOS Y DE SALUD;No aplica;SIMPLE
479;2023;7;Telefónico;13;13001;US- 000002954168;A nombre propio;MUJER;22;DE 18 A 24 AÑOS;Universitario Incompleto;Subsidiado;No Aplica;No Aplica;13;13001;NUEVA EPS;RÉGIMEN SUBSIDIADO;EPSS41;NUEVA EPS;05;05045;01;"BARRERAS EN EL ACCESO A TECNOLOGÍAS Y SERVICIOS DE SALUD; Y OTROS ELEMENTOS COMPLEMENTARIOS PARA LA ATENCIÓN DEL USUARIO";0101;FALTA DE OPORTUNIDAD EN LA PRESTACIÓN DE TECNOLOGÍAS EN SALUD Y OTROS ELEMENTOS COMPLEMENTARIOS PARA LA ATENCIÓN DEL USUARIO;010101;FALTA DE OPORTUNIDAD EN LAS CITAS O CONSULTAS;01010103;ESPECIALIDADES MÉDICAS ;01010103063;MEDICINA INTERNA;CÁNCER ;OTROS;TUMOR MALIGNO DEL GANGLIO LINFÁTICO, SITIO NO ESPECIFICADO;No aplica;PRIORIZADO
480;2023;7;Web;05;05360;US- 000003306604;A nombre propio;HOMBRE;47;DE 38 A 49 AÑOS;No Aplica;Contributivo;No Aplica;Desplazado;05;05360;SURAMERICANA EPS;RÉGIMEN CONTRIBUTIVO;EPS010;EPS SURA;05;05001;01;"BARRERAS EN EL ACCESO A TECNOLOGÍAS Y SERVICIOS DE SALUD; Y OTROS ELEMENTOS COMPLEMENTARIOS PARA LA ATENCIÓN DEL USUARIO";0101;FALTA DE OPORTUNIDAD EN LA PRESTACIÓN DE TECNOLOGÍAS EN SALUD Y OTROS ELEMENTOS COMPLEMENTARIOS PARA LA ATENCIÓN DEL USUARIO;010101;FALTA DE OPORTUNIDAD EN LAS CITAS O CONSULTAS;01010103;ESPECIALIDADES MÉDICAS ;01010103080;OTORRINOLARINGOLOGÍA;PROBLEMAS RELACIONADOS CON FACILIDADES DE ATENCIÓN MÉDICA U OTROS SERVICIOS DE SALUD;PROBLEMAS RELACIONADOS CON FACILIDADES DE ATENCIÓN MÉDICA U OTROS SERVICIOS DE SALUD;DISFONÍA;No aplica;SIMPLE
481;2023;7;Escrito;11;11001;US- 000002928098;A nombre propio;HOMBRE;23;DE 18 A 24 AÑOS;No Aplica;Régimen Especial;No Aplica;No Aplica;11;11001;MAGISTERIO;REGÍMENES DE EXCEPCIÓN Y ESPECIALES;REMG01;MAGISTERIO;11;11001;01;"BARRERAS EN EL ACCESO A TECNOLOGÍAS Y SERVICIOS DE SALUD; Y OTROS ELEMENTOS COMPLEMENTARIOS PARA LA ATENCIÓN DEL USUARIO";0101;FALTA DE OPORTUNIDAD EN LA PRESTACIÓN DE TECNOLOGÍAS EN SALUD Y OTROS ELEMENTOS COMPLEMENTARIOS PARA LA ATENCIÓN DEL USUARIO;010103;FALTA DE OPORTUNIDAD EN LA ATENCIÓN EN OTROS SERVICIOS DE SALUD;01010309;PROCEDIMIENTOS QUIRÚRGICOS;01010309003;OTROS PROCEDIMIENTOS QUIRÚRGICOS;PROBLEMAS RELACIONADOS CON FACILIDADES DE ATENCIÓN MÉDICA U OTROS SERVICIOS DE SALUD;PROBLEMAS RELACIONADOS CON FACILIDADES DE ATENCIÓN MÉDICA U OTROS SERVICIOS DE SALUD;ENFERMEDADES INFLAMATORIAS DE LA PRÓSTATA;No aplica;SIMPLE
482;2023;7;Escrito;68;68001;US- 000003274443;A nombre propio;MUJER;27;DE 25 A 29 AÑOS;No Aplica;Contributivo;No Aplica;No Aplica;68;68001;SURAMERICANA EPS;RÉGIMEN CONTRIBUTIVO;EPS010;EPS SURA;68;68001;04;INSATISFACCIÓN DEL USUARIO CON EL PROCESO ADMINISTRATIVO;0405;PROBLEMAS EN EL RECONOCIMIENTO Y/O PAGO DE PRESTACIONES ECONÓMICAS;040501;NO RECONOCIMIENTO Y/O PAGO DE LAS PRESTACIONES ECONÓMICAS;04050101;LICENCIA DE MATERNIDAD;;;PROBLEMAS RELACIONADOS CON FACILIDADES DE ATENCIÓN MÉDICA U OTROS SERVICIOS DE SALUD;PROBLEMAS RELACIONADOS CON FACILIDADES DE ATENCIÓN MÉDICA U OTROS SERVICIOS DE SALUD;PARTO POR CESÁREA, SIN OTRA ESPECIFICACIÓN;No aplica;SIMPLE
483;2023;7;Telefónico;50;50001;US- 000003280034;A nombre propio;MUJER;22;DE 18 A 24 AÑOS;Secundaria Incompleta;Contributivo;No Aplica;No Aplica;50;50001;FAMISANAR;RÉGIMEN CONTRIBUTIVO;EPS017;FAMISANAR;50;50001;02;INSATISFACCIÓN RELACIONADA CON LA ATENCIÓN EN SALUD;0202;INSATISFACCIÓN RELACIONADA CON LA ATENCIÓN DEL PERSONAL EN SALUD;020201;INSATISFACCIÓN RELACIONADA CON LA ATENCIÓN DEL PERSONAL EN SALUD;02020102;FALLAS EN LA PRÁCTICA MÉDICA;;;PROBLEMAS RELACIONADOS CON FACILIDADES DE ATENCIÓN MÉDICA U OTROS SERVICIOS DE SALUD;PROBLEMAS RELACIONADOS CON FACILIDADES DE ATENCIÓN MÉDICA U OTROS SERVICIOS DE SALUD;APENDICITIS, NO ESPECIFICADA;No aplica;SIMPLE
484;2023;7;Telefónico;23;23189;US- 000000441874;Madre;HOMBRE;25;DE 25 A 29 AÑOS;Universitario;Contributivo;No Aplica;No Aplica;23;23189;NUEVA EPS;RÉGIMEN CONTRIBUTIVO;EPS037;NUEVA EPS;23;23001;04;INSATISFACCIÓN DEL USUARIO CON EL PROCESO ADMINISTRATIVO;0404;INSATISFACCIÓN RELACIONADA CON TRÁMITES ADMINISTRATIVOS;040403;INCONSISTENCIAS EN LA AFILIACIÓN;04040303;SUSPENSIÓN POR MORA ;;;ENFERMEDADES CRÓNICAS NO TRASMISIBLES CARDIOVASCULARES;OTROS;INSUFICIENCIA CARDIACA CONGESTIVA;Trasplante de corazón;PRIORIZADO
485;2023;7;Telefónico;50;50313;US- 000003277451;Padre;MUJER;6;DE 6 A 12 AÑOS;No Aplica;Subsidiado;No Aplica;No Aplica;50;50313;NUEVA EPS;RÉGIMEN CONTRIBUTIVO;EPS037;NUEVA EPS;50;50313;01;"BARRERAS EN EL ACCESO A TECNOLOGÍAS Y SERVICIOS DE SALUD; Y OTROS ELEMENTOS COMPLEMENTARIOS PARA LA ATENCIÓN DEL USUARIO";0101;FALTA DE OPORTUNIDAD EN LA PRESTACIÓN DE TECNOLOGÍAS EN SALUD Y OTROS ELEMENTOS COMPLEMENTARIOS PARA LA ATENCIÓN DEL USUARIO;010105;FALTA DE OPORTUNIDAD EN EL PROCESO DE REFERENCIA Y CONTRARREFERENCIA;;;;;ENFERMEDADES OSTEOARTICULARES;OTROS;HERIDA DE LA CABEZA;No aplica;PRIORIZADO
486;2023;7;Web;05;05001;US- 000003009723;A nombre propio;MUJER;35;DE 30 A 37 AÑOS;No Aplica;Contributivo;Mulato ;No Aplica;05;05001;SURAMERICANA EPS;RÉGIMEN CONTRIBUTIVO;EPS010;EPS SURA;05;05001;01;"BARRERAS EN EL ACCESO A TECNOLOGÍAS Y SERVICIOS DE SALUD; Y OTROS ELEMENTOS COMPLEMENTARIOS PARA LA ATENCIÓN DEL USUARIO";0101;FALTA DE OPORTUNIDAD EN LA PRESTACIÓN DE TECNOLOGÍAS EN SALUD Y OTROS ELEMENTOS COMPLEMENTARIOS PARA LA ATENCIÓN DEL USUARIO;010103;FALTA DE OPORTUNIDAD EN LA ATENCIÓN EN OTROS SERVICIOS DE SALUD;01010302;HOSPITALIZACIÓN;;;PROBLEMAS RELACIONADOS CON FACILIDADES DE ATENCIÓN MÉDICA U OTROS SERVICIOS DE SALUD;PROBLEMAS RELACIONADOS CON FACILIDADES DE ATENCIÓN MÉDICA U OTROS SERVICIOS DE SALUD;OTROS PROBLEMAS RELACIONADOS CON SERVICIOS MÉDICOS Y DE SALUD;No aplica;SIMPLE
487;2023;7;Web;25;25290;US- 000001045584;A nombre propio;MUJER;63;MAYOR DE 63 AÑOS ;No Aplica;Contributivo;No Aplica;No Aplica;25;25290;NUEVA EPS;RÉGIMEN CONTRIBUTIVO;EPS037;NUEVA EPS;25;25290;01;"BARRERAS EN EL ACCESO A TECNOLOGÍAS Y SERVICIOS DE SALUD; Y OTROS ELEMENTOS COMPLEMENTARIOS PARA LA ATENCIÓN DEL USUARIO";0101;FALTA DE OPORTUNIDAD EN LA PRESTACIÓN DE TECNOLOGÍAS EN SALUD Y OTROS ELEMENTOS COMPLEMENTARIOS PARA LA ATENCIÓN DEL USUARIO;010104;FALTA DE OPORTUNIDAD EN LA ENTREGA O ENTREGA INCOMPLETA DE TECNOLOGÍAS EN SALUD Y/O PRESTACIÓN DE OTROS SERVICIOS;01010403;DISPOSITIVOS MÉDICOS UPC;;;PROBLEMAS RELACIONADOS CON FACILIDADES DE ATENCIÓN MÉDICA U OTROS SERVICIOS DE SALUD;PROBLEMAS RELACIONADOS CON FACILIDADES DE ATENCIÓN MÉDICA U OTROS SERVICIOS DE SALUD;APNEA DEL SUEÑO;No aplica;SIMPLE
488;2023;7;Web;05;05001;US- 000003309446;A nombre propio;HOMBRE;81;MAYOR DE 63 AÑOS ;No Aplica;Contributivo;No Aplica;No Aplica;05;05001;SURAMERICANA EPS;RÉGIMEN CONTRIBUTIVO;EPS010;EPS SURA;05;05001;01;"BARRERAS EN EL ACCESO A TECNOLOGÍAS Y SERVICIOS DE SALUD; Y OTROS ELEMENTOS COMPLEMENTARIOS PARA LA ATENCIÓN DEL USUARIO";0101;FALTA DE OPORTUNIDAD EN LA PRESTACIÓN DE TECNOLOGÍAS EN SALUD Y OTROS ELEMENTOS COMPLEMENTARIOS PARA LA ATENCIÓN DEL USUARIO;010103;FALTA DE OPORTUNIDAD EN LA ATENCIÓN EN OTROS SERVICIOS DE SALUD;01010308;PROCEDIMIENTOS NO QUIRÚRGICOS;01010308001;IMAGENOLOGÍA;PROBLEMAS RELACIONADOS CON FACILIDADES DE ATENCIÓN MÉDICA U OTROS SERVICIOS DE SALUD;PROBLEMAS RELACIONADOS CON FACILIDADES DE ATENCIÓN MÉDICA U OTROS SERVICIOS DE SALUD;APNEA DEL SUEÑO;No aplica;SIMPLE
489;2023;7;Personalizado;25;25175;US- 000003089565;Hijo (A);HOMBRE;72;MAYOR DE 63 AÑOS ;Primaria Incompleta;No aplica;No Aplica;No Aplica;25;25175;SECRETARÍA DISTRITAL DE SALUD  DE BOGOTA;ENTIDADES TERRITORIALES;999998;SECRETARIA DISTRITAL DE SALUD  DE BOGOTA;25;25175;02;INSATISFACCIÓN RELACIONADA CON LA ATENCIÓN EN SALUD;0202;INSATISFACCIÓN RELACIONADA CON LA ATENCIÓN DEL PERSONAL EN SALUD;020201;INSATISFACCIÓN RELACIONADA CON LA ATENCIÓN DEL PERSONAL EN SALUD;02020104;INSUFICIENTE INFORMACIÓN SOBRE LA ATENCIÓN EN SALUD;;;CÁNCER ;OTROS;CARCINOMA IN SITU DE OTROS SITIOS ESPECIFICADOS;No aplica;PRIORIZADO
490;2023;7;Personalizado;15;15001;US- 000003296744;A nombre propio;MUJER;58;DE 50 A 62 AÑOS;Secundaria;No aplica;No Aplica;No Aplica;15;15001;POSITIVA;ADMINISTRADORAS DE RIESGOS LABORALES;ARL002;ARL - POSITIVA;15;15001;01;"BARRERAS EN EL ACCESO A TECNOLOGÍAS Y SERVICIOS DE SALUD; Y OTROS ELEMENTOS COMPLEMENTARIOS PARA LA ATENCIÓN DEL USUARIO";0101;FALTA DE OPORTUNIDAD EN LA PRESTACIÓN DE TECNOLOGÍAS EN SALUD Y OTROS ELEMENTOS COMPLEMENTARIOS PARA LA ATENCIÓN DEL USUARIO;010101;FALTA DE OPORTUNIDAD EN LAS CITAS O CONSULTAS;01010103;ESPECIALIDADES MÉDICAS ;01010103071;NEUROCIRUGÍA;PROBLEMAS RELACIONADOS CON FACILIDADES DE ATENCIÓN MÉDICA U OTROS SERVICIOS DE SALUD;PROBLEMAS RELACIONADOS CON FACILIDADES DE ATENCIÓN MÉDICA U OTROS SERVICIOS DE SALUD;FRACTURA DE LA COLUMNA LUMBAR Y DE LA PELVIS;No aplica;SIMPLE
491;2023;7;Web;68;68081;US- 000003281501;A nombre propio;HOMBRE;49;DE 38 A 49 AÑOS;Ninguno;Contributivo;No Aplica;No Aplica;68;68081;NUEVA EPS;RÉGIMEN CONTRIBUTIVO;EPS037;NUEVA EPS;68;68081;01;"BARRERAS EN EL ACCESO A TECNOLOGÍAS Y SERVICIOS DE SALUD; Y OTROS ELEMENTOS COMPLEMENTARIOS PARA LA ATENCIÓN DEL USUARIO";0101;FALTA DE OPORTUNIDAD EN LA PRESTACIÓN DE TECNOLOGÍAS EN SALUD Y OTROS ELEMENTOS COMPLEMENTARIOS PARA LA ATENCIÓN DEL USUARIO;010101;FALTA DE OPORTUNIDAD EN LAS CITAS O CONSULTAS;01010103;ESPECIALIDADES MÉDICAS ;01010103009;CIRUGÍA CABEZA Y CUELLO - OTORRINOLARINGOLOGÍA;PROBLEMAS RELACIONADOS CON FACILIDADES DE ATENCIÓN MÉDICA U OTROS SERVICIOS DE SALUD;PROBLEMAS RELACIONADOS CON FACILIDADES DE ATENCIÓN MÉDICA U OTROS SERVICIOS DE SALUD;TUMEFACCIÓN, MASA O PROMINENCIA LOCALIZADA EN EL CUELLO;No aplica;SIMPLE
492;2023;7;Web;54;54001;US- 000003300599;Otro;HOMBRE;88;MAYOR DE 63 AÑOS ;Secundaria;Subsidiado;No Aplica;No Aplica;54;54001;COMPENSAR;RÉGIMEN CONTRIBUTIVO;EPS008;COMPENSAR;54;54001;01;"BARRERAS EN EL ACCESO A TECNOLOGÍAS Y SERVICIOS DE SALUD; Y OTROS ELEMENTOS COMPLEMENTARIOS PARA LA ATENCIÓN DEL USUARIO";0101;FALTA DE OPORTUNIDAD EN LA PRESTACIÓN DE TECNOLOGÍAS EN SALUD Y OTROS ELEMENTOS COMPLEMENTARIOS PARA LA ATENCIÓN DEL USUARIO;010103;FALTA DE OPORTUNIDAD EN LA ATENCIÓN EN OTROS SERVICIOS DE SALUD;01010303;UNIDAD DE CUIDADO INTENSIVO;;;ENFERMEDADES CRÓNICAS NO TRASMISIBLES CARDIOVASCULARES;ACV (ACCIDENTE CEREBRO VASCULAR);ENFERMEDAD CEREBROVASCULAR, NO ESPECIFICADA;Manejo de pacientes en Unidades de cuidados intensivos;RIESGO VITAL
493;2023;7;Personalizado;08;08141;US- 000003268723;A nombre propio;MUJER;31;DE 30 A 37 AÑOS;Universitario Incompleto;Subsidiado;Afrocolombiano o Afrodescendiente;No Aplica;08;08141;MUTUAL SER;RÉGIMEN SUBSIDIADO;ESS207;MUTUAL SER;08;08141;04;INSATISFACCIÓN DEL USUARIO CON EL PROCESO ADMINISTRATIVO;0404;INSATISFACCIÓN RELACIONADA CON TRÁMITES ADMINISTRATIVOS;040403;INCONSISTENCIAS EN LA AFILIACIÓN;04040309;OTRAS INCONSISTENCIAS;;;PROBLEMAS RELACIONADOS CON FACILIDADES DE ATENCIÓN MÉDICA U OTROS SERVICIOS DE SALUD;PROBLEMAS RELACIONADOS CON FACILIDADES DE ATENCIÓN MÉDICA U OTROS SERVICIOS DE SALUD;PROBLEMAS RELACIONADOS CON FACILIDADES DE ATENCIÓN MEDICA U OTROS SERVICIOS DE SALUD;No aplica;SIMPLE
494;2023;7;Web;11;11001;US- 000003070853;A nombre propio;MUJER;26;DE 25 A 29 AÑOS;No Aplica;Contributivo;No Aplica;No Aplica;11;11001;SANITAS;RÉGIMEN CONTRIBUTIVO;EPS005;SANITAS;11;11001;01;"BARRERAS EN EL ACCESO A TECNOLOGÍAS Y SERVICIOS DE SALUD; Y OTROS ELEMENTOS COMPLEMENTARIOS PARA LA ATENCIÓN DEL USUARIO";0101;FALTA DE OPORTUNIDAD EN LA PRESTACIÓN DE TECNOLOGÍAS EN SALUD Y OTROS ELEMENTOS COMPLEMENTARIOS PARA LA ATENCIÓN DEL USUARIO;010103;FALTA DE OPORTUNIDAD EN LA ATENCIÓN EN OTROS SERVICIOS DE SALUD;01010309;PROCEDIMIENTOS QUIRÚRGICOS;01010309003;OTROS PROCEDIMIENTOS QUIRÚRGICOS;PROBLEMAS RELACIONADOS CON FACILIDADES DE ATENCIÓN MÉDICA U OTROS SERVICIOS DE SALUD;PROBLEMAS RELACIONADOS CON FACILIDADES DE ATENCIÓN MÉDICA U OTROS SERVICIOS DE SALUD;PROBLEMAS RELACIONADOS CON FACILIDADES DE ATENCIÓN MEDICA U OTROS SERVICIOS DE SALUD;No aplica;SIMPLE
495;2023;7;Telefónico;08;08001;US- 000003309928;A nombre propio;HOMBRE;68;MAYOR DE 63 AÑOS ;Ninguno;Contributivo;No Aplica;No Aplica;08;08001;NUEVA EPS;RÉGIMEN CONTRIBUTIVO;EPS037;NUEVA EPS;08;08001;01;"BARRERAS EN EL ACCESO A TECNOLOGÍAS Y SERVICIOS DE SALUD; Y OTROS ELEMENTOS COMPLEMENTARIOS PARA LA ATENCIÓN DEL USUARIO";0101;FALTA DE OPORTUNIDAD EN LA PRESTACIÓN DE TECNOLOGÍAS EN SALUD Y OTROS ELEMENTOS COMPLEMENTARIOS PARA LA ATENCIÓN DEL USUARIO;010103;FALTA DE OPORTUNIDAD EN LA ATENCIÓN EN OTROS SERVICIOS DE SALUD;01010309;PROCEDIMIENTOS QUIRÚRGICOS;01010309003;OTROS PROCEDIMIENTOS QUIRÚRGICOS;ENFERMEDADES CRÓNICAS NO TRASMISIBLES CARDIOVASCULARES;OTROS;ENTROPIÓN Y TRIQUIASIS PALPEBRAL;No aplica;SIMPLE
496;2023;7;Web;05;05001;US- 000003279735;A nombre propio;MUJER;25;DE 25 A 29 AÑOS;No Aplica;Contributivo;No Aplica;No Aplica;05;05001;SURAMERICANA EPS;RÉGIMEN CONTRIBUTIVO;EPS010;EPS SURA;05;05001;01;"BARRERAS EN EL ACCESO A TECNOLOGÍAS Y SERVICIOS DE SALUD; Y OTROS ELEMENTOS COMPLEMENTARIOS PARA LA ATENCIÓN DEL USUARIO";0103;FALTA DE OPORTUNIDAD EN LA AUTORIZACIÓN DE TECNOLOGÍAS EN SALUD Y OTROS ELEMENTOS COMPLEMENTARIOS PARA LA ATENCIÓN DEL USUARIO;010304;FALTA DE OPORTUNIDAD EN LA AUTORIZACIÓN DE OTROS SERVICIOS DE SALUD;01030409;PROCEDIMIENTOS QUIRÚRGICOS;01030409003;OTROS PROCEDIMIENTOS QUIRÚRGICOS;PROBLEMAS RELACIONADOS CON FACILIDADES DE ATENCIÓN MÉDICA U OTROS SERVICIOS DE SALUD;PROBLEMAS RELACIONADOS CON FACILIDADES DE ATENCIÓN MÉDICA U OTROS SERVICIOS DE SALUD;OTROS PROBLEMAS RELACIONADOS CON SERVICIOS MÉDICOS Y DE SALUD;No aplica;SIMPLE
497;2023;7;Web;11;11001;US- 000002887453;A nombre propio;MUJER;49;DE 38 A 49 AÑOS;Universitario;Contributivo;No Aplica;No Aplica;11;11001;COMPENSAR;RÉGIMEN CONTRIBUTIVO;EPS008;COMPENSAR;11;11001;01;"BARRERAS EN EL ACCESO A TECNOLOGÍAS Y SERVICIOS DE SALUD; Y OTROS ELEMENTOS COMPLEMENTARIOS PARA LA ATENCIÓN DEL USUARIO";0101;FALTA DE OPORTUNIDAD EN LA PRESTACIÓN DE TECNOLOGÍAS EN SALUD Y OTROS ELEMENTOS COMPLEMENTARIOS PARA LA ATENCIÓN DEL USUARIO;010103;FALTA DE OPORTUNIDAD EN LA ATENCIÓN EN OTROS SERVICIOS DE SALUD;01010302;HOSPITALIZACIÓN;;;PROBLEMAS RELACIONADOS CON FACILIDADES DE ATENCIÓN MÉDICA U OTROS SERVICIOS DE SALUD;PROBLEMAS RELACIONADOS CON FACILIDADES DE ATENCIÓN MÉDICA U OTROS SERVICIOS DE SALUD;CALCULO DEL RIÑÓN;No aplica;RIESGO VITAL
498;2023;7;Web;95;95001;US- 000003277475;A nombre propio;MUJER;27;DE 25 A 29 AÑOS;No Aplica;Contributivo;No Aplica;No Aplica;95;95001;NUEVA EPS;RÉGIMEN CONTRIBUTIVO;EPS037;NUEVA EPS;95;95001;01;"BARRERAS EN EL ACCESO A TECNOLOGÍAS Y SERVICIOS DE SALUD; Y OTROS ELEMENTOS COMPLEMENTARIOS PARA LA ATENCIÓN DEL USUARIO";0101;FALTA DE OPORTUNIDAD EN LA PRESTACIÓN DE TECNOLOGÍAS EN SALUD Y OTROS ELEMENTOS COMPLEMENTARIOS PARA LA ATENCIÓN DEL USUARIO;010105;FALTA DE OPORTUNIDAD EN EL PROCESO DE REFERENCIA Y CONTRARREFERENCIA;;;;;PROBLEMAS RELACIONADOS CON FACILIDADES DE ATENCIÓN MÉDICA U OTROS SERVICIOS DE SALUD;PROBLEMAS RELACIONADOS CON FACILIDADES DE ATENCIÓN MÉDICA U OTROS SERVICIOS DE SALUD;OTROS PROBLEMAS RELACIONADOS CON SERVICIOS MÉDICOS Y DE SALUD;No aplica;PRIORIZADO
499;2023;7;Personalizado;25;25269;US- 000003285404;A nombre propio;HOMBRE;68;MAYOR DE 63 AÑOS ;Ninguno;Contributivo;No Aplica;No Aplica;25;25269;FAMISANAR;RÉGIMEN CONTRIBUTIVO;EPS017;FAMISANAR;25;25269;01;"BARRERAS EN EL ACCESO A TECNOLOGÍAS Y SERVICIOS DE SALUD; Y OTROS ELEMENTOS COMPLEMENTARIOS PARA LA ATENCIÓN DEL USUARIO";0101;FALTA DE OPORTUNIDAD EN LA PRESTACIÓN DE TECNOLOGÍAS EN SALUD Y OTROS ELEMENTOS COMPLEMENTARIOS PARA LA ATENCIÓN DEL USUARIO;010101;FALTA DE OPORTUNIDAD EN LAS CITAS O CONSULTAS;01010101;MEDICINA GENERAL;;;PROBLEMAS RELACIONADOS CON FACILIDADES DE ATENCIÓN MÉDICA U OTROS SERVICIOS DE SALUD;PROBLEMAS RELACIONADOS CON FACILIDADES DE ATENCIÓN MÉDICA U OTROS SERVICIOS DE SALUD;PROBLEMAS RELACIONADOS CON ATENCIÓN DE SALUD NO DISPONIBLE O INACCESIBLE;No aplica;SIMPLE
500;2023;7;Telefónico;11;11001;US- 000000519321;A nombre propio;HOMBRE;81;MAYOR DE 63 AÑOS ;Primaria;Contributivo;No Aplica;No Aplica;11;11001;SALUD TOTAL;RÉGIMEN CONTRIBUTIVO;EPS002;SALUD TOTAL;11;11001;01;"BARRERAS EN EL ACCESO A TECNOLOGÍAS Y SERVICIOS DE SALUD; Y OTROS ELEMENTOS COMPLEMENTARIOS PARA LA ATENCIÓN DEL USUARIO";0101;FALTA DE OPORTUNIDAD EN LA PRESTACIÓN DE TECNOLOGÍAS EN SALUD Y OTROS ELEMENTOS COMPLEMENTARIOS PARA LA ATENCIÓN DEL USUARIO;010104;FALTA DE OPORTUNIDAD EN LA ENTREGA O ENTREGA INCOMPLETA DE TECNOLOGÍAS EN SALUD Y/O PRESTACIÓN DE OTROS SERVICIOS;01010401;MEDICAMENTOS UPC;;;ENFERMEDADES CRÓNICAS NO TRASMISIBLES CARDIOVASCULARES;HTA (HIPERTENSIÓN ARTERIAL);DIABETES MELLITUS NO INSULINODEPENDIENTE;No aplica;SIMPLE
501;2023;7;Telefónico;05;05001;US- 000003311337;Hijo (A);HOMBRE;54;DE 50 A 62 AÑOS;Secundaria;Subsidiado;No Aplica;No Aplica;05;05001;SURAMERICANA EPS;RÉGIMEN CONTRIBUTIVO;EPS010;EPS SURA;05;05001;01;"BARRERAS EN EL ACCESO A TECNOLOGÍAS Y SERVICIOS DE SALUD; Y OTROS ELEMENTOS COMPLEMENTARIOS PARA LA ATENCIÓN DEL USUARIO";0101;FALTA DE OPORTUNIDAD EN LA PRESTACIÓN DE TECNOLOGÍAS EN SALUD Y OTROS ELEMENTOS COMPLEMENTARIOS PARA LA ATENCIÓN DEL USUARIO;010103;FALTA DE OPORTUNIDAD EN LA ATENCIÓN EN OTROS SERVICIOS DE SALUD;01010309;PROCEDIMIENTOS QUIRÚRGICOS;01010309003;OTROS PROCEDIMIENTOS QUIRÚRGICOS;ENFERMEDADES CRÓNICAS NO TRASMISIBLES CARDIOVASCULARES;HTA (HIPERTENSIÓN ARTERIAL);TUMOR BENIGNO LIPOMATOSO DE PIEL Y DE TEJIDO SUBCUTÁNEO DE CABEZA, CARA Y CUELLO;No aplica;SIMPLE
502;2023;7;Web;66;66170;US- 000002454915;A nombre propio;HOMBRE;59;DE 50 A 62 AÑOS;No Aplica;Contributivo;Mulato ;No Aplica;66;66170;SANITAS;RÉGIMEN CONTRIBUTIVO;EPS005;SANITAS;66;66001;01;"BARRERAS EN EL ACCESO A TECNOLOGÍAS Y SERVICIOS DE SALUD; Y OTROS ELEMENTOS COMPLEMENTARIOS PARA LA ATENCIÓN DEL USUARIO";0101;FALTA DE OPORTUNIDAD EN LA PRESTACIÓN DE TECNOLOGÍAS EN SALUD Y OTROS ELEMENTOS COMPLEMENTARIOS PARA LA ATENCIÓN DEL USUARIO;010101;FALTA DE OPORTUNIDAD EN LAS CITAS O CONSULTAS;01010103;ESPECIALIDADES MÉDICAS ;01010103078;ORTOPEDIA Y TRAUMATOLOGÍA;PROBLEMAS RELACIONADOS CON FACILIDADES DE ATENCIÓN MÉDICA U OTROS SERVICIOS DE SALUD;PROBLEMAS RELACIONADOS CON FACILIDADES DE ATENCIÓN MÉDICA U OTROS SERVICIOS DE SALUD;OTROS PROBLEMAS RELACIONADOS CON SERVICIOS MÉDICOS Y DE SALUD;No aplica;SIMPLE
503;2023;7;Escrito;05;05001;US- 000003299207;Cónyuge;MUJER;23;DE 18 A 24 AÑOS;No Aplica;Régimen Especial;No Aplica;No Aplica;05;05001;POLICIA NACIONAL;REGÍMENES DE EXCEPCIÓN Y ESPECIALES;REPN01;POLICIA NACIONAL;05;05001;01;"BARRERAS EN EL ACCESO A TECNOLOGÍAS Y SERVICIOS DE SALUD; Y OTROS ELEMENTOS COMPLEMENTARIOS PARA LA ATENCIÓN DEL USUARIO";0101;FALTA DE OPORTUNIDAD EN LA PRESTACIÓN DE TECNOLOGÍAS EN SALUD Y OTROS ELEMENTOS COMPLEMENTARIOS PARA LA ATENCIÓN DEL USUARIO;010101;FALTA DE OPORTUNIDAD EN LAS CITAS O CONSULTAS;01010103;ESPECIALIDADES MÉDICAS ;01010103013;CIRUGÍA DE MAMA Y TEJIDOS BLANDOS - MASTOLOGÍA;PROBLEMAS RELACIONADOS CON FACILIDADES DE ATENCIÓN MÉDICA U OTROS SERVICIOS DE SALUD;PROBLEMAS RELACIONADOS CON FACILIDADES DE ATENCIÓN MÉDICA U OTROS SERVICIOS DE SALUD;HALLAZGOS ANORMALES EN DIAGNOSTICO POR IMAGEN DE LA MAMA;No aplica;PRIORIZADO
504;2023;7;Web;11;11001;US- 000003303711;A nombre propio;HOMBRE;59;DE 50 A 62 AÑOS;No Aplica;Contributivo;No Aplica;Persona con discapacidad;11;11001;FAMISANAR;RÉGIMEN CONTRIBUTIVO;EPS017;FAMISANAR;11;11001;01;"BARRERAS EN EL ACCESO A TECNOLOGÍAS Y SERVICIOS DE SALUD; Y OTROS ELEMENTOS COMPLEMENTARIOS PARA LA ATENCIÓN DEL USUARIO";0101;FALTA DE OPORTUNIDAD EN LA PRESTACIÓN DE TECNOLOGÍAS EN SALUD Y OTROS ELEMENTOS COMPLEMENTARIOS PARA LA ATENCIÓN DEL USUARIO;010101;FALTA DE OPORTUNIDAD EN LAS CITAS O CONSULTAS;01010101;MEDICINA GENERAL;;;PROBLEMAS RELACIONADOS CON FACILIDADES DE ATENCIÓN MÉDICA U OTROS SERVICIOS DE SALUD;PROBLEMAS RELACIONADOS CON FACILIDADES DE ATENCIÓN MÉDICA U OTROS SERVICIOS DE SALUD;OTRAS ENFERMEDADES DE LA LARINGE;No aplica;SIMPLE
505;2023;7;Web;76;76275;US- 000000495983;A nombre propio;MUJER;28;DE 25 A 29 AÑOS;Ninguno;Contributivo;Afrocolombiano o Afrodescendiente;No Aplica;76;76275;COOSALUD;RÉGIMEN SUBSIDIADO;ESS024;COOSALUD;76;76275;01;"BARRERAS EN EL ACCESO A TECNOLOGÍAS Y SERVICIOS DE SALUD; Y OTROS ELEMENTOS COMPLEMENTARIOS PARA LA ATENCIÓN DEL USUARIO";0101;FALTA DE OPORTUNIDAD EN LA PRESTACIÓN DE TECNOLOGÍAS EN SALUD Y OTROS ELEMENTOS COMPLEMENTARIOS PARA LA ATENCIÓN DEL USUARIO;010101;FALTA DE OPORTUNIDAD EN LAS CITAS O CONSULTAS;01010101;MEDICINA GENERAL;;;PROBLEMAS RELACIONADOS CON FACILIDADES DE ATENCIÓN MÉDICA U OTROS SERVICIOS DE SALUD;PROBLEMAS RELACIONADOS CON FACILIDADES DE ATENCIÓN MÉDICA U OTROS SERVICIOS DE SALUD;OTRAS ATENCIONES MEDICAS ESPECIFICADAS;No aplica;SIMPLE
506;2023;7;Telefónico;54;54001;US- 000003273691;Madre;HOMBRE;1;DE 0 A 5 AÑOS;Ninguno;Subsidiado;No Aplica;No Aplica;54;54001;NUEVA EPS;RÉGIMEN SUBSIDIADO;EPSS41;NUEVA EPS;54;54001;01;"BARRERAS EN EL ACCESO A TECNOLOGÍAS Y SERVICIOS DE SALUD; Y OTROS ELEMENTOS COMPLEMENTARIOS PARA LA ATENCIÓN DEL USUARIO";0101;FALTA DE OPORTUNIDAD EN LA PRESTACIÓN DE TECNOLOGÍAS EN SALUD Y OTROS ELEMENTOS COMPLEMENTARIOS PARA LA ATENCIÓN DEL USUARIO;010101;FALTA DE OPORTUNIDAD EN LAS CITAS O CONSULTAS;01010103;ESPECIALIDADES MÉDICAS ;01010103082;PEDIATRÍA;MATERNO INFANTIL;ATENCIÓN NIÑOS MENORES DE 5 AÑOS;ASMA;No aplica;SIMPLE
507;2023;7;Personalizado;05;05266;US- 000002446154;A nombre propio;HOMBRE;70;MAYOR DE 63 AÑOS ;Secundaria Incompleta;Contributivo;No Aplica;No Aplica;05;05266;SURAMERICANA EPS;RÉGIMEN CONTRIBUTIVO;EPS010;EPS SURA;05;05266;01;"BARRERAS EN EL ACCESO A TECNOLOGÍAS Y SERVICIOS DE SALUD; Y OTROS ELEMENTOS COMPLEMENTARIOS PARA LA ATENCIÓN DEL USUARIO";0101;FALTA DE OPORTUNIDAD EN LA PRESTACIÓN DE TECNOLOGÍAS EN SALUD Y OTROS ELEMENTOS COMPLEMENTARIOS PARA LA ATENCIÓN DEL USUARIO;010103;FALTA DE OPORTUNIDAD EN LA ATENCIÓN EN OTROS SERVICIOS DE SALUD;01010309;PROCEDIMIENTOS QUIRÚRGICOS;01010309003;OTROS PROCEDIMIENTOS QUIRÚRGICOS;PROBLEMAS RELACIONADOS CON FACILIDADES DE ATENCIÓN MÉDICA U OTROS SERVICIOS DE SALUD;PROBLEMAS RELACIONADOS CON FACILIDADES DE ATENCIÓN MÉDICA U OTROS SERVICIOS DE SALUD;HIPERPLASIA DE LA PRÓSTATA;No aplica;SIMPLE
508;2023;7;Web;25;25377;US- 000003284806;A nombre propio;MUJER;40;DE 38 A 49 AÑOS;No Aplica;Contributivo;No Aplica;No Aplica;25;25377;SANITAS;RÉGIMEN CONTRIBUTIVO;EPS005;SANITAS;25;25377;02;INSATISFACCIÓN RELACIONADA CON LA ATENCIÓN EN SALUD;0202;INSATISFACCIÓN RELACIONADA CON LA ATENCIÓN DEL PERSONAL EN SALUD;020201;INSATISFACCIÓN RELACIONADA CON LA ATENCIÓN DEL PERSONAL EN SALUD;02020103;FALTA DE IDONEIDAD EN EL TALENTO HUMANO EN SALUD;;;ENFERMEDADES OSTEOARTICULARES;NEUROLÓGICAS;CEFALEA;No aplica;SIMPLE
509;2023;7;Web;05;05440;US- 000001151790;A nombre propio;MUJER;56;DE 50 A 62 AÑOS;No Aplica;Contributivo;No Aplica;No Aplica;05;05440;SALUD TOTAL;RÉGIMEN CONTRIBUTIVO;EPS002;SALUD TOTAL;05;05615;01;"BARRERAS EN EL ACCESO A TECNOLOGÍAS Y SERVICIOS DE SALUD; Y OTROS ELEMENTOS COMPLEMENTARIOS PARA LA ATENCIÓN DEL USUARIO";0101;FALTA DE OPORTUNIDAD EN LA PRESTACIÓN DE TECNOLOGÍAS EN SALUD Y OTROS ELEMENTOS COMPLEMENTARIOS PARA LA ATENCIÓN DEL USUARIO;010101;FALTA DE OPORTUNIDAD EN LAS CITAS O CONSULTAS;01010103;ESPECIALIDADES MÉDICAS ;01010103029;CIRUGÍA VASCULAR;ENFERMEDADES OSTEOARTICULARES;OTROS;FIBROMIALGIA;No aplica;SIMPLE
510;2023;7;Web;05;05001;US- 000003278315;A nombre propio;MUJER;32;DE 30 A 37 AÑOS;No Aplica;Contributivo;No Aplica;No Aplica;05;05001;SURAMERICANA EPS;RÉGIMEN CONTRIBUTIVO;EPS010;EPS SURA;05;05001;01;"BARRERAS EN EL ACCESO A TECNOLOGÍAS Y SERVICIOS DE SALUD; Y OTROS ELEMENTOS COMPLEMENTARIOS PARA LA ATENCIÓN DEL USUARIO";0101;FALTA DE OPORTUNIDAD EN LA PRESTACIÓN DE TECNOLOGÍAS EN SALUD Y OTROS ELEMENTOS COMPLEMENTARIOS PARA LA ATENCIÓN DEL USUARIO;010103;FALTA DE OPORTUNIDAD EN LA ATENCIÓN EN OTROS SERVICIOS DE SALUD;01010302;HOSPITALIZACIÓN;;;PROBLEMAS RELACIONADOS CON FACILIDADES DE ATENCIÓN MÉDICA U OTROS SERVICIOS DE SALUD;PROBLEMAS RELACIONADOS CON FACILIDADES DE ATENCIÓN MÉDICA U OTROS SERVICIOS DE SALUD;PROBLEMA NO ESPECIFICADO RELACIONADO CON SERVICIOS MÉDICOS Y DE SALUD;No aplica;RIESGO VITAL
511;2023;7;Web;76;76001;US- 000000946378;A nombre propio;HOMBRE;67;MAYOR DE 63 AÑOS ;No Aplica;Subsidiado;No Aplica;No Aplica;76;76001;EMSSANAR EPS;RÉGIMEN SUBSIDIADO;ESS118;EMSSANAR;76;76001;01;"BARRERAS EN EL ACCESO A TECNOLOGÍAS Y SERVICIOS DE SALUD; Y OTROS ELEMENTOS COMPLEMENTARIOS PARA LA ATENCIÓN DEL USUARIO";0101;FALTA DE OPORTUNIDAD EN LA PRESTACIÓN DE TECNOLOGÍAS EN SALUD Y OTROS ELEMENTOS COMPLEMENTARIOS PARA LA ATENCIÓN DEL USUARIO;010103;FALTA DE OPORTUNIDAD EN LA ATENCIÓN EN OTROS SERVICIOS DE SALUD;01010308;PROCEDIMIENTOS NO QUIRÚRGICOS;01010308001;IMAGENOLOGÍA;CÁNCER ;OTROS;TUMOR MALIGNO DEL BORDE DE LA LENGUA;No aplica;PRIORIZADO
512;2023;7;Web;76;76520;US- 000001897299;A nombre propio;MUJER;30;DE 30 A 37 AÑOS;No Aplica;Contributivo;No Aplica;No Aplica;76;76520;COMFENALCO VALLE;RÉGIMEN CONTRIBUTIVO;EPS012;COMFENALCO  VALLE;76;76520;01;"BARRERAS EN EL ACCESO A TECNOLOGÍAS Y SERVICIOS DE SALUD; Y OTROS ELEMENTOS COMPLEMENTARIOS PARA LA ATENCIÓN DEL USUARIO";0101;FALTA DE OPORTUNIDAD EN LA PRESTACIÓN DE TECNOLOGÍAS EN SALUD Y OTROS ELEMENTOS COMPLEMENTARIOS PARA LA ATENCIÓN DEL USUARIO;010103;FALTA DE OPORTUNIDAD EN LA ATENCIÓN EN OTROS SERVICIOS DE SALUD;01010308;PROCEDIMIENTOS NO QUIRÚRGICOS;01010308001;IMAGENOLOGÍA;PROBLEMAS RELACIONADOS CON FACILIDADES DE ATENCIÓN MÉDICA U OTROS SERVICIOS DE SALUD;PROBLEMAS RELACIONADOS CON FACILIDADES DE ATENCIÓN MÉDICA U OTROS SERVICIOS DE SALUD;OTRAS CONVULSIONES Y LAS NO ESPECIFICADAS;No aplica;SIMPLE
513;2023;7;Telefónico;11;11001;US- 000002361881;Padre;HOMBRE;5;DE 0 A 5 AÑOS;No Aplica;Contributivo;No Aplica;Persona con discapacidad;11;11001;COMPENSAR;RÉGIMEN CONTRIBUTIVO;EPS008;COMPENSAR;11;11001;01;"BARRERAS EN EL ACCESO A TECNOLOGÍAS Y SERVICIOS DE SALUD; Y OTROS ELEMENTOS COMPLEMENTARIOS PARA LA ATENCIÓN DEL USUARIO";0102;NEGACIÓN DE TECNOLOGÍAS EN SALUD Y OTROS ELEMENTOS COMPLEMENTARIOS PARA LA ATENCIÓN DEL USUARIO;010201;NEGACIÓN EN LA ASIGNACIÓN DE CITAS O CONSULTAS;01020103;ESPECIALIDADES MÉDICAS ;01020103044;GENÉTICA MÉDICA;ENFERMEDADES OSTEOARTICULARES;NEUROLÓGICAS;AUTISMO EN LA NIÑEZ;No aplica;PRIORIZADO
514;2023;7;Web;25;25754;US- 000003280996;Otro;MUJER;0;DE 0 A 5 AÑOS;No Aplica;Contributivo;No Aplica;No Aplica;25;25754;COMPENSAR;RÉGIMEN CONTRIBUTIVO;EPS008;COMPENSAR;25;25754;01;"BARRERAS EN EL ACCESO A TECNOLOGÍAS Y SERVICIOS DE SALUD; Y OTROS ELEMENTOS COMPLEMENTARIOS PARA LA ATENCIÓN DEL USUARIO";0101;FALTA DE OPORTUNIDAD EN LA PRESTACIÓN DE TECNOLOGÍAS EN SALUD Y OTROS ELEMENTOS COMPLEMENTARIOS PARA LA ATENCIÓN DEL USUARIO;010101;FALTA DE OPORTUNIDAD EN LAS CITAS O CONSULTAS;01010103;ESPECIALIDADES MÉDICAS ;01010103082;PEDIATRÍA;PROBLEMAS RELACIONADOS CON FACILIDADES DE ATENCIÓN MÉDICA U OTROS SERVICIOS DE SALUD;PROBLEMAS RELACIONADOS CON FACILIDADES DE ATENCIÓN MÉDICA U OTROS SERVICIOS DE SALUD;OTROS PROBLEMAS RELACIONADOS CON SERVICIOS MÉDICOS Y DE SALUD;No aplica;SIMPLE
515;2023;7;Web;11;11001;US- 000003005561;A nombre propio;HOMBRE;30;DE 30 A 37 AÑOS;No Aplica;Contributivo;No Aplica;No Aplica;11;11001;SURAMERICANA EPS;RÉGIMEN CONTRIBUTIVO;EPS010;EPS SURA;11;11001;01;"BARRERAS EN EL ACCESO A TECNOLOGÍAS Y SERVICIOS DE SALUD; Y OTROS ELEMENTOS COMPLEMENTARIOS PARA LA ATENCIÓN DEL USUARIO";0101;FALTA DE OPORTUNIDAD EN LA PRESTACIÓN DE TECNOLOGÍAS EN SALUD Y OTROS ELEMENTOS COMPLEMENTARIOS PARA LA ATENCIÓN DEL USUARIO;010101;FALTA DE OPORTUNIDAD EN LAS CITAS O CONSULTAS;01010103;ESPECIALIDADES MÉDICAS ;01010103063;MEDICINA INTERNA;PROBLEMAS RELACIONADOS CON FACILIDADES DE ATENCIÓN MÉDICA U OTROS SERVICIOS DE SALUD;PROBLEMAS RELACIONADOS CON FACILIDADES DE ATENCIÓN MÉDICA U OTROS SERVICIOS DE SALUD;MAREO Y DESVANECIMIENTO;No aplica;SIMPLE
516;2023;7;Telefónico;76;76834;US- 000001542679;Hijo (A);MUJER;80;MAYOR DE 63 AÑOS ;Primaria;Contributivo;No Aplica;No Aplica;76;76834;NUEVA EPS;RÉGIMEN CONTRIBUTIVO;EPS037;NUEVA EPS;76;76834;01;"BARRERAS EN EL ACCESO A TECNOLOGÍAS Y SERVICIOS DE SALUD; Y OTROS ELEMENTOS COMPLEMENTARIOS PARA LA ATENCIÓN DEL USUARIO";0101;FALTA DE OPORTUNIDAD EN LA PRESTACIÓN DE TECNOLOGÍAS EN SALUD Y OTROS ELEMENTOS COMPLEMENTARIOS PARA LA ATENCIÓN DEL USUARIO;010101;FALTA DE OPORTUNIDAD EN LAS CITAS O CONSULTAS;01010103;ESPECIALIDADES MÉDICAS ;01010103054;INFECTOLOGÍA;ENFERMEDADES OSTEOARTICULARES;OTROS;CADERA INESTABLE;Reemplazos articulares;PRIORIZADO
517;2023;7;Web;11;11001;US- 000003309356;A nombre propio;HOMBRE;38;DE 38 A 49 AÑOS;No Aplica;Contributivo;No Aplica;No Aplica;11;11001;CAPITAL SALUD;RÉGIMEN SUBSIDIADO;EPSS34;CAPITAL SALUD;11;11001;04;INSATISFACCIÓN DEL USUARIO CON EL PROCESO ADMINISTRATIVO;0404;INSATISFACCIÓN RELACIONADA CON TRÁMITES ADMINISTRATIVOS;040401;RESTRICCIÓN EN LA LIBRE ESCOGENCIA;04040101;EPS;;;PROBLEMAS RELACIONADOS CON FACILIDADES DE ATENCIÓN MÉDICA U OTROS SERVICIOS DE SALUD;PROBLEMAS RELACIONADOS CON FACILIDADES DE ATENCIÓN MÉDICA U OTROS SERVICIOS DE SALUD;PROBLEMAS RELACIONADOS CON FACILIDADES DE ATENCIÓN MEDICA U OTROS SERVICIOS DE SALUD;No aplica;SIMPLE
518;2023;7;Escrito;11;11001;US- 000003296615;Otro;MUJER;50;DE 50 A 62 AÑOS;No Aplica;Contributivo;No Aplica;No Aplica;11;11001;FAMISANAR;RÉGIMEN CONTRIBUTIVO;EPS017;FAMISANAR;25;25269;04;INSATISFACCIÓN DEL USUARIO CON EL PROCESO ADMINISTRATIVO;0405;PROBLEMAS EN EL RECONOCIMIENTO Y/O PAGO DE PRESTACIONES ECONÓMICAS;040501;NO RECONOCIMIENTO Y/O PAGO DE LAS PRESTACIONES ECONÓMICAS;04050107;INCAPACIDAD DE ENFERMEDAD GENERAL;;;PROBLEMAS RELACIONADOS CON FACILIDADES DE ATENCIÓN MÉDICA U OTROS SERVICIOS DE SALUD;PROBLEMAS RELACIONADOS CON FACILIDADES DE ATENCIÓN MÉDICA U OTROS SERVICIOS DE SALUD;PROBLEMAS RELACIONADOS CON FACILIDADES DE ATENCIÓN MEDICA U OTROS SERVICIOS DE SALUD;No aplica;SIMPLE
519;2023;7;Telefónico;76;76001;US- 000003275624;Madre;MUJER;7;DE 6 A 12 AÑOS;Primaria Incompleta;Contributivo;No Aplica;No Aplica;76;76001;SOS -SERVICIO OCCIDENTAL DE SALUD;RÉGIMEN CONTRIBUTIVO;EPS018;SERVICIO OCCIDENTAL DE SALUD (SOS);76;76001;01;"BARRERAS EN EL ACCESO A TECNOLOGÍAS Y SERVICIOS DE SALUD; Y OTROS ELEMENTOS COMPLEMENTARIOS PARA LA ATENCIÓN DEL USUARIO";0101;FALTA DE OPORTUNIDAD EN LA PRESTACIÓN DE TECNOLOGÍAS EN SALUD Y OTROS ELEMENTOS COMPLEMENTARIOS PARA LA ATENCIÓN DEL USUARIO;010101;FALTA DE OPORTUNIDAD EN LAS CITAS O CONSULTAS;01010103;ESPECIALIDADES MÉDICAS ;01010103073;NEUROLOGÍA PEDIÁTRICA - NEUROPEDIATRÍA;ENFERMEDADES OSTEOARTICULARES;NEUROLÓGICAS;AUTISMO EN LA NIÑEZ;No aplica;SIMPLE
520;2023;7;Web;52;52001;US- 000002633267;A nombre propio;HOMBRE;29;DE 25 A 29 AÑOS;No Aplica;Contributivo;Indígena;No Aplica;52;52001;SANITAS;RÉGIMEN CONTRIBUTIVO;EPS005;SANITAS;52;52001;01;"BARRERAS EN EL ACCESO A TECNOLOGÍAS Y SERVICIOS DE SALUD; Y OTROS ELEMENTOS COMPLEMENTARIOS PARA LA ATENCIÓN DEL USUARIO";0101;FALTA DE OPORTUNIDAD EN LA PRESTACIÓN DE TECNOLOGÍAS EN SALUD Y OTROS ELEMENTOS COMPLEMENTARIOS PARA LA ATENCIÓN DEL USUARIO;010101;FALTA DE OPORTUNIDAD EN LAS CITAS O CONSULTAS;01010103;ESPECIALIDADES MÉDICAS ;01010103071;NEUROCIRUGÍA;PROBLEMAS RELACIONADOS CON FACILIDADES DE ATENCIÓN MÉDICA U OTROS SERVICIOS DE SALUD;PROBLEMAS RELACIONADOS CON FACILIDADES DE ATENCIÓN MÉDICA U OTROS SERVICIOS DE SALUD;PROBLEMAS RELACIONADOS CON FACILIDADES DE ATENCIÓN MEDICA U OTROS SERVICIOS DE SALUD;No aplica;SIMPLE
521;2023;7;Telefónico;70;70001;US- 000000999069;A nombre propio;MUJER;41;DE 38 A 49 AÑOS;Secundaria;Contributivo;No Aplica;No Aplica;70;70001;SALUD TOTAL;RÉGIMEN CONTRIBUTIVO;EPS002;SALUD TOTAL;70;70001;01;"BARRERAS EN EL ACCESO A TECNOLOGÍAS Y SERVICIOS DE SALUD; Y OTROS ELEMENTOS COMPLEMENTARIOS PARA LA ATENCIÓN DEL USUARIO";0101;FALTA DE OPORTUNIDAD EN LA PRESTACIÓN DE TECNOLOGÍAS EN SALUD Y OTROS ELEMENTOS COMPLEMENTARIOS PARA LA ATENCIÓN DEL USUARIO;010104;FALTA DE OPORTUNIDAD EN LA ENTREGA O ENTREGA INCOMPLETA DE TECNOLOGÍAS EN SALUD Y/O PRESTACIÓN DE OTROS SERVICIOS;01010408;TRANSPORTE, ALOJAMIENTO O ALIMENTACIÓN;;;ENFERMEDADES CRÓNICAS NO TRANSMISIBLES- FACTORES DE RIESGO;MEDICIÓN DE FACTORES DE RIESGO;INFECCIÓN DE VÍAS URINARIAS, SITIO NO ESPECIFICADO;No aplica;SIMPLE
522;2023;7;Web;11;11001;US- 000003287095;A nombre propio;MUJER;60;DE 50 A 62 AÑOS;No Aplica;Contributivo;No Aplica;No Aplica;11;11001;FAMISANAR;RÉGIMEN CONTRIBUTIVO;EPS017;FAMISANAR;11;11001;01;"BARRERAS EN EL ACCESO A TECNOLOGÍAS Y SERVICIOS DE SALUD; Y OTROS ELEMENTOS COMPLEMENTARIOS PARA LA ATENCIÓN DEL USUARIO";0101;FALTA DE OPORTUNIDAD EN LA PRESTACIÓN DE TECNOLOGÍAS EN SALUD Y OTROS ELEMENTOS COMPLEMENTARIOS PARA LA ATENCIÓN DEL USUARIO;010103;FALTA DE OPORTUNIDAD EN LA ATENCIÓN EN OTROS SERVICIOS DE SALUD;01010308;PROCEDIMIENTOS NO QUIRÚRGICOS;01010308002;LABORATORIO CLÍNICO Y ANATOMOPATOLÓGICO;PROBLEMAS RELACIONADOS CON FACILIDADES DE ATENCIÓN MÉDICA U OTROS SERVICIOS DE SALUD;PROBLEMAS RELACIONADOS CON FACILIDADES DE ATENCIÓN MÉDICA U OTROS SERVICIOS DE SALUD;OTROS SÍNTOMAS Y SIGNOS GENERALES ESPECIFICADOS;No aplica;SIMPLE
523;2023;7;Web;05;05001;US- 000002548723;A nombre propio;MUJER;38;DE 38 A 49 AÑOS;No Aplica;Contributivo;No Aplica;Desplazado;05;05001;SALUD TOTAL;RÉGIMEN CONTRIBUTIVO;EPS002;SALUD TOTAL;05;05001;01;"BARRERAS EN EL ACCESO A TECNOLOGÍAS Y SERVICIOS DE SALUD; Y OTROS ELEMENTOS COMPLEMENTARIOS PARA LA ATENCIÓN DEL USUARIO";0101;FALTA DE OPORTUNIDAD EN LA PRESTACIÓN DE TECNOLOGÍAS EN SALUD Y OTROS ELEMENTOS COMPLEMENTARIOS PARA LA ATENCIÓN DEL USUARIO;010101;FALTA DE OPORTUNIDAD EN LAS CITAS O CONSULTAS;01010101;MEDICINA GENERAL;;;PROBLEMAS RELACIONADOS CON FACILIDADES DE ATENCIÓN MÉDICA U OTROS SERVICIOS DE SALUD;PROBLEMAS RELACIONADOS CON FACILIDADES DE ATENCIÓN MÉDICA U OTROS SERVICIOS DE SALUD;COXARTROSIS, NO ESPECIFICADA;No aplica;SIMPLE
524;2023;7;Escrito;11;11001;US- 000000886596;A nombre propio;HOMBRE;36;DE 30 A 37 AÑOS;No Aplica;Contributivo;No Aplica;No Aplica;11;11001;FAMISANAR;RÉGIMEN CONTRIBUTIVO;EPS017;FAMISANAR;76;76520;04;INSATISFACCIÓN DEL USUARIO CON EL PROCESO ADMINISTRATIVO;0404;INSATISFACCIÓN RELACIONADA CON TRÁMITES ADMINISTRATIVOS;040402;FALLAS O IRREGULARIDADES EN EL MANEJO TÉCNICO DE LA HISTORIA CLÍNICA Y/O REGISTROS ASISTENCIALES;;;;;PROBLEMAS RELACIONADOS CON FACILIDADES DE ATENCIÓN MÉDICA U OTROS SERVICIOS DE SALUD;PROBLEMAS RELACIONADOS CON FACILIDADES DE ATENCIÓN MÉDICA U OTROS SERVICIOS DE SALUD;PROBLEMAS RELACIONADOS CON ATENCIÓN DE SALUD NO DISPONIBLE O INACCESIBLE;No aplica;SIMPLE
525;2023;7;Web;47;47001;US- 000001441048;A nombre propio;HOMBRE;58;DE 50 A 62 AÑOS;No Aplica;Contributivo;No Aplica;No Aplica;47;47001;NUEVA EPS;RÉGIMEN CONTRIBUTIVO;EPS037;NUEVA EPS;47;47001;01;"BARRERAS EN EL ACCESO A TECNOLOGÍAS Y SERVICIOS DE SALUD; Y OTROS ELEMENTOS COMPLEMENTARIOS PARA LA ATENCIÓN DEL USUARIO";0101;FALTA DE OPORTUNIDAD EN LA PRESTACIÓN DE TECNOLOGÍAS EN SALUD Y OTROS ELEMENTOS COMPLEMENTARIOS PARA LA ATENCIÓN DEL USUARIO;010104;FALTA DE OPORTUNIDAD EN LA ENTREGA O ENTREGA INCOMPLETA DE TECNOLOGÍAS EN SALUD Y/O PRESTACIÓN DE OTROS SERVICIOS;01010401;MEDICAMENTOS UPC;;;ENFERMEDADES CRÓNICAS NO TRASMISIBLES CARDIOVASCULARES;HTA (HIPERTENSIÓN ARTERIAL);HIPERTENSIÓN ESENCIAL (PRIMARIA);No aplica;SIMPLE
526;2023;7;Personalizado;85;85001;US- 000002877337;A nombre propio;MUJER;55;DE 50 A 62 AÑOS;Secundaria;Subsidiado;No Aplica;No Aplica;85;85001;CAPRESOCA;RÉGIMEN SUBSIDIADO;EPS025;CAPRESOCA;85;85001;01;"BARRERAS EN EL ACCESO A TECNOLOGÍAS Y SERVICIOS DE SALUD; Y OTROS ELEMENTOS COMPLEMENTARIOS PARA LA ATENCIÓN DEL USUARIO";0101;FALTA DE OPORTUNIDAD EN LA PRESTACIÓN DE TECNOLOGÍAS EN SALUD Y OTROS ELEMENTOS COMPLEMENTARIOS PARA LA ATENCIÓN DEL USUARIO;010101;FALTA DE OPORTUNIDAD EN LAS CITAS O CONSULTAS;01010103;ESPECIALIDADES MÉDICAS ;01010103094;UROLOGÍA;PROBLEMAS RELACIONADOS CON FACILIDADES DE ATENCIÓN MÉDICA U OTROS SERVICIOS DE SALUD;PROBLEMAS RELACIONADOS CON FACILIDADES DE ATENCIÓN MÉDICA U OTROS SERVICIOS DE SALUD;TROMBOCITOPENIA NO ESPECIFICADA;No aplica;SIMPLE
527;2023;7;Web;76;76001;US- 000001070558;A nombre propio;MUJER;77;MAYOR DE 63 AÑOS ;No Aplica;Contributivo;No Aplica;No Aplica;76;76001;COMFENALCO VALLE;RÉGIMEN CONTRIBUTIVO;EPS012;COMFENALCO  VALLE;76;76001;01;"BARRERAS EN EL ACCESO A TECNOLOGÍAS Y SERVICIOS DE SALUD; Y OTROS ELEMENTOS COMPLEMENTARIOS PARA LA ATENCIÓN DEL USUARIO";0101;FALTA DE OPORTUNIDAD EN LA PRESTACIÓN DE TECNOLOGÍAS EN SALUD Y OTROS ELEMENTOS COMPLEMENTARIOS PARA LA ATENCIÓN DEL USUARIO;010104;FALTA DE OPORTUNIDAD EN LA ENTREGA O ENTREGA INCOMPLETA DE TECNOLOGÍAS EN SALUD Y/O PRESTACIÓN DE OTROS SERVICIOS;01010401;MEDICAMENTOS UPC;;;ENFERMEDADES CRÓNICAS NO TRASMISIBLES CARDIOVASCULARES;HTA (HIPERTENSIÓN ARTERIAL);HIPERTENSIÓN ESENCIAL (PRIMARIA);No aplica;SIMPLE
528;2023;7;Chat;11;11001;US- 000000010542;A nombre propio;MUJER;22;DE 18 A 24 AÑOS;Universitario;Contributivo;No Aplica;Persona con discapacidad;11;11001;CAPITAL SALUD;RÉGIMEN SUBSIDIADO;EPSS34;CAPITAL SALUD;11;11001;01;"BARRERAS EN EL ACCESO A TECNOLOGÍAS Y SERVICIOS DE SALUD; Y OTROS ELEMENTOS COMPLEMENTARIOS PARA LA ATENCIÓN DEL USUARIO";0101;FALTA DE OPORTUNIDAD EN LA PRESTACIÓN DE TECNOLOGÍAS EN SALUD Y OTROS ELEMENTOS COMPLEMENTARIOS PARA LA ATENCIÓN DEL USUARIO;010101;FALTA DE OPORTUNIDAD EN LAS CITAS O CONSULTAS;01010103;ESPECIALIDADES MÉDICAS ;01010103076;ONCOLOGÍA;ENFERMEDADES OSTEOARTICULARES;OTROS;DESGARRO DEL CARTÍLAGO ARTICULAR DE LA RODILLA, PRESENTE;No aplica;SIMPLE
529;2023;7;Web;15;15238;US- 000001357997;Madre;MUJER;17;DE 13 A 17 AÑOS;No Aplica;Régimen Especial;No Aplica;No Aplica;15;15238;MAGISTERIO;REGÍMENES DE EXCEPCIÓN Y ESPECIALES;REMG01;MAGISTERIO;15;15238;01;"BARRERAS EN EL ACCESO A TECNOLOGÍAS Y SERVICIOS DE SALUD; Y OTROS ELEMENTOS COMPLEMENTARIOS PARA LA ATENCIÓN DEL USUARIO";0101;FALTA DE OPORTUNIDAD EN LA PRESTACIÓN DE TECNOLOGÍAS EN SALUD Y OTROS ELEMENTOS COMPLEMENTARIOS PARA LA ATENCIÓN DEL USUARIO;010101;FALTA DE OPORTUNIDAD EN LAS CITAS O CONSULTAS;01010103;ESPECIALIDADES MÉDICAS ;01010103070;NEUMOLOGÍA PEDIÁTRICA;PROBLEMAS RELACIONADOS CON FACILIDADES DE ATENCIÓN MÉDICA U OTROS SERVICIOS DE SALUD;PROBLEMAS RELACIONADOS CON FACILIDADES DE ATENCIÓN MÉDICA U OTROS SERVICIOS DE SALUD;ASMA;No aplica;SIMPLE
530;2023;7;Web;76;76001;US- 000003304691;A nombre propio;HOMBRE;41;DE 38 A 49 AÑOS;No Aplica;Contributivo;No Aplica;No Aplica;76;76001;NUEVA EPS;RÉGIMEN CONTRIBUTIVO;EPS037;NUEVA EPS;76;76001;01;"BARRERAS EN EL ACCESO A TECNOLOGÍAS Y SERVICIOS DE SALUD; Y OTROS ELEMENTOS COMPLEMENTARIOS PARA LA ATENCIÓN DEL USUARIO";0101;FALTA DE OPORTUNIDAD EN LA PRESTACIÓN DE TECNOLOGÍAS EN SALUD Y OTROS ELEMENTOS COMPLEMENTARIOS PARA LA ATENCIÓN DEL USUARIO;010103;FALTA DE OPORTUNIDAD EN LA ATENCIÓN EN OTROS SERVICIOS DE SALUD;01010309;PROCEDIMIENTOS QUIRÚRGICOS;01010309003;OTROS PROCEDIMIENTOS QUIRÚRGICOS;PROBLEMAS RELACIONADOS CON FACILIDADES DE ATENCIÓN MÉDICA U OTROS SERVICIOS DE SALUD;PROBLEMAS RELACIONADOS CON FACILIDADES DE ATENCIÓN MÉDICA U OTROS SERVICIOS DE SALUD;OTROS PROBLEMAS RELACIONADOS CON SERVICIOS MÉDICOS Y DE SALUD;No aplica;SIMPLE
531;2023;7;Escrito;50;50124;US- 000003250487;A nombre propio;HOMBRE;53;DE 50 A 62 AÑOS;No Aplica;Subsidiado;No Aplica;No Aplica;50;50124;NUEVA EPS;RÉGIMEN CONTRIBUTIVO;EPS037;NUEVA EPS;50;50124;01;"BARRERAS EN EL ACCESO A TECNOLOGÍAS Y SERVICIOS DE SALUD; Y OTROS ELEMENTOS COMPLEMENTARIOS PARA LA ATENCIÓN DEL USUARIO";0101;FALTA DE OPORTUNIDAD EN LA PRESTACIÓN DE TECNOLOGÍAS EN SALUD Y OTROS ELEMENTOS COMPLEMENTARIOS PARA LA ATENCIÓN DEL USUARIO;010101;FALTA DE OPORTUNIDAD EN LAS CITAS O CONSULTAS;01010103;ESPECIALIDADES MÉDICAS ;01010103006;CARDIOLOGÍA;CÁNCER ;OTROS;TUMOR MALIGNO DE LA PIEL DE OTRAS PARTES Y DE LAS NO ESPECIFICADAS DE LA CARA;No aplica;PRIORIZADO
532;2023;7;Web;20;20001;US- 000000504375;A nombre propio;HOMBRE;43;DE 38 A 49 AÑOS;No Aplica;Contributivo;No Aplica;No Aplica;20;20001;SALUD TOTAL;RÉGIMEN CONTRIBUTIVO;EPS002;SALUD TOTAL;20;20001;04;INSATISFACCIÓN DEL USUARIO CON EL PROCESO ADMINISTRATIVO;0404;INSATISFACCIÓN RELACIONADA CON TRÁMITES ADMINISTRATIVOS;040404;INCONSISTENCIA RELACIONADA CON COBROS Y/O APORTES;04040404;COBRO MULTAS POR INASISTENCIA;;;ENFERMEDADES CRÓNICAS NO TRASMISIBLES CARDIOVASCULARES;HTA (HIPERTENSIÓN ARTERIAL);OTROS SÍNTOMAS Y SIGNOS GENERALES ESPECIFICADOS;No aplica;SIMPLE
533;2023;7;Web;66;66001;US- 000003298531;A nombre propio;MUJER;50;DE 50 A 62 AÑOS;No Aplica;Contributivo;Mulato ;Persona con discapacidad;66;66001;SOS -SERVICIO OCCIDENTAL DE SALUD;RÉGIMEN CONTRIBUTIVO;EPS018;SERVICIO OCCIDENTAL DE SALUD (SOS);66;66001;01;"BARRERAS EN EL ACCESO A TECNOLOGÍAS Y SERVICIOS DE SALUD; Y OTROS ELEMENTOS COMPLEMENTARIOS PARA LA ATENCIÓN DEL USUARIO";0101;FALTA DE OPORTUNIDAD EN LA PRESTACIÓN DE TECNOLOGÍAS EN SALUD Y OTROS ELEMENTOS COMPLEMENTARIOS PARA LA ATENCIÓN DEL USUARIO;010101;FALTA DE OPORTUNIDAD EN LAS CITAS O CONSULTAS;01010108;FISIOTERAPIA;;;ENFERMEDADES OSTEOARTICULARES;OTROS;OTRAS CONSULTAS ESPECIFICADAS;No aplica;SIMPLE
534;2023;7;Telefónico;17;17001;US- 000003261993;A nombre propio;MUJER;26;DE 25 A 29 AÑOS;Secundaria;Subsidiado;No Aplica;No Aplica;17;17001;SALUD TOTAL;RÉGIMEN CONTRIBUTIVO;EPS002;SALUD TOTAL;17;17001;01;"BARRERAS EN EL ACCESO A TECNOLOGÍAS Y SERVICIOS DE SALUD; Y OTROS ELEMENTOS COMPLEMENTARIOS PARA LA ATENCIÓN DEL USUARIO";0103;FALTA DE OPORTUNIDAD EN LA AUTORIZACIÓN DE TECNOLOGÍAS EN SALUD Y OTROS ELEMENTOS COMPLEMENTARIOS PARA LA ATENCIÓN DEL USUARIO;010304;FALTA DE OPORTUNIDAD EN LA AUTORIZACIÓN DE OTROS SERVICIOS DE SALUD;01030408;PROCEDIMIENTOS NO QUIRÚRGICOS;01030408002;LABORATORIO CLÍNICO Y ANATOMOPATOLÓGICO;CÁNCER ;OTROS;TUMOR MALIGNO DE LA GLÁNDULA TIROIDES;No aplica;PRIORIZADO
535;2023;7;Telefónico;76;76109;US- 000003279650;Otro;HOMBRE;18;DE 18 A 24 AÑOS;Secundaria Incompleta;Subsidiado;No Aplica;Desplazado;76;76109;EMSSANAR EPS;RÉGIMEN SUBSIDIADO;ESS118;EMSSANAR;76;76109;01;"BARRERAS EN EL ACCESO A TECNOLOGÍAS Y SERVICIOS DE SALUD; Y OTROS ELEMENTOS COMPLEMENTARIOS PARA LA ATENCIÓN DEL USUARIO";0101;FALTA DE OPORTUNIDAD EN LA PRESTACIÓN DE TECNOLOGÍAS EN SALUD Y OTROS ELEMENTOS COMPLEMENTARIOS PARA LA ATENCIÓN DEL USUARIO;010105;FALTA DE OPORTUNIDAD EN EL PROCESO DE REFERENCIA Y CONTRARREFERENCIA;;;;;ENFERMEDADES OSTEOARTICULARES;OTROS;FRACTURA DEL CRÁNEO Y DE LOS HUESOS DE LA CARA, PARTE NO ESPECIFICADA;No aplica;RIESGO VITAL
536;2023;7;Web;08;08001;US- 000003293149;A nombre propio;MUJER;66;MAYOR DE 63 AÑOS ;No Aplica;Contributivo;No Aplica;No Aplica;08;08001;NUEVA EPS;RÉGIMEN CONTRIBUTIVO;EPS037;NUEVA EPS;08;08001;02;INSATISFACCIÓN RELACIONADA CON LA ATENCIÓN EN SALUD;0201;INSATISFACCIÓN RELACIONADA CON LA ATENCIÓN EN SALUD POR FALTA DE OPORTUNIDAD;020101;INSATISFACCIÓN POR FALTA DE OPORTUNIDAD EN LA ATENCIÓN POR PARTE DEL PERSONAL DE SALUD;02010103;SERVICIO DE IMAGENOLOGÍA ;;;ENFERMEDADES CRÓNICAS NO TRASMISIBLES CARDIOVASCULARES;ENFERMEDAD ISQUÉMICA CORONARIA;OTROS EXÁMENES ESPECIALES ESPECIFICADOS;No aplica;SIMPLE
537;2023;7;Telefónico;50;50001;US- 000002325398;A nombre propio;HOMBRE;36;DE 30 A 37 AÑOS;Secundaria;Contributivo;No Aplica;No Aplica;50;50001;SANITAS;RÉGIMEN CONTRIBUTIVO;EPS005;SANITAS;50;50001;01;"BARRERAS EN EL ACCESO A TECNOLOGÍAS Y SERVICIOS DE SALUD; Y OTROS ELEMENTOS COMPLEMENTARIOS PARA LA ATENCIÓN DEL USUARIO";0101;FALTA DE OPORTUNIDAD EN LA PRESTACIÓN DE TECNOLOGÍAS EN SALUD Y OTROS ELEMENTOS COMPLEMENTARIOS PARA LA ATENCIÓN DEL USUARIO;010101;FALTA DE OPORTUNIDAD EN LAS CITAS O CONSULTAS;01010103;ESPECIALIDADES MÉDICAS ;01010103075;OFTALMOLOGÍA;VIH SIDA Y OTRAS ET SEXUAL;VIH SIDA;ENFERMEDAD POR VIRUS DE LA INMUNODEFICIENCIA HUMANA (VIH), SIN OTRA ESPECIFICACIÓN;Diagnóstico y manejo del paciente infectado por VIH;SIMPLE
538;2023;7;Telefónico;76;76834;US- 000003303481;Hijo (A);MUJER;52;DE 50 A 62 AÑOS;Secundaria;Contributivo;No Aplica;No Aplica;76;76834;NUEVA EPS;RÉGIMEN CONTRIBUTIVO;EPS037;NUEVA EPS;76;76834;01;"BARRERAS EN EL ACCESO A TECNOLOGÍAS Y SERVICIOS DE SALUD; Y OTROS ELEMENTOS COMPLEMENTARIOS PARA LA ATENCIÓN DEL USUARIO";0101;FALTA DE OPORTUNIDAD EN LA PRESTACIÓN DE TECNOLOGÍAS EN SALUD Y OTROS ELEMENTOS COMPLEMENTARIOS PARA LA ATENCIÓN DEL USUARIO;010101;FALTA DE OPORTUNIDAD EN LAS CITAS O CONSULTAS;01010101;MEDICINA GENERAL;;;ENFERMEDADES CRÓNICAS NO TRASMISIBLES CARDIOVASCULARES;HTA (HIPERTENSIÓN ARTERIAL);HIPERTENSIÓN ESENCIAL (PRIMARIA);No aplica;SIMPLE
539;2023;7;Web;19;19698;US- 000001837412;A nombre propio;MUJER;32;DE 30 A 37 AÑOS;No Aplica;Subsidiado;No Aplica;No Aplica;19;19698;SOS -SERVICIO OCCIDENTAL DE SALUD;RÉGIMEN CONTRIBUTIVO;EPS018;SERVICIO OCCIDENTAL DE SALUD (SOS);19;19698;04;INSATISFACCIÓN DEL USUARIO CON EL PROCESO ADMINISTRATIVO;0404;INSATISFACCIÓN RELACIONADA CON TRÁMITES ADMINISTRATIVOS;040404;INCONSISTENCIA RELACIONADA CON COBROS Y/O APORTES;04040404;COBRO MULTAS POR INASISTENCIA;;;PROBLEMAS RELACIONADOS CON FACILIDADES DE ATENCIÓN MÉDICA U OTROS SERVICIOS DE SALUD;PROBLEMAS RELACIONADOS CON FACILIDADES DE ATENCIÓN MÉDICA U OTROS SERVICIOS DE SALUD;PROBLEMA NO ESPECIFICADO RELACIONADO CON SERVICIOS MÉDICOS Y DE SALUD;No aplica;SIMPLE
540;2023;7;Personalizado;11;11001;US- 000003208127;A nombre propio;MUJER;42;DE 38 A 49 AÑOS;No Aplica;Contributivo;No Aplica;No Aplica;11;11001;SURAMERICANA EPS;RÉGIMEN CONTRIBUTIVO;EPS010;EPS SURA;11;11001;01;"BARRERAS EN EL ACCESO A TECNOLOGÍAS Y SERVICIOS DE SALUD; Y OTROS ELEMENTOS COMPLEMENTARIOS PARA LA ATENCIÓN DEL USUARIO";0101;FALTA DE OPORTUNIDAD EN LA PRESTACIÓN DE TECNOLOGÍAS EN SALUD Y OTROS ELEMENTOS COMPLEMENTARIOS PARA LA ATENCIÓN DEL USUARIO;010103;FALTA DE OPORTUNIDAD EN LA ATENCIÓN EN OTROS SERVICIOS DE SALUD;01010309;PROCEDIMIENTOS QUIRÚRGICOS;01010309003;OTROS PROCEDIMIENTOS QUIRÚRGICOS;PROBLEMAS RELACIONADOS CON FACILIDADES DE ATENCIÓN MÉDICA U OTROS SERVICIOS DE SALUD;PROBLEMAS RELACIONADOS CON FACILIDADES DE ATENCIÓN MÉDICA U OTROS SERVICIOS DE SALUD;LEIOMIOMA DEL ÚTERO;No aplica;SIMPLE
541;2023;7;Telefónico;05;05088;US- 000001823674;A nombre propio;MUJER;34;DE 30 A 37 AÑOS;Secundaria;Contributivo;No Aplica;No Aplica;05;05088;SURAMERICANA EPS;RÉGIMEN CONTRIBUTIVO;EPS010;EPS SURA;05;05088;04;INSATISFACCIÓN DEL USUARIO CON EL PROCESO ADMINISTRATIVO;0404;INSATISFACCIÓN RELACIONADA CON TRÁMITES ADMINISTRATIVOS;040401;RESTRICCIÓN EN LA LIBRE ESCOGENCIA;04040101;EPS;;;PROBLEMAS RELACIONADOS CON FACILIDADES DE ATENCIÓN MÉDICA U OTROS SERVICIOS DE SALUD;PROBLEMAS RELACIONADOS CON FACILIDADES DE ATENCIÓN MÉDICA U OTROS SERVICIOS DE SALUD;PROBLEMAS RELACIONADOS CON FACILIDADES DE ATENCIÓN MEDICA U OTROS SERVICIOS DE SALUD;No aplica;SIMPLE
542;2023;7;Correo;11;11001;US- 000003204230;Otro;MUJER;45;DE 38 A 49 AÑOS;No Aplica;Subsidiado;No Aplica;No Aplica;11;11001;CAPITAL SALUD;RÉGIMEN SUBSIDIADO;EPSS34;CAPITAL SALUD;11;11001;01;"BARRERAS EN EL ACCESO A TECNOLOGÍAS Y SERVICIOS DE SALUD; Y OTROS ELEMENTOS COMPLEMENTARIOS PARA LA ATENCIÓN DEL USUARIO";0103;FALTA DE OPORTUNIDAD EN LA AUTORIZACIÓN DE TECNOLOGÍAS EN SALUD Y OTROS ELEMENTOS COMPLEMENTARIOS PARA LA ATENCIÓN DEL USUARIO;010304;FALTA DE OPORTUNIDAD EN LA AUTORIZACIÓN DE OTROS SERVICIOS DE SALUD;01030402;HOSPITALIZACIÓN;;;ENFERMEDADES CRÓNICAS NO TRASMISIBLES CARDIOVASCULARES;OTROS;INFARTO TRANSMURAL AGUDO DEL MIOCARDIO, DE SITIO NO ESPECIFICADO;No aplica;SIMPLE
543;2023;7;Web;76;76130;US- 000003136891;Hijo (A);MUJER;55;DE 50 A 62 AÑOS;No Aplica;Contributivo;No Aplica;No Aplica;17;17001;SURAMERICANA EPS;RÉGIMEN CONTRIBUTIVO;EPS010;EPS SURA;17;17001;01;"BARRERAS EN EL ACCESO A TECNOLOGÍAS Y SERVICIOS DE SALUD; Y OTROS ELEMENTOS COMPLEMENTARIOS PARA LA ATENCIÓN DEL USUARIO";0102;NEGACIÓN DE TECNOLOGÍAS EN SALUD Y OTROS ELEMENTOS COMPLEMENTARIOS PARA LA ATENCIÓN DEL USUARIO;010204;NEGACIÓN PARA LA ENTREGA DE TECNOLOGÍAS EN SALUD Y/O DE OTROS SERVICIOS AUTORIZADOS;01020402;MEDICAMENTOS NO UPC;;;ENFERMEDADES CRÓNICAS NO TRASMISIBLES CARDIOVASCULARES;HTA (HIPERTENSIÓN ARTERIAL);HIPERTENSIÓN ESENCIAL (PRIMARIA);No aplica;SIMPLE
544;2023;7;Telefónico;66;66001;US- 000002400016;Madre;HOMBRE;33;DE 30 A 37 AÑOS;Secundaria;Contributivo;No Aplica;No Aplica;05;05001;SURAMERICANA EPS;RÉGIMEN CONTRIBUTIVO;EPS010;EPS SURA;66;66001;01;"BARRERAS EN EL ACCESO A TECNOLOGÍAS Y SERVICIOS DE SALUD; Y OTROS ELEMENTOS COMPLEMENTARIOS PARA LA ATENCIÓN DEL USUARIO";0101;FALTA DE OPORTUNIDAD EN LA PRESTACIÓN DE TECNOLOGÍAS EN SALUD Y OTROS ELEMENTOS COMPLEMENTARIOS PARA LA ATENCIÓN DEL USUARIO;010103;FALTA DE OPORTUNIDAD EN LA ATENCIÓN EN OTROS SERVICIOS DE SALUD;01010309;PROCEDIMIENTOS QUIRÚRGICOS;01010309003;OTROS PROCEDIMIENTOS QUIRÚRGICOS;PROBLEMAS RELACIONADOS CON FACILIDADES DE ATENCIÓN MÉDICA U OTROS SERVICIOS DE SALUD;PROBLEMAS RELACIONADOS CON FACILIDADES DE ATENCIÓN MÉDICA U OTROS SERVICIOS DE SALUD;OTROS PROBLEMAS RELACIONADOS CON SERVICIOS MÉDICOS Y DE SALUD;No aplica;PRIORIZADO
545;2023;7;Telefónico;73;73001;US- 000003276055;Hermano (A);MUJER;36;DE 30 A 37 AÑOS;No Aplica;Contributivo;No Aplica;No Aplica;73;73001;SALUD TOTAL;RÉGIMEN CONTRIBUTIVO;EPS002;SALUD TOTAL;73;73001;01;"BARRERAS EN EL ACCESO A TECNOLOGÍAS Y SERVICIOS DE SALUD; Y OTROS ELEMENTOS COMPLEMENTARIOS PARA LA ATENCIÓN DEL USUARIO";0101;FALTA DE OPORTUNIDAD EN LA PRESTACIÓN DE TECNOLOGÍAS EN SALUD Y OTROS ELEMENTOS COMPLEMENTARIOS PARA LA ATENCIÓN DEL USUARIO;010101;FALTA DE OPORTUNIDAD EN LAS CITAS O CONSULTAS;01010103;ESPECIALIDADES MÉDICAS ;01010103033;DERMATOLOGÍA;CÁNCER ;OTROS;TUMOR MALIGNO DE LA PIEL, SITIO NO ESPECIFICADO;No aplica;PRIORIZADO
546;2023;7;Escrito;11;11001;US- 000000535183;Cuidador (A);MUJER;99;MAYOR DE 63 AÑOS ;No Aplica;Contributivo;No Aplica;No Aplica;11;11001;NUEVA EPS;RÉGIMEN CONTRIBUTIVO;EPS037;NUEVA EPS;11;11001;01;"BARRERAS EN EL ACCESO A TECNOLOGÍAS Y SERVICIOS DE SALUD; Y OTROS ELEMENTOS COMPLEMENTARIOS PARA LA ATENCIÓN DEL USUARIO";0103;FALTA DE OPORTUNIDAD EN LA AUTORIZACIÓN DE TECNOLOGÍAS EN SALUD Y OTROS ELEMENTOS COMPLEMENTARIOS PARA LA ATENCIÓN DEL USUARIO;010304;FALTA DE OPORTUNIDAD EN LA AUTORIZACIÓN DE OTROS SERVICIOS DE SALUD;01030405;ATENCIÓN DOMICILIARIA;;;ENFERMEDADES CRÓNICAS NO TRASMISIBLES CARDIOVASCULARES;HTA (HIPERTENSIÓN ARTERIAL);HIPERTENSIÓN ESENCIAL (PRIMARIA);No aplica;SIMPLE
547;2023;7;Web;05;05001;US- 000003298936;A nombre propio;MUJER;56;DE 50 A 62 AÑOS;No Aplica;Contributivo;No Aplica;No Aplica;05;05001;SURAMERICANA EPS;RÉGIMEN CONTRIBUTIVO;EPS010;EPS SURA;05;05001;04;INSATISFACCIÓN DEL USUARIO CON EL PROCESO ADMINISTRATIVO;0405;PROBLEMAS EN EL RECONOCIMIENTO Y/O PAGO DE PRESTACIONES ECONÓMICAS;040501;NO RECONOCIMIENTO Y/O PAGO DE LAS PRESTACIONES ECONÓMICAS;04050107;INCAPACIDAD DE ENFERMEDAD GENERAL;;;ENFERMEDADES OSTEOARTICULARES;OTROS;ESGUINCES Y TORCEDURAS QUE COMPROMETEN EL LIGAMENTO CRUZADO (ANTERIOR) (POSTERIOR) DE LA RODILLA;No aplica;SIMPLE
548;2023;7;Web;15;15001;US- 000001005382;Nieto (A);MUJER;106;MAYOR DE 63 AÑOS ;No Aplica;Contributivo;No Aplica;No Aplica;15;15407;FAMISANAR;RÉGIMEN CONTRIBUTIVO;EPS017;FAMISANAR;15;15407;01;"BARRERAS EN EL ACCESO A TECNOLOGÍAS Y SERVICIOS DE SALUD; Y OTROS ELEMENTOS COMPLEMENTARIOS PARA LA ATENCIÓN DEL USUARIO";0101;FALTA DE OPORTUNIDAD EN LA PRESTACIÓN DE TECNOLOGÍAS EN SALUD Y OTROS ELEMENTOS COMPLEMENTARIOS PARA LA ATENCIÓN DEL USUARIO;010105;FALTA DE OPORTUNIDAD EN EL PROCESO DE REFERENCIA Y CONTRARREFERENCIA;;;;;EFECTIVIDAD GLOBAL DE LA ATENCIÓN;REINGRESO HOSPITALIZACIÓN;CONVALECENCIA;No aplica;RIESGO VITAL
549;2023;7;Escrito;76;76001;US- 000003295861;Otro;MUJER;84;MAYOR DE 63 AÑOS ;No Aplica;Contributivo;No Aplica;No Aplica;76;76001;SOS -SERVICIO OCCIDENTAL DE SALUD;RÉGIMEN CONTRIBUTIVO;EPS018;SERVICIO OCCIDENTAL DE SALUD (SOS);76;76001;01;"BARRERAS EN EL ACCESO A TECNOLOGÍAS Y SERVICIOS DE SALUD; Y OTROS ELEMENTOS COMPLEMENTARIOS PARA LA ATENCIÓN DEL USUARIO";0101;FALTA DE OPORTUNIDAD EN LA PRESTACIÓN DE TECNOLOGÍAS EN SALUD Y OTROS ELEMENTOS COMPLEMENTARIOS PARA LA ATENCIÓN DEL USUARIO;010103;FALTA DE OPORTUNIDAD EN LA ATENCIÓN EN OTROS SERVICIOS DE SALUD;01010308;PROCEDIMIENTOS NO QUIRÚRGICOS;01010308001;IMAGENOLOGÍA;PROBLEMAS RELACIONADOS CON FACILIDADES DE ATENCIÓN MÉDICA U OTROS SERVICIOS DE SALUD;PROBLEMAS RELACIONADOS CON FACILIDADES DE ATENCIÓN MÉDICA U OTROS SERVICIOS DE SALUD;PROBLEMAS RELACIONADOS CON FACILIDADES DE ATENCIÓN MEDICA U OTROS SERVICIOS DE SALUD;No aplica;SIMPLE
550;2023;7;Telefónico;05;05001;US- 000003264713;Tío (A);HOMBRE;0;DE 0 A 5 AÑOS;No Aplica;Subsidiado;No Aplica;No Aplica;05;05001;SALUD TOTAL;RÉGIMEN CONTRIBUTIVO;EPS002;SALUD TOTAL;05;05001;01;"BARRERAS EN EL ACCESO A TECNOLOGÍAS Y SERVICIOS DE SALUD; Y OTROS ELEMENTOS COMPLEMENTARIOS PARA LA ATENCIÓN DEL USUARIO";0102;NEGACIÓN DE TECNOLOGÍAS EN SALUD Y OTROS ELEMENTOS COMPLEMENTARIOS PARA LA ATENCIÓN DEL USUARIO;010203;NEGACIÓN EN LA ATENCIÓN EN OTROS SERVICIOS DE SALUD;01020301;URGENCIAS;;;MATERNO INFANTIL;ATENCIÓN NIÑOS MENORES DE 5 AÑOS;PROBLEMAS RELACIONADOS CON FACILIDADES DE ATENCIÓN MEDICA U OTROS SERVICIOS DE SALUD;No aplica;RIESGO VITAL
551;2023;7;Web;11;11001;US- 000003306060;A nombre propio;HOMBRE;64;MAYOR DE 63 AÑOS ;No Aplica;Contributivo;No Aplica;No Aplica;11;11001;SURAMERICANA EPS;RÉGIMEN CONTRIBUTIVO;EPS010;EPS SURA;11;11001;01;"BARRERAS EN EL ACCESO A TECNOLOGÍAS Y SERVICIOS DE SALUD; Y OTROS ELEMENTOS COMPLEMENTARIOS PARA LA ATENCIÓN DEL USUARIO";0101;FALTA DE OPORTUNIDAD EN LA PRESTACIÓN DE TECNOLOGÍAS EN SALUD Y OTROS ELEMENTOS COMPLEMENTARIOS PARA LA ATENCIÓN DEL USUARIO;010103;FALTA DE OPORTUNIDAD EN LA ATENCIÓN EN OTROS SERVICIOS DE SALUD;01010308;PROCEDIMIENTOS NO QUIRÚRGICOS;01010308001;IMAGENOLOGÍA;ENFERMEDADES CRÓNICAS NO TRANSMISIBLES- FACTORES DE RIESGO;MEDICIÓN DE FACTORES DE RIESGO;QUISTE RENAL SOLITARIO CONGÉNITO;No aplica;SIMPLE
552;2023;7;Web;68;68615;US- 000003261849;A nombre propio;MUJER;21;DE 18 A 24 AÑOS;No Aplica;Subsidiado;No Aplica;No Aplica;68;68615;COOSALUD;RÉGIMEN SUBSIDIADO;ESS024;COOSALUD;68;68615;01;"BARRERAS EN EL ACCESO A TECNOLOGÍAS Y SERVICIOS DE SALUD; Y OTROS ELEMENTOS COMPLEMENTARIOS PARA LA ATENCIÓN DEL USUARIO";0102;NEGACIÓN DE TECNOLOGÍAS EN SALUD Y OTROS ELEMENTOS COMPLEMENTARIOS PARA LA ATENCIÓN DEL USUARIO;010203;NEGACIÓN EN LA ATENCIÓN EN OTROS SERVICIOS DE SALUD;01020309;PROCEDIMIENTOS QUIRÚRGICOS;01020309003;OTROS PROCEDIMIENTOS QUIRÚRGICOS;PROBLEMAS RELACIONADOS CON FACILIDADES DE ATENCIÓN MÉDICA U OTROS SERVICIOS DE SALUD;PROBLEMAS RELACIONADOS CON FACILIDADES DE ATENCIÓN MÉDICA U OTROS SERVICIOS DE SALUD;HERNIA INGUINAL;No aplica;SIMPLE
553;2023;7;Telefónico;73;73001;US- 000003270230;Cónyuge;MUJER;30;DE 30 A 37 AÑOS;Universitario;Contributivo;No Aplica;Mujer en estado de gestación;73;73001;SANITAS;RÉGIMEN CONTRIBUTIVO;EPS005;SANITAS;73;73001;01;"BARRERAS EN EL ACCESO A TECNOLOGÍAS Y SERVICIOS DE SALUD; Y OTROS ELEMENTOS COMPLEMENTARIOS PARA LA ATENCIÓN DEL USUARIO";0101;FALTA DE OPORTUNIDAD EN LA PRESTACIÓN DE TECNOLOGÍAS EN SALUD Y OTROS ELEMENTOS COMPLEMENTARIOS PARA LA ATENCIÓN DEL USUARIO;010103;FALTA DE OPORTUNIDAD EN LA ATENCIÓN EN OTROS SERVICIOS DE SALUD;01010308;PROCEDIMIENTOS NO QUIRÚRGICOS;01010308001;IMAGENOLOGÍA;MATERNO INFANTIL;ATENCIÓN EN EL EMBARAZO;SUPERVISIÓN DE EMBARAZO DE ALTO RIESGO, SIN OTRA ESPECIFICACIÓN;No aplica;RIESGO VITAL
554;2023;7;Web;66;66001;US- 000003293851;A nombre propio;MUJER;70;MAYOR DE 63 AÑOS ;No Aplica;Subsidiado;No Aplica;No Aplica;66;66001;ASMET SALUD EPS;RÉGIMEN SUBSIDIADO;ESS062;ASMET SALUD;66;66001;01;"BARRERAS EN EL ACCESO A TECNOLOGÍAS Y SERVICIOS DE SALUD; Y OTROS ELEMENTOS COMPLEMENTARIOS PARA LA ATENCIÓN DEL USUARIO";0101;FALTA DE OPORTUNIDAD EN LA PRESTACIÓN DE TECNOLOGÍAS EN SALUD Y OTROS ELEMENTOS COMPLEMENTARIOS PARA LA ATENCIÓN DEL USUARIO;010103;FALTA DE OPORTUNIDAD EN LA ATENCIÓN EN OTROS SERVICIOS DE SALUD;01010309;PROCEDIMIENTOS QUIRÚRGICOS;01010309003;OTROS PROCEDIMIENTOS QUIRÚRGICOS;PROBLEMAS RELACIONADOS CON FACILIDADES DE ATENCIÓN MÉDICA U OTROS SERVICIOS DE SALUD;PROBLEMAS RELACIONADOS CON FACILIDADES DE ATENCIÓN MÉDICA U OTROS SERVICIOS DE SALUD;OTROS PROBLEMAS RELACIONADOS CON SERVICIOS MÉDICOS Y DE SALUD;No aplica;SIMPLE
555;2023;7;Escrito;18;18001;US- 000003297081;Otro;MUJER;52;DE 50 A 62 AÑOS;No Aplica;Subsidiado;No Aplica;No Aplica;41;41551;NUEVA EPS;RÉGIMEN SUBSIDIADO;EPSS41;NUEVA EPS;41;41551;01;"BARRERAS EN EL ACCESO A TECNOLOGÍAS Y SERVICIOS DE SALUD; Y OTROS ELEMENTOS COMPLEMENTARIOS PARA LA ATENCIÓN DEL USUARIO";0103;FALTA DE OPORTUNIDAD EN LA AUTORIZACIÓN DE TECNOLOGÍAS EN SALUD Y OTROS ELEMENTOS COMPLEMENTARIOS PARA LA ATENCIÓN DEL USUARIO;010304;FALTA DE OPORTUNIDAD EN LA AUTORIZACIÓN DE OTROS SERVICIOS DE SALUD;01030401;URGENCIAS;;;PROBLEMAS RELACIONADOS CON FACILIDADES DE ATENCIÓN MÉDICA U OTROS SERVICIOS DE SALUD;PROBLEMAS RELACIONADOS CON FACILIDADES DE ATENCIÓN MÉDICA U OTROS SERVICIOS DE SALUD;DOLOR AGUDO;No aplica;SIMPLE
556;2023;7;Escrito;11;11001;US- 000003275568;Otro;MUJER;25;DE 25 A 29 AÑOS;No Aplica;Contributivo;No Aplica;No Aplica;73;73268;FAMISANAR;RÉGIMEN CONTRIBUTIVO;EPS017;FAMISANAR;73;73268;04;INSATISFACCIÓN DEL USUARIO CON EL PROCESO ADMINISTRATIVO;0405;PROBLEMAS EN EL RECONOCIMIENTO Y/O PAGO DE PRESTACIONES ECONÓMICAS;040501;NO RECONOCIMIENTO Y/O PAGO DE LAS PRESTACIONES ECONÓMICAS;04050107;INCAPACIDAD DE ENFERMEDAD GENERAL;;;PROBLEMAS RELACIONADOS CON FACILIDADES DE ATENCIÓN MÉDICA U OTROS SERVICIOS DE SALUD;PROBLEMAS RELACIONADOS CON FACILIDADES DE ATENCIÓN MÉDICA U OTROS SERVICIOS DE SALUD;PROBLEMAS RELACIONADOS CON FACILIDADES DE ATENCIÓN MEDICA U OTROS SERVICIOS DE SALUD;No aplica;SIMPLE
557;2023;7;Personalizado;05;05001;US- 000001933862;Hermano (A);HOMBRE;51;DE 50 A 62 AÑOS;Ninguno;Subsidiado;Afrocolombiano o Afrodescendiente;Desplazado;05;05001;CCF DEL CHOCÓ -COMFACHOCO;RÉGIMEN SUBSIDIADO;CCF102;"CCF CHOCÓ ""CONMFACHOCÓ""";27;27361;01;"BARRERAS EN EL ACCESO A TECNOLOGÍAS Y SERVICIOS DE SALUD; Y OTROS ELEMENTOS COMPLEMENTARIOS PARA LA ATENCIÓN DEL USUARIO";0103;FALTA DE OPORTUNIDAD EN LA AUTORIZACIÓN DE TECNOLOGÍAS EN SALUD Y OTROS ELEMENTOS COMPLEMENTARIOS PARA LA ATENCIÓN DEL USUARIO;010301;FALTA DE OPORTUNIDAD EN LA AUTORIZACIÓN DE TECNOLOGÍAS EN SALUD Y/O DE OTROS SERVICIOS;01030101;MEDICAMENTOS UPC;;;CÁNCER ;CÁNCER DE PRÓSTATA;TUMOR MALIGNO DE LA PRÓSTATA;Quimioterapia y radioterapia para el cáncer;PRIORIZADO
558;2023;7;Web;76;76001;US- 000000948266;A nombre propio;HOMBRE;54;DE 50 A 62 AÑOS;Secundaria;Contributivo;No Aplica;No Aplica;76;76001;SOS -SERVICIO OCCIDENTAL DE SALUD;RÉGIMEN CONTRIBUTIVO;EPS018;SERVICIO OCCIDENTAL DE SALUD (SOS);76;76001;01;"BARRERAS EN EL ACCESO A TECNOLOGÍAS Y SERVICIOS DE SALUD; Y OTROS ELEMENTOS COMPLEMENTARIOS PARA LA ATENCIÓN DEL USUARIO";0101;FALTA DE OPORTUNIDAD EN LA PRESTACIÓN DE TECNOLOGÍAS EN SALUD Y OTROS ELEMENTOS COMPLEMENTARIOS PARA LA ATENCIÓN DEL USUARIO;010103;FALTA DE OPORTUNIDAD EN LA ATENCIÓN EN OTROS SERVICIOS DE SALUD;01010308;PROCEDIMIENTOS NO QUIRÚRGICOS;01010308004;RADIOTERAPIA;CÁNCER ;CÁNCER DE PRÓSTATA;TUMOR MALIGNO DE LA PRÓSTATA;Quimioterapia y radioterapia para el cáncer;PRIORIZADO
559;2023;7;Escrito;11;11001;US- 000003263220;A nombre propio;HOMBRE;6;DE 6 A 12 AÑOS;No Aplica;Contributivo;No Aplica;No Aplica;11;11001;ALIANSALUD;RÉGIMEN CONTRIBUTIVO;EPS001;ALIANSALUD;11;11001;01;"BARRERAS EN EL ACCESO A TECNOLOGÍAS Y SERVICIOS DE SALUD; Y OTROS ELEMENTOS COMPLEMENTARIOS PARA LA ATENCIÓN DEL USUARIO";0103;FALTA DE OPORTUNIDAD EN LA AUTORIZACIÓN DE TECNOLOGÍAS EN SALUD Y OTROS ELEMENTOS COMPLEMENTARIOS PARA LA ATENCIÓN DEL USUARIO;010304;FALTA DE OPORTUNIDAD EN LA AUTORIZACIÓN DE OTROS SERVICIOS DE SALUD;01030408;PROCEDIMIENTOS NO QUIRÚRGICOS;01030408006;OTROS PROCEDIMIENTOS NO QUIRÚRGICOS;PROBLEMAS RELACIONADOS CON FACILIDADES DE ATENCIÓN MÉDICA U OTROS SERVICIOS DE SALUD;PROBLEMAS RELACIONADOS CON FACILIDADES DE ATENCIÓN MÉDICA U OTROS SERVICIOS DE SALUD;SÍNDROME DE DOWN;No aplica;SIMPLE
560;2023;7;Telefónico;66;66001;US- 000000747623;Cónyuge;HOMBRE;48;DE 38 A 49 AÑOS;Primaria Incompleta;Contributivo;Afrocolombiano o Afrodescendiente;No Aplica;66;66001;SALUD TOTAL;RÉGIMEN CONTRIBUTIVO;EPS002;SALUD TOTAL;66;66001;01;"BARRERAS EN EL ACCESO A TECNOLOGÍAS Y SERVICIOS DE SALUD; Y OTROS ELEMENTOS COMPLEMENTARIOS PARA LA ATENCIÓN DEL USUARIO";0101;FALTA DE OPORTUNIDAD EN LA PRESTACIÓN DE TECNOLOGÍAS EN SALUD Y OTROS ELEMENTOS COMPLEMENTARIOS PARA LA ATENCIÓN DEL USUARIO;010101;FALTA DE OPORTUNIDAD EN LAS CITAS O CONSULTAS;01010103;ESPECIALIDADES MÉDICAS ;01010103035;DOLOR Y CUIDADOS PALIATIVOS;PROBLEMAS RELACIONADOS CON FACILIDADES DE ATENCIÓN MÉDICA U OTROS SERVICIOS DE SALUD;PROBLEMAS RELACIONADOS CON FACILIDADES DE ATENCIÓN MÉDICA U OTROS SERVICIOS DE SALUD;DOLOR EN LA COLUMNA DORSAL;No aplica;SIMPLE
561;2023;7;Web;76;76001;US- 000003275905;A nombre propio;MUJER;18;DE 18 A 24 AÑOS;Universitario Incompleto;No aplica;Mulato ;No Aplica;76;76001;SEGUROS DEL ESTADO.;COMPAÑÍAS DE SEGUROS;EP007190;SEGUROS DEL ESTADO S.A.;76;76001;01;"BARRERAS EN EL ACCESO A TECNOLOGÍAS Y SERVICIOS DE SALUD; Y OTROS ELEMENTOS COMPLEMENTARIOS PARA LA ATENCIÓN DEL USUARIO";0103;FALTA DE OPORTUNIDAD EN LA AUTORIZACIÓN DE TECNOLOGÍAS EN SALUD Y OTROS ELEMENTOS COMPLEMENTARIOS PARA LA ATENCIÓN DEL USUARIO;010304;FALTA DE OPORTUNIDAD EN LA AUTORIZACIÓN DE OTROS SERVICIOS DE SALUD;01030409;PROCEDIMIENTOS QUIRÚRGICOS;01030409003;OTROS PROCEDIMIENTOS QUIRÚRGICOS;ENFERMEDADES OSTEOARTICULARES;OTROS;FRACTURA DE LA CLAVÍCULA;No aplica;PRIORIZADO
562;2023;7;Telefónico;47;47189;US- 000003072901;A nombre propio;HOMBRE;67;MAYOR DE 63 AÑOS ;Secundaria;No aplica;No Aplica;No Aplica;47;47189;SECRETARÍA DE SALUD DEL MAGDALENA;ENTIDADES TERRITORIALES;999998;SECRETARIA DE SALUD DEL MAGDALENA;47;47189;01;"BARRERAS EN EL ACCESO A TECNOLOGÍAS Y SERVICIOS DE SALUD; Y OTROS ELEMENTOS COMPLEMENTARIOS PARA LA ATENCIÓN DEL USUARIO";0101;FALTA DE OPORTUNIDAD EN LA PRESTACIÓN DE TECNOLOGÍAS EN SALUD Y OTROS ELEMENTOS COMPLEMENTARIOS PARA LA ATENCIÓN DEL USUARIO;010101;FALTA DE OPORTUNIDAD EN LAS CITAS O CONSULTAS;01010104;ESPECIALIDADES ODONTOLÓGICAS;01010104001;CIRUGÍA MAXILOFACIAL;ENFERMEDADES CRÓNICAS NO TRANSMISIBLES- FACTORES DE RIESGO;MEDICIÓN DE FACTORES DE RIESGO;FRACTURA DEL CRÁNEO Y DE LOS HUESOS DE LA CARA, PARTE NO ESPECIFICADA;No aplica;SIMPLE
563;2023;7;Telefónico;66;66400;US- 000003115260;Hijo (A);MUJER;83;MAYOR DE 63 AÑOS ;Secundaria Incompleta;Subsidiado;No Aplica;Desplazado;66;66400;SALUD TOTAL;RÉGIMEN CONTRIBUTIVO;EPS002;SALUD TOTAL;66;66400;01;"BARRERAS EN EL ACCESO A TECNOLOGÍAS Y SERVICIOS DE SALUD; Y OTROS ELEMENTOS COMPLEMENTARIOS PARA LA ATENCIÓN DEL USUARIO";0101;FALTA DE OPORTUNIDAD EN LA PRESTACIÓN DE TECNOLOGÍAS EN SALUD Y OTROS ELEMENTOS COMPLEMENTARIOS PARA LA ATENCIÓN DEL USUARIO;010101;FALTA DE OPORTUNIDAD EN LAS CITAS O CONSULTAS;01010103;ESPECIALIDADES MÉDICAS ;01010103076;ONCOLOGÍA;CÁNCER ;OTROS;TUMOR MALIGNO DEL RIÑÓN, EXCEPTO DE LA PELVIS RENAL;No aplica;PRIORIZADO
564;2023;7;Telefónico;05;05088;US- 000000861193;A nombre propio;HOMBRE;29;DE 25 A 29 AÑOS;Universitario Incompleto;Contributivo;No Aplica;Persona con discapacidad;05;05088;SURAMERICANA EPS;RÉGIMEN CONTRIBUTIVO;EPS010;EPS SURA;05;05088;01;"BARRERAS EN EL ACCESO A TECNOLOGÍAS Y SERVICIOS DE SALUD; Y OTROS ELEMENTOS COMPLEMENTARIOS PARA LA ATENCIÓN DEL USUARIO";0101;FALTA DE OPORTUNIDAD EN LA PRESTACIÓN DE TECNOLOGÍAS EN SALUD Y OTROS ELEMENTOS COMPLEMENTARIOS PARA LA ATENCIÓN DEL USUARIO;010101;FALTA DE OPORTUNIDAD EN LAS CITAS O CONSULTAS;01010103;ESPECIALIDADES MÉDICAS ;01010103072;NEUROLOGÍA;PROBLEMAS RELACIONADOS CON FACILIDADES DE ATENCIÓN MÉDICA U OTROS SERVICIOS DE SALUD;PROBLEMAS RELACIONADOS CON FACILIDADES DE ATENCIÓN MÉDICA U OTROS SERVICIOS DE SALUD;OTROS PROBLEMAS RELACIONADOS CON SERVICIOS MÉDICOS Y DE SALUD;No aplica;SIMPLE
565;2023;7;Web;11;11001;US- 000003264609;A nombre propio;HOMBRE;12;DE 6 A 12 AÑOS;No Aplica;Contributivo;No Aplica;No Aplica;11;11001;FAMISANAR;RÉGIMEN CONTRIBUTIVO;EPS017;FAMISANAR;11;11001;01;"BARRERAS EN EL ACCESO A TECNOLOGÍAS Y SERVICIOS DE SALUD; Y OTROS ELEMENTOS COMPLEMENTARIOS PARA LA ATENCIÓN DEL USUARIO";0101;FALTA DE OPORTUNIDAD EN LA PRESTACIÓN DE TECNOLOGÍAS EN SALUD Y OTROS ELEMENTOS COMPLEMENTARIOS PARA LA ATENCIÓN DEL USUARIO;010101;FALTA DE OPORTUNIDAD EN LAS CITAS O CONSULTAS;01010103;ESPECIALIDADES MÉDICAS ;01010103073;NEUROLOGÍA PEDIÁTRICA - NEUROPEDIATRÍA;SALUD MENTAL;OTROS TRASTORNOS MENTALES;TRASTORNOS NO ESPECIFICADOS, EMOCIONALES Y DEL COMPORTAMIENTO, QUE APARECEN HABITUALMENTE EN LA NIÑEZ Y EN LA ADOLESCENCIA;No aplica;SIMPLE
566;2023;7;Web;76;76001;US- 000001926586;A nombre propio;MUJER;31;DE 30 A 37 AÑOS;No Aplica;Contributivo;No Aplica;No Aplica;76;76001;SOS -SERVICIO OCCIDENTAL DE SALUD;RÉGIMEN CONTRIBUTIVO;EPS018;SERVICIO OCCIDENTAL DE SALUD (SOS);76;76001;01;"BARRERAS EN EL ACCESO A TECNOLOGÍAS Y SERVICIOS DE SALUD; Y OTROS ELEMENTOS COMPLEMENTARIOS PARA LA ATENCIÓN DEL USUARIO";0101;FALTA DE OPORTUNIDAD EN LA PRESTACIÓN DE TECNOLOGÍAS EN SALUD Y OTROS ELEMENTOS COMPLEMENTARIOS PARA LA ATENCIÓN DEL USUARIO;010101;FALTA DE OPORTUNIDAD EN LAS CITAS O CONSULTAS;01010103;ESPECIALIDADES MÉDICAS ;01010103048;HEMATOLOGÍA;PROBLEMAS RELACIONADOS CON FACILIDADES DE ATENCIÓN MÉDICA U OTROS SERVICIOS DE SALUD;PROBLEMAS RELACIONADOS CON FACILIDADES DE ATENCIÓN MÉDICA U OTROS SERVICIOS DE SALUD;OTROS PROBLEMAS RELACIONADOS CON SERVICIOS MÉDICOS Y DE SALUD;No aplica;SIMPLE
567;2023;7;Personalizado;05;05631;US- 000000048114;Padre;HOMBRE;8;DE 6 A 12 AÑOS;Primaria Incompleta;Subsidiado;No Aplica;No Aplica;05;05631;SURAMERICANA EPS;RÉGIMEN CONTRIBUTIVO;EPS010;EPS SURA;05;05001;01;"BARRERAS EN EL ACCESO A TECNOLOGÍAS Y SERVICIOS DE SALUD; Y OTROS ELEMENTOS COMPLEMENTARIOS PARA LA ATENCIÓN DEL USUARIO";0101;FALTA DE OPORTUNIDAD EN LA PRESTACIÓN DE TECNOLOGÍAS EN SALUD Y OTROS ELEMENTOS COMPLEMENTARIOS PARA LA ATENCIÓN DEL USUARIO;010104;FALTA DE OPORTUNIDAD EN LA ENTREGA O ENTREGA INCOMPLETA DE TECNOLOGÍAS EN SALUD Y/O PRESTACIÓN DE OTROS SERVICIOS;01010401;MEDICAMENTOS UPC;;;SALUD MENTAL;OTROS TRASTORNOS MENTALES;TRASTORNO EMOCIONAL EN LA NIÑEZ, NO ESPECIFICADO;No aplica;PRIORIZADO
568;2023;7;Web;11;11001;US- 000002833928;A nombre propio;MUJER;76;MAYOR DE 63 AÑOS ;No Aplica;Subsidiado;No Aplica;No Aplica;11;11001;CAPITAL SALUD;RÉGIMEN SUBSIDIADO;EPSS34;CAPITAL SALUD;11;11001;01;"BARRERAS EN EL ACCESO A TECNOLOGÍAS Y SERVICIOS DE SALUD; Y OTROS ELEMENTOS COMPLEMENTARIOS PARA LA ATENCIÓN DEL USUARIO";0101;FALTA DE OPORTUNIDAD EN LA PRESTACIÓN DE TECNOLOGÍAS EN SALUD Y OTROS ELEMENTOS COMPLEMENTARIOS PARA LA ATENCIÓN DEL USUARIO;010101;FALTA DE OPORTUNIDAD EN LAS CITAS O CONSULTAS;01010103;ESPECIALIDADES MÉDICAS ;01010103006;CARDIOLOGÍA;PROBLEMAS RELACIONADOS CON FACILIDADES DE ATENCIÓN MÉDICA U OTROS SERVICIOS DE SALUD;PROBLEMAS RELACIONADOS CON FACILIDADES DE ATENCIÓN MÉDICA U OTROS SERVICIOS DE SALUD;OTROS PROBLEMAS RELACIONADOS CON SERVICIOS MÉDICOS Y DE SALUD;No aplica;SIMPLE
569;2023;7;Telefónico;05;05172;US- 000003185378;A nombre propio;MUJER;43;DE 38 A 49 AÑOS;Secundaria Incompleta;Contributivo;No Aplica;Desplazado;05;05172;NUEVA EPS;RÉGIMEN CONTRIBUTIVO;EPS037;NUEVA EPS;05;05172;01;"BARRERAS EN EL ACCESO A TECNOLOGÍAS Y SERVICIOS DE SALUD; Y OTROS ELEMENTOS COMPLEMENTARIOS PARA LA ATENCIÓN DEL USUARIO";0102;NEGACIÓN DE TECNOLOGÍAS EN SALUD Y OTROS ELEMENTOS COMPLEMENTARIOS PARA LA ATENCIÓN DEL USUARIO;010204;NEGACIÓN PARA LA ENTREGA DE TECNOLOGÍAS EN SALUD Y/O DE OTROS SERVICIOS AUTORIZADOS;01020402;MEDICAMENTOS NO UPC;;;ENFERMEDADES CRÓNICAS NO TRANSMISIBLES- FACTORES DE RIESGO;OBESIDAD;OBESIDAD;No aplica;SIMPLE
570;2023;7;Web;05;05360;US- 000002542579;A nombre propio;MUJER;60;DE 50 A 62 AÑOS;No Aplica;Régimen Especial;No Aplica;No Aplica;05;05360;POLICIA NACIONAL;REGÍMENES DE EXCEPCIÓN Y ESPECIALES;REPN01;POLICIA NACIONAL;05;05360;01;"BARRERAS EN EL ACCESO A TECNOLOGÍAS Y SERVICIOS DE SALUD; Y OTROS ELEMENTOS COMPLEMENTARIOS PARA LA ATENCIÓN DEL USUARIO";0101;FALTA DE OPORTUNIDAD EN LA PRESTACIÓN DE TECNOLOGÍAS EN SALUD Y OTROS ELEMENTOS COMPLEMENTARIOS PARA LA ATENCIÓN DEL USUARIO;010101;FALTA DE OPORTUNIDAD EN LAS CITAS O CONSULTAS;01010103;ESPECIALIDADES MÉDICAS ;01010103083;PSIQUIATRÍA;SALUD MENTAL;OTROS TRASTORNOS MENTALES;TRASTORNO MIXTO DE ANSIEDAD Y DEPRESIÓN;No aplica;PRIORIZADO
571;2023;7;Telefónico;05;05001;US- 000003268445;A nombre propio;MUJER;35;DE 30 A 37 AÑOS;No Aplica;Contributivo;No Aplica;No Aplica;05;05001;SURAMERICANA EPS;RÉGIMEN CONTRIBUTIVO;EPS010;EPS SURA;05;05001;01;"BARRERAS EN EL ACCESO A TECNOLOGÍAS Y SERVICIOS DE SALUD; Y OTROS ELEMENTOS COMPLEMENTARIOS PARA LA ATENCIÓN DEL USUARIO";0101;FALTA DE OPORTUNIDAD EN LA PRESTACIÓN DE TECNOLOGÍAS EN SALUD Y OTROS ELEMENTOS COMPLEMENTARIOS PARA LA ATENCIÓN DEL USUARIO;010101;FALTA DE OPORTUNIDAD EN LAS CITAS O CONSULTAS;01010103;ESPECIALIDADES MÉDICAS ;01010103039;ENDOCRINOLOGÍA;PROBLEMAS RELACIONADOS CON FACILIDADES DE ATENCIÓN MÉDICA U OTROS SERVICIOS DE SALUD;PROBLEMAS RELACIONADOS CON FACILIDADES DE ATENCIÓN MÉDICA U OTROS SERVICIOS DE SALUD;TRASTORNO DE LA GLÁNDULA TIROIDES, NO ESPECIFICADO;No aplica;SIMPLE
572;2023;7;Web;05;05001;US- 000002994015;A nombre propio;MUJER;24;DE 18 A 24 AÑOS;No Aplica;Subsidiado;No Aplica;No Aplica;05;05001;COOSALUD;RÉGIMEN SUBSIDIADO;ESS024;COOSALUD;05;05001;01;"BARRERAS EN EL ACCESO A TECNOLOGÍAS Y SERVICIOS DE SALUD; Y OTROS ELEMENTOS COMPLEMENTARIOS PARA LA ATENCIÓN DEL USUARIO";0101;FALTA DE OPORTUNIDAD EN LA PRESTACIÓN DE TECNOLOGÍAS EN SALUD Y OTROS ELEMENTOS COMPLEMENTARIOS PARA LA ATENCIÓN DEL USUARIO;010101;FALTA DE OPORTUNIDAD EN LAS CITAS O CONSULTAS;01010103;ESPECIALIDADES MÉDICAS ;01010103047;GINECOLOGÍA Y OBSTETRICIA;PROBLEMAS RELACIONADOS CON FACILIDADES DE ATENCIÓN MÉDICA U OTROS SERVICIOS DE SALUD;PROBLEMAS RELACIONADOS CON FACILIDADES DE ATENCIÓN MÉDICA U OTROS SERVICIOS DE SALUD;OTROS PROBLEMAS RELACIONADOS CON SERVICIOS MÉDICOS Y DE SALUD;No aplica;SIMPLE
573;2023;7;Web;50;50001;US- 000003295574;A nombre propio;MUJER;79;MAYOR DE 63 AÑOS ;No Aplica;Contributivo;No Aplica;Persona con discapacidad;50;50001;SANITAS;RÉGIMEN CONTRIBUTIVO;EPS005;SANITAS;50;50001;01;"BARRERAS EN EL ACCESO A TECNOLOGÍAS Y SERVICIOS DE SALUD; Y OTROS ELEMENTOS COMPLEMENTARIOS PARA LA ATENCIÓN DEL USUARIO";0101;FALTA DE OPORTUNIDAD EN LA PRESTACIÓN DE TECNOLOGÍAS EN SALUD Y OTROS ELEMENTOS COMPLEMENTARIOS PARA LA ATENCIÓN DEL USUARIO;010101;FALTA DE OPORTUNIDAD EN LAS CITAS O CONSULTAS;01010103;ESPECIALIDADES MÉDICAS ;01010103063;MEDICINA INTERNA;PROBLEMAS RELACIONADOS CON FACILIDADES DE ATENCIÓN MÉDICA U OTROS SERVICIOS DE SALUD;PROBLEMAS RELACIONADOS CON FACILIDADES DE ATENCIÓN MÉDICA U OTROS SERVICIOS DE SALUD;MAREO Y DESVANECIMIENTO;No aplica;SIMPLE
574;2023;7;Web;11;11001;US- 000003283126;A nombre propio;HOMBRE;77;MAYOR DE 63 AÑOS ;No Aplica;Contributivo;No Aplica;No Aplica;11;11001;COMPENSAR;RÉGIMEN CONTRIBUTIVO;EPS008;COMPENSAR;11;11001;01;"BARRERAS EN EL ACCESO A TECNOLOGÍAS Y SERVICIOS DE SALUD; Y OTROS ELEMENTOS COMPLEMENTARIOS PARA LA ATENCIÓN DEL USUARIO";0101;FALTA DE OPORTUNIDAD EN LA PRESTACIÓN DE TECNOLOGÍAS EN SALUD Y OTROS ELEMENTOS COMPLEMENTARIOS PARA LA ATENCIÓN DEL USUARIO;010103;FALTA DE OPORTUNIDAD EN LA ATENCIÓN EN OTROS SERVICIOS DE SALUD;01010309;PROCEDIMIENTOS QUIRÚRGICOS;01010309003;OTROS PROCEDIMIENTOS QUIRÚRGICOS;PROBLEMAS RELACIONADOS CON FACILIDADES DE ATENCIÓN MÉDICA U OTROS SERVICIOS DE SALUD;PROBLEMAS RELACIONADOS CON FACILIDADES DE ATENCIÓN MÉDICA U OTROS SERVICIOS DE SALUD;OTROS ESTADOS POSTQUIRÚRGICOS;No aplica;SIMPLE
575;2023;7;Telefónico;47;47058;US- 000003282134;Cónyuge;HOMBRE;63;MAYOR DE 63 AÑOS ;Primaria;Subsidiado;No Aplica;No Aplica;47;47058;NUEVA EPS;RÉGIMEN SUBSIDIADO;EPSS41;NUEVA EPS;47;47058;01;"BARRERAS EN EL ACCESO A TECNOLOGÍAS Y SERVICIOS DE SALUD; Y OTROS ELEMENTOS COMPLEMENTARIOS PARA LA ATENCIÓN DEL USUARIO";0101;FALTA DE OPORTUNIDAD EN LA PRESTACIÓN DE TECNOLOGÍAS EN SALUD Y OTROS ELEMENTOS COMPLEMENTARIOS PARA LA ATENCIÓN DEL USUARIO;010101;FALTA DE OPORTUNIDAD EN LAS CITAS O CONSULTAS;01010104;ESPECIALIDADES ODONTOLÓGICAS;01010104001;CIRUGÍA MAXILOFACIAL;ENFERMEDADES CRÓNICAS NO TRASMISIBLES CARDIOVASCULARES;HTA (HIPERTENSIÓN ARTERIAL);TRAUMATISMO SUPERFICIAL DE LA CABEZA, PARTE NO ESPECIFICADA;No aplica;SIMPLE
576;2023;7;Web;05;05034;US- 000003300304;Otro;HOMBRE;76;MAYOR DE 63 AÑOS ;No Aplica;Subsidiado;No Aplica;No Aplica;05;05034;SAVIA SALUD;RÉGIMEN SUBSIDIADO;EPSS40;SAVIA SALUD EPS;05;05034;01;"BARRERAS EN EL ACCESO A TECNOLOGÍAS Y SERVICIOS DE SALUD; Y OTROS ELEMENTOS COMPLEMENTARIOS PARA LA ATENCIÓN DEL USUARIO";0101;FALTA DE OPORTUNIDAD EN LA PRESTACIÓN DE TECNOLOGÍAS EN SALUD Y OTROS ELEMENTOS COMPLEMENTARIOS PARA LA ATENCIÓN DEL USUARIO;010101;FALTA DE OPORTUNIDAD EN LAS CITAS O CONSULTAS;01010103;ESPECIALIDADES MÉDICAS ;01010103078;ORTOPEDIA Y TRAUMATOLOGÍA;ENFERMEDADES OSTEOARTICULARES;OTROS;OTROS TRASTORNOS ESPECIFICADOS DE LOS DISCOS INTERVERTEBRALES;No aplica;SIMPLE
577;2023;7;Web;25;25126;US- 000001128430;A nombre propio;MUJER;75;MAYOR DE 63 AÑOS ;No Aplica;Contributivo;No Aplica;No Aplica;25;25126;FAMISANAR;RÉGIMEN CONTRIBUTIVO;EPS017;FAMISANAR;25;25126;01;"BARRERAS EN EL ACCESO A TECNOLOGÍAS Y SERVICIOS DE SALUD; Y OTROS ELEMENTOS COMPLEMENTARIOS PARA LA ATENCIÓN DEL USUARIO";0101;FALTA DE OPORTUNIDAD EN LA PRESTACIÓN DE TECNOLOGÍAS EN SALUD Y OTROS ELEMENTOS COMPLEMENTARIOS PARA LA ATENCIÓN DEL USUARIO;010101;FALTA DE OPORTUNIDAD EN LAS CITAS O CONSULTAS;01010101;MEDICINA GENERAL;;;ENFERMEDADES CRÓNICAS NO TRASMISIBLES CARDIOVASCULARES;HTA (HIPERTENSIÓN ARTERIAL);DIABETES MELLITUS INSULINODEPENDIENTE;No aplica;PRIORIZADO
578;2023;7;Web;05;05001;US- 000003264106;A nombre propio;HOMBRE;36;DE 30 A 37 AÑOS;No Aplica;Contributivo;No Aplica;No Aplica;05;05001;SURAMERICANA EPS;RÉGIMEN CONTRIBUTIVO;EPS010;EPS SURA;05;05001;04;INSATISFACCIÓN DEL USUARIO CON EL PROCESO ADMINISTRATIVO;0405;PROBLEMAS EN EL RECONOCIMIENTO Y/O PAGO DE PRESTACIONES ECONÓMICAS;040501;NO RECONOCIMIENTO Y/O PAGO DE LAS PRESTACIONES ECONÓMICAS;04050107;INCAPACIDAD DE ENFERMEDAD GENERAL;;;PROBLEMAS RELACIONADOS CON FACILIDADES DE ATENCIÓN MÉDICA U OTROS SERVICIOS DE SALUD;PROBLEMAS RELACIONADOS CON FACILIDADES DE ATENCIÓN MÉDICA U OTROS SERVICIOS DE SALUD;OTRAS COLITIS Y GASTROENTERIT NO INFECCIOSAS;No aplica;SIMPLE
579;2023;7;Web;13;13001;US- 000000706537;A nombre propio;HOMBRE;39;DE 38 A 49 AÑOS;No Aplica;Régimen Especial;Afrocolombiano o Afrodescendiente;No Aplica;13;13001;MAGISTERIO;REGÍMENES DE EXCEPCIÓN Y ESPECIALES;REMG01;MAGISTERIO;13;13001;01;"BARRERAS EN EL ACCESO A TECNOLOGÍAS Y SERVICIOS DE SALUD; Y OTROS ELEMENTOS COMPLEMENTARIOS PARA LA ATENCIÓN DEL USUARIO";0101;FALTA DE OPORTUNIDAD EN LA PRESTACIÓN DE TECNOLOGÍAS EN SALUD Y OTROS ELEMENTOS COMPLEMENTARIOS PARA LA ATENCIÓN DEL USUARIO;010101;FALTA DE OPORTUNIDAD EN LAS CITAS O CONSULTAS;01010101;MEDICINA GENERAL;;;PROBLEMAS RELACIONADOS CON FACILIDADES DE ATENCIÓN MÉDICA U OTROS SERVICIOS DE SALUD;PROBLEMAS RELACIONADOS CON FACILIDADES DE ATENCIÓN MÉDICA U OTROS SERVICIOS DE SALUD;OTRAS COLITIS ULCERATIVAS;No aplica;SIMPLE
580;2023;7;Web;05;05318;US- 000003299253;A nombre propio;MUJER;44;DE 38 A 49 AÑOS;No Aplica;Contributivo;No Aplica;No Aplica;05;05318;SURAMERICANA EPS;RÉGIMEN CONTRIBUTIVO;EPS010;EPS SURA;05;05001;01;"BARRERAS EN EL ACCESO A TECNOLOGÍAS Y SERVICIOS DE SALUD; Y OTROS ELEMENTOS COMPLEMENTARIOS PARA LA ATENCIÓN DEL USUARIO";0101;FALTA DE OPORTUNIDAD EN LA PRESTACIÓN DE TECNOLOGÍAS EN SALUD Y OTROS ELEMENTOS COMPLEMENTARIOS PARA LA ATENCIÓN DEL USUARIO;010101;FALTA DE OPORTUNIDAD EN LAS CITAS O CONSULTAS;01010103;ESPECIALIDADES MÉDICAS ;01010103047;GINECOLOGÍA Y OBSTETRICIA;PROBLEMAS RELACIONADOS CON FACILIDADES DE ATENCIÓN MÉDICA U OTROS SERVICIOS DE SALUD;PROBLEMAS RELACIONADOS CON FACILIDADES DE ATENCIÓN MÉDICA U OTROS SERVICIOS DE SALUD;OTRAS CONSULTAS ESPECIFICADAS;No aplica;SIMPLE
581;2023;7;Web;11;11001;US- 000001794549;A nombre propio;HOMBRE;11;DE 6 A 12 AÑOS;No Aplica;Contributivo;No Aplica;No Aplica;11;11001;FAMISANAR;RÉGIMEN CONTRIBUTIVO;EPS017;FAMISANAR;11;11001;01;"BARRERAS EN EL ACCESO A TECNOLOGÍAS Y SERVICIOS DE SALUD; Y OTROS ELEMENTOS COMPLEMENTARIOS PARA LA ATENCIÓN DEL USUARIO";0101;FALTA DE OPORTUNIDAD EN LA PRESTACIÓN DE TECNOLOGÍAS EN SALUD Y OTROS ELEMENTOS COMPLEMENTARIOS PARA LA ATENCIÓN DEL USUARIO;010101;FALTA DE OPORTUNIDAD EN LAS CITAS O CONSULTAS;01010105;PSICOLOGÍA;;;ENFERMEDADES OSTEOARTICULARES;NEUROLÓGICAS;TRASTORNO GENERALIZADO DEL DESARROLLO NO ESPECIFICADO;No aplica;SIMPLE
582;2023;7;Personalizado;25;25754;US- 000003260795;A nombre propio;MUJER;20;DE 18 A 24 AÑOS;Primaria;Contributivo;No Aplica;No Aplica;25;25754;SANITAS;RÉGIMEN CONTRIBUTIVO;EPS005;SANITAS;11;11001;01;"BARRERAS EN EL ACCESO A TECNOLOGÍAS Y SERVICIOS DE SALUD; Y OTROS ELEMENTOS COMPLEMENTARIOS PARA LA ATENCIÓN DEL USUARIO";0101;FALTA DE OPORTUNIDAD EN LA PRESTACIÓN DE TECNOLOGÍAS EN SALUD Y OTROS ELEMENTOS COMPLEMENTARIOS PARA LA ATENCIÓN DEL USUARIO;010101;FALTA DE OPORTUNIDAD EN LAS CITAS O CONSULTAS;01010103;ESPECIALIDADES MÉDICAS ;01010103072;NEUROLOGÍA;ENFERMEDADES OSTEOARTICULARES;NEUROLÓGICAS;CEFALEA;No aplica;SIMPLE
583;2023;7;Web;85;85001;US- 000003277295;A nombre propio;HOMBRE;0;DE 0 A 5 AÑOS;No Aplica;Subsidiado;No Aplica;No Aplica;85;85001;NUEVA EPS;RÉGIMEN CONTRIBUTIVO;EPS037;NUEVA EPS;85;85001;01;"BARRERAS EN EL ACCESO A TECNOLOGÍAS Y SERVICIOS DE SALUD; Y OTROS ELEMENTOS COMPLEMENTARIOS PARA LA ATENCIÓN DEL USUARIO";0101;FALTA DE OPORTUNIDAD EN LA PRESTACIÓN DE TECNOLOGÍAS EN SALUD Y OTROS ELEMENTOS COMPLEMENTARIOS PARA LA ATENCIÓN DEL USUARIO;010105;FALTA DE OPORTUNIDAD EN EL PROCESO DE REFERENCIA Y CONTRARREFERENCIA;;;;;EFECTIVIDAD GLOBAL DE LA ATENCIÓN;REINGRESO HOSPITALIZACIÓN;BRONQUIOLITIS AGUDA;Manejo de pacientes en Unidades de cuidados intensivos;RIESGO VITAL
584;2023;7;Personalizado;54;54001;US- 000003269462;Cónyuge;HOMBRE;38;DE 38 A 49 AÑOS;Ninguno;PPNA;No Aplica;No Aplica;54;54001;INSTITUTO DEPARTAMENTAL DE SALUD DE NORTE DE SANTANDER;ENTIDADES TERRITORIALES;999998;INSTITUTO DEPARTAMENTAL DE SALUD DE NORTE DE SANTANDER;54;54001;01;"BARRERAS EN EL ACCESO A TECNOLOGÍAS Y SERVICIOS DE SALUD; Y OTROS ELEMENTOS COMPLEMENTARIOS PARA LA ATENCIÓN DEL USUARIO";0101;FALTA DE OPORTUNIDAD EN LA PRESTACIÓN DE TECNOLOGÍAS EN SALUD Y OTROS ELEMENTOS COMPLEMENTARIOS PARA LA ATENCIÓN DEL USUARIO;010105;FALTA DE OPORTUNIDAD EN EL PROCESO DE REFERENCIA Y CONTRARREFERENCIA;;;;;CUIDADO INTENSIVO PARA CUALQUIER PATOLOGÍA;CUIDADO INTENSIVO PARA CUALQUIER PATOLOGÍA;SEPTICEMIA, NO ESPECIFICADA;Manejo de pacientes en Unidades de cuidados intensivos;RIESGO VITAL
585;2023;7;Escrito;76;76001;US- 000002820094;A nombre propio;MUJER;56;DE 50 A 62 AÑOS;No Aplica;Contributivo;No Aplica;No Aplica;76;76001;SOS -SERVICIO OCCIDENTAL DE SALUD;RÉGIMEN CONTRIBUTIVO;EPS018;SERVICIO OCCIDENTAL DE SALUD (SOS);76;76001;01;"BARRERAS EN EL ACCESO A TECNOLOGÍAS Y SERVICIOS DE SALUD; Y OTROS ELEMENTOS COMPLEMENTARIOS PARA LA ATENCIÓN DEL USUARIO";0101;FALTA DE OPORTUNIDAD EN LA PRESTACIÓN DE TECNOLOGÍAS EN SALUD Y OTROS ELEMENTOS COMPLEMENTARIOS PARA LA ATENCIÓN DEL USUARIO;010101;FALTA DE OPORTUNIDAD EN LAS CITAS O CONSULTAS;01010103;ESPECIALIDADES MÉDICAS ;01010103078;ORTOPEDIA Y TRAUMATOLOGÍA;ENFERMEDADES OSTEOARTICULARES;OTROS;ESPONDILOLISTESIS;No aplica;SIMPLE
586;2023;7;Web;73;73001;US- 000003275633;Otro;HOMBRE;18;DE 18 A 24 AÑOS;No Aplica;Régimen Especial;No Aplica;No Aplica;73;73001;POLICIA NACIONAL;REGÍMENES DE EXCEPCIÓN Y ESPECIALES;REPN01;POLICIA NACIONAL;73;73001;01;"BARRERAS EN EL ACCESO A TECNOLOGÍAS Y SERVICIOS DE SALUD; Y OTROS ELEMENTOS COMPLEMENTARIOS PARA LA ATENCIÓN DEL USUARIO";0101;FALTA DE OPORTUNIDAD EN LA PRESTACIÓN DE TECNOLOGÍAS EN SALUD Y OTROS ELEMENTOS COMPLEMENTARIOS PARA LA ATENCIÓN DEL USUARIO;010101;FALTA DE OPORTUNIDAD EN LAS CITAS O CONSULTAS;01010103;ESPECIALIDADES MÉDICAS ;01010103037;ELECTROFISIOLOGÍA CARDÍACA;ENFERMEDADES CRÓNICAS NO TRASMISIBLES CARDIOVASCULARES;OTROS;ARRITMIA CARDIACA, NO ESPECIFICADA;No aplica;SIMPLE
587;2023;7;Personalizado;97;97001;US- 000003278065;A nombre propio;MUJER;37;DE 30 A 37 AÑOS;No Aplica;Subsidiado;No Aplica;No Aplica;97;97001;NUEVA EPS;RÉGIMEN SUBSIDIADO;EPSS41;NUEVA EPS;97;97001;01;"BARRERAS EN EL ACCESO A TECNOLOGÍAS Y SERVICIOS DE SALUD; Y OTROS ELEMENTOS COMPLEMENTARIOS PARA LA ATENCIÓN DEL USUARIO";0101;FALTA DE OPORTUNIDAD EN LA PRESTACIÓN DE TECNOLOGÍAS EN SALUD Y OTROS ELEMENTOS COMPLEMENTARIOS PARA LA ATENCIÓN DEL USUARIO;010101;FALTA DE OPORTUNIDAD EN LAS CITAS O CONSULTAS;01010104;ESPECIALIDADES ODONTOLÓGICAS;01010104001;CIRUGÍA MAXILOFACIAL;PROBLEMAS RELACIONADOS CON FACILIDADES DE ATENCIÓN MÉDICA U OTROS SERVICIOS DE SALUD;PROBLEMAS RELACIONADOS CON FACILIDADES DE ATENCIÓN MÉDICA U OTROS SERVICIOS DE SALUD;DIENTES INCLUIDOS;No aplica;SIMPLE
588;2023;7;Web;20;20001;US- 000003283466;A nombre propio;HOMBRE;64;MAYOR DE 63 AÑOS ;No Aplica;Contributivo;No Aplica;No Aplica;20;20001;SANITAS;RÉGIMEN CONTRIBUTIVO;EPS005;SANITAS;20;20001;04;INSATISFACCIÓN DEL USUARIO CON EL PROCESO ADMINISTRATIVO;0405;PROBLEMAS EN EL RECONOCIMIENTO Y/O PAGO DE PRESTACIONES ECONÓMICAS;040502;NEGACIÓN Y/O FALTA DE OPORTUNIDAD EN EL RECONOCIMIENTO DE REEMBOLSOS;04050206;TRANSPORTE, ALOJAMIENTO O ALIMENTACIÓN;;;PROBLEMAS RELACIONADOS CON FACILIDADES DE ATENCIÓN MÉDICA U OTROS SERVICIOS DE SALUD;PROBLEMAS RELACIONADOS CON FACILIDADES DE ATENCIÓN MÉDICA U OTROS SERVICIOS DE SALUD;OTROS PROBLEMAS RELACIONADOS CON SERVICIOS MÉDICOS Y DE SALUD;No aplica;SIMPLE
589;2023;7;Web;73;73268;US- 000000411153;A nombre propio;HOMBRE;36;DE 30 A 37 AÑOS;No Aplica;Contributivo;No Aplica;No Aplica;73;73268;NUEVA EPS;RÉGIMEN CONTRIBUTIVO;EPS037;NUEVA EPS;73;73268;01;"BARRERAS EN EL ACCESO A TECNOLOGÍAS Y SERVICIOS DE SALUD; Y OTROS ELEMENTOS COMPLEMENTARIOS PARA LA ATENCIÓN DEL USUARIO";0101;FALTA DE OPORTUNIDAD EN LA PRESTACIÓN DE TECNOLOGÍAS EN SALUD Y OTROS ELEMENTOS COMPLEMENTARIOS PARA LA ATENCIÓN DEL USUARIO;010101;FALTA DE OPORTUNIDAD EN LAS CITAS O CONSULTAS;01010103;ESPECIALIDADES MÉDICAS ;01010103080;OTORRINOLARINGOLOGÍA;PROBLEMAS RELACIONADOS CON FACILIDADES DE ATENCIÓN MÉDICA U OTROS SERVICIOS DE SALUD;PROBLEMAS RELACIONADOS CON FACILIDADES DE ATENCIÓN MÉDICA U OTROS SERVICIOS DE SALUD;HIPOACUSIA NEUROSENSORIAL, BILATERAL;No aplica;SIMPLE
590;2023;7;Web;11;11001;US- 000003093757;A nombre propio;MUJER;85;MAYOR DE 63 AÑOS ;No Aplica;Subsidiado;No Aplica;No Aplica;11;11001;CAPITAL SALUD;RÉGIMEN SUBSIDIADO;EPSS34;CAPITAL SALUD;11;11001;01;"BARRERAS EN EL ACCESO A TECNOLOGÍAS Y SERVICIOS DE SALUD; Y OTROS ELEMENTOS COMPLEMENTARIOS PARA LA ATENCIÓN DEL USUARIO";0101;FALTA DE OPORTUNIDAD EN LA PRESTACIÓN DE TECNOLOGÍAS EN SALUD Y OTROS ELEMENTOS COMPLEMENTARIOS PARA LA ATENCIÓN DEL USUARIO;010101;FALTA DE OPORTUNIDAD EN LAS CITAS O CONSULTAS;01010105;PSICOLOGÍA;;;PROBLEMAS RELACIONADOS CON FACILIDADES DE ATENCIÓN MÉDICA U OTROS SERVICIOS DE SALUD;PROBLEMAS RELACIONADOS CON FACILIDADES DE ATENCIÓN MÉDICA U OTROS SERVICIOS DE SALUD;OTROS PROBLEMAS RELACIONADOS CON SERVICIOS MÉDICOS Y DE SALUD;No aplica;SIMPLE
591;2023;7;Chat;66;66001;US- 000002626136;A nombre propio;HOMBRE;54;DE 50 A 62 AÑOS;Universitario;Contributivo;No Aplica;No Aplica;66;66001;SURAMERICANA EPS;RÉGIMEN CONTRIBUTIVO;EPS010;EPS SURA;66;66001;01;"BARRERAS EN EL ACCESO A TECNOLOGÍAS Y SERVICIOS DE SALUD; Y OTROS ELEMENTOS COMPLEMENTARIOS PARA LA ATENCIÓN DEL USUARIO";0101;FALTA DE OPORTUNIDAD EN LA PRESTACIÓN DE TECNOLOGÍAS EN SALUD Y OTROS ELEMENTOS COMPLEMENTARIOS PARA LA ATENCIÓN DEL USUARIO;010103;FALTA DE OPORTUNIDAD EN LA ATENCIÓN EN OTROS SERVICIOS DE SALUD;01010308;PROCEDIMIENTOS NO QUIRÚRGICOS;01010308002;LABORATORIO CLÍNICO Y ANATOMOPATOLÓGICO;ENFERMEDADES OSTEOARTICULARES;OTROS;FIBROMIALGIA;No aplica;SIMPLE
592;2023;7;Web;08;08638;US- 000003286677;A nombre propio;MUJER;66;MAYOR DE 63 AÑOS ;No Aplica;Régimen Especial;No Aplica;No Aplica;08;08638;MAGISTERIO;REGÍMENES DE EXCEPCIÓN Y ESPECIALES;REMG01;MAGISTERIO;08;08638;01;"BARRERAS EN EL ACCESO A TECNOLOGÍAS Y SERVICIOS DE SALUD; Y OTROS ELEMENTOS COMPLEMENTARIOS PARA LA ATENCIÓN DEL USUARIO";0101;FALTA DE OPORTUNIDAD EN LA PRESTACIÓN DE TECNOLOGÍAS EN SALUD Y OTROS ELEMENTOS COMPLEMENTARIOS PARA LA ATENCIÓN DEL USUARIO;010101;FALTA DE OPORTUNIDAD EN LAS CITAS O CONSULTAS;01010103;ESPECIALIDADES MÉDICAS ;01010103094;UROLOGÍA;PROBLEMAS RELACIONADOS CON FACILIDADES DE ATENCIÓN MÉDICA U OTROS SERVICIOS DE SALUD;PROBLEMAS RELACIONADOS CON FACILIDADES DE ATENCIÓN MÉDICA U OTROS SERVICIOS DE SALUD;CALCULO DEL RIÑÓN;No aplica;SIMPLE
593;2023;7;Personalizado;19;19001;US- 000002380816;A nombre propio;HOMBRE;79;MAYOR DE 63 AÑOS ;Secundaria Incompleta;Subsidiado;No Aplica;No Aplica;19;19001;EMSSANAR EPS;RÉGIMEN SUBSIDIADO;ESS118;EMSSANAR;19;19001;01;"BARRERAS EN EL ACCESO A TECNOLOGÍAS Y SERVICIOS DE SALUD; Y OTROS ELEMENTOS COMPLEMENTARIOS PARA LA ATENCIÓN DEL USUARIO";0101;FALTA DE OPORTUNIDAD EN LA PRESTACIÓN DE TECNOLOGÍAS EN SALUD Y OTROS ELEMENTOS COMPLEMENTARIOS PARA LA ATENCIÓN DEL USUARIO;010104;FALTA DE OPORTUNIDAD EN LA ENTREGA O ENTREGA INCOMPLETA DE TECNOLOGÍAS EN SALUD Y/O PRESTACIÓN DE OTROS SERVICIOS;01010401;MEDICAMENTOS UPC;;;ENFERMEDADES CRÓNICAS NO TRANSMISIBLES –RENALES;IRC-ENFERMEDAD RENAL;HIPERTENSIÓN ESENCIAL (PRIMARIA);No aplica;PRIORIZADO
594;2023;7;Web;25;25307;US- 000001917709;A nombre propio;HOMBRE;55;DE 50 A 62 AÑOS;No Aplica;Contributivo;No Aplica;No Aplica;25;25307;SANITAS;RÉGIMEN CONTRIBUTIVO;EPS005;SANITAS;25;25307;01;"BARRERAS EN EL ACCESO A TECNOLOGÍAS Y SERVICIOS DE SALUD; Y OTROS ELEMENTOS COMPLEMENTARIOS PARA LA ATENCIÓN DEL USUARIO";0101;FALTA DE OPORTUNIDAD EN LA PRESTACIÓN DE TECNOLOGÍAS EN SALUD Y OTROS ELEMENTOS COMPLEMENTARIOS PARA LA ATENCIÓN DEL USUARIO;010103;FALTA DE OPORTUNIDAD EN LA ATENCIÓN EN OTROS SERVICIOS DE SALUD;01010309;PROCEDIMIENTOS QUIRÚRGICOS;01010309003;OTROS PROCEDIMIENTOS QUIRÚRGICOS;CÁNCER ;OTROS;TUMOR MALIGNO DE LA PIEL DE OTRAS PARTES Y DE LAS NO ESPECIFICADAS DE LA CARA;No aplica;PRIORIZADO
595;2023;7;Personalizado;68;68001;US- 000003284144;Hijo (A);HOMBRE;87;MAYOR DE 63 AÑOS ;Primaria;Subsidiado;No Aplica;No Aplica;68;68001;NUEVA EPS;RÉGIMEN SUBSIDIADO;EPSS41;NUEVA EPS;68;68001;01;"BARRERAS EN EL ACCESO A TECNOLOGÍAS Y SERVICIOS DE SALUD; Y OTROS ELEMENTOS COMPLEMENTARIOS PARA LA ATENCIÓN DEL USUARIO";0101;FALTA DE OPORTUNIDAD EN LA PRESTACIÓN DE TECNOLOGÍAS EN SALUD Y OTROS ELEMENTOS COMPLEMENTARIOS PARA LA ATENCIÓN DEL USUARIO;010105;FALTA DE OPORTUNIDAD EN EL PROCESO DE REFERENCIA Y CONTRARREFERENCIA;;;;;ENFERMEDADES CRÓNICAS NO TRANSMISIBLES RESPIRATORIAS;EPOC (ENFERMEDAD PULMONAR OBSTRUCTIVA CRÓNICA, BRONQUITIS CRÓNICA O ENFISEMA);CALCULO DE LA VESÍCULA BILIAR SIN COLECISTITIS;No aplica;RIESGO VITAL
596;2023;7;Web;08;08001;US- 000003307217;A nombre propio;HOMBRE;49;DE 38 A 49 AÑOS;No Aplica;Subsidiado;No Aplica;No Aplica;08;08001;COMPENSAR;RÉGIMEN CONTRIBUTIVO;EPS008;COMPENSAR;08;08001;01;"BARRERAS EN EL ACCESO A TECNOLOGÍAS Y SERVICIOS DE SALUD; Y OTROS ELEMENTOS COMPLEMENTARIOS PARA LA ATENCIÓN DEL USUARIO";0101;FALTA DE OPORTUNIDAD EN LA PRESTACIÓN DE TECNOLOGÍAS EN SALUD Y OTROS ELEMENTOS COMPLEMENTARIOS PARA LA ATENCIÓN DEL USUARIO;010101;FALTA DE OPORTUNIDAD EN LAS CITAS O CONSULTAS;01010103;ESPECIALIDADES MÉDICAS ;01010103022;CIRUGÍA GENERAL;ENFERMEDADES CRÓNICAS NO TRANSMISIBLES- FACTORES DE RIESGO;MEDICIÓN DE FACTORES DE RIESGO;HERNIA INGUINAL;No aplica;SIMPLE
597;2023;7;Escrito;50;50313;US- 000002023385;A nombre propio;HOMBRE;80;MAYOR DE 63 AÑOS ;No Aplica;Subsidiado;No Aplica;No Aplica;50;50313;FAMISANAR;RÉGIMEN CONTRIBUTIVO;EPS017;FAMISANAR;50;50313;01;"BARRERAS EN EL ACCESO A TECNOLOGÍAS Y SERVICIOS DE SALUD; Y OTROS ELEMENTOS COMPLEMENTARIOS PARA LA ATENCIÓN DEL USUARIO";0101;FALTA DE OPORTUNIDAD EN LA PRESTACIÓN DE TECNOLOGÍAS EN SALUD Y OTROS ELEMENTOS COMPLEMENTARIOS PARA LA ATENCIÓN DEL USUARIO;010102;FALTA DE OPORTUNIDAD PARA SERVICIOS DE COMPLEMENTACIÓN TERAPÉUTICA;01010204;TERAPIA INTEGRAL;;;ENFERMEDADES CRÓNICAS NO TRASMISIBLES CARDIOVASCULARES;ACV (ACCIDENTE CEREBRO VASCULAR);INFARTO CEREBRAL DEBIDO A EMBOLIA DE ARTERIAS CEREBRALES;No aplica;SIMPLE
598;2023;7;Web;11;11001;US- 000000669894;A nombre propio;MUJER;47;DE 38 A 49 AÑOS;No Aplica;Contributivo;ROM- Gitano;No Aplica;11;11001;FAMISANAR;RÉGIMEN CONTRIBUTIVO;EPS017;FAMISANAR;11;11001;01;"BARRERAS EN EL ACCESO A TECNOLOGÍAS Y SERVICIOS DE SALUD; Y OTROS ELEMENTOS COMPLEMENTARIOS PARA LA ATENCIÓN DEL USUARIO";0101;FALTA DE OPORTUNIDAD EN LA PRESTACIÓN DE TECNOLOGÍAS EN SALUD Y OTROS ELEMENTOS COMPLEMENTARIOS PARA LA ATENCIÓN DEL USUARIO;010102;FALTA DE OPORTUNIDAD PARA SERVICIOS DE COMPLEMENTACIÓN TERAPÉUTICA;01010201;TERAPIA FÍSICA;;;PROBLEMAS RELACIONADOS CON FACILIDADES DE ATENCIÓN MÉDICA U OTROS SERVICIOS DE SALUD;PROBLEMAS RELACIONADOS CON FACILIDADES DE ATENCIÓN MÉDICA U OTROS SERVICIOS DE SALUD;FRACTURA DEL CÓCCIX;No aplica;SIMPLE
599;2023;7;Web;05;05001;US- 000003188258;A nombre propio;MUJER;46;DE 38 A 49 AÑOS;No Aplica;Contributivo;No Aplica;Desplazado;05;05001;SAVIA SALUD;RÉGIMEN SUBSIDIADO;EPSS40;SAVIA SALUD EPS;05;05001;01;"BARRERAS EN EL ACCESO A TECNOLOGÍAS Y SERVICIOS DE SALUD; Y OTROS ELEMENTOS COMPLEMENTARIOS PARA LA ATENCIÓN DEL USUARIO";0101;FALTA DE OPORTUNIDAD EN LA PRESTACIÓN DE TECNOLOGÍAS EN SALUD Y OTROS ELEMENTOS COMPLEMENTARIOS PARA LA ATENCIÓN DEL USUARIO;010101;FALTA DE OPORTUNIDAD EN LAS CITAS O CONSULTAS;01010103;ESPECIALIDADES MÉDICAS ;01010103046;GINECOLOGÍA ONCOLÓGICA;CÁNCER ;OTROS;TUMOR DE COMPORTAMIENTO INCIERTO O DESCONOCIDO DE LA VEJIGA;No aplica;PRIORIZADO
600;2023;7;Correo;15;15238;US- 000003269761;A nombre propio;MUJER;23;DE 18 A 24 AÑOS;No Aplica;Subsidiado;No Aplica;No Aplica;15;15238;CAJACOPI EPS;RÉGIMEN SUBSIDIADO;CCF055;CAJACOPI EPS;15;15238;01;"BARRERAS EN EL ACCESO A TECNOLOGÍAS Y SERVICIOS DE SALUD; Y OTROS ELEMENTOS COMPLEMENTARIOS PARA LA ATENCIÓN DEL USUARIO";0101;FALTA DE OPORTUNIDAD EN LA PRESTACIÓN DE TECNOLOGÍAS EN SALUD Y OTROS ELEMENTOS COMPLEMENTARIOS PARA LA ATENCIÓN DEL USUARIO;010103;FALTA DE OPORTUNIDAD EN LA ATENCIÓN EN OTROS SERVICIOS DE SALUD;01010308;PROCEDIMIENTOS NO QUIRÚRGICOS;01010308006;OTROS PROCEDIMIENTOS NO QUIRÚRGICOS;PROBLEMAS RELACIONADOS CON FACILIDADES DE ATENCIÓN MÉDICA U OTROS SERVICIOS DE SALUD;PROBLEMAS RELACIONADOS CON FACILIDADES DE ATENCIÓN MÉDICA U OTROS SERVICIOS DE SALUD;DISPLASIA DEL CUELLO DEL ÚTERO, NO ESPECIFICADA;No aplica;SIMPLE
601;2023;7;Web;54;54001;US- 000003294669;A nombre propio;HOMBRE;71;MAYOR DE 63 AÑOS ;No Aplica;Contributivo;No Aplica;No Aplica;54;54001;SANITAS;RÉGIMEN CONTRIBUTIVO;EPS005;SANITAS;54;54001;01;"BARRERAS EN EL ACCESO A TECNOLOGÍAS Y SERVICIOS DE SALUD; Y OTROS ELEMENTOS COMPLEMENTARIOS PARA LA ATENCIÓN DEL USUARIO";0103;FALTA DE OPORTUNIDAD EN LA AUTORIZACIÓN DE TECNOLOGÍAS EN SALUD Y OTROS ELEMENTOS COMPLEMENTARIOS PARA LA ATENCIÓN DEL USUARIO;010304;FALTA DE OPORTUNIDAD EN LA AUTORIZACIÓN DE OTROS SERVICIOS DE SALUD;01030409;PROCEDIMIENTOS QUIRÚRGICOS;01030409003;OTROS PROCEDIMIENTOS QUIRÚRGICOS;CÁNCER ;CÁNCER DE PRÓSTATA;TUMOR MALIGNO DE LA PRÓSTATA;No aplica;PRIORIZADO
602;2023;7;Escrito;76;76001;US- 000003042643;Otro;HOMBRE;16;DE 13 A 17 AÑOS;No Aplica;Subsidiado;No Aplica;No Aplica;76;76001;SOS -SERVICIO OCCIDENTAL DE SALUD;RÉGIMEN CONTRIBUTIVO;EPS018;SERVICIO OCCIDENTAL DE SALUD (SOS);76;76001;01;"BARRERAS EN EL ACCESO A TECNOLOGÍAS Y SERVICIOS DE SALUD; Y OTROS ELEMENTOS COMPLEMENTARIOS PARA LA ATENCIÓN DEL USUARIO";0101;FALTA DE OPORTUNIDAD EN LA PRESTACIÓN DE TECNOLOGÍAS EN SALUD Y OTROS ELEMENTOS COMPLEMENTARIOS PARA LA ATENCIÓN DEL USUARIO;010103;FALTA DE OPORTUNIDAD EN LA ATENCIÓN EN OTROS SERVICIOS DE SALUD;01010308;PROCEDIMIENTOS NO QUIRÚRGICOS;01010308001;IMAGENOLOGÍA;PROBLEMAS RELACIONADOS CON FACILIDADES DE ATENCIÓN MÉDICA U OTROS SERVICIOS DE SALUD;PROBLEMAS RELACIONADOS CON FACILIDADES DE ATENCIÓN MÉDICA U OTROS SERVICIOS DE SALUD;PROBLEMAS RELACIONADOS CON FACILIDADES DE ATENCIÓN MEDICA U OTROS SERVICIOS DE SALUD;No aplica;SIMPLE
603;2023;7;Personalizado;76;76001;US- 000003292507;A nombre propio;MUJER;54;DE 50 A 62 AÑOS;Primaria;Subsidiado;No Aplica;Persona con discapacidad;76;76001;COOSALUD;RÉGIMEN SUBSIDIADO;ESS024;COOSALUD;76;76001;01;"BARRERAS EN EL ACCESO A TECNOLOGÍAS Y SERVICIOS DE SALUD; Y OTROS ELEMENTOS COMPLEMENTARIOS PARA LA ATENCIÓN DEL USUARIO";0101;FALTA DE OPORTUNIDAD EN LA PRESTACIÓN DE TECNOLOGÍAS EN SALUD Y OTROS ELEMENTOS COMPLEMENTARIOS PARA LA ATENCIÓN DEL USUARIO;010101;FALTA DE OPORTUNIDAD EN LAS CITAS O CONSULTAS;01010103;ESPECIALIDADES MÉDICAS ;01010103072;NEUROLOGÍA;ENFERMEDADES HUÉRFANAS;OTROS;DISTONÍA, NO ESPECIFICADA;No aplica;PRIORIZADO
604;2023;7;Web;11;11001;US- 000003273718;A nombre propio;HOMBRE;52;DE 50 A 62 AÑOS;No Aplica;Contributivo;No Aplica;No Aplica;11;11001;FAMISANAR;RÉGIMEN CONTRIBUTIVO;EPS017;FAMISANAR;11;11001;01;"BARRERAS EN EL ACCESO A TECNOLOGÍAS Y SERVICIOS DE SALUD; Y OTROS ELEMENTOS COMPLEMENTARIOS PARA LA ATENCIÓN DEL USUARIO";0101;FALTA DE OPORTUNIDAD EN LA PRESTACIÓN DE TECNOLOGÍAS EN SALUD Y OTROS ELEMENTOS COMPLEMENTARIOS PARA LA ATENCIÓN DEL USUARIO;010101;FALTA DE OPORTUNIDAD EN LAS CITAS O CONSULTAS;01010101;MEDICINA GENERAL;;;PROBLEMAS RELACIONADOS CON FACILIDADES DE ATENCIÓN MÉDICA U OTROS SERVICIOS DE SALUD;PROBLEMAS RELACIONADOS CON FACILIDADES DE ATENCIÓN MÉDICA U OTROS SERVICIOS DE SALUD;OTROS PROBLEMAS RELACIONADOS CON SERVICIOS MÉDICOS Y DE SALUD;No aplica;SIMPLE
605;2023;7;Web;08;08001;US- 000003309950;A nombre propio;HOMBRE;66;MAYOR DE 63 AÑOS ;No Aplica;Contributivo;No Aplica;No Aplica;08;08001;NUEVA EPS;RÉGIMEN CONTRIBUTIVO;EPS037;NUEVA EPS;08;08001;01;"BARRERAS EN EL ACCESO A TECNOLOGÍAS Y SERVICIOS DE SALUD; Y OTROS ELEMENTOS COMPLEMENTARIOS PARA LA ATENCIÓN DEL USUARIO";0101;FALTA DE OPORTUNIDAD EN LA PRESTACIÓN DE TECNOLOGÍAS EN SALUD Y OTROS ELEMENTOS COMPLEMENTARIOS PARA LA ATENCIÓN DEL USUARIO;010104;FALTA DE OPORTUNIDAD EN LA ENTREGA O ENTREGA INCOMPLETA DE TECNOLOGÍAS EN SALUD Y/O PRESTACIÓN DE OTROS SERVICIOS;01010401;MEDICAMENTOS UPC;;;PROBLEMAS RELACIONADOS CON FACILIDADES DE ATENCIÓN MÉDICA U OTROS SERVICIOS DE SALUD;PROBLEMAS RELACIONADOS CON FACILIDADES DE ATENCIÓN MÉDICA U OTROS SERVICIOS DE SALUD;SOSPECHA DE GLAUCOMA;No aplica;SIMPLE
606;2023;7;Web;05;05088;US- 000003129112;A nombre propio;MUJER;77;MAYOR DE 63 AÑOS ;No Aplica;Contributivo;No Aplica;No Aplica;05;05088;SURAMERICANA EPS;RÉGIMEN CONTRIBUTIVO;EPS010;EPS SURA;05;05088;01;"BARRERAS EN EL ACCESO A TECNOLOGÍAS Y SERVICIOS DE SALUD; Y OTROS ELEMENTOS COMPLEMENTARIOS PARA LA ATENCIÓN DEL USUARIO";0101;FALTA DE OPORTUNIDAD EN LA PRESTACIÓN DE TECNOLOGÍAS EN SALUD Y OTROS ELEMENTOS COMPLEMENTARIOS PARA LA ATENCIÓN DEL USUARIO;010101;FALTA DE OPORTUNIDAD EN LAS CITAS O CONSULTAS;01010103;ESPECIALIDADES MÉDICAS ;01010103072;NEUROLOGÍA;PROBLEMAS RELACIONADOS CON FACILIDADES DE ATENCIÓN MÉDICA U OTROS SERVICIOS DE SALUD;PROBLEMAS RELACIONADOS CON FACILIDADES DE ATENCIÓN MÉDICA U OTROS SERVICIOS DE SALUD;TINNITUS;No aplica;SIMPLE
607;2023;7;Web;63;63001;US- 000003287680;A nombre propio;MUJER;92;MAYOR DE 63 AÑOS ;No Aplica;Contributivo;No Aplica;No Aplica;63;63001;NUEVA EPS;RÉGIMEN CONTRIBUTIVO;EPS037;NUEVA EPS;63;63001;01;"BARRERAS EN EL ACCESO A TECNOLOGÍAS Y SERVICIOS DE SALUD; Y OTROS ELEMENTOS COMPLEMENTARIOS PARA LA ATENCIÓN DEL USUARIO";0101;FALTA DE OPORTUNIDAD EN LA PRESTACIÓN DE TECNOLOGÍAS EN SALUD Y OTROS ELEMENTOS COMPLEMENTARIOS PARA LA ATENCIÓN DEL USUARIO;010103;FALTA DE OPORTUNIDAD EN LA ATENCIÓN EN OTROS SERVICIOS DE SALUD;01010308;PROCEDIMIENTOS NO QUIRÚRGICOS;01010308006;OTROS PROCEDIMIENTOS NO QUIRÚRGICOS;CÁNCER ;CÁNCER COLORECTAL;TUMOR MALIGNO DEL COLON;No aplica;PRIORIZADO
608;2023;7;Web;11;11001;US- 000003279509;Madre;MUJER;10;DE 6 A 12 AÑOS;No Aplica;Contributivo;No Aplica;No Aplica;11;11001;COMPENSAR;RÉGIMEN CONTRIBUTIVO;EPS008;COMPENSAR;11;11001;01;"BARRERAS EN EL ACCESO A TECNOLOGÍAS Y SERVICIOS DE SALUD; Y OTROS ELEMENTOS COMPLEMENTARIOS PARA LA ATENCIÓN DEL USUARIO";0101;FALTA DE OPORTUNIDAD EN LA PRESTACIÓN DE TECNOLOGÍAS EN SALUD Y OTROS ELEMENTOS COMPLEMENTARIOS PARA LA ATENCIÓN DEL USUARIO;010101;FALTA DE OPORTUNIDAD EN LAS CITAS O CONSULTAS;01010103;ESPECIALIDADES MÉDICAS ;01010103083;PSIQUIATRÍA;SALUD MENTAL;OTROS TRASTORNOS MENTALES;TRASTORNO MIXTO DE LA CONDUCTA Y DE LAS EMOCIONES, NO ESPECIFICADO;No aplica;PRIORIZADO
609;2023;7;Personalizado;44;44110;US- 000003289340;Hijo (A);MUJER;89;MAYOR DE 63 AÑOS ;Primaria Incompleta;Subsidiado;No Aplica;Desplazado;44;44110;CAJACOPI EPS;RÉGIMEN SUBSIDIADO;CCF055;CAJACOPI EPS;44;44110;01;"BARRERAS EN EL ACCESO A TECNOLOGÍAS Y SERVICIOS DE SALUD; Y OTROS ELEMENTOS COMPLEMENTARIOS PARA LA ATENCIÓN DEL USUARIO";0101;FALTA DE OPORTUNIDAD EN LA PRESTACIÓN DE TECNOLOGÍAS EN SALUD Y OTROS ELEMENTOS COMPLEMENTARIOS PARA LA ATENCIÓN DEL USUARIO;010104;FALTA DE OPORTUNIDAD EN LA ENTREGA O ENTREGA INCOMPLETA DE TECNOLOGÍAS EN SALUD Y/O PRESTACIÓN DE OTROS SERVICIOS;01010401;MEDICAMENTOS UPC;;;PROBLEMAS RELACIONADOS CON FACILIDADES DE ATENCIÓN MÉDICA U OTROS SERVICIOS DE SALUD;PROBLEMAS RELACIONADOS CON FACILIDADES DE ATENCIÓN MÉDICA U OTROS SERVICIOS DE SALUD;ANEMIA REFRACTARIA, SIN OTRA ESPECIFICACIÓN;No aplica;PRIORIZADO
610;2023;7;Web;52;52356;US- 000003273279;A nombre propio;MUJER;30;DE 30 A 37 AÑOS;No Aplica;Subsidiado;No Aplica;No Aplica;52;52356;NUEVA EPS;RÉGIMEN CONTRIBUTIVO;EPS037;NUEVA EPS;52;52356;01;"BARRERAS EN EL ACCESO A TECNOLOGÍAS Y SERVICIOS DE SALUD; Y OTROS ELEMENTOS COMPLEMENTARIOS PARA LA ATENCIÓN DEL USUARIO";0101;FALTA DE OPORTUNIDAD EN LA PRESTACIÓN DE TECNOLOGÍAS EN SALUD Y OTROS ELEMENTOS COMPLEMENTARIOS PARA LA ATENCIÓN DEL USUARIO;010102;FALTA DE OPORTUNIDAD PARA SERVICIOS DE COMPLEMENTACIÓN TERAPÉUTICA;01010209;OTRAS TERAPIAS;;;PROBLEMAS RELACIONADOS CON FACILIDADES DE ATENCIÓN MÉDICA U OTROS SERVICIOS DE SALUD;PROBLEMAS RELACIONADOS CON FACILIDADES DE ATENCIÓN MÉDICA U OTROS SERVICIOS DE SALUD;DISFUNCIÓN NEUROMUSCULAR DE LA VEJIGA, NO ESPECIFICADA;No aplica;SIMPLE
611;2023;7;Web;05;05001;US- 000003148262;A nombre propio;MUJER;64;MAYOR DE 63 AÑOS ;No Aplica;Contributivo;No Aplica;No Aplica;05;05001;SURAMERICANA EPS;RÉGIMEN CONTRIBUTIVO;EPS010;EPS SURA;05;05001;01;"BARRERAS EN EL ACCESO A TECNOLOGÍAS Y SERVICIOS DE SALUD; Y OTROS ELEMENTOS COMPLEMENTARIOS PARA LA ATENCIÓN DEL USUARIO";0101;FALTA DE OPORTUNIDAD EN LA PRESTACIÓN DE TECNOLOGÍAS EN SALUD Y OTROS ELEMENTOS COMPLEMENTARIOS PARA LA ATENCIÓN DEL USUARIO;010103;FALTA DE OPORTUNIDAD EN LA ATENCIÓN EN OTROS SERVICIOS DE SALUD;01010308;PROCEDIMIENTOS NO QUIRÚRGICOS;01010308001;IMAGENOLOGÍA;CÁNCER ;OTROS;TUMOR MALIGNO DE LA GLÁNDULA TIROIDES;No aplica;PRIORIZADO
612;2023;7;Escrito;11;11001;US- 000002534977;Otro;MUJER;70;MAYOR DE 63 AÑOS ;Ninguno;Contributivo;No Aplica;No Aplica;25;25269;COMPENSAR;RÉGIMEN CONTRIBUTIVO;EPS008;COMPENSAR;11;11001;01;"BARRERAS EN EL ACCESO A TECNOLOGÍAS Y SERVICIOS DE SALUD; Y OTROS ELEMENTOS COMPLEMENTARIOS PARA LA ATENCIÓN DEL USUARIO";0101;FALTA DE OPORTUNIDAD EN LA PRESTACIÓN DE TECNOLOGÍAS EN SALUD Y OTROS ELEMENTOS COMPLEMENTARIOS PARA LA ATENCIÓN DEL USUARIO;010101;FALTA DE OPORTUNIDAD EN LAS CITAS O CONSULTAS;01010103;ESPECIALIDADES MÉDICAS ;01010103022;CIRUGÍA GENERAL;ENFERMEDADES CRÓNICAS NO TRANSMISIBLES- FACTORES DE RIESGO;MEDICIÓN DE FACTORES DE RIESGO;OTRAS CATARATAS;No aplica;SIMPLE
613;2023;7;Telefónico;05;05001;US- 000001231622;Cónyuge;HOMBRE;56;DE 50 A 62 AÑOS;Primaria;Contributivo;No Aplica;No Aplica;05;05001;SURAMERICANA EPS;RÉGIMEN CONTRIBUTIVO;EPS010;EPS SURA;05;05001;01;"BARRERAS EN EL ACCESO A TECNOLOGÍAS Y SERVICIOS DE SALUD; Y OTROS ELEMENTOS COMPLEMENTARIOS PARA LA ATENCIÓN DEL USUARIO";0101;FALTA DE OPORTUNIDAD EN LA PRESTACIÓN DE TECNOLOGÍAS EN SALUD Y OTROS ELEMENTOS COMPLEMENTARIOS PARA LA ATENCIÓN DEL USUARIO;010101;FALTA DE OPORTUNIDAD EN LAS CITAS O CONSULTAS;01010103;ESPECIALIDADES MÉDICAS ;01010103075;OFTALMOLOGÍA;ENFERMEDADES CRÓNICAS NO TRANSMISIBLES- FACTORES DE RIESGO;MEDICIÓN DE FACTORES DE RIESGO;PTERIGIÓN;No aplica;SIMPLE
614;2023;7;Personalizado;25;25754;US- 000002138285;A nombre propio;MUJER;52;DE 50 A 62 AÑOS;Universitario Incompleto;Contributivo;No Aplica;No Aplica;25;25754;COMPENSAR;RÉGIMEN CONTRIBUTIVO;EPS008;COMPENSAR;25;25754;01;"BARRERAS EN EL ACCESO A TECNOLOGÍAS Y SERVICIOS DE SALUD; Y OTROS ELEMENTOS COMPLEMENTARIOS PARA LA ATENCIÓN DEL USUARIO";0101;FALTA DE OPORTUNIDAD EN LA PRESTACIÓN DE TECNOLOGÍAS EN SALUD Y OTROS ELEMENTOS COMPLEMENTARIOS PARA LA ATENCIÓN DEL USUARIO;010101;FALTA DE OPORTUNIDAD EN LAS CITAS O CONSULTAS;01010103;ESPECIALIDADES MÉDICAS ;01010103061;MEDICINA FÍSICA Y REHABILITACIÓN - FISIATRÍA;PROBLEMAS RELACIONADOS CON FACILIDADES DE ATENCIÓN MÉDICA U OTROS SERVICIOS DE SALUD;PROBLEMAS RELACIONADOS CON FACILIDADES DE ATENCIÓN MÉDICA U OTROS SERVICIOS DE SALUD;OTROS TRASTORNOS ESPECIFICADOS DE LOS DISCOS INTERVERTEBRALES;No aplica;SIMPLE
615;2023;7;Correo;11;11001;US- 000000258767;A nombre propio;MUJER;75;MAYOR DE 63 AÑOS ;No Aplica;Contributivo;No Aplica;No Aplica;11;11001;COMPENSAR;RÉGIMEN CONTRIBUTIVO;EPS008;COMPENSAR;11;11001;01;"BARRERAS EN EL ACCESO A TECNOLOGÍAS Y SERVICIOS DE SALUD; Y OTROS ELEMENTOS COMPLEMENTARIOS PARA LA ATENCIÓN DEL USUARIO";0103;FALTA DE OPORTUNIDAD EN LA AUTORIZACIÓN DE TECNOLOGÍAS EN SALUD Y OTROS ELEMENTOS COMPLEMENTARIOS PARA LA ATENCIÓN DEL USUARIO;010304;FALTA DE OPORTUNIDAD EN LA AUTORIZACIÓN DE OTROS SERVICIOS DE SALUD;01030408;PROCEDIMIENTOS NO QUIRÚRGICOS;01030408006;OTROS PROCEDIMIENTOS NO QUIRÚRGICOS;PROBLEMAS RELACIONADOS CON FACILIDADES DE ATENCIÓN MÉDICA U OTROS SERVICIOS DE SALUD;PROBLEMAS RELACIONADOS CON FACILIDADES DE ATENCIÓN MÉDICA U OTROS SERVICIOS DE SALUD;CATARATA, NO ESPECIFICADA;No aplica;SIMPLE
616;2023;7;Web;11;11001;US- 000003073228;A nombre propio;HOMBRE;66;MAYOR DE 63 AÑOS ;No Aplica;Contributivo;No Aplica;No Aplica;11;11001;COMPENSAR;RÉGIMEN CONTRIBUTIVO;EPS008;COMPENSAR;11;11001;01;"BARRERAS EN EL ACCESO A TECNOLOGÍAS Y SERVICIOS DE SALUD; Y OTROS ELEMENTOS COMPLEMENTARIOS PARA LA ATENCIÓN DEL USUARIO";0103;FALTA DE OPORTUNIDAD EN LA AUTORIZACIÓN DE TECNOLOGÍAS EN SALUD Y OTROS ELEMENTOS COMPLEMENTARIOS PARA LA ATENCIÓN DEL USUARIO;010304;FALTA DE OPORTUNIDAD EN LA AUTORIZACIÓN DE OTROS SERVICIOS DE SALUD;01030409;PROCEDIMIENTOS QUIRÚRGICOS;01030409003;OTROS PROCEDIMIENTOS QUIRÚRGICOS;PROBLEMAS RELACIONADOS CON FACILIDADES DE ATENCIÓN MÉDICA U OTROS SERVICIOS DE SALUD;PROBLEMAS RELACIONADOS CON FACILIDADES DE ATENCIÓN MÉDICA U OTROS SERVICIOS DE SALUD;HIPERPLASIA DE LA PRÓSTATA;No aplica;PRIORIZADO
617;2023;7;Personalizado;11;11001;US- 000001647379;Cuidador (A);MUJER;45;DE 38 A 49 AÑOS;Ninguno;Subsidiado;No Aplica;Persona con discapacidad;11;11001;CAPITAL SALUD;RÉGIMEN SUBSIDIADO;EPSS34;CAPITAL SALUD;11;11001;01;"BARRERAS EN EL ACCESO A TECNOLOGÍAS Y SERVICIOS DE SALUD; Y OTROS ELEMENTOS COMPLEMENTARIOS PARA LA ATENCIÓN DEL USUARIO";0102;NEGACIÓN DE TECNOLOGÍAS EN SALUD Y OTROS ELEMENTOS COMPLEMENTARIOS PARA LA ATENCIÓN DEL USUARIO;010204;NEGACIÓN PARA LA ENTREGA DE TECNOLOGÍAS EN SALUD Y/O DE OTROS SERVICIOS AUTORIZADOS;01020401;MEDICAMENTOS UPC;;;ENFERMEDADES NEUROLÓGICAS;EPILEPSIA;EPILEPSIA Y SÍNDROMES EPILÉPTICOS SINTOMÁTICOS RELACIONADOS CON LOCALIZACIONES (FOCALES) (PARCIALES) Y CON ATAQUES PARCIALES COMPLEJOS;No aplica;PRIORIZADO
618;2023;7;Web;05;05858;US- 000003294990;A nombre propio;HOMBRE;84;MAYOR DE 63 AÑOS ;No Aplica;Contributivo;No Aplica;Persona con discapacidad;05;05858;NUEVA EPS;RÉGIMEN CONTRIBUTIVO;EPS037;NUEVA EPS;05;05858;01;"BARRERAS EN EL ACCESO A TECNOLOGÍAS Y SERVICIOS DE SALUD; Y OTROS ELEMENTOS COMPLEMENTARIOS PARA LA ATENCIÓN DEL USUARIO";0101;FALTA DE OPORTUNIDAD EN LA PRESTACIÓN DE TECNOLOGÍAS EN SALUD Y OTROS ELEMENTOS COMPLEMENTARIOS PARA LA ATENCIÓN DEL USUARIO;010104;FALTA DE OPORTUNIDAD EN LA ENTREGA O ENTREGA INCOMPLETA DE TECNOLOGÍAS EN SALUD Y/O PRESTACIÓN DE OTROS SERVICIOS;01010402;MEDICAMENTOS NO UPC;;;ENFERMEDADES CRÓNICAS NO TRANSMISIBLES –DIABETES;DIABETES;EMBOLIA Y TROMBOSIS DE ARTERIAS DE LOS MIEMBROS INFERIORES;No aplica;SIMPLE
619;2023;7;Escrito;05;05001;US- 000003189019;A nombre propio;MUJER;51;DE 50 A 62 AÑOS;No Aplica;Subsidiado;No Aplica;No Aplica;05;05001;SAVIA SALUD;RÉGIMEN SUBSIDIADO;EPSS40;SAVIA SALUD EPS;05;05001;01;"BARRERAS EN EL ACCESO A TECNOLOGÍAS Y SERVICIOS DE SALUD; Y OTROS ELEMENTOS COMPLEMENTARIOS PARA LA ATENCIÓN DEL USUARIO";0103;FALTA DE OPORTUNIDAD EN LA AUTORIZACIÓN DE TECNOLOGÍAS EN SALUD Y OTROS ELEMENTOS COMPLEMENTARIOS PARA LA ATENCIÓN DEL USUARIO;010304;FALTA DE OPORTUNIDAD EN LA AUTORIZACIÓN DE OTROS SERVICIOS DE SALUD;01030408;PROCEDIMIENTOS NO QUIRÚRGICOS;01030408001;IMAGENOLOGÍA;ENFERMEDADES CRÓNICAS NO TRANSMISIBLES- FACTORES DE RIESGO;MEDICIÓN DE FACTORES DE RIESGO;DOLOR EN MIEMBRO;No aplica;SIMPLE
620;2023;7;Personalizado;68;68001;US- 000001105057;Otro;MUJER;79;MAYOR DE 63 AÑOS ;Primaria;Subsidiado;No Aplica;No Aplica;68;68001;COOSALUD;RÉGIMEN SUBSIDIADO;ESS024;COOSALUD;68;68001;01;"BARRERAS EN EL ACCESO A TECNOLOGÍAS Y SERVICIOS DE SALUD; Y OTROS ELEMENTOS COMPLEMENTARIOS PARA LA ATENCIÓN DEL USUARIO";0101;FALTA DE OPORTUNIDAD EN LA PRESTACIÓN DE TECNOLOGÍAS EN SALUD Y OTROS ELEMENTOS COMPLEMENTARIOS PARA LA ATENCIÓN DEL USUARIO;010104;FALTA DE OPORTUNIDAD EN LA ENTREGA O ENTREGA INCOMPLETA DE TECNOLOGÍAS EN SALUD Y/O PRESTACIÓN DE OTROS SERVICIOS;01010401;MEDICAMENTOS UPC;;;ENFERMEDADES CRÓNICAS NO TRANSMISIBLES –DIABETES;DIABETES;DIABETES MELLITUS INSULINODEPENDIENTE CON COMPLICACIONES RENALES;No aplica;RIESGO VITAL
621;2023;7;Web;08;08001;US- 000003292058;Otro;MUJER;72;MAYOR DE 63 AÑOS ;No Aplica;Subsidiado;No Aplica;No Aplica;08;08001;COOSALUD;RÉGIMEN SUBSIDIADO;ESS024;COOSALUD;08;08001;01;"BARRERAS EN EL ACCESO A TECNOLOGÍAS Y SERVICIOS DE SALUD; Y OTROS ELEMENTOS COMPLEMENTARIOS PARA LA ATENCIÓN DEL USUARIO";0101;FALTA DE OPORTUNIDAD EN LA PRESTACIÓN DE TECNOLOGÍAS EN SALUD Y OTROS ELEMENTOS COMPLEMENTARIOS PARA LA ATENCIÓN DEL USUARIO;010105;FALTA DE OPORTUNIDAD EN EL PROCESO DE REFERENCIA Y CONTRARREFERENCIA;;;;;ENFERMEDADES CRÓNICAS NO TRASMISIBLES CARDIOVASCULARES;ACV (ACCIDENTE CEREBRO VASCULAR);ACCIDENTE VASCULAR ENCEFÁLICO AGUDO, NO ESPECIFICADO COMO HEMORRÁGICO O ISQUÉMICO;No aplica;RIESGO VITAL
622;2023;7;Web;11;11001;US- 000000384958;A nombre propio;HOMBRE;25;DE 25 A 29 AÑOS;No Aplica;Contributivo;No Aplica;No Aplica;11;11001;SANITAS;RÉGIMEN CONTRIBUTIVO;EPS005;SANITAS;11;11001;04;INSATISFACCIÓN DEL USUARIO CON EL PROCESO ADMINISTRATIVO;0404;INSATISFACCIÓN RELACIONADA CON TRÁMITES ADMINISTRATIVOS;040404;INCONSISTENCIA RELACIONADA CON COBROS Y/O APORTES;04040401;COTIZACIONES AL SGSSS;;;PROBLEMAS RELACIONADOS CON FACILIDADES DE ATENCIÓN MÉDICA U OTROS SERVICIOS DE SALUD;PROBLEMAS RELACIONADOS CON FACILIDADES DE ATENCIÓN MÉDICA U OTROS SERVICIOS DE SALUD;OTROS PROBLEMAS RELACIONADOS CON SERVICIOS MÉDICOS Y DE SALUD;No aplica;SIMPLE
623;2023;7;Telefónico;54;54001;US- 000002331088;A nombre propio;HOMBRE;62;DE 50 A 62 AÑOS;Primaria;Subsidiado;No Aplica;No Aplica;54;54001;CCF DEL ORIENTE COLOMBIANO -COMFAORIENTE;RÉGIMEN SUBSIDIADO;CCF049;"CCF ORIENTE ""COMFAORIENTE""";54;54001;01;"BARRERAS EN EL ACCESO A TECNOLOGÍAS Y SERVICIOS DE SALUD; Y OTROS ELEMENTOS COMPLEMENTARIOS PARA LA ATENCIÓN DEL USUARIO";0102;NEGACIÓN DE TECNOLOGÍAS EN SALUD Y OTROS ELEMENTOS COMPLEMENTARIOS PARA LA ATENCIÓN DEL USUARIO;010204;NEGACIÓN PARA LA ENTREGA DE TECNOLOGÍAS EN SALUD Y/O DE OTROS SERVICIOS AUTORIZADOS;01020401;MEDICAMENTOS UPC;;;ENFERMEDADES CRÓNICAS NO TRANSMISIBLES –RENALES;IRC-ENFERMEDAD RENAL;DIABETES MELLITUS INSULINODEPENDIENTE;Trasplante renal;PRIORIZADO
624;2023;7;Telefónico;08;08001;US- 000001498838;Hijo (A);MUJER;92;MAYOR DE 63 AÑOS ;Primaria;Contributivo;No Aplica;No Aplica;08;08001;NUEVA EPS;RÉGIMEN CONTRIBUTIVO;EPS037;NUEVA EPS;08;08001;01;"BARRERAS EN EL ACCESO A TECNOLOGÍAS Y SERVICIOS DE SALUD; Y OTROS ELEMENTOS COMPLEMENTARIOS PARA LA ATENCIÓN DEL USUARIO";0102;NEGACIÓN DE TECNOLOGÍAS EN SALUD Y OTROS ELEMENTOS COMPLEMENTARIOS PARA LA ATENCIÓN DEL USUARIO;010204;NEGACIÓN PARA LA ENTREGA DE TECNOLOGÍAS EN SALUD Y/O DE OTROS SERVICIOS AUTORIZADOS;01020407;ELEMENTOS COMPLEMENTARIOS PARA LA ATENCIÓN DEL USUARIO (PAÑALES, PAÑITOS, ETC.);;;CÁNCER ;CÁNCER COLORECTAL;CARCINOMA IN SITU DEL COLON;No aplica;PRIORIZADO
625;2023;7;Web;11;11001;US- 000003290166;A nombre propio;MUJER;76;MAYOR DE 63 AÑOS ;Ninguno;Contributivo;No Aplica;Persona con discapacidad;11;11001;SANITAS;RÉGIMEN CONTRIBUTIVO;EPS005;SANITAS;73;73001;01;"BARRERAS EN EL ACCESO A TECNOLOGÍAS Y SERVICIOS DE SALUD; Y OTROS ELEMENTOS COMPLEMENTARIOS PARA LA ATENCIÓN DEL USUARIO";0101;FALTA DE OPORTUNIDAD EN LA PRESTACIÓN DE TECNOLOGÍAS EN SALUD Y OTROS ELEMENTOS COMPLEMENTARIOS PARA LA ATENCIÓN DEL USUARIO;010103;FALTA DE OPORTUNIDAD EN LA ATENCIÓN EN OTROS SERVICIOS DE SALUD;01010309;PROCEDIMIENTOS QUIRÚRGICOS;01010309003;OTROS PROCEDIMIENTOS QUIRÚRGICOS;PROBLEMAS RELACIONADOS CON FACILIDADES DE ATENCIÓN MÉDICA U OTROS SERVICIOS DE SALUD;PROBLEMAS RELACIONADOS CON FACILIDADES DE ATENCIÓN MÉDICA U OTROS SERVICIOS DE SALUD;OTROS PROBLEMAS RELACIONADOS CON SERVICIOS MÉDICOS Y DE SALUD;No aplica;SIMPLE
626;2023;7;Web;76;76001;US- 000003292514;A nombre propio;MUJER;54;DE 50 A 62 AÑOS;No Aplica;Contributivo;No Aplica;No Aplica;76;76001;SANITAS;RÉGIMEN CONTRIBUTIVO;EPS005;SANITAS;76;76001;01;"BARRERAS EN EL ACCESO A TECNOLOGÍAS Y SERVICIOS DE SALUD; Y OTROS ELEMENTOS COMPLEMENTARIOS PARA LA ATENCIÓN DEL USUARIO";0101;FALTA DE OPORTUNIDAD EN LA PRESTACIÓN DE TECNOLOGÍAS EN SALUD Y OTROS ELEMENTOS COMPLEMENTARIOS PARA LA ATENCIÓN DEL USUARIO;010103;FALTA DE OPORTUNIDAD EN LA ATENCIÓN EN OTROS SERVICIOS DE SALUD;01010309;PROCEDIMIENTOS QUIRÚRGICOS;01010309003;OTROS PROCEDIMIENTOS QUIRÚRGICOS;PROBLEMAS RELACIONADOS CON FACILIDADES DE ATENCIÓN MÉDICA U OTROS SERVICIOS DE SALUD;PROBLEMAS RELACIONADOS CON FACILIDADES DE ATENCIÓN MÉDICA U OTROS SERVICIOS DE SALUD;OTROS PROBLEMAS RELACIONADOS CON SERVICIOS MÉDICOS Y DE SALUD;No aplica;SIMPLE
627;2023;7;Web;66;66170;US- 000003298503;A nombre propio;MUJER;57;DE 50 A 62 AÑOS;Ninguno;Subsidiado;No Aplica;No Aplica;66;66170;NUEVA EPS;RÉGIMEN SUBSIDIADO;EPSS41;NUEVA EPS;66;66170;01;"BARRERAS EN EL ACCESO A TECNOLOGÍAS Y SERVICIOS DE SALUD; Y OTROS ELEMENTOS COMPLEMENTARIOS PARA LA ATENCIÓN DEL USUARIO";0101;FALTA DE OPORTUNIDAD EN LA PRESTACIÓN DE TECNOLOGÍAS EN SALUD Y OTROS ELEMENTOS COMPLEMENTARIOS PARA LA ATENCIÓN DEL USUARIO;010102;FALTA DE OPORTUNIDAD PARA SERVICIOS DE COMPLEMENTACIÓN TERAPÉUTICA;01010205;PSICOTERAPIA;;;PROBLEMAS RELACIONADOS CON FACILIDADES DE ATENCIÓN MÉDICA U OTROS SERVICIOS DE SALUD;PROBLEMAS RELACIONADOS CON FACILIDADES DE ATENCIÓN MÉDICA U OTROS SERVICIOS DE SALUD;OTROS PROBLEMAS RELACIONADOS CON SERVICIOS MÉDICOS Y DE SALUD;No aplica;SIMPLE
628;2023;7;Personalizado;11;11001;US- 000003287208;A nombre propio;MUJER;69;MAYOR DE 63 AÑOS ;No Aplica;Contributivo;No Aplica;No Aplica;11;11001;SANITAS;RÉGIMEN CONTRIBUTIVO;EPS005;SANITAS;11;11001;01;"BARRERAS EN EL ACCESO A TECNOLOGÍAS Y SERVICIOS DE SALUD; Y OTROS ELEMENTOS COMPLEMENTARIOS PARA LA ATENCIÓN DEL USUARIO";0101;FALTA DE OPORTUNIDAD EN LA PRESTACIÓN DE TECNOLOGÍAS EN SALUD Y OTROS ELEMENTOS COMPLEMENTARIOS PARA LA ATENCIÓN DEL USUARIO;010104;FALTA DE OPORTUNIDAD EN LA ENTREGA O ENTREGA INCOMPLETA DE TECNOLOGÍAS EN SALUD Y/O PRESTACIÓN DE OTROS SERVICIOS;01010402;MEDICAMENTOS NO UPC;;;CÁNCER ;CÁNCER COLORECTAL;OTROS CARCINOMAS ESPECIFICADOS DEL HIGADO;Quimioterapia y radioterapia para el cáncer;PRIORIZADO
629;2023;7;Escrito;44;44560;US- 000003277370;Otro;MUJER;2;DE 0 A 5 AÑOS;No Aplica;Subsidiado;Indígena;No Aplica;44;44560;DUSAKAWI -EPSI;RÉGIMEN SUBSIDIADO;EPSI01;DUSAKAWI (EPS-I CESAR Y GUAJIRA);44;44001;01;"BARRERAS EN EL ACCESO A TECNOLOGÍAS Y SERVICIOS DE SALUD; Y OTROS ELEMENTOS COMPLEMENTARIOS PARA LA ATENCIÓN DEL USUARIO";0101;FALTA DE OPORTUNIDAD EN LA PRESTACIÓN DE TECNOLOGÍAS EN SALUD Y OTROS ELEMENTOS COMPLEMENTARIOS PARA LA ATENCIÓN DEL USUARIO;010101;FALTA DE OPORTUNIDAD EN LAS CITAS O CONSULTAS;01010101;MEDICINA GENERAL;;;MATERNO INFANTIL;ATENCIÓN NIÑOS MENORES DE 5 AÑOS;OTROS PROBLEMAS RELACIONADOS CON SERVICIOS MÉDICOS Y DE SALUD;No aplica;SIMPLE
630;2023;7;Telefónico;25;25473;US- 000001699737;Hermano (A);HOMBRE;56;DE 50 A 62 AÑOS;Secundaria;Subsidiado;No Aplica;Persona con discapacidad;68;68001;NUEVA EPS;RÉGIMEN SUBSIDIADO;EPSS41;NUEVA EPS;68;68307;01;"BARRERAS EN EL ACCESO A TECNOLOGÍAS Y SERVICIOS DE SALUD; Y OTROS ELEMENTOS COMPLEMENTARIOS PARA LA ATENCIÓN DEL USUARIO";0101;FALTA DE OPORTUNIDAD EN LA PRESTACIÓN DE TECNOLOGÍAS EN SALUD Y OTROS ELEMENTOS COMPLEMENTARIOS PARA LA ATENCIÓN DEL USUARIO;010103;FALTA DE OPORTUNIDAD EN LA ATENCIÓN EN OTROS SERVICIOS DE SALUD;01010305;ATENCIÓN DOMICILIARIA;;;ENFERMEDADES OSTEOARTICULARES;OTROS;FRACTURAS MÚLTIPLES DE LA COLUMNA LUMBAR Y DE LA PELVIS;No aplica;SIMPLE
631;2023;7;Web;11;11001;US- 000003280766;Otro;MUJER;25;DE 25 A 29 AÑOS;Secundaria;Contributivo;No Aplica;No Aplica;11;11001;SANITAS;RÉGIMEN CONTRIBUTIVO;EPS005;SANITAS;11;11001;04;INSATISFACCIÓN DEL USUARIO CON EL PROCESO ADMINISTRATIVO;0405;PROBLEMAS EN EL RECONOCIMIENTO Y/O PAGO DE PRESTACIONES ECONÓMICAS;040501;NO RECONOCIMIENTO Y/O PAGO DE LAS PRESTACIONES ECONÓMICAS;04050101;LICENCIA DE MATERNIDAD;;;PROBLEMAS RELACIONADOS CON FACILIDADES DE ATENCIÓN MÉDICA U OTROS SERVICIOS DE SALUD;PROBLEMAS RELACIONADOS CON FACILIDADES DE ATENCIÓN MÉDICA U OTROS SERVICIOS DE SALUD;PROBLEMAS RELACIONADOS CON FACILIDADES DE ATENCIÓN MEDICA U OTROS SERVICIOS DE SALUD;No aplica;SIMPLE
632;2023;7;Web;08;08001;US- 000003309968;Otro;HOMBRE;66;MAYOR DE 63 AÑOS ;No Aplica;Subsidiado;No Aplica;No Aplica;08;08001;CAJACOPI EPS;RÉGIMEN SUBSIDIADO;CCF055;CAJACOPI EPS;08;08001;01;"BARRERAS EN EL ACCESO A TECNOLOGÍAS Y SERVICIOS DE SALUD; Y OTROS ELEMENTOS COMPLEMENTARIOS PARA LA ATENCIÓN DEL USUARIO";0101;FALTA DE OPORTUNIDAD EN LA PRESTACIÓN DE TECNOLOGÍAS EN SALUD Y OTROS ELEMENTOS COMPLEMENTARIOS PARA LA ATENCIÓN DEL USUARIO;010105;FALTA DE OPORTUNIDAD EN EL PROCESO DE REFERENCIA Y CONTRARREFERENCIA;;;;;ENFERMEDADES CRÓNICAS NO TRANSMISIBLES RESPIRATORIAS;EPOC (ENFERMEDAD PULMONAR OBSTRUCTIVA CRÓNICA, BRONQUITIS CRÓNICA O ENFISEMA);ENFERMEDAD PULMONAR OBSTRUCTIVA CRÓNICA CON EXACERBACIÓN AGUDA, NO ESPECIFICADA;No aplica;PRIORIZADO
633;2023;7;Chat;08;08001;US- 000003309957;Otro;HOMBRE;64;MAYOR DE 63 AÑOS ;Primaria;Subsidiado;No Aplica;No Aplica;05;05154;SAVIA SALUD;RÉGIMEN SUBSIDIADO;EPSS40;SAVIA SALUD EPS;05;05154;01;"BARRERAS EN EL ACCESO A TECNOLOGÍAS Y SERVICIOS DE SALUD; Y OTROS ELEMENTOS COMPLEMENTARIOS PARA LA ATENCIÓN DEL USUARIO";0101;FALTA DE OPORTUNIDAD EN LA PRESTACIÓN DE TECNOLOGÍAS EN SALUD Y OTROS ELEMENTOS COMPLEMENTARIOS PARA LA ATENCIÓN DEL USUARIO;010101;FALTA DE OPORTUNIDAD EN LAS CITAS O CONSULTAS;01010103;ESPECIALIDADES MÉDICAS ;01010103094;UROLOGÍA;PROBLEMAS RELACIONADOS CON FACILIDADES DE ATENCIÓN MÉDICA U OTROS SERVICIOS DE SALUD;PROBLEMAS RELACIONADOS CON FACILIDADES DE ATENCIÓN MÉDICA U OTROS SERVICIOS DE SALUD;HIPERPLASIA DE LA PRÓSTATA;No aplica;SIMPLE
634;2023;7;Web;76;76520;US- 000001022186;A nombre propio;MUJER;56;DE 50 A 62 AÑOS;Ninguno;Subsidiado;No Aplica;No Aplica;76;76520;EMSSANAR EPS;RÉGIMEN SUBSIDIADO;ESS118;EMSSANAR;76;76520;01;"BARRERAS EN EL ACCESO A TECNOLOGÍAS Y SERVICIOS DE SALUD; Y OTROS ELEMENTOS COMPLEMENTARIOS PARA LA ATENCIÓN DEL USUARIO";0101;FALTA DE OPORTUNIDAD EN LA PRESTACIÓN DE TECNOLOGÍAS EN SALUD Y OTROS ELEMENTOS COMPLEMENTARIOS PARA LA ATENCIÓN DEL USUARIO;010104;FALTA DE OPORTUNIDAD EN LA ENTREGA O ENTREGA INCOMPLETA DE TECNOLOGÍAS EN SALUD Y/O PRESTACIÓN DE OTROS SERVICIOS;01010401;MEDICAMENTOS UPC;;;PROBLEMAS RELACIONADOS CON FACILIDADES DE ATENCIÓN MÉDICA U OTROS SERVICIOS DE SALUD;PROBLEMAS RELACIONADOS CON FACILIDADES DE ATENCIÓN MÉDICA U OTROS SERVICIOS DE SALUD;TRASTORNOS DEL APARATO LAGRIMAL;No aplica;SIMPLE
635;2023;7;Web;11;11001;US- 000000350447;A nombre propio;HOMBRE;38;DE 38 A 49 AÑOS;No Aplica;Contributivo;No Aplica;No Aplica;11;11001;COMPENSAR;RÉGIMEN CONTRIBUTIVO;EPS008;COMPENSAR;11;11001;01;"BARRERAS EN EL ACCESO A TECNOLOGÍAS Y SERVICIOS DE SALUD; Y OTROS ELEMENTOS COMPLEMENTARIOS PARA LA ATENCIÓN DEL USUARIO";0101;FALTA DE OPORTUNIDAD EN LA PRESTACIÓN DE TECNOLOGÍAS EN SALUD Y OTROS ELEMENTOS COMPLEMENTARIOS PARA LA ATENCIÓN DEL USUARIO;010101;FALTA DE OPORTUNIDAD EN LAS CITAS O CONSULTAS;01010103;ESPECIALIDADES MÉDICAS ;01010103042;GASTROENTEROLOGÍA;PROBLEMAS RELACIONADOS CON FACILIDADES DE ATENCIÓN MÉDICA U OTROS SERVICIOS DE SALUD;PROBLEMAS RELACIONADOS CON FACILIDADES DE ATENCIÓN MÉDICA U OTROS SERVICIOS DE SALUD;ENFERMEDAD DEL HIGADO, NO ESPECIFICADA;No aplica;SIMPLE
636;2023;7;Telefónico;54;54405;US- 000001869890;Madre;MUJER;15;DE 13 A 17 AÑOS;Secundaria Incompleta;Contributivo;No Aplica;No Aplica;54;54405;NUEVA EPS;RÉGIMEN CONTRIBUTIVO;EPS037;NUEVA EPS;54;54405;01;"BARRERAS EN EL ACCESO A TECNOLOGÍAS Y SERVICIOS DE SALUD; Y OTROS ELEMENTOS COMPLEMENTARIOS PARA LA ATENCIÓN DEL USUARIO";0101;FALTA DE OPORTUNIDAD EN LA PRESTACIÓN DE TECNOLOGÍAS EN SALUD Y OTROS ELEMENTOS COMPLEMENTARIOS PARA LA ATENCIÓN DEL USUARIO;010103;FALTA DE OPORTUNIDAD EN LA ATENCIÓN EN OTROS SERVICIOS DE SALUD;01010308;PROCEDIMIENTOS NO QUIRÚRGICOS;01010308002;LABORATORIO CLÍNICO Y ANATOMOPATOLÓGICO;ENFERMEDADES CRÓNICAS NO TRANSMISIBLES- FACTORES DE RIESGO;OBESIDAD;OBESIDAD;No aplica;SIMPLE
637;2023;7;Personalizado;11;11001;US- 000001710595;A nombre propio;HOMBRE;37;DE 30 A 37 AÑOS;Secundaria;Subsidiado;Mulato ;Víctima del conflicto armado;11;11001;NUEVA EPS;RÉGIMEN CONTRIBUTIVO;EPS037;NUEVA EPS;11;11001;01;"BARRERAS EN EL ACCESO A TECNOLOGÍAS Y SERVICIOS DE SALUD; Y OTROS ELEMENTOS COMPLEMENTARIOS PARA LA ATENCIÓN DEL USUARIO";0101;FALTA DE OPORTUNIDAD EN LA PRESTACIÓN DE TECNOLOGÍAS EN SALUD Y OTROS ELEMENTOS COMPLEMENTARIOS PARA LA ATENCIÓN DEL USUARIO;010101;FALTA DE OPORTUNIDAD EN LAS CITAS O CONSULTAS;01010101;MEDICINA GENERAL;;;PROBLEMAS RELACIONADOS CON FACILIDADES DE ATENCIÓN MÉDICA U OTROS SERVICIOS DE SALUD;PROBLEMAS RELACIONADOS CON FACILIDADES DE ATENCIÓN MÉDICA U OTROS SERVICIOS DE SALUD;EXAMEN DE PESQUISA ESPECIAL PARA OTRAS ENFERMEDADES Y TRASTORNOS ESPECIFICADOS;No aplica;SIMPLE
638;2023;7;Web;76;76001;US- 000002243779;Hijo (A);MUJER;51;DE 50 A 62 AÑOS;No Aplica;Contributivo;No Aplica;No Aplica;76;76001;SOS -SERVICIO OCCIDENTAL DE SALUD;RÉGIMEN CONTRIBUTIVO;EPS018;SERVICIO OCCIDENTAL DE SALUD (SOS);76;76001;01;"BARRERAS EN EL ACCESO A TECNOLOGÍAS Y SERVICIOS DE SALUD; Y OTROS ELEMENTOS COMPLEMENTARIOS PARA LA ATENCIÓN DEL USUARIO";0101;FALTA DE OPORTUNIDAD EN LA PRESTACIÓN DE TECNOLOGÍAS EN SALUD Y OTROS ELEMENTOS COMPLEMENTARIOS PARA LA ATENCIÓN DEL USUARIO;010101;FALTA DE OPORTUNIDAD EN LAS CITAS O CONSULTAS;01010103;ESPECIALIDADES MÉDICAS ;01010103035;DOLOR Y CUIDADOS PALIATIVOS;ENFERMEDADES OSTEOARTICULARES;OTROS;SÍNDROME DE MANGUITO ROTATORIO;No aplica;SIMPLE
639;2023;7;Telefónico;05;05001;US- 000002513843;A nombre propio;MUJER;52;DE 50 A 62 AÑOS;Primaria;Contributivo;No Aplica;No Aplica;05;05001;SURAMERICANA EPS;RÉGIMEN CONTRIBUTIVO;EPS010;EPS SURA;05;05001;03;INSATISFACCIÓN RELACIONADA CON INFRAESTRUCTURA Y LOGÍSTICA;0301;INSATISFACCIÓN RELACIONADA CON CONDICIONES INSUFICIENTES O INADECUADAS DEL RECURSO FÍSICO;030101;INSATISFACCIÓN RELACIONADA CON LA PLANTA FÍSICA, ESPACIOS, MUEBLES Y DOTACIÓN INAPROPIADA;03010103;SERVICIO DE IMAGENOLOGÍA ;;;ENFERMEDADES OSTEOARTICULARES;OTROS;FRACTURA DEL HOMBRO Y DEL BRAZO;No aplica;SIMPLE
640;2023;7;Telefónico;05;05885;US- 000002776126;Hermano (A);MUJER;77;MAYOR DE 63 AÑOS ;Primaria;Contributivo;No Aplica;No Aplica;05;05308;NUEVA EPS;RÉGIMEN CONTRIBUTIVO;EPS037;NUEVA EPS;05;05306;01;"BARRERAS EN EL ACCESO A TECNOLOGÍAS Y SERVICIOS DE SALUD; Y OTROS ELEMENTOS COMPLEMENTARIOS PARA LA ATENCIÓN DEL USUARIO";0101;FALTA DE OPORTUNIDAD EN LA PRESTACIÓN DE TECNOLOGÍAS EN SALUD Y OTROS ELEMENTOS COMPLEMENTARIOS PARA LA ATENCIÓN DEL USUARIO;010101;FALTA DE OPORTUNIDAD EN LAS CITAS O CONSULTAS;01010103;ESPECIALIDADES MÉDICAS ;01010103078;ORTOPEDIA Y TRAUMATOLOGÍA;ENFERMEDADES OSTEOARTICULARES;OTROS;GONARTROSIS;No aplica;SIMPLE
641;2023;7;Web;15;15842;US- 000003090642;Otro;HOMBRE;69;MAYOR DE 63 AÑOS ;No Aplica;No aplica;No Aplica;No Aplica;15;15842;SURAMERICANA;COMPAÑÍAS DE SEGUROS;EP007685;SURAMERICANA DE SEGUROS S.A.;15;15842;04;INSATISFACCIÓN DEL USUARIO CON EL PROCESO ADMINISTRATIVO;0404;INSATISFACCIÓN RELACIONADA CON TRÁMITES ADMINISTRATIVOS;040403;INCONSISTENCIAS EN LA AFILIACIÓN;04040309;OTRAS INCONSISTENCIAS;;;PROBLEMAS RELACIONADOS CON FACILIDADES DE ATENCIÓN MÉDICA U OTROS SERVICIOS DE SALUD;PROBLEMAS RELACIONADOS CON FACILIDADES DE ATENCIÓN MÉDICA U OTROS SERVICIOS DE SALUD;PROBLEMAS RELACIONADOS CON FACILIDADES DE ATENCIÓN MEDICA U OTROS SERVICIOS DE SALUD;No aplica;SIMPLE
642;2023;7;Web;11;11001;US- 000000155484;Hijo (A);MUJER;81;MAYOR DE 63 AÑOS ;No Aplica;Contributivo;No Aplica;No Aplica;11;11001;COMPENSAR;RÉGIMEN CONTRIBUTIVO;EPS008;COMPENSAR;11;11001;01;"BARRERAS EN EL ACCESO A TECNOLOGÍAS Y SERVICIOS DE SALUD; Y OTROS ELEMENTOS COMPLEMENTARIOS PARA LA ATENCIÓN DEL USUARIO";0101;FALTA DE OPORTUNIDAD EN LA PRESTACIÓN DE TECNOLOGÍAS EN SALUD Y OTROS ELEMENTOS COMPLEMENTARIOS PARA LA ATENCIÓN DEL USUARIO;010103;FALTA DE OPORTUNIDAD EN LA ATENCIÓN EN OTROS SERVICIOS DE SALUD;01010308;PROCEDIMIENTOS NO QUIRÚRGICOS;01010308006;OTROS PROCEDIMIENTOS NO QUIRÚRGICOS;PROBLEMAS RELACIONADOS CON FACILIDADES DE ATENCIÓN MÉDICA U OTROS SERVICIOS DE SALUD;PROBLEMAS RELACIONADOS CON FACILIDADES DE ATENCIÓN MÉDICA U OTROS SERVICIOS DE SALUD;OTROS PROBLEMAS RELACIONADOS CON SERVICIOS MÉDICOS Y DE SALUD;No aplica;SIMPLE
643;2023;7;Web;11;11001;US- 000003263824;A nombre propio;MUJER;23;DE 18 A 24 AÑOS;No Aplica;Contributivo;No Aplica;No Aplica;11;11001;SURAMERICANA EPS;RÉGIMEN CONTRIBUTIVO;EPS010;EPS SURA;11;11001;01;"BARRERAS EN EL ACCESO A TECNOLOGÍAS Y SERVICIOS DE SALUD; Y OTROS ELEMENTOS COMPLEMENTARIOS PARA LA ATENCIÓN DEL USUARIO";0101;FALTA DE OPORTUNIDAD EN LA PRESTACIÓN DE TECNOLOGÍAS EN SALUD Y OTROS ELEMENTOS COMPLEMENTARIOS PARA LA ATENCIÓN DEL USUARIO;010101;FALTA DE OPORTUNIDAD EN LAS CITAS O CONSULTAS;01010103;ESPECIALIDADES MÉDICAS ;01010103046;GINECOLOGÍA ONCOLÓGICA;CÁNCER ;OTROS;TUMOR MALIGNO DE SITIOS NO ESPECIFICADOS;Quimioterapia y radioterapia para el cáncer;PRIORIZADO
644;2023;7;Telefónico;05;05380;US- 000003298789;Hijo (A);MUJER;72;MAYOR DE 63 AÑOS ;Primaria;Subsidiado;No Aplica;No Aplica;05;05380;SAVIA SALUD;RÉGIMEN SUBSIDIADO;EPSS40;SAVIA SALUD EPS;05;05380;01;"BARRERAS EN EL ACCESO A TECNOLOGÍAS Y SERVICIOS DE SALUD; Y OTROS ELEMENTOS COMPLEMENTARIOS PARA LA ATENCIÓN DEL USUARIO";0101;FALTA DE OPORTUNIDAD EN LA PRESTACIÓN DE TECNOLOGÍAS EN SALUD Y OTROS ELEMENTOS COMPLEMENTARIOS PARA LA ATENCIÓN DEL USUARIO;010101;FALTA DE OPORTUNIDAD EN LAS CITAS O CONSULTAS;01010103;ESPECIALIDADES MÉDICAS ;01010103071;NEUROCIRUGÍA;ENFERMEDADES OSTEOARTICULARES;OTROS;LUXACIÓN DE VERTEBRA LUMBAR;No aplica;SIMPLE
645;2023;7;Web;76;76147;US- 000003290883;A nombre propio;MUJER;40;DE 38 A 49 AÑOS;No Aplica;Contributivo;No Aplica;No Aplica;76;76147;SOS -SERVICIO OCCIDENTAL DE SALUD;RÉGIMEN CONTRIBUTIVO;EPS018;SERVICIO OCCIDENTAL DE SALUD (SOS);76;76147;01;"BARRERAS EN EL ACCESO A TECNOLOGÍAS Y SERVICIOS DE SALUD; Y OTROS ELEMENTOS COMPLEMENTARIOS PARA LA ATENCIÓN DEL USUARIO";0101;FALTA DE OPORTUNIDAD EN LA PRESTACIÓN DE TECNOLOGÍAS EN SALUD Y OTROS ELEMENTOS COMPLEMENTARIOS PARA LA ATENCIÓN DEL USUARIO;010101;FALTA DE OPORTUNIDAD EN LAS CITAS O CONSULTAS;01010103;ESPECIALIDADES MÉDICAS ;01010103075;OFTALMOLOGÍA;PROBLEMAS RELACIONADOS CON FACILIDADES DE ATENCIÓN MÉDICA U OTROS SERVICIOS DE SALUD;PROBLEMAS RELACIONADOS CON FACILIDADES DE ATENCIÓN MÉDICA U OTROS SERVICIOS DE SALUD;GLAUCOMA, NO ESPECIFICADO;No aplica;SIMPLE
646;2023;7;Escrito;76;76892;US- 000001222296;A nombre propio;MUJER;37;DE 30 A 37 AÑOS;No Aplica;Contributivo;No Aplica;No Aplica;76;76892;SANITAS;RÉGIMEN CONTRIBUTIVO;EPS005;SANITAS;76;76001;01;"BARRERAS EN EL ACCESO A TECNOLOGÍAS Y SERVICIOS DE SALUD; Y OTROS ELEMENTOS COMPLEMENTARIOS PARA LA ATENCIÓN DEL USUARIO";0101;FALTA DE OPORTUNIDAD EN LA PRESTACIÓN DE TECNOLOGÍAS EN SALUD Y OTROS ELEMENTOS COMPLEMENTARIOS PARA LA ATENCIÓN DEL USUARIO;010101;FALTA DE OPORTUNIDAD EN LAS CITAS O CONSULTAS;01010103;ESPECIALIDADES MÉDICAS ;01010103072;NEUROLOGÍA;ENFERMEDADES CRÓNICAS NO TRANSMISIBLES –DIABETES;DIABETES;DIABETES MELLITUS, NO ESPECIFICADA CON COMPLICACIONES NO ESPECIFICADAS;No aplica;SIMPLE
647;2023;7;Web;05;05001;US- 000000391281;A nombre propio;MUJER;70;MAYOR DE 63 AÑOS ;Ninguno;Subsidiado;No Aplica;No Aplica;05;05001;SAVIA SALUD;RÉGIMEN SUBSIDIADO;EPSS40;SAVIA SALUD EPS;05;05001;01;"BARRERAS EN EL ACCESO A TECNOLOGÍAS Y SERVICIOS DE SALUD; Y OTROS ELEMENTOS COMPLEMENTARIOS PARA LA ATENCIÓN DEL USUARIO";0101;FALTA DE OPORTUNIDAD EN LA PRESTACIÓN DE TECNOLOGÍAS EN SALUD Y OTROS ELEMENTOS COMPLEMENTARIOS PARA LA ATENCIÓN DEL USUARIO;010101;FALTA DE OPORTUNIDAD EN LAS CITAS O CONSULTAS;01010103;ESPECIALIDADES MÉDICAS ;01010103078;ORTOPEDIA Y TRAUMATOLOGÍA;ENFERMEDADES OSTEOARTICULARES;OTROS;OTRAS ATENCIONES MEDICAS ESPECIFICADAS;No aplica;SIMPLE
648;2023;7;Web;13;13001;US- 000003293537;A nombre propio;MUJER;75;MAYOR DE 63 AÑOS ;No Aplica;Contributivo;Afrocolombiano o Afrodescendiente;Persona con discapacidad;13;13001;SANITAS;RÉGIMEN CONTRIBUTIVO;EPS005;SANITAS;13;13001;01;"BARRERAS EN EL ACCESO A TECNOLOGÍAS Y SERVICIOS DE SALUD; Y OTROS ELEMENTOS COMPLEMENTARIOS PARA LA ATENCIÓN DEL USUARIO";0101;FALTA DE OPORTUNIDAD EN LA PRESTACIÓN DE TECNOLOGÍAS EN SALUD Y OTROS ELEMENTOS COMPLEMENTARIOS PARA LA ATENCIÓN DEL USUARIO;010103;FALTA DE OPORTUNIDAD EN LA ATENCIÓN EN OTROS SERVICIOS DE SALUD;01010309;PROCEDIMIENTOS QUIRÚRGICOS;01010309003;OTROS PROCEDIMIENTOS QUIRÚRGICOS;PROBLEMAS RELACIONADOS CON FACILIDADES DE ATENCIÓN MÉDICA U OTROS SERVICIOS DE SALUD;PROBLEMAS RELACIONADOS CON FACILIDADES DE ATENCIÓN MÉDICA U OTROS SERVICIOS DE SALUD;OTROS PROBLEMAS RELACIONADOS CON SERVICIOS MÉDICOS Y DE SALUD;Reemplazos articulares;SIMPLE
649;2023;7;Personalizado;76;76001;US- 000001728705;A nombre propio;HOMBRE;49;DE 38 A 49 AÑOS;No Aplica;Régimen Especial;No Aplica;No Aplica;76;76001;POLICIA NACIONAL;REGÍMENES DE EXCEPCIÓN Y ESPECIALES;REPN01;POLICIA NACIONAL;76;76001;01;"BARRERAS EN EL ACCESO A TECNOLOGÍAS Y SERVICIOS DE SALUD; Y OTROS ELEMENTOS COMPLEMENTARIOS PARA LA ATENCIÓN DEL USUARIO";0103;FALTA DE OPORTUNIDAD EN LA AUTORIZACIÓN DE TECNOLOGÍAS EN SALUD Y OTROS ELEMENTOS COMPLEMENTARIOS PARA LA ATENCIÓN DEL USUARIO;010304;FALTA DE OPORTUNIDAD EN LA AUTORIZACIÓN DE OTROS SERVICIOS DE SALUD;01030408;PROCEDIMIENTOS NO QUIRÚRGICOS;01030408002;LABORATORIO CLÍNICO Y ANATOMOPATOLÓGICO;PROBLEMAS RELACIONADOS CON FACILIDADES DE ATENCIÓN MÉDICA U OTROS SERVICIOS DE SALUD;PROBLEMAS RELACIONADOS CON FACILIDADES DE ATENCIÓN MÉDICA U OTROS SERVICIOS DE SALUD;RINITIS CRÓNICA;No aplica;SIMPLE
650;2023;7;Web;05;05360;US- 000002793349;A nombre propio;MUJER;40;DE 38 A 49 AÑOS;No Aplica;Contributivo;No Aplica;No Aplica;05;05360;NUEVA EPS;RÉGIMEN CONTRIBUTIVO;EPS037;NUEVA EPS;05;05001;01;"BARRERAS EN EL ACCESO A TECNOLOGÍAS Y SERVICIOS DE SALUD; Y OTROS ELEMENTOS COMPLEMENTARIOS PARA LA ATENCIÓN DEL USUARIO";0101;FALTA DE OPORTUNIDAD EN LA PRESTACIÓN DE TECNOLOGÍAS EN SALUD Y OTROS ELEMENTOS COMPLEMENTARIOS PARA LA ATENCIÓN DEL USUARIO;010101;FALTA DE OPORTUNIDAD EN LAS CITAS O CONSULTAS;01010101;MEDICINA GENERAL;;;ENFERMEDADES CRÓNICAS NO TRASMISIBLES CARDIOVASCULARES;OTROS;TRASTORNOS DEL METABOLISMO DE LAS LIPOPROTEÍNAS Y OTRAS LIPIDEMIAS;No aplica;SIMPLE
651;2023;7;Web;76;76001;US- 000003295752;A nombre propio;MUJER;39;DE 38 A 49 AÑOS;No Aplica;Contributivo;No Aplica;No Aplica;76;76001;SURAMERICANA EPS;RÉGIMEN CONTRIBUTIVO;EPS010;EPS SURA;76;76001;01;"BARRERAS EN EL ACCESO A TECNOLOGÍAS Y SERVICIOS DE SALUD; Y OTROS ELEMENTOS COMPLEMENTARIOS PARA LA ATENCIÓN DEL USUARIO";0103;FALTA DE OPORTUNIDAD EN LA AUTORIZACIÓN DE TECNOLOGÍAS EN SALUD Y OTROS ELEMENTOS COMPLEMENTARIOS PARA LA ATENCIÓN DEL USUARIO;010304;FALTA DE OPORTUNIDAD EN LA AUTORIZACIÓN DE OTROS SERVICIOS DE SALUD;01030409;PROCEDIMIENTOS QUIRÚRGICOS;01030409003;OTROS PROCEDIMIENTOS QUIRÚRGICOS;PROBLEMAS RELACIONADOS CON FACILIDADES DE ATENCIÓN MÉDICA U OTROS SERVICIOS DE SALUD;PROBLEMAS RELACIONADOS CON FACILIDADES DE ATENCIÓN MÉDICA U OTROS SERVICIOS DE SALUD;INSUFICIENCIA VENOSA (CRÓNICA) (PERIFÉRICA);No aplica;SIMPLE
652;2023;7;Escrito;11;11001;US- 000001344363;Otro;HOMBRE;24;DE 18 A 24 AÑOS;No Aplica;Contributivo;No Aplica;No Aplica;05;05129;SALUD TOTAL;RÉGIMEN CONTRIBUTIVO;EPS002;SALUD TOTAL;05;05129;01;"BARRERAS EN EL ACCESO A TECNOLOGÍAS Y SERVICIOS DE SALUD; Y OTROS ELEMENTOS COMPLEMENTARIOS PARA LA ATENCIÓN DEL USUARIO";0101;FALTA DE OPORTUNIDAD EN LA PRESTACIÓN DE TECNOLOGÍAS EN SALUD Y OTROS ELEMENTOS COMPLEMENTARIOS PARA LA ATENCIÓN DEL USUARIO;010101;FALTA DE OPORTUNIDAD EN LAS CITAS O CONSULTAS;01010103;ESPECIALIDADES MÉDICAS ;01010103083;PSIQUIATRÍA;PROBLEMAS RELACIONADOS CON FACILIDADES DE ATENCIÓN MÉDICA U OTROS SERVICIOS DE SALUD;PROBLEMAS RELACIONADOS CON FACILIDADES DE ATENCIÓN MÉDICA U OTROS SERVICIOS DE SALUD;OTRAS ATENCIONES MEDICAS ESPECIFICADAS;No aplica;SIMPLE
653;2023;7;Web;11;11001;US- 000003136454;A nombre propio;HOMBRE;84;MAYOR DE 63 AÑOS ;Ninguno;Subsidiado;No Aplica;No Aplica;11;11001;CAPITAL SALUD;RÉGIMEN SUBSIDIADO;EPSS34;CAPITAL SALUD;11;11001;01;"BARRERAS EN EL ACCESO A TECNOLOGÍAS Y SERVICIOS DE SALUD; Y OTROS ELEMENTOS COMPLEMENTARIOS PARA LA ATENCIÓN DEL USUARIO";0101;FALTA DE OPORTUNIDAD EN LA PRESTACIÓN DE TECNOLOGÍAS EN SALUD Y OTROS ELEMENTOS COMPLEMENTARIOS PARA LA ATENCIÓN DEL USUARIO;010101;FALTA DE OPORTUNIDAD EN LAS CITAS O CONSULTAS;01010103;ESPECIALIDADES MÉDICAS ;01010103094;UROLOGÍA;PROBLEMAS RELACIONADOS CON FACILIDADES DE ATENCIÓN MÉDICA U OTROS SERVICIOS DE SALUD;PROBLEMAS RELACIONADOS CON FACILIDADES DE ATENCIÓN MÉDICA U OTROS SERVICIOS DE SALUD;FRACTURA DEL FÉMUR, PARTE NO ESPECIFICADA;No aplica;SIMPLE
654;2023;7;Escrito;76;76892;US- 000003194177;Otro;HOMBRE;72;MAYOR DE 63 AÑOS ;No Aplica;Subsidiado;No Aplica;No Aplica;76;76892;ASMET SALUD EPS;RÉGIMEN SUBSIDIADO;ESS062;ASMET SALUD;76;76892;01;"BARRERAS EN EL ACCESO A TECNOLOGÍAS Y SERVICIOS DE SALUD; Y OTROS ELEMENTOS COMPLEMENTARIOS PARA LA ATENCIÓN DEL USUARIO";0101;FALTA DE OPORTUNIDAD EN LA PRESTACIÓN DE TECNOLOGÍAS EN SALUD Y OTROS ELEMENTOS COMPLEMENTARIOS PARA LA ATENCIÓN DEL USUARIO;010104;FALTA DE OPORTUNIDAD EN LA ENTREGA O ENTREGA INCOMPLETA DE TECNOLOGÍAS EN SALUD Y/O PRESTACIÓN DE OTROS SERVICIOS;01010401;MEDICAMENTOS UPC;;;PROBLEMAS RELACIONADOS CON FACILIDADES DE ATENCIÓN MÉDICA U OTROS SERVICIOS DE SALUD;PROBLEMAS RELACIONADOS CON FACILIDADES DE ATENCIÓN MÉDICA U OTROS SERVICIOS DE SALUD;PROBLEMAS RELACIONADOS CON FACILIDADES DE ATENCIÓN MEDICA U OTROS SERVICIOS DE SALUD;No aplica;SIMPLE
655;2023;7;Escrito;76;76001;US- 000001070237;Otro;MUJER;60;DE 50 A 62 AÑOS;No Aplica;Contributivo;No Aplica;No Aplica;76;76001;SOS -SERVICIO OCCIDENTAL DE SALUD;RÉGIMEN CONTRIBUTIVO;EPS018;SERVICIO OCCIDENTAL DE SALUD (SOS);76;76001;01;"BARRERAS EN EL ACCESO A TECNOLOGÍAS Y SERVICIOS DE SALUD; Y OTROS ELEMENTOS COMPLEMENTARIOS PARA LA ATENCIÓN DEL USUARIO";0101;FALTA DE OPORTUNIDAD EN LA PRESTACIÓN DE TECNOLOGÍAS EN SALUD Y OTROS ELEMENTOS COMPLEMENTARIOS PARA LA ATENCIÓN DEL USUARIO;010101;FALTA DE OPORTUNIDAD EN LAS CITAS O CONSULTAS;01010103;ESPECIALIDADES MÉDICAS ;01010103078;ORTOPEDIA Y TRAUMATOLOGÍA;PROBLEMAS RELACIONADOS CON FACILIDADES DE ATENCIÓN MÉDICA U OTROS SERVICIOS DE SALUD;PROBLEMAS RELACIONADOS CON FACILIDADES DE ATENCIÓN MÉDICA U OTROS SERVICIOS DE SALUD;PROBLEMAS RELACIONADOS CON FACILIDADES DE ATENCIÓN MEDICA U OTROS SERVICIOS DE SALUD;No aplica;SIMPLE
656;2023;7;Web;05;05697;US- 000003189279;A nombre propio;MUJER;52;DE 50 A 62 AÑOS;No Aplica;Contributivo;No Aplica;No Aplica;05;05697;SURAMERICANA EPS;RÉGIMEN CONTRIBUTIVO;EPS010;EPS SURA;05;05697;04;INSATISFACCIÓN DEL USUARIO CON EL PROCESO ADMINISTRATIVO;0401;INSATISFACCIÓN CON LA COMUNICACIÓN O INFORMACIÓN ENTREGADA POR PARTE DEL PERSONAL ADMINISTRATIVO;040101;INSATISFACCIÓN RELACIONADA CON INSUFICIENCIA O DEFICIENCIAS EN LA CALIDAD DE LA INFORMACIÓN BRINDADA AL USUARIO;;;;;PROBLEMAS RELACIONADOS CON FACILIDADES DE ATENCIÓN MÉDICA U OTROS SERVICIOS DE SALUD;PROBLEMAS RELACIONADOS CON FACILIDADES DE ATENCIÓN MÉDICA U OTROS SERVICIOS DE SALUD;PROBLEMAS RELACIONADOS CON FACILIDADES DE ATENCIÓN MEDICA U OTROS SERVICIOS DE SALUD;No aplica;SIMPLE
657;2023;7;Personalizado;11;11001;US- 000003266851;A nombre propio;MUJER;30;DE 30 A 37 AÑOS;No Aplica;Contributivo;No Aplica;No Aplica;11;11001;COMPENSAR;RÉGIMEN CONTRIBUTIVO;EPS008;COMPENSAR;11;11001;01;"BARRERAS EN EL ACCESO A TECNOLOGÍAS Y SERVICIOS DE SALUD; Y OTROS ELEMENTOS COMPLEMENTARIOS PARA LA ATENCIÓN DEL USUARIO";0101;FALTA DE OPORTUNIDAD EN LA PRESTACIÓN DE TECNOLOGÍAS EN SALUD Y OTROS ELEMENTOS COMPLEMENTARIOS PARA LA ATENCIÓN DEL USUARIO;010101;FALTA DE OPORTUNIDAD EN LAS CITAS O CONSULTAS;01010105;PSICOLOGÍA;;;SALUD MENTAL;OTROS TRASTORNOS MENTALES;TRASTORNO DE ANSIEDAD , NO ESPECIFICADO;No aplica;PRIORIZADO
658;2023;7;Web;05;05001;US- 000001958582;A nombre propio;HOMBRE;38;DE 38 A 49 AÑOS;No Aplica;Contributivo;Palenquero (De San Basilio);Persona con discapacidad;05;05001;SALUD TOTAL;RÉGIMEN CONTRIBUTIVO;EPS002;SALUD TOTAL;05;05001;01;"BARRERAS EN EL ACCESO A TECNOLOGÍAS Y SERVICIOS DE SALUD; Y OTROS ELEMENTOS COMPLEMENTARIOS PARA LA ATENCIÓN DEL USUARIO";0101;FALTA DE OPORTUNIDAD EN LA PRESTACIÓN DE TECNOLOGÍAS EN SALUD Y OTROS ELEMENTOS COMPLEMENTARIOS PARA LA ATENCIÓN DEL USUARIO;010101;FALTA DE OPORTUNIDAD EN LAS CITAS O CONSULTAS;01010103;ESPECIALIDADES MÉDICAS ;01010103054;INFECTOLOGÍA;VIH SIDA Y OTRAS ET SEXUAL;VIH SIDA;ENFERMEDAD POR VIH, RESULTANTE EN OTRAS AFECCIONES ESPECIFICADAS;Diagnóstico y manejo del paciente infectado por VIH;PRIORIZADO
659;2023;7;Telefónico;11;11001;US- 000003278004;A nombre propio;MUJER;34;DE 30 A 37 AÑOS;Secundaria;Contributivo;Indígena;No Aplica;11;11001;COMPENSAR;RÉGIMEN CONTRIBUTIVO;EPS008;COMPENSAR;11;11001;01;"BARRERAS EN EL ACCESO A TECNOLOGÍAS Y SERVICIOS DE SALUD; Y OTROS ELEMENTOS COMPLEMENTARIOS PARA LA ATENCIÓN DEL USUARIO";0101;FALTA DE OPORTUNIDAD EN LA PRESTACIÓN DE TECNOLOGÍAS EN SALUD Y OTROS ELEMENTOS COMPLEMENTARIOS PARA LA ATENCIÓN DEL USUARIO;010103;FALTA DE OPORTUNIDAD EN LA ATENCIÓN EN OTROS SERVICIOS DE SALUD;01010309;PROCEDIMIENTOS QUIRÚRGICOS;01010309003;OTROS PROCEDIMIENTOS QUIRÚRGICOS;PROBLEMAS RELACIONADOS CON FACILIDADES DE ATENCIÓN MÉDICA U OTROS SERVICIOS DE SALUD;PROBLEMAS RELACIONADOS CON FACILIDADES DE ATENCIÓN MÉDICA U OTROS SERVICIOS DE SALUD;OTRAS CONSULTAS ESPECIFICADAS;No aplica;SIMPLE
660;2023;7;Web;11;11001;US- 000003070951;A nombre propio;MUJER;23;DE 18 A 24 AÑOS;No Aplica;Contributivo;No Aplica;No Aplica;11;11001;SANITAS;RÉGIMEN CONTRIBUTIVO;EPS005;SANITAS;11;11001;01;"BARRERAS EN EL ACCESO A TECNOLOGÍAS Y SERVICIOS DE SALUD; Y OTROS ELEMENTOS COMPLEMENTARIOS PARA LA ATENCIÓN DEL USUARIO";0101;FALTA DE OPORTUNIDAD EN LA PRESTACIÓN DE TECNOLOGÍAS EN SALUD Y OTROS ELEMENTOS COMPLEMENTARIOS PARA LA ATENCIÓN DEL USUARIO;010101;FALTA DE OPORTUNIDAD EN LAS CITAS O CONSULTAS;01010103;ESPECIALIDADES MÉDICAS ;01010103022;CIRUGÍA GENERAL;PROBLEMAS RELACIONADOS CON FACILIDADES DE ATENCIÓN MÉDICA U OTROS SERVICIOS DE SALUD;PROBLEMAS RELACIONADOS CON FACILIDADES DE ATENCIÓN MÉDICA U OTROS SERVICIOS DE SALUD;OTROS TRAUMATISMOS SUPERFICIALES DEL HOMBRO Y DEL BRAZO;No aplica;SIMPLE
661;2023;7;Web;25;25899;US- 000003018616;A nombre propio;MUJER;24;DE 18 A 24 AÑOS;No Aplica;Contributivo;No Aplica;Mujer en estado de gestación;25;25899;SANITAS;RÉGIMEN CONTRIBUTIVO;EPS005;SANITAS;25;25899;01;"BARRERAS EN EL ACCESO A TECNOLOGÍAS Y SERVICIOS DE SALUD; Y OTROS ELEMENTOS COMPLEMENTARIOS PARA LA ATENCIÓN DEL USUARIO";0101;FALTA DE OPORTUNIDAD EN LA PRESTACIÓN DE TECNOLOGÍAS EN SALUD Y OTROS ELEMENTOS COMPLEMENTARIOS PARA LA ATENCIÓN DEL USUARIO;010103;FALTA DE OPORTUNIDAD EN LA ATENCIÓN EN OTROS SERVICIOS DE SALUD;01010308;PROCEDIMIENTOS NO QUIRÚRGICOS;01010308002;LABORATORIO CLÍNICO Y ANATOMOPATOLÓGICO;MATERNO INFANTIL;ATENCIÓN EN EL EMBARAZO;EMBARAZO CONFIRMADO;No aplica;PRIORIZADO
662;2023;7;Web;50;50006;US- 000003258417;A nombre propio;HOMBRE;58;DE 50 A 62 AÑOS;Ninguno;Subsidiado;No Aplica;No Aplica;50;50006;SANITAS;RÉGIMEN CONTRIBUTIVO;EPS005;SANITAS;50;50006;01;"BARRERAS EN EL ACCESO A TECNOLOGÍAS Y SERVICIOS DE SALUD; Y OTROS ELEMENTOS COMPLEMENTARIOS PARA LA ATENCIÓN DEL USUARIO";0101;FALTA DE OPORTUNIDAD EN LA PRESTACIÓN DE TECNOLOGÍAS EN SALUD Y OTROS ELEMENTOS COMPLEMENTARIOS PARA LA ATENCIÓN DEL USUARIO;010101;FALTA DE OPORTUNIDAD EN LAS CITAS O CONSULTAS;01010103;ESPECIALIDADES MÉDICAS ;01010103006;CARDIOLOGÍA;ENFERMEDADES CRÓNICAS NO TRASMISIBLES CARDIOVASCULARES;OTROS;INFARTO AGUDO DEL MIOCARDIO;No aplica;SIMPLE
663;2023;7;Telefónico;05;05212;US- 000003298767;A nombre propio;MUJER;40;DE 38 A 49 AÑOS;Secundaria Incompleta;Contributivo;No Aplica;No Aplica;05;05212;NUEVA EPS;RÉGIMEN CONTRIBUTIVO;EPS037;NUEVA EPS;05;05212;01;"BARRERAS EN EL ACCESO A TECNOLOGÍAS Y SERVICIOS DE SALUD; Y OTROS ELEMENTOS COMPLEMENTARIOS PARA LA ATENCIÓN DEL USUARIO";0101;FALTA DE OPORTUNIDAD EN LA PRESTACIÓN DE TECNOLOGÍAS EN SALUD Y OTROS ELEMENTOS COMPLEMENTARIOS PARA LA ATENCIÓN DEL USUARIO;010101;FALTA DE OPORTUNIDAD EN LAS CITAS O CONSULTAS;01010103;ESPECIALIDADES MÉDICAS ;01010103076;ONCOLOGÍA;CÁNCER ;OTROS;TUMOR MALIGNO DEL ABDOMEN;No aplica;PRIORIZADO
664;2023;7;Web;11;11001;US- 000000778632;A nombre propio;HOMBRE;4;DE 0 A 5 AÑOS;No Aplica;Contributivo;No Aplica;No Aplica;11;11001;SALUD TOTAL;RÉGIMEN CONTRIBUTIVO;EPS002;SALUD TOTAL;11;11001;01;"BARRERAS EN EL ACCESO A TECNOLOGÍAS Y SERVICIOS DE SALUD; Y OTROS ELEMENTOS COMPLEMENTARIOS PARA LA ATENCIÓN DEL USUARIO";0101;FALTA DE OPORTUNIDAD EN LA PRESTACIÓN DE TECNOLOGÍAS EN SALUD Y OTROS ELEMENTOS COMPLEMENTARIOS PARA LA ATENCIÓN DEL USUARIO;010101;FALTA DE OPORTUNIDAD EN LAS CITAS O CONSULTAS;01010103;ESPECIALIDADES MÉDICAS ;01010103073;NEUROLOGÍA PEDIÁTRICA - NEUROPEDIATRÍA;PROBLEMAS RELACIONADOS CON FACILIDADES DE ATENCIÓN MÉDICA U OTROS SERVICIOS DE SALUD;PROBLEMAS RELACIONADOS CON FACILIDADES DE ATENCIÓN MÉDICA U OTROS SERVICIOS DE SALUD;OTRAS CONVULSIONES Y LAS NO ESPECIFICADAS;No aplica;SIMPLE
665;2023;7;Web;11;11001;US- 000002203018;A nombre propio;MUJER;54;DE 50 A 62 AÑOS;No Aplica;Contributivo;No Aplica;No Aplica;11;11001;FAMISANAR;RÉGIMEN CONTRIBUTIVO;EPS017;FAMISANAR;11;11001;01;"BARRERAS EN EL ACCESO A TECNOLOGÍAS Y SERVICIOS DE SALUD; Y OTROS ELEMENTOS COMPLEMENTARIOS PARA LA ATENCIÓN DEL USUARIO";0101;FALTA DE OPORTUNIDAD EN LA PRESTACIÓN DE TECNOLOGÍAS EN SALUD Y OTROS ELEMENTOS COMPLEMENTARIOS PARA LA ATENCIÓN DEL USUARIO;010103;FALTA DE OPORTUNIDAD EN LA ATENCIÓN EN OTROS SERVICIOS DE SALUD;01010308;PROCEDIMIENTOS NO QUIRÚRGICOS;01010308006;OTROS PROCEDIMIENTOS NO QUIRÚRGICOS;ENFERMEDADES CRÓNICAS NO TRASMISIBLES CARDIOVASCULARES;OTROS;PROBLEMAS RELACIONADOS CON FACILIDADES DE ATENCIÓN MEDICA U OTROS SERVICIOS DE SALUD;No aplica;PRIORIZADO
666;2023;7;Web;76;76520;US- 000000008971;A nombre propio;MUJER;21;DE 18 A 24 AÑOS;No Aplica;Contributivo;No Aplica;Persona con discapacidad;76;76520;SURAMERICANA EPS;RÉGIMEN CONTRIBUTIVO;EPS010;EPS SURA;76;76520;01;"BARRERAS EN EL ACCESO A TECNOLOGÍAS Y SERVICIOS DE SALUD; Y OTROS ELEMENTOS COMPLEMENTARIOS PARA LA ATENCIÓN DEL USUARIO";0103;FALTA DE OPORTUNIDAD EN LA AUTORIZACIÓN DE TECNOLOGÍAS EN SALUD Y OTROS ELEMENTOS COMPLEMENTARIOS PARA LA ATENCIÓN DEL USUARIO;010303;FALTA DE OPORTUNIDAD EN LA AUTORIZACIÓN PARA SERVICIOS DE COMPLEMENTACIÓN TERAPÉUTICA;01030301;TERAPIA FÍSICA;;;ENFERMEDADES OSTEOARTICULARES;NEUROLÓGICAS;CUADRIPLEJIA ESPÁSTICA;No aplica;PRIORIZADO
667;2023;7;Web;63;63001;US- 000002787594;A nombre propio;MUJER;85;MAYOR DE 63 AÑOS ;No Aplica;Contributivo;No Aplica;No Aplica;63;63001;SANITAS;RÉGIMEN CONTRIBUTIVO;EPS005;SANITAS;63;63001;01;"BARRERAS EN EL ACCESO A TECNOLOGÍAS Y SERVICIOS DE SALUD; Y OTROS ELEMENTOS COMPLEMENTARIOS PARA LA ATENCIÓN DEL USUARIO";0101;FALTA DE OPORTUNIDAD EN LA PRESTACIÓN DE TECNOLOGÍAS EN SALUD Y OTROS ELEMENTOS COMPLEMENTARIOS PARA LA ATENCIÓN DEL USUARIO;010101;FALTA DE OPORTUNIDAD EN LAS CITAS O CONSULTAS;01010103;ESPECIALIDADES MÉDICAS ;01010103039;ENDOCRINOLOGÍA;PROBLEMAS RELACIONADOS CON FACILIDADES DE ATENCIÓN MÉDICA U OTROS SERVICIOS DE SALUD;PROBLEMAS RELACIONADOS CON FACILIDADES DE ATENCIÓN MÉDICA U OTROS SERVICIOS DE SALUD;PROBLEMAS RELACIONADOS CON FACILIDADES DE ATENCIÓN MEDICA U OTROS SERVICIOS DE SALUD;No aplica;SIMPLE
668;2023;7;Web;11;11001;US- 000000114913;A nombre propio;MUJER;28;DE 25 A 29 AÑOS;No Aplica;Contributivo;No Aplica;No Aplica;11;11001;SANITAS;RÉGIMEN CONTRIBUTIVO;EPS005;SANITAS;76;76001;01;"BARRERAS EN EL ACCESO A TECNOLOGÍAS Y SERVICIOS DE SALUD; Y OTROS ELEMENTOS COMPLEMENTARIOS PARA LA ATENCIÓN DEL USUARIO";0101;FALTA DE OPORTUNIDAD EN LA PRESTACIÓN DE TECNOLOGÍAS EN SALUD Y OTROS ELEMENTOS COMPLEMENTARIOS PARA LA ATENCIÓN DEL USUARIO;010104;FALTA DE OPORTUNIDAD EN LA ENTREGA O ENTREGA INCOMPLETA DE TECNOLOGÍAS EN SALUD Y/O PRESTACIÓN DE OTROS SERVICIOS;01010401;MEDICAMENTOS UPC;;;ENFERMEDADES HUÉRFANAS;ENFERMEDAD DE CUSHING;SÍNDROME DE CUSHING;No aplica;PRIORIZADO
669;2023;7;Web;05;05001;US- 000003306648;A nombre propio;HOMBRE;57;DE 50 A 62 AÑOS;No Aplica;Contributivo;No Aplica;No Aplica;05;05001;SANITAS;RÉGIMEN CONTRIBUTIVO;EPS005;SANITAS;05;05001;01;"BARRERAS EN EL ACCESO A TECNOLOGÍAS Y SERVICIOS DE SALUD; Y OTROS ELEMENTOS COMPLEMENTARIOS PARA LA ATENCIÓN DEL USUARIO";0101;FALTA DE OPORTUNIDAD EN LA PRESTACIÓN DE TECNOLOGÍAS EN SALUD Y OTROS ELEMENTOS COMPLEMENTARIOS PARA LA ATENCIÓN DEL USUARIO;010104;FALTA DE OPORTUNIDAD EN LA ENTREGA O ENTREGA INCOMPLETA DE TECNOLOGÍAS EN SALUD Y/O PRESTACIÓN DE OTROS SERVICIOS;01010401;MEDICAMENTOS UPC;;;PROBLEMAS RELACIONADOS CON FACILIDADES DE ATENCIÓN MÉDICA U OTROS SERVICIOS DE SALUD;PROBLEMAS RELACIONADOS CON FACILIDADES DE ATENCIÓN MÉDICA U OTROS SERVICIOS DE SALUD;OTROS PROBLEMAS RELACIONADOS CON SERVICIOS MÉDICOS Y DE SALUD;No aplica;SIMPLE
670;2023;7;Web;11;11001;US- 000003289317;A nombre propio;MUJER;53;DE 50 A 62 AÑOS;No Aplica;Contributivo;No Aplica;No Aplica;11;11001;COMPENSAR;RÉGIMEN CONTRIBUTIVO;EPS008;COMPENSAR;11;11001;01;"BARRERAS EN EL ACCESO A TECNOLOGÍAS Y SERVICIOS DE SALUD; Y OTROS ELEMENTOS COMPLEMENTARIOS PARA LA ATENCIÓN DEL USUARIO";0101;FALTA DE OPORTUNIDAD EN LA PRESTACIÓN DE TECNOLOGÍAS EN SALUD Y OTROS ELEMENTOS COMPLEMENTARIOS PARA LA ATENCIÓN DEL USUARIO;010101;FALTA DE OPORTUNIDAD EN LAS CITAS O CONSULTAS;01010103;ESPECIALIDADES MÉDICAS ;01010103072;NEUROLOGÍA;ENFERMEDADES CRÓNICAS NO TRANSMISIBLES- FACTORES DE RIESGO;OBESIDAD;OBESIDAD, NO ESPECIFICADA;No aplica;SIMPLE
671;2023;7;Web;11;11001;US- 000000350464;A nombre propio;HOMBRE;39;DE 38 A 49 AÑOS;Ninguno;Contributivo;No Aplica;No Aplica;11;11001;COMPENSAR;RÉGIMEN CONTRIBUTIVO;EPS008;COMPENSAR;11;11001;01;"BARRERAS EN EL ACCESO A TECNOLOGÍAS Y SERVICIOS DE SALUD; Y OTROS ELEMENTOS COMPLEMENTARIOS PARA LA ATENCIÓN DEL USUARIO";0101;FALTA DE OPORTUNIDAD EN LA PRESTACIÓN DE TECNOLOGÍAS EN SALUD Y OTROS ELEMENTOS COMPLEMENTARIOS PARA LA ATENCIÓN DEL USUARIO;010101;FALTA DE OPORTUNIDAD EN LAS CITAS O CONSULTAS;01010103;ESPECIALIDADES MÉDICAS ;01010103039;ENDOCRINOLOGÍA;ENFERMEDADES CRÓNICAS NO TRASMISIBLES CARDIOVASCULARES;HTA (HIPERTENSIÓN ARTERIAL);DIABETES MELLITUS NO INSULINODEPENDIENTE;No aplica;SIMPLE
672;2023;7;Personalizado;05;05266;US- 000000982513;A nombre propio;MUJER;84;MAYOR DE 63 AÑOS ;Secundaria;Contributivo;No Aplica;No Aplica;05;05266;SURAMERICANA EPS;RÉGIMEN CONTRIBUTIVO;EPS010;EPS SURA;05;05266;01;"BARRERAS EN EL ACCESO A TECNOLOGÍAS Y SERVICIOS DE SALUD; Y OTROS ELEMENTOS COMPLEMENTARIOS PARA LA ATENCIÓN DEL USUARIO";0101;FALTA DE OPORTUNIDAD EN LA PRESTACIÓN DE TECNOLOGÍAS EN SALUD Y OTROS ELEMENTOS COMPLEMENTARIOS PARA LA ATENCIÓN DEL USUARIO;010101;FALTA DE OPORTUNIDAD EN LAS CITAS O CONSULTAS;01010103;ESPECIALIDADES MÉDICAS ;01010103063;MEDICINA INTERNA;ENFERMEDADES CRÓNICAS NO TRASMISIBLES CARDIOVASCULARES;HTA (HIPERTENSIÓN ARTERIAL);PANCREATITIS AGUDA;No aplica;SIMPLE
673;2023;7;Web;11;11001;US- 000003302111;A nombre propio;MUJER;55;DE 50 A 62 AÑOS;No Aplica;Subsidiado;No Aplica;No Aplica;11;11001;CAPITAL SALUD;RÉGIMEN SUBSIDIADO;EPSS34;CAPITAL SALUD;11;11001;01;"BARRERAS EN EL ACCESO A TECNOLOGÍAS Y SERVICIOS DE SALUD; Y OTROS ELEMENTOS COMPLEMENTARIOS PARA LA ATENCIÓN DEL USUARIO";0101;FALTA DE OPORTUNIDAD EN LA PRESTACIÓN DE TECNOLOGÍAS EN SALUD Y OTROS ELEMENTOS COMPLEMENTARIOS PARA LA ATENCIÓN DEL USUARIO;010101;FALTA DE OPORTUNIDAD EN LAS CITAS O CONSULTAS;01010101;MEDICINA GENERAL;;;ENFERMEDADES CRÓNICAS NO TRANSMISIBLES –DIABETES;DIABETES;HIPOTIROIDISMO, NO ESPECIFICADO;No aplica;SIMPLE
674;2023;7;Web;50;50001;US- 000000521620;A nombre propio;HOMBRE;72;MAYOR DE 63 AÑOS ;No Aplica;Contributivo;No Aplica;No Aplica;50;50001;SANITAS;RÉGIMEN CONTRIBUTIVO;EPS005;SANITAS;50;50001;01;"BARRERAS EN EL ACCESO A TECNOLOGÍAS Y SERVICIOS DE SALUD; Y OTROS ELEMENTOS COMPLEMENTARIOS PARA LA ATENCIÓN DEL USUARIO";0101;FALTA DE OPORTUNIDAD EN LA PRESTACIÓN DE TECNOLOGÍAS EN SALUD Y OTROS ELEMENTOS COMPLEMENTARIOS PARA LA ATENCIÓN DEL USUARIO;010101;FALTA DE OPORTUNIDAD EN LAS CITAS O CONSULTAS;01010103;ESPECIALIDADES MÉDICAS ;01010103006;CARDIOLOGÍA;ENFERMEDADES CRÓNICAS NO TRASMISIBLES CARDIOVASCULARES;HTA (HIPERTENSIÓN ARTERIAL);HIPERTENSIÓN ESENCIAL (PRIMARIA);No aplica;PRIORIZADO
675;2023;7;Chat;66;66170;US- 000002480166;A nombre propio;MUJER;77;MAYOR DE 63 AÑOS ;Primaria;Subsidiado;No Aplica;No Aplica;66;66170;ASMET SALUD EPS;RÉGIMEN SUBSIDIADO;ESS062;ASMET SALUD;66;66170;01;"BARRERAS EN EL ACCESO A TECNOLOGÍAS Y SERVICIOS DE SALUD; Y OTROS ELEMENTOS COMPLEMENTARIOS PARA LA ATENCIÓN DEL USUARIO";0101;FALTA DE OPORTUNIDAD EN LA PRESTACIÓN DE TECNOLOGÍAS EN SALUD Y OTROS ELEMENTOS COMPLEMENTARIOS PARA LA ATENCIÓN DEL USUARIO;010101;FALTA DE OPORTUNIDAD EN LAS CITAS O CONSULTAS;01010103;ESPECIALIDADES MÉDICAS ;01010103075;OFTALMOLOGÍA;ENFERMEDADES CRÓNICAS NO TRASMISIBLES CARDIOVASCULARES;HTA (HIPERTENSIÓN ARTERIAL);HIPERTENSIÓN ESENCIAL (PRIMARIA);No aplica;SIMPLE
676;2023;7;Escrito;05;05212;US- 000001573780;A nombre propio;HOMBRE;61;DE 50 A 62 AÑOS;No Aplica;Subsidiado;No Aplica;No Aplica;05;05212;SAVIA SALUD;RÉGIMEN SUBSIDIADO;EPSS40;SAVIA SALUD EPS;05;05212;04;INSATISFACCIÓN DEL USUARIO CON EL PROCESO ADMINISTRATIVO;0401;INSATISFACCIÓN CON LA COMUNICACIÓN O INFORMACIÓN ENTREGADA POR PARTE DEL PERSONAL ADMINISTRATIVO;040101;INSATISFACCIÓN RELACIONADA CON INSUFICIENCIA O DEFICIENCIAS EN LA CALIDAD DE LA INFORMACIÓN BRINDADA AL USUARIO;;;;;ENFERMEDADES CRÓNICAS NO TRASMISIBLES CARDIOVASCULARES;OTROS;CARDIOMIOPATÍA ISQUÉMICA;No aplica;SIMPLE
677;2023;7;Web;76;76130;US- 000003296533;A nombre propio;MUJER;23;DE 18 A 24 AÑOS;No Aplica;Contributivo;No Aplica;No Aplica;76;76130;MUTUAL SER;RÉGIMEN SUBSIDIADO;ESS207;MUTUAL SER;13;13620;01;"BARRERAS EN EL ACCESO A TECNOLOGÍAS Y SERVICIOS DE SALUD; Y OTROS ELEMENTOS COMPLEMENTARIOS PARA LA ATENCIÓN DEL USUARIO";0101;FALTA DE OPORTUNIDAD EN LA PRESTACIÓN DE TECNOLOGÍAS EN SALUD Y OTROS ELEMENTOS COMPLEMENTARIOS PARA LA ATENCIÓN DEL USUARIO;010101;FALTA DE OPORTUNIDAD EN LAS CITAS O CONSULTAS;01010101;MEDICINA GENERAL;;;PROBLEMAS RELACIONADOS CON FACILIDADES DE ATENCIÓN MÉDICA U OTROS SERVICIOS DE SALUD;PROBLEMAS RELACIONADOS CON FACILIDADES DE ATENCIÓN MÉDICA U OTROS SERVICIOS DE SALUD;PROBLEMAS RELACIONADOS CON FACILIDADES DE ATENCIÓN MEDICA U OTROS SERVICIOS DE SALUD;No aplica;SIMPLE
678;2023;7;Web;66;66001;US- 000000934344;A nombre propio;HOMBRE;71;MAYOR DE 63 AÑOS ;No Aplica;Contributivo;No Aplica;No Aplica;66;66001;NUEVA EPS;RÉGIMEN CONTRIBUTIVO;EPS037;NUEVA EPS;66;66001;01;"BARRERAS EN EL ACCESO A TECNOLOGÍAS Y SERVICIOS DE SALUD; Y OTROS ELEMENTOS COMPLEMENTARIOS PARA LA ATENCIÓN DEL USUARIO";0103;FALTA DE OPORTUNIDAD EN LA AUTORIZACIÓN DE TECNOLOGÍAS EN SALUD Y OTROS ELEMENTOS COMPLEMENTARIOS PARA LA ATENCIÓN DEL USUARIO;010301;FALTA DE OPORTUNIDAD EN LA AUTORIZACIÓN DE TECNOLOGÍAS EN SALUD Y/O DE OTROS SERVICIOS;01030101;MEDICAMENTOS UPC;;;PROBLEMAS RELACIONADOS CON FACILIDADES DE ATENCIÓN MÉDICA U OTROS SERVICIOS DE SALUD;PROBLEMAS RELACIONADOS CON FACILIDADES DE ATENCIÓN MÉDICA U OTROS SERVICIOS DE SALUD;OTROS DESPRENDIMIENTO DE LA RETINA;No aplica;SIMPLE
679;2023;7;Chat;11;11001;US- 000003297609;A nombre propio;MUJER;77;MAYOR DE 63 AÑOS ;No Aplica;Contributivo;No Aplica;No Aplica;11;11001;FAMISANAR;RÉGIMEN CONTRIBUTIVO;EPS017;FAMISANAR;11;11001;01;"BARRERAS EN EL ACCESO A TECNOLOGÍAS Y SERVICIOS DE SALUD; Y OTROS ELEMENTOS COMPLEMENTARIOS PARA LA ATENCIÓN DEL USUARIO";0101;FALTA DE OPORTUNIDAD EN LA PRESTACIÓN DE TECNOLOGÍAS EN SALUD Y OTROS ELEMENTOS COMPLEMENTARIOS PARA LA ATENCIÓN DEL USUARIO;010101;FALTA DE OPORTUNIDAD EN LAS CITAS O CONSULTAS;01010103;ESPECIALIDADES MÉDICAS ;01010103002;ANESTESIOLOGÍA;PROBLEMAS RELACIONADOS CON FACILIDADES DE ATENCIÓN MÉDICA U OTROS SERVICIOS DE SALUD;PROBLEMAS RELACIONADOS CON FACILIDADES DE ATENCIÓN MÉDICA U OTROS SERVICIOS DE SALUD;CATARATA SENIL;No aplica;SIMPLE
680;2023;7;Web;05;05001;US- 000001154310;A nombre propio;MUJER;48;DE 38 A 49 AÑOS;Ninguno;Contributivo;No Aplica;No Aplica;05;05001;SURAMERICANA EPS;RÉGIMEN CONTRIBUTIVO;EPS010;EPS SURA;05;05001;01;"BARRERAS EN EL ACCESO A TECNOLOGÍAS Y SERVICIOS DE SALUD; Y OTROS ELEMENTOS COMPLEMENTARIOS PARA LA ATENCIÓN DEL USUARIO";0101;FALTA DE OPORTUNIDAD EN LA PRESTACIÓN DE TECNOLOGÍAS EN SALUD Y OTROS ELEMENTOS COMPLEMENTARIOS PARA LA ATENCIÓN DEL USUARIO;010101;FALTA DE OPORTUNIDAD EN LAS CITAS O CONSULTAS;01010103;ESPECIALIDADES MÉDICAS ;01010103035;DOLOR Y CUIDADOS PALIATIVOS;ENFERMEDADES OSTEOARTICULARES;OTROS;FIBROMIALGIA;No aplica;SIMPLE
681;2023;7;Escrito;54;54001;US- 000003304362;A nombre propio;MUJER;64;MAYOR DE 63 AÑOS ;No Aplica;Contributivo;No Aplica;No Aplica;54;54001;NUEVA EPS;RÉGIMEN CONTRIBUTIVO;EPS037;NUEVA EPS;54;54001;04;INSATISFACCIÓN DEL USUARIO CON EL PROCESO ADMINISTRATIVO;0405;PROBLEMAS EN EL RECONOCIMIENTO Y/O PAGO DE PRESTACIONES ECONÓMICAS;040501;NO RECONOCIMIENTO Y/O PAGO DE LAS PRESTACIONES ECONÓMICAS;04050107;INCAPACIDAD DE ENFERMEDAD GENERAL;;;ENFERMEDADES OSTEOARTICULARES;OTROS;GONARTROSIS, NO ESPECIFICADA;No aplica;SIMPLE
682;2023;7;Web;11;11001;US- 000000765036;A nombre propio;MUJER;24;DE 18 A 24 AÑOS;No Aplica;Contributivo;No Aplica;No Aplica;11;11001;ALIANSALUD;RÉGIMEN CONTRIBUTIVO;EPS001;ALIANSALUD;11;11001;04;INSATISFACCIÓN DEL USUARIO CON EL PROCESO ADMINISTRATIVO;0405;PROBLEMAS EN EL RECONOCIMIENTO Y/O PAGO DE PRESTACIONES ECONÓMICAS;040501;NO RECONOCIMIENTO Y/O PAGO DE LAS PRESTACIONES ECONÓMICAS;04050101;LICENCIA DE MATERNIDAD;;;PROBLEMAS RELACIONADOS CON FACILIDADES DE ATENCIÓN MÉDICA U OTROS SERVICIOS DE SALUD;PROBLEMAS RELACIONADOS CON FACILIDADES DE ATENCIÓN MÉDICA U OTROS SERVICIOS DE SALUD;PROBLEMAS RELACIONADOS CON FACILIDADES DE ATENCIÓN MEDICA U OTROS SERVICIOS DE SALUD;No aplica;SIMPLE
683;2023;7;Telefónico;63;63001;US- 000003237620;Hijo (A);HOMBRE;60;DE 50 A 62 AÑOS;Universitario;Régimen Especial;No Aplica;No Aplica;63;63001;MAGISTERIO;REGÍMENES DE EXCEPCIÓN Y ESPECIALES;REMG01;MAGISTERIO;63;63001;01;"BARRERAS EN EL ACCESO A TECNOLOGÍAS Y SERVICIOS DE SALUD; Y OTROS ELEMENTOS COMPLEMENTARIOS PARA LA ATENCIÓN DEL USUARIO";0103;FALTA DE OPORTUNIDAD EN LA AUTORIZACIÓN DE TECNOLOGÍAS EN SALUD Y OTROS ELEMENTOS COMPLEMENTARIOS PARA LA ATENCIÓN DEL USUARIO;010302;FALTA DE OPORTUNIDAD EN LA AUTORIZACIÓN DE CITAS DE CONSULTA;01030203;ESPECIALIDADES MÉDICAS ;01030203053;HEPATOLOGÍA;ENFERMEDADES CRÓNICAS NO TRANSMISIBLES- FACTORES DE RIESGO;MEDICIÓN DE FACTORES DE RIESGO;LESIÓN DE SITIOS CONTIGUOS DE LAS VÍAS BILIARES;No aplica;PRIORIZADO
684;2023;7;Escrito;76;76001;US- 000003188224;A nombre propio;HOMBRE;88;MAYOR DE 63 AÑOS ;No Aplica;Contributivo;No Aplica;No Aplica;76;76001;SANITAS;RÉGIMEN CONTRIBUTIVO;EPS005;SANITAS;76;76001;01;"BARRERAS EN EL ACCESO A TECNOLOGÍAS Y SERVICIOS DE SALUD; Y OTROS ELEMENTOS COMPLEMENTARIOS PARA LA ATENCIÓN DEL USUARIO";0101;FALTA DE OPORTUNIDAD EN LA PRESTACIÓN DE TECNOLOGÍAS EN SALUD Y OTROS ELEMENTOS COMPLEMENTARIOS PARA LA ATENCIÓN DEL USUARIO;010101;FALTA DE OPORTUNIDAD EN LAS CITAS O CONSULTAS;01010103;ESPECIALIDADES MÉDICAS ;01010103080;OTORRINOLARINGOLOGÍA;PROBLEMAS RELACIONADOS CON FACILIDADES DE ATENCIÓN MÉDICA U OTROS SERVICIOS DE SALUD;PROBLEMAS RELACIONADOS CON FACILIDADES DE ATENCIÓN MÉDICA U OTROS SERVICIOS DE SALUD;VÉRTIGO DE ORIGEN CENTRAL;No aplica;SIMPLE
685;2023;7;Personalizado;05;05001;US- 000000165444;Hijo (A);MUJER;69;MAYOR DE 63 AÑOS ;Ninguno;Subsidiado;No Aplica;No Aplica;05;05001;SAVIA SALUD;RÉGIMEN SUBSIDIADO;EPSS40;SAVIA SALUD EPS;05;05001;01;"BARRERAS EN EL ACCESO A TECNOLOGÍAS Y SERVICIOS DE SALUD; Y OTROS ELEMENTOS COMPLEMENTARIOS PARA LA ATENCIÓN DEL USUARIO";0101;FALTA DE OPORTUNIDAD EN LA PRESTACIÓN DE TECNOLOGÍAS EN SALUD Y OTROS ELEMENTOS COMPLEMENTARIOS PARA LA ATENCIÓN DEL USUARIO;010103;FALTA DE OPORTUNIDAD EN LA ATENCIÓN EN OTROS SERVICIOS DE SALUD;01010309;PROCEDIMIENTOS QUIRÚRGICOS;01010309003;OTROS PROCEDIMIENTOS QUIRÚRGICOS;PROBLEMAS RELACIONADOS CON FACILIDADES DE ATENCIÓN MÉDICA U OTROS SERVICIOS DE SALUD;PROBLEMAS RELACIONADOS CON FACILIDADES DE ATENCIÓN MÉDICA U OTROS SERVICIOS DE SALUD;PROLAPSO RECTAL;No aplica;SIMPLE
686;2023;7;Escrito;11;11001;US- 000003265433;Madre;MUJER;6;DE 6 A 12 AÑOS;No Aplica;Contributivo;No Aplica;No Aplica;11;11001;FAMISANAR;RÉGIMEN CONTRIBUTIVO;EPS017;FAMISANAR;11;11001;01;"BARRERAS EN EL ACCESO A TECNOLOGÍAS Y SERVICIOS DE SALUD; Y OTROS ELEMENTOS COMPLEMENTARIOS PARA LA ATENCIÓN DEL USUARIO";0101;FALTA DE OPORTUNIDAD EN LA PRESTACIÓN DE TECNOLOGÍAS EN SALUD Y OTROS ELEMENTOS COMPLEMENTARIOS PARA LA ATENCIÓN DEL USUARIO;010103;FALTA DE OPORTUNIDAD EN LA ATENCIÓN EN OTROS SERVICIOS DE SALUD;01010308;PROCEDIMIENTOS NO QUIRÚRGICOS;01010308006;OTROS PROCEDIMIENTOS NO QUIRÚRGICOS;PROBLEMAS RELACIONADOS CON FACILIDADES DE ATENCIÓN MÉDICA U OTROS SERVICIOS DE SALUD;PROBLEMAS RELACIONADOS CON FACILIDADES DE ATENCIÓN MÉDICA U OTROS SERVICIOS DE SALUD;APNEA DEL SUEÑO;No aplica;SIMPLE
687;2023;7;Escrito;25;25269;US- 000001996172;A nombre propio;MUJER;60;DE 50 A 62 AÑOS;No Aplica;Contributivo;No Aplica;No Aplica;25;25269;COMPENSAR;RÉGIMEN CONTRIBUTIVO;EPS008;COMPENSAR;25;25269;01;"BARRERAS EN EL ACCESO A TECNOLOGÍAS Y SERVICIOS DE SALUD; Y OTROS ELEMENTOS COMPLEMENTARIOS PARA LA ATENCIÓN DEL USUARIO";0103;FALTA DE OPORTUNIDAD EN LA AUTORIZACIÓN DE TECNOLOGÍAS EN SALUD Y OTROS ELEMENTOS COMPLEMENTARIOS PARA LA ATENCIÓN DEL USUARIO;010302;FALTA DE OPORTUNIDAD EN LA AUTORIZACIÓN DE CITAS DE CONSULTA;01030201;MEDICINA GENERAL;;;ENFERMEDADES CRÓNICAS NO TRANSMISIBLES –DIABETES;DIABETES;CATARATA, NO ESPECIFICADA;No aplica;SIMPLE
688;2023;7;Web;25;25754;US- 000003113183;A nombre propio;MUJER;68;MAYOR DE 63 AÑOS ;No Aplica;Contributivo;No Aplica;No Aplica;25;25754;COMPENSAR;RÉGIMEN CONTRIBUTIVO;EPS008;COMPENSAR;11;11001;01;"BARRERAS EN EL ACCESO A TECNOLOGÍAS Y SERVICIOS DE SALUD; Y OTROS ELEMENTOS COMPLEMENTARIOS PARA LA ATENCIÓN DEL USUARIO";0101;FALTA DE OPORTUNIDAD EN LA PRESTACIÓN DE TECNOLOGÍAS EN SALUD Y OTROS ELEMENTOS COMPLEMENTARIOS PARA LA ATENCIÓN DEL USUARIO;010103;FALTA DE OPORTUNIDAD EN LA ATENCIÓN EN OTROS SERVICIOS DE SALUD;01010308;PROCEDIMIENTOS NO QUIRÚRGICOS;01010308001;IMAGENOLOGÍA;PROBLEMAS RELACIONADOS CON FACILIDADES DE ATENCIÓN MÉDICA U OTROS SERVICIOS DE SALUD;PROBLEMAS RELACIONADOS CON FACILIDADES DE ATENCIÓN MÉDICA U OTROS SERVICIOS DE SALUD;OTROS ANEURISMAS;No aplica;SIMPLE
689;2023;7;Escrito;11;11001;US- 000003261344;Otro;MUJER;22;DE 18 A 24 AÑOS;No Aplica;Subsidiado;No Aplica;Mujer en estado de gestación;76;76147;SURAMERICANA EPS;RÉGIMEN CONTRIBUTIVO;EPS010;EPS SURA;63;63001;04;INSATISFACCIÓN DEL USUARIO CON EL PROCESO ADMINISTRATIVO;0404;INSATISFACCIÓN RELACIONADA CON TRÁMITES ADMINISTRATIVOS;040405;INCONSISTENCIA CON TRASLADOS DEL MUNICIPIO DE LA AFILIACIÓN Y SOLICITUDES DE MOVILIDAD O PORTABILIDAD;04040501;DEMORA EN EL TRASLADO A OTRO MUNICIPIO;;;MATERNO INFANTIL;ATENCIÓN EN EL EMBARAZO;SUPERVISIÓN DE EMBARAZO DE ALTO RIESGO;No aplica;PRIORIZADO
690;2023;7;Telefónico;13;13001;US- 000003150361;Otro;MUJER;79;MAYOR DE 63 AÑOS ;Primaria;Contributivo;No Aplica;No Aplica;13;13001;SURAMERICANA EPS;RÉGIMEN CONTRIBUTIVO;EPS010;EPS SURA;13;13001;01;"BARRERAS EN EL ACCESO A TECNOLOGÍAS Y SERVICIOS DE SALUD; Y OTROS ELEMENTOS COMPLEMENTARIOS PARA LA ATENCIÓN DEL USUARIO";0101;FALTA DE OPORTUNIDAD EN LA PRESTACIÓN DE TECNOLOGÍAS EN SALUD Y OTROS ELEMENTOS COMPLEMENTARIOS PARA LA ATENCIÓN DEL USUARIO;010101;FALTA DE OPORTUNIDAD EN LAS CITAS O CONSULTAS;01010103;ESPECIALIDADES MÉDICAS ;01010103042;GASTROENTEROLOGÍA;PROBLEMAS RELACIONADOS CON FACILIDADES DE ATENCIÓN MÉDICA U OTROS SERVICIOS DE SALUD;PROBLEMAS RELACIONADOS CON FACILIDADES DE ATENCIÓN MÉDICA U OTROS SERVICIOS DE SALUD;PÓLIPO DEL COLON;No aplica;SIMPLE
691;2023;7;Personalizado;68;68547;US- 000002742267;A nombre propio;HOMBRE;70;MAYOR DE 63 AÑOS ;Universitario Incompleto;Contributivo;No Aplica;No Aplica;68;68547;NUEVA EPS;RÉGIMEN CONTRIBUTIVO;EPS037;NUEVA EPS;68;68547;01;"BARRERAS EN EL ACCESO A TECNOLOGÍAS Y SERVICIOS DE SALUD; Y OTROS ELEMENTOS COMPLEMENTARIOS PARA LA ATENCIÓN DEL USUARIO";0101;FALTA DE OPORTUNIDAD EN LA PRESTACIÓN DE TECNOLOGÍAS EN SALUD Y OTROS ELEMENTOS COMPLEMENTARIOS PARA LA ATENCIÓN DEL USUARIO;010101;FALTA DE OPORTUNIDAD EN LAS CITAS O CONSULTAS;01010103;ESPECIALIDADES MÉDICAS ;01010103063;MEDICINA INTERNA;ENFERMEDADES CRÓNICAS NO TRASMISIBLES CARDIOVASCULARES;HTA (HIPERTENSIÓN ARTERIAL);HIPERTENSIÓN ESENCIAL (PRIMARIA);No aplica;SIMPLE
692;2023;7;Telefónico;11;11001;US- 000003246971;Cónyuge;HOMBRE;40;DE 38 A 49 AÑOS;Secundaria Incompleta;Contributivo;No Aplica;No Aplica;11;11001;FAMISANAR;RÉGIMEN CONTRIBUTIVO;EPS017;FAMISANAR;11;11001;01;"BARRERAS EN EL ACCESO A TECNOLOGÍAS Y SERVICIOS DE SALUD; Y OTROS ELEMENTOS COMPLEMENTARIOS PARA LA ATENCIÓN DEL USUARIO";0101;FALTA DE OPORTUNIDAD EN LA PRESTACIÓN DE TECNOLOGÍAS EN SALUD Y OTROS ELEMENTOS COMPLEMENTARIOS PARA LA ATENCIÓN DEL USUARIO;010103;FALTA DE OPORTUNIDAD EN LA ATENCIÓN EN OTROS SERVICIOS DE SALUD;01010308;PROCEDIMIENTOS NO QUIRÚRGICOS;01010308001;IMAGENOLOGÍA;PROBLEMAS RELACIONADOS CON FACILIDADES DE ATENCIÓN MÉDICA U OTROS SERVICIOS DE SALUD;PROBLEMAS RELACIONADOS CON FACILIDADES DE ATENCIÓN MÉDICA U OTROS SERVICIOS DE SALUD;TUMOR BENIGNO DE LA VEJIGA;No aplica;SIMPLE
693;2023;7;Web;05;05001;US- 000003264358;A nombre propio;HOMBRE;27;DE 25 A 29 AÑOS;No Aplica;Contributivo;No Aplica;No Aplica;05;05001;SALUD TOTAL;RÉGIMEN CONTRIBUTIVO;EPS002;SALUD TOTAL;05;05001;01;"BARRERAS EN EL ACCESO A TECNOLOGÍAS Y SERVICIOS DE SALUD; Y OTROS ELEMENTOS COMPLEMENTARIOS PARA LA ATENCIÓN DEL USUARIO";0101;FALTA DE OPORTUNIDAD EN LA PRESTACIÓN DE TECNOLOGÍAS EN SALUD Y OTROS ELEMENTOS COMPLEMENTARIOS PARA LA ATENCIÓN DEL USUARIO;010103;FALTA DE OPORTUNIDAD EN LA ATENCIÓN EN OTROS SERVICIOS DE SALUD;01010309;PROCEDIMIENTOS QUIRÚRGICOS;01010309003;OTROS PROCEDIMIENTOS QUIRÚRGICOS;PROBLEMAS RELACIONADOS CON FACILIDADES DE ATENCIÓN MÉDICA U OTROS SERVICIOS DE SALUD;PROBLEMAS RELACIONADOS CON FACILIDADES DE ATENCIÓN MÉDICA U OTROS SERVICIOS DE SALUD;CONSEJO Y ASESORAMIENTO GENERAL SOBRE LA ANTICONCEPCIÓN;No aplica;SIMPLE
694;2023;7;Correo;66;66001;US- 000003270072;Otro;MUJER;17;DE 13 A 17 AÑOS;No Aplica;Subsidiado;No Aplica;No Aplica;66;66001;SANITAS;RÉGIMEN CONTRIBUTIVO;EPS005;SANITAS;66;66001;01;"BARRERAS EN EL ACCESO A TECNOLOGÍAS Y SERVICIOS DE SALUD; Y OTROS ELEMENTOS COMPLEMENTARIOS PARA LA ATENCIÓN DEL USUARIO";0101;FALTA DE OPORTUNIDAD EN LA PRESTACIÓN DE TECNOLOGÍAS EN SALUD Y OTROS ELEMENTOS COMPLEMENTARIOS PARA LA ATENCIÓN DEL USUARIO;010101;FALTA DE OPORTUNIDAD EN LAS CITAS O CONSULTAS;01010105;PSICOLOGÍA;;;SALUD MENTAL;ATENCIÓN PSICOLÓGICA Y PSIQUIÁTRICA AMBULATORIA Y CON INTERNACIÓN PARA TODO MENOR DE EDAD CON DIAGNÓSTICO CONFIRMADO O PRESUNTIVO DE ABUSO SEXUAL;ABUSO SEXUAL;No aplica;PRIORIZADO
695;2023;7;Web;05;05088;US- 000003154769;A nombre propio;HOMBRE;69;MAYOR DE 63 AÑOS ;No Aplica;Contributivo;No Aplica;No Aplica;05;05088;SURAMERICANA EPS;RÉGIMEN CONTRIBUTIVO;EPS010;EPS SURA;05;05088;01;"BARRERAS EN EL ACCESO A TECNOLOGÍAS Y SERVICIOS DE SALUD; Y OTROS ELEMENTOS COMPLEMENTARIOS PARA LA ATENCIÓN DEL USUARIO";0101;FALTA DE OPORTUNIDAD EN LA PRESTACIÓN DE TECNOLOGÍAS EN SALUD Y OTROS ELEMENTOS COMPLEMENTARIOS PARA LA ATENCIÓN DEL USUARIO;010101;FALTA DE OPORTUNIDAD EN LAS CITAS O CONSULTAS;01010103;ESPECIALIDADES MÉDICAS ;01010103078;ORTOPEDIA Y TRAUMATOLOGÍA;ENFERMEDADES OSTEOARTICULARES;OTROS;FRACTURA DE LA EPÍFISIS SUPERIOR DEL HUMERO;No aplica;SIMPLE
696;2023;7;Personalizado;50;50450;US- 000000254381;A nombre propio;MUJER;64;MAYOR DE 63 AÑOS ;Primaria;Contributivo;No Aplica;No Aplica;50;50450;NUEVA EPS;RÉGIMEN CONTRIBUTIVO;EPS037;NUEVA EPS;95;95001;01;"BARRERAS EN EL ACCESO A TECNOLOGÍAS Y SERVICIOS DE SALUD; Y OTROS ELEMENTOS COMPLEMENTARIOS PARA LA ATENCIÓN DEL USUARIO";0101;FALTA DE OPORTUNIDAD EN LA PRESTACIÓN DE TECNOLOGÍAS EN SALUD Y OTROS ELEMENTOS COMPLEMENTARIOS PARA LA ATENCIÓN DEL USUARIO;010101;FALTA DE OPORTUNIDAD EN LAS CITAS O CONSULTAS;01010103;ESPECIALIDADES MÉDICAS ;01010103075;OFTALMOLOGÍA;PROBLEMAS RELACIONADOS CON FACILIDADES DE ATENCIÓN MÉDICA U OTROS SERVICIOS DE SALUD;PROBLEMAS RELACIONADOS CON FACILIDADES DE ATENCIÓN MÉDICA U OTROS SERVICIOS DE SALUD;GLAUCOMA PRIMARIO DE ANGULO ABIERTO;No aplica;SIMPLE
697;2023;7;Web;19;19001;US- 000003294020;Cónyuge;MUJER;61;DE 50 A 62 AÑOS;No Aplica;Contributivo;No Aplica;No Aplica;19;19001;NUEVA EPS;RÉGIMEN CONTRIBUTIVO;EPS037;NUEVA EPS;19;19001;01;"BARRERAS EN EL ACCESO A TECNOLOGÍAS Y SERVICIOS DE SALUD; Y OTROS ELEMENTOS COMPLEMENTARIOS PARA LA ATENCIÓN DEL USUARIO";0101;FALTA DE OPORTUNIDAD EN LA PRESTACIÓN DE TECNOLOGÍAS EN SALUD Y OTROS ELEMENTOS COMPLEMENTARIOS PARA LA ATENCIÓN DEL USUARIO;010103;FALTA DE OPORTUNIDAD EN LA ATENCIÓN EN OTROS SERVICIOS DE SALUD;01010308;PROCEDIMIENTOS NO QUIRÚRGICOS;01010308001;IMAGENOLOGÍA;ENFERMEDADES OSTEOARTICULARES;NEUROLÓGICAS;OTRAS CONVULSIONES Y LAS NO ESPECIFICADAS;No aplica;PRIORIZADO
698;2023;7;Web;11;11001;US- 000003301766;A nombre propio;MUJER;58;DE 50 A 62 AÑOS;No Aplica;Contributivo;No Aplica;No Aplica;11;11001;SANITAS;RÉGIMEN CONTRIBUTIVO;EPS005;SANITAS;11;11001;01;"BARRERAS EN EL ACCESO A TECNOLOGÍAS Y SERVICIOS DE SALUD; Y OTROS ELEMENTOS COMPLEMENTARIOS PARA LA ATENCIÓN DEL USUARIO";0101;FALTA DE OPORTUNIDAD EN LA PRESTACIÓN DE TECNOLOGÍAS EN SALUD Y OTROS ELEMENTOS COMPLEMENTARIOS PARA LA ATENCIÓN DEL USUARIO;010102;FALTA DE OPORTUNIDAD PARA SERVICIOS DE COMPLEMENTACIÓN TERAPÉUTICA;01010201;TERAPIA FÍSICA;;;PROBLEMAS RELACIONADOS CON FACILIDADES DE ATENCIÓN MÉDICA U OTROS SERVICIOS DE SALUD;PROBLEMAS RELACIONADOS CON FACILIDADES DE ATENCIÓN MÉDICA U OTROS SERVICIOS DE SALUD;PROBLEMAS RELACIONADOS CON FACILIDADES DE ATENCIÓN MEDICA U OTROS SERVICIOS DE SALUD;No aplica;SIMPLE
699;2023;7;Telefónico;05;05360;US- 000003278220;A nombre propio;MUJER;35;DE 30 A 37 AÑOS;Secundaria;Contributivo;No Aplica;No Aplica;05;05360;SALUD TOTAL;RÉGIMEN CONTRIBUTIVO;EPS002;SALUD TOTAL;05;05360;01;"BARRERAS EN EL ACCESO A TECNOLOGÍAS Y SERVICIOS DE SALUD; Y OTROS ELEMENTOS COMPLEMENTARIOS PARA LA ATENCIÓN DEL USUARIO";0101;FALTA DE OPORTUNIDAD EN LA PRESTACIÓN DE TECNOLOGÍAS EN SALUD Y OTROS ELEMENTOS COMPLEMENTARIOS PARA LA ATENCIÓN DEL USUARIO;010101;FALTA DE OPORTUNIDAD EN LAS CITAS O CONSULTAS;01010101;MEDICINA GENERAL;;;PROBLEMAS RELACIONADOS CON FACILIDADES DE ATENCIÓN MÉDICA U OTROS SERVICIOS DE SALUD;PROBLEMAS RELACIONADOS CON FACILIDADES DE ATENCIÓN MÉDICA U OTROS SERVICIOS DE SALUD;OTROS PROBLEMAS RELACIONADOS CON SERVICIOS MÉDICOS Y DE SALUD;No aplica;SIMPLE
700;2023;7;Escrito;11;11001;US- 000002628539;Otro;HOMBRE;37;DE 30 A 37 AÑOS;No Aplica;Contributivo;No Aplica;No Aplica;15;15104;COMPENSAR;RÉGIMEN CONTRIBUTIVO;EPS008;COMPENSAR;15;15238;01;"BARRERAS EN EL ACCESO A TECNOLOGÍAS Y SERVICIOS DE SALUD; Y OTROS ELEMENTOS COMPLEMENTARIOS PARA LA ATENCIÓN DEL USUARIO";0102;NEGACIÓN DE TECNOLOGÍAS EN SALUD Y OTROS ELEMENTOS COMPLEMENTARIOS PARA LA ATENCIÓN DEL USUARIO;010203;NEGACIÓN EN LA ATENCIÓN EN OTROS SERVICIOS DE SALUD;01020308;PROCEDIMIENTOS NO QUIRÚRGICOS;01020308001;IMAGENOLOGÍA;CÁNCER ;OTROS;SARCOMA DE KAPOSI DE MÚLTIPLES ÓRGANOS;Quimioterapia y radioterapia para el cáncer;PRIORIZADO
701;2023;7;Personalizado;17;17001;US- 000002645701;A nombre propio;HOMBRE;53;DE 50 A 62 AÑOS;Primaria;No aplica;No Aplica;No Aplica;17;17001;SURAMERICANA;ADMINISTRADORAS DE RIESGOS LABORALES;ARL011;ARL - SURAMERICANA;17;17001;01;"BARRERAS EN EL ACCESO A TECNOLOGÍAS Y SERVICIOS DE SALUD; Y OTROS ELEMENTOS COMPLEMENTARIOS PARA LA ATENCIÓN DEL USUARIO";0103;FALTA DE OPORTUNIDAD EN LA AUTORIZACIÓN DE TECNOLOGÍAS EN SALUD Y OTROS ELEMENTOS COMPLEMENTARIOS PARA LA ATENCIÓN DEL USUARIO;010301;FALTA DE OPORTUNIDAD EN LA AUTORIZACIÓN DE TECNOLOGÍAS EN SALUD Y/O DE OTROS SERVICIOS;01030101;MEDICAMENTOS UPC;;;PROBLEMAS RELACIONADOS CON FACILIDADES DE ATENCIÓN MÉDICA U OTROS SERVICIOS DE SALUD;PROBLEMAS RELACIONADOS CON FACILIDADES DE ATENCIÓN MÉDICA U OTROS SERVICIOS DE SALUD;FIBROMIALGIA;No aplica;SIMPLE
702;2023;7;Personalizado;25;25175;US- 000000262727;A nombre propio;MUJER;67;MAYOR DE 63 AÑOS ;Posgrado;Contributivo;No Aplica;No Aplica;25;25175;SURAMERICANA EPS;RÉGIMEN CONTRIBUTIVO;EPS010;EPS SURA;25;25175;01;"BARRERAS EN EL ACCESO A TECNOLOGÍAS Y SERVICIOS DE SALUD; Y OTROS ELEMENTOS COMPLEMENTARIOS PARA LA ATENCIÓN DEL USUARIO";0101;FALTA DE OPORTUNIDAD EN LA PRESTACIÓN DE TECNOLOGÍAS EN SALUD Y OTROS ELEMENTOS COMPLEMENTARIOS PARA LA ATENCIÓN DEL USUARIO;010104;FALTA DE OPORTUNIDAD EN LA ENTREGA O ENTREGA INCOMPLETA DE TECNOLOGÍAS EN SALUD Y/O PRESTACIÓN DE OTROS SERVICIOS;01010401;MEDICAMENTOS UPC;;;ENFERMEDADES CRÓNICAS NO TRASMISIBLES CARDIOVASCULARES;HTA (HIPERTENSIÓN ARTERIAL);PRESENCIA DE MARCAPASO CARDIACO;No aplica;SIMPLE
703;2023;7;Chat;25;25322;US- 000003096072;A nombre propio;MUJER;44;DE 38 A 49 AÑOS;Universitario Incompleto;Contributivo;No Aplica;No Aplica;25;25322;FAMISANAR;RÉGIMEN CONTRIBUTIVO;EPS017;FAMISANAR;25;25758;01;"BARRERAS EN EL ACCESO A TECNOLOGÍAS Y SERVICIOS DE SALUD; Y OTROS ELEMENTOS COMPLEMENTARIOS PARA LA ATENCIÓN DEL USUARIO";0101;FALTA DE OPORTUNIDAD EN LA PRESTACIÓN DE TECNOLOGÍAS EN SALUD Y OTROS ELEMENTOS COMPLEMENTARIOS PARA LA ATENCIÓN DEL USUARIO;010101;FALTA DE OPORTUNIDAD EN LAS CITAS O CONSULTAS;01010103;ESPECIALIDADES MÉDICAS ;01010103047;GINECOLOGÍA Y OBSTETRICIA;PROBLEMAS RELACIONADOS CON FACILIDADES DE ATENCIÓN MÉDICA U OTROS SERVICIOS DE SALUD;PROBLEMAS RELACIONADOS CON FACILIDADES DE ATENCIÓN MÉDICA U OTROS SERVICIOS DE SALUD;OTROS QUISTES OVÁRICOS Y LOS NO ESPECIFICADOS;No aplica;SIMPLE
704;2023;7;Escrito;76;76109;US- 000003141276;Hijo (A);MUJER;66;MAYOR DE 63 AÑOS ;No Aplica;Contributivo;No Aplica;No Aplica;76;76109;COMFENALCO VALLE;RÉGIMEN CONTRIBUTIVO;EPS012;COMFENALCO  VALLE;76;76109;04;INSATISFACCIÓN DEL USUARIO CON EL PROCESO ADMINISTRATIVO;0404;INSATISFACCIÓN RELACIONADA CON TRÁMITES ADMINISTRATIVOS;040402;FALLAS O IRREGULARIDADES EN EL MANEJO TÉCNICO DE LA HISTORIA CLÍNICA Y/O REGISTROS ASISTENCIALES;;;;;PROBLEMAS RELACIONADOS CON FACILIDADES DE ATENCIÓN MÉDICA U OTROS SERVICIOS DE SALUD;PROBLEMAS RELACIONADOS CON FACILIDADES DE ATENCIÓN MÉDICA U OTROS SERVICIOS DE SALUD;PROBLEMAS RELACIONADOS CON FACILIDADES DE ATENCIÓN MEDICA U OTROS SERVICIOS DE SALUD;No aplica;SIMPLE
705;2023;7;Chat;76;76001;US- 000002706158;Padre;MUJER;11;DE 6 A 12 AÑOS;Primaria;Contributivo;No Aplica;No Aplica;76;76001;SOS -SERVICIO OCCIDENTAL DE SALUD;RÉGIMEN CONTRIBUTIVO;EPS018;SERVICIO OCCIDENTAL DE SALUD (SOS);76;76001;01;"BARRERAS EN EL ACCESO A TECNOLOGÍAS Y SERVICIOS DE SALUD; Y OTROS ELEMENTOS COMPLEMENTARIOS PARA LA ATENCIÓN DEL USUARIO";0101;FALTA DE OPORTUNIDAD EN LA PRESTACIÓN DE TECNOLOGÍAS EN SALUD Y OTROS ELEMENTOS COMPLEMENTARIOS PARA LA ATENCIÓN DEL USUARIO;010101;FALTA DE OPORTUNIDAD EN LAS CITAS O CONSULTAS;01010103;ESPECIALIDADES MÉDICAS ;01010103082;PEDIATRÍA;ENFERMEDADES OSTEOARTICULARES;OTROS;HEMIPLEJIA ESPÁSTICA;No aplica;SIMPLE
706;2023;7;Telefónico;68;68001;US- 000003279603;A nombre propio;HOMBRE;32;DE 30 A 37 AÑOS;Universitario Incompleto;Subsidiado;No Aplica;Desplazado;68;68001;NUEVA EPS;RÉGIMEN SUBSIDIADO;EPSS41;NUEVA EPS;20;20550;01;"BARRERAS EN EL ACCESO A TECNOLOGÍAS Y SERVICIOS DE SALUD; Y OTROS ELEMENTOS COMPLEMENTARIOS PARA LA ATENCIÓN DEL USUARIO";0101;FALTA DE OPORTUNIDAD EN LA PRESTACIÓN DE TECNOLOGÍAS EN SALUD Y OTROS ELEMENTOS COMPLEMENTARIOS PARA LA ATENCIÓN DEL USUARIO;010103;FALTA DE OPORTUNIDAD EN LA ATENCIÓN EN OTROS SERVICIOS DE SALUD;01010302;HOSPITALIZACIÓN;;;PROBLEMAS RELACIONADOS CON FACILIDADES DE ATENCIÓN MÉDICA U OTROS SERVICIOS DE SALUD;PROBLEMAS RELACIONADOS CON FACILIDADES DE ATENCIÓN MÉDICA U OTROS SERVICIOS DE SALUD;APENDICITIS, NO ESPECIFICADA;No aplica;PRIORIZADO
707;2023;7;Web;66;66001;US- 000000560137;A nombre propio;MUJER;87;MAYOR DE 63 AÑOS ;No Aplica;Contributivo;No Aplica;No Aplica;66;66001;SALUD TOTAL;RÉGIMEN CONTRIBUTIVO;EPS002;SALUD TOTAL;66;66001;01;"BARRERAS EN EL ACCESO A TECNOLOGÍAS Y SERVICIOS DE SALUD; Y OTROS ELEMENTOS COMPLEMENTARIOS PARA LA ATENCIÓN DEL USUARIO";0101;FALTA DE OPORTUNIDAD EN LA PRESTACIÓN DE TECNOLOGÍAS EN SALUD Y OTROS ELEMENTOS COMPLEMENTARIOS PARA LA ATENCIÓN DEL USUARIO;010101;FALTA DE OPORTUNIDAD EN LAS CITAS O CONSULTAS;01010103;ESPECIALIDADES MÉDICAS ;01010103006;CARDIOLOGÍA;PROBLEMAS RELACIONADOS CON FACILIDADES DE ATENCIÓN MÉDICA U OTROS SERVICIOS DE SALUD;PROBLEMAS RELACIONADOS CON FACILIDADES DE ATENCIÓN MÉDICA U OTROS SERVICIOS DE SALUD;PROBLEMAS RELACIONADOS CON FACILIDADES DE ATENCIÓN MEDICA U OTROS SERVICIOS DE SALUD;No aplica;SIMPLE
708;2023;7;Redes Sociales;76;76001;US- 000000620389;Madre;MUJER;42;DE 38 A 49 AÑOS;Secundaria;Subsidiado;No Aplica;Persona con discapacidad;76;76001;EMSSANAR EPS;RÉGIMEN SUBSIDIADO;ESS118;EMSSANAR;76;76001;01;"BARRERAS EN EL ACCESO A TECNOLOGÍAS Y SERVICIOS DE SALUD; Y OTROS ELEMENTOS COMPLEMENTARIOS PARA LA ATENCIÓN DEL USUARIO";0101;FALTA DE OPORTUNIDAD EN LA PRESTACIÓN DE TECNOLOGÍAS EN SALUD Y OTROS ELEMENTOS COMPLEMENTARIOS PARA LA ATENCIÓN DEL USUARIO;010101;FALTA DE OPORTUNIDAD EN LAS CITAS O CONSULTAS;01010103;ESPECIALIDADES MÉDICAS ;01010103072;NEUROLOGÍA;ENFERMEDADES NEUROLÓGICAS;EPILEPSIA;OTRAS EPILEPSIAS;No aplica;PRIORIZADO
709;2023;7;Web;15;15761;US- 000002783831;A nombre propio;MUJER;67;MAYOR DE 63 AÑOS ;No Aplica;Subsidiado;No Aplica;No Aplica;15;15761;NUEVA EPS;RÉGIMEN SUBSIDIADO;EPSS41;NUEVA EPS;15;15761;01;"BARRERAS EN EL ACCESO A TECNOLOGÍAS Y SERVICIOS DE SALUD; Y OTROS ELEMENTOS COMPLEMENTARIOS PARA LA ATENCIÓN DEL USUARIO";0101;FALTA DE OPORTUNIDAD EN LA PRESTACIÓN DE TECNOLOGÍAS EN SALUD Y OTROS ELEMENTOS COMPLEMENTARIOS PARA LA ATENCIÓN DEL USUARIO;010103;FALTA DE OPORTUNIDAD EN LA ATENCIÓN EN OTROS SERVICIOS DE SALUD;01010308;PROCEDIMIENTOS NO QUIRÚRGICOS;01010308001;IMAGENOLOGÍA;ENFERMEDADES OSTEOARTICULARES;OTROS;TRASTORNOS DE LOS DISCOS INTERVERTEBRALES, NO ESPECIFICADO;No aplica;SIMPLE
710;2023;7;Chat;66;66001;US- 000003285700;A nombre propio;MUJER;68;MAYOR DE 63 AÑOS ;Primaria;Contributivo;No Aplica;No Aplica;66;66001;SALUD TOTAL;RÉGIMEN CONTRIBUTIVO;EPS002;SALUD TOTAL;66;66001;01;"BARRERAS EN EL ACCESO A TECNOLOGÍAS Y SERVICIOS DE SALUD; Y OTROS ELEMENTOS COMPLEMENTARIOS PARA LA ATENCIÓN DEL USUARIO";0101;FALTA DE OPORTUNIDAD EN LA PRESTACIÓN DE TECNOLOGÍAS EN SALUD Y OTROS ELEMENTOS COMPLEMENTARIOS PARA LA ATENCIÓN DEL USUARIO;010103;FALTA DE OPORTUNIDAD EN LA ATENCIÓN EN OTROS SERVICIOS DE SALUD;01010308;PROCEDIMIENTOS NO QUIRÚRGICOS;01010308001;IMAGENOLOGÍA;PROBLEMAS RELACIONADOS CON FACILIDADES DE ATENCIÓN MÉDICA U OTROS SERVICIOS DE SALUD;PROBLEMAS RELACIONADOS CON FACILIDADES DE ATENCIÓN MÉDICA U OTROS SERVICIOS DE SALUD;PANCREATITIS AGUDA;No aplica;PRIORIZADO
711;2023;7;Web;76;76001;US- 000003305484;A nombre propio;MUJER;54;DE 50 A 62 AÑOS;No Aplica;Contributivo;No Aplica;No Aplica;76;76001;SALUD TOTAL;RÉGIMEN CONTRIBUTIVO;EPS002;SALUD TOTAL;76;76001;01;"BARRERAS EN EL ACCESO A TECNOLOGÍAS Y SERVICIOS DE SALUD; Y OTROS ELEMENTOS COMPLEMENTARIOS PARA LA ATENCIÓN DEL USUARIO";0101;FALTA DE OPORTUNIDAD EN LA PRESTACIÓN DE TECNOLOGÍAS EN SALUD Y OTROS ELEMENTOS COMPLEMENTARIOS PARA LA ATENCIÓN DEL USUARIO;010101;FALTA DE OPORTUNIDAD EN LAS CITAS O CONSULTAS;01010103;ESPECIALIDADES MÉDICAS ;01010103071;NEUROCIRUGÍA;ENFERMEDADES OSTEOARTICULARES;OTROS;LUMBAGO CON CIÁTICA;No aplica;SIMPLE
712;2023;7;Web;76;76001;US- 000000208975;A nombre propio;MUJER;80;MAYOR DE 63 AÑOS ;Ninguno;Contributivo;No Aplica;No Aplica;76;76001;NUEVA EPS;RÉGIMEN CONTRIBUTIVO;EPS037;NUEVA EPS;76;76001;01;"BARRERAS EN EL ACCESO A TECNOLOGÍAS Y SERVICIOS DE SALUD; Y OTROS ELEMENTOS COMPLEMENTARIOS PARA LA ATENCIÓN DEL USUARIO";0101;FALTA DE OPORTUNIDAD EN LA PRESTACIÓN DE TECNOLOGÍAS EN SALUD Y OTROS ELEMENTOS COMPLEMENTARIOS PARA LA ATENCIÓN DEL USUARIO;010101;FALTA DE OPORTUNIDAD EN LAS CITAS O CONSULTAS;01010103;ESPECIALIDADES MÉDICAS ;01010103035;DOLOR Y CUIDADOS PALIATIVOS;PROBLEMAS RELACIONADOS CON FACILIDADES DE ATENCIÓN MÉDICA U OTROS SERVICIOS DE SALUD;PROBLEMAS RELACIONADOS CON FACILIDADES DE ATENCIÓN MÉDICA U OTROS SERVICIOS DE SALUD;OTRAS ATENCIONES MEDICAS ESPECIFICADAS;No aplica;SIMPLE
713;2023;7;Personalizado;41;41551;US- 000003132039;A nombre propio;MUJER;44;DE 38 A 49 AÑOS;Universitario Incompleto;Contributivo;No Aplica;No Aplica;41;41551;NUEVA EPS;RÉGIMEN CONTRIBUTIVO;EPS037;NUEVA EPS;41;41001;01;"BARRERAS EN EL ACCESO A TECNOLOGÍAS Y SERVICIOS DE SALUD; Y OTROS ELEMENTOS COMPLEMENTARIOS PARA LA ATENCIÓN DEL USUARIO";0102;NEGACIÓN DE TECNOLOGÍAS EN SALUD Y OTROS ELEMENTOS COMPLEMENTARIOS PARA LA ATENCIÓN DEL USUARIO;010201;NEGACIÓN EN LA ASIGNACIÓN DE CITAS O CONSULTAS;01020103;ESPECIALIDADES MÉDICAS ;01020103076;ONCOLOGÍA;CÁNCER ;CÁNCER COLORECTAL;TUMOR MALIGNO DEL COLON TRANSVERSO;Quimioterapia y radioterapia para el cáncer;PRIORIZADO
714;2023;7;Web;11;11001;US- 000002762818;A nombre propio;MUJER;98;MAYOR DE 63 AÑOS ;Ninguno;Contributivo;No Aplica;No Aplica;11;11001;COMPENSAR;RÉGIMEN CONTRIBUTIVO;EPS008;COMPENSAR;11;11001;01;"BARRERAS EN EL ACCESO A TECNOLOGÍAS Y SERVICIOS DE SALUD; Y OTROS ELEMENTOS COMPLEMENTARIOS PARA LA ATENCIÓN DEL USUARIO";0103;FALTA DE OPORTUNIDAD EN LA AUTORIZACIÓN DE TECNOLOGÍAS EN SALUD Y OTROS ELEMENTOS COMPLEMENTARIOS PARA LA ATENCIÓN DEL USUARIO;010303;FALTA DE OPORTUNIDAD EN LA AUTORIZACIÓN PARA SERVICIOS DE COMPLEMENTACIÓN TERAPÉUTICA;01030301;TERAPIA FÍSICA;;;ENFERMEDADES OSTEOARTICULARES;OTROS;FRACTURA DEL FÉMUR, PARTE NO ESPECIFICADA;No aplica;SIMPLE
715;2023;7;Web;15;15218;US- 000002889521;A nombre propio;MUJER;46;DE 38 A 49 AÑOS;No Aplica;Régimen Especial;No Aplica;No Aplica;15;15218;MAGISTERIO;REGÍMENES DE EXCEPCIÓN Y ESPECIALES;REMG01;MAGISTERIO;68;68147;01;"BARRERAS EN EL ACCESO A TECNOLOGÍAS Y SERVICIOS DE SALUD; Y OTROS ELEMENTOS COMPLEMENTARIOS PARA LA ATENCIÓN DEL USUARIO";0101;FALTA DE OPORTUNIDAD EN LA PRESTACIÓN DE TECNOLOGÍAS EN SALUD Y OTROS ELEMENTOS COMPLEMENTARIOS PARA LA ATENCIÓN DEL USUARIO;010101;FALTA DE OPORTUNIDAD EN LAS CITAS O CONSULTAS;01010103;ESPECIALIDADES MÉDICAS ;01010103022;CIRUGÍA GENERAL;PROBLEMAS RELACIONADOS CON FACILIDADES DE ATENCIÓN MÉDICA U OTROS SERVICIOS DE SALUD;PROBLEMAS RELACIONADOS CON FACILIDADES DE ATENCIÓN MÉDICA U OTROS SERVICIOS DE SALUD;OTROS DOLORES ABDOMINALES Y LOS NO ESPECIFICADOS;No aplica;SIMPLE
716;2023;7;Telefónico;05;05001;US- 000003309554;Hermano (A);HOMBRE;73;MAYOR DE 63 AÑOS ;Primaria;Contributivo;No Aplica;No Aplica;05;05001;NUEVA EPS;RÉGIMEN CONTRIBUTIVO;EPS037;NUEVA EPS;05;05001;01;"BARRERAS EN EL ACCESO A TECNOLOGÍAS Y SERVICIOS DE SALUD; Y OTROS ELEMENTOS COMPLEMENTARIOS PARA LA ATENCIÓN DEL USUARIO";0101;FALTA DE OPORTUNIDAD EN LA PRESTACIÓN DE TECNOLOGÍAS EN SALUD Y OTROS ELEMENTOS COMPLEMENTARIOS PARA LA ATENCIÓN DEL USUARIO;010103;FALTA DE OPORTUNIDAD EN LA ATENCIÓN EN OTROS SERVICIOS DE SALUD;01010309;PROCEDIMIENTOS QUIRÚRGICOS;01010309003;OTROS PROCEDIMIENTOS QUIRÚRGICOS;PROBLEMAS RELACIONADOS CON FACILIDADES DE ATENCIÓN MÉDICA U OTROS SERVICIOS DE SALUD;PROBLEMAS RELACIONADOS CON FACILIDADES DE ATENCIÓN MÉDICA U OTROS SERVICIOS DE SALUD;HERNIA UMBILICAL;No aplica;SIMPLE
717;2023;7;Personalizado;52;52540;US- 000003273215;A nombre propio;HOMBRE;34;DE 30 A 37 AÑOS;Primaria;Subsidiado;No Aplica;No Aplica;52;52540;ASMET SALUD EPS;RÉGIMEN SUBSIDIADO;ESS062;ASMET SALUD;52;52540;01;"BARRERAS EN EL ACCESO A TECNOLOGÍAS Y SERVICIOS DE SALUD; Y OTROS ELEMENTOS COMPLEMENTARIOS PARA LA ATENCIÓN DEL USUARIO";0103;FALTA DE OPORTUNIDAD EN LA AUTORIZACIÓN DE TECNOLOGÍAS EN SALUD Y OTROS ELEMENTOS COMPLEMENTARIOS PARA LA ATENCIÓN DEL USUARIO;010304;FALTA DE OPORTUNIDAD EN LA AUTORIZACIÓN DE OTROS SERVICIOS DE SALUD;01030408;PROCEDIMIENTOS NO QUIRÚRGICOS;01030408006;OTROS PROCEDIMIENTOS NO QUIRÚRGICOS;ENFERMEDADES CRÓNICAS NO TRANSMISIBLES- FACTORES DE RIESGO;MEDICIÓN DE FACTORES DE RIESGO;ESTRECHEZ URETRAL, NO ESPECIFICADA;No aplica;SIMPLE
718;2023;7;Web;;;US- 000003271065;Otro;MUJER;17;DE 13 A 17 AÑOS;No Aplica;Subsidiado;No Aplica;No Aplica;20;20228;ASMET SALUD EPS;RÉGIMEN SUBSIDIADO;ESS062;ASMET SALUD;20;20228;01;"BARRERAS EN EL ACCESO A TECNOLOGÍAS Y SERVICIOS DE SALUD; Y OTROS ELEMENTOS COMPLEMENTARIOS PARA LA ATENCIÓN DEL USUARIO";0101;FALTA DE OPORTUNIDAD EN LA PRESTACIÓN DE TECNOLOGÍAS EN SALUD Y OTROS ELEMENTOS COMPLEMENTARIOS PARA LA ATENCIÓN DEL USUARIO;010104;FALTA DE OPORTUNIDAD EN LA ENTREGA O ENTREGA INCOMPLETA DE TECNOLOGÍAS EN SALUD Y/O PRESTACIÓN DE OTROS SERVICIOS;01010401;MEDICAMENTOS UPC;;;PROBLEMAS RELACIONADOS CON FACILIDADES DE ATENCIÓN MÉDICA U OTROS SERVICIOS DE SALUD;PROBLEMAS RELACIONADOS CON FACILIDADES DE ATENCIÓN MÉDICA U OTROS SERVICIOS DE SALUD;PROBLEMAS RELACIONADOS CON FACILIDADES DE ATENCIÓN MEDICA U OTROS SERVICIOS DE SALUD;No aplica;SIMPLE
719;2023;7;Web;11;11001;US- 000000201386;A nombre propio;MUJER;75;MAYOR DE 63 AÑOS ;No Aplica;Contributivo;No Aplica;Persona con discapacidad;11;11001;COMPENSAR;RÉGIMEN CONTRIBUTIVO;EPS008;COMPENSAR;11;11001;01;"BARRERAS EN EL ACCESO A TECNOLOGÍAS Y SERVICIOS DE SALUD; Y OTROS ELEMENTOS COMPLEMENTARIOS PARA LA ATENCIÓN DEL USUARIO";0101;FALTA DE OPORTUNIDAD EN LA PRESTACIÓN DE TECNOLOGÍAS EN SALUD Y OTROS ELEMENTOS COMPLEMENTARIOS PARA LA ATENCIÓN DEL USUARIO;010101;FALTA DE OPORTUNIDAD EN LAS CITAS O CONSULTAS;01010103;ESPECIALIDADES MÉDICAS ;01010103075;OFTALMOLOGÍA;PROBLEMAS RELACIONADOS CON FACILIDADES DE ATENCIÓN MÉDICA U OTROS SERVICIOS DE SALUD;PROBLEMAS RELACIONADOS CON FACILIDADES DE ATENCIÓN MÉDICA U OTROS SERVICIOS DE SALUD;DEGENERACION DE LA MACULA Y DEL POLO POSTERIOR DEL OJO;No aplica;SIMPLE
720;2023;7;Telefónico;50;50001;US- 000001415569;Madre;MUJER;3;DE 0 A 5 AÑOS;No Aplica;Contributivo;No Aplica;Persona con discapacidad;50;50001;SANITAS;RÉGIMEN CONTRIBUTIVO;EPS005;SANITAS;50;50001;01;"BARRERAS EN EL ACCESO A TECNOLOGÍAS Y SERVICIOS DE SALUD; Y OTROS ELEMENTOS COMPLEMENTARIOS PARA LA ATENCIÓN DEL USUARIO";0102;NEGACIÓN DE TECNOLOGÍAS EN SALUD Y OTROS ELEMENTOS COMPLEMENTARIOS PARA LA ATENCIÓN DEL USUARIO;010203;NEGACIÓN EN LA ATENCIÓN EN OTROS SERVICIOS DE SALUD;01020305;ATENCIÓN DOMICILIARIA;;;PROBLEMAS RELACIONADOS CON FACILIDADES DE ATENCIÓN MÉDICA U OTROS SERVICIOS DE SALUD;PROBLEMAS RELACIONADOS CON FACILIDADES DE ATENCIÓN MÉDICA U OTROS SERVICIOS DE SALUD;SÍNDROME DE RETT;No aplica;RIESGO VITAL
721;2023;7;Web;05;05001;US- 000002897234;A nombre propio;HOMBRE;44;DE 38 A 49 AÑOS;No Aplica;Contributivo;No Aplica;Desplazado;05;05001;SAVIA SALUD;RÉGIMEN SUBSIDIADO;EPSS40;SAVIA SALUD EPS;05;05001;01;"BARRERAS EN EL ACCESO A TECNOLOGÍAS Y SERVICIOS DE SALUD; Y OTROS ELEMENTOS COMPLEMENTARIOS PARA LA ATENCIÓN DEL USUARIO";0101;FALTA DE OPORTUNIDAD EN LA PRESTACIÓN DE TECNOLOGÍAS EN SALUD Y OTROS ELEMENTOS COMPLEMENTARIOS PARA LA ATENCIÓN DEL USUARIO;010104;FALTA DE OPORTUNIDAD EN LA ENTREGA O ENTREGA INCOMPLETA DE TECNOLOGÍAS EN SALUD Y/O PRESTACIÓN DE OTROS SERVICIOS;01010401;MEDICAMENTOS UPC;;;PROBLEMAS RELACIONADOS CON FACILIDADES DE ATENCIÓN MÉDICA U OTROS SERVICIOS DE SALUD;PROBLEMAS RELACIONADOS CON FACILIDADES DE ATENCIÓN MÉDICA U OTROS SERVICIOS DE SALUD;PROBLEMAS RELACIONADOS CON FACILIDADES DE ATENCIÓN MEDICA U OTROS SERVICIOS DE SALUD;No aplica;PRIORIZADO
722;2023;7;Web;08;08001;US- 000001196250;A nombre propio;MUJER;39;DE 38 A 49 AÑOS;No Aplica;Contributivo;No Aplica;No Aplica;08;08001;SURAMERICANA EPS;RÉGIMEN CONTRIBUTIVO;EPS010;EPS SURA;08;08001;01;"BARRERAS EN EL ACCESO A TECNOLOGÍAS Y SERVICIOS DE SALUD; Y OTROS ELEMENTOS COMPLEMENTARIOS PARA LA ATENCIÓN DEL USUARIO";0101;FALTA DE OPORTUNIDAD EN LA PRESTACIÓN DE TECNOLOGÍAS EN SALUD Y OTROS ELEMENTOS COMPLEMENTARIOS PARA LA ATENCIÓN DEL USUARIO;010103;FALTA DE OPORTUNIDAD EN LA ATENCIÓN EN OTROS SERVICIOS DE SALUD;01010309;PROCEDIMIENTOS QUIRÚRGICOS;01010309003;OTROS PROCEDIMIENTOS QUIRÚRGICOS;PROBLEMAS RELACIONADOS CON FACILIDADES DE ATENCIÓN MÉDICA U OTROS SERVICIOS DE SALUD;PROBLEMAS RELACIONADOS CON FACILIDADES DE ATENCIÓN MÉDICA U OTROS SERVICIOS DE SALUD;CICATRIZ QUELOIDE;No aplica;SIMPLE
723;2023;7;Web;11;11001;US- 000001654233;A nombre propio;MUJER;38;DE 38 A 49 AÑOS;No Aplica;Contributivo;No Aplica;No Aplica;11;11001;SANITAS;RÉGIMEN CONTRIBUTIVO;EPS005;SANITAS;11;11001;01;"BARRERAS EN EL ACCESO A TECNOLOGÍAS Y SERVICIOS DE SALUD; Y OTROS ELEMENTOS COMPLEMENTARIOS PARA LA ATENCIÓN DEL USUARIO";0101;FALTA DE OPORTUNIDAD EN LA PRESTACIÓN DE TECNOLOGÍAS EN SALUD Y OTROS ELEMENTOS COMPLEMENTARIOS PARA LA ATENCIÓN DEL USUARIO;010103;FALTA DE OPORTUNIDAD EN LA ATENCIÓN EN OTROS SERVICIOS DE SALUD;01010308;PROCEDIMIENTOS NO QUIRÚRGICOS;01010308006;OTROS PROCEDIMIENTOS NO QUIRÚRGICOS;ENFERMEDADES CRÓNICAS NO TRASMISIBLES CARDIOVASCULARES;ENFERMEDAD ISQUÉMICA CORONARIA;PALPITACIONES;No aplica;SIMPLE
724;2023;7;Telefónico;05;05129;US- 000003265529;Madre;MUJER;18;DE 18 A 24 AÑOS;Universitario Incompleto;Contributivo;No Aplica;No Aplica;05;05129;SAVIA SALUD;RÉGIMEN SUBSIDIADO;EPSS40;SAVIA SALUD EPS;05;05001;01;"BARRERAS EN EL ACCESO A TECNOLOGÍAS Y SERVICIOS DE SALUD; Y OTROS ELEMENTOS COMPLEMENTARIOS PARA LA ATENCIÓN DEL USUARIO";0102;NEGACIÓN DE TECNOLOGÍAS EN SALUD Y OTROS ELEMENTOS COMPLEMENTARIOS PARA LA ATENCIÓN DEL USUARIO;010203;NEGACIÓN EN LA ATENCIÓN EN OTROS SERVICIOS DE SALUD;01020308;PROCEDIMIENTOS NO QUIRÚRGICOS;01020308001;IMAGENOLOGÍA;PROBLEMAS RELACIONADOS CON FACILIDADES DE ATENCIÓN MÉDICA U OTROS SERVICIOS DE SALUD;PROBLEMAS RELACIONADOS CON FACILIDADES DE ATENCIÓN MÉDICA U OTROS SERVICIOS DE SALUD;OTRAS COLELITIASIS;No aplica;PRIORIZADO
725;2023;7;Web;66;66001;US- 000000185805;A nombre propio;MUJER;62;DE 50 A 62 AÑOS;No Aplica;Contributivo;No Aplica;No Aplica;66;66001;SALUD TOTAL;RÉGIMEN CONTRIBUTIVO;EPS002;SALUD TOTAL;66;66001;01;"BARRERAS EN EL ACCESO A TECNOLOGÍAS Y SERVICIOS DE SALUD; Y OTROS ELEMENTOS COMPLEMENTARIOS PARA LA ATENCIÓN DEL USUARIO";0101;FALTA DE OPORTUNIDAD EN LA PRESTACIÓN DE TECNOLOGÍAS EN SALUD Y OTROS ELEMENTOS COMPLEMENTARIOS PARA LA ATENCIÓN DEL USUARIO;010104;FALTA DE OPORTUNIDAD EN LA ENTREGA O ENTREGA INCOMPLETA DE TECNOLOGÍAS EN SALUD Y/O PRESTACIÓN DE OTROS SERVICIOS;01010402;MEDICAMENTOS NO UPC;;;PROBLEMAS RELACIONADOS CON FACILIDADES DE ATENCIÓN MÉDICA U OTROS SERVICIOS DE SALUD;PROBLEMAS RELACIONADOS CON FACILIDADES DE ATENCIÓN MÉDICA U OTROS SERVICIOS DE SALUD;ACROMEGALIA Y GIGANTISMO HIPOFISARIO;No aplica;SIMPLE
726;2023;7;Web;11;11001;US- 000003308190;Hermano (A);HOMBRE;58;DE 50 A 62 AÑOS;No Aplica;Contributivo;No Aplica;No Aplica;11;11001;SALUD TOTAL;RÉGIMEN CONTRIBUTIVO;EPS002;SALUD TOTAL;11;11001;01;"BARRERAS EN EL ACCESO A TECNOLOGÍAS Y SERVICIOS DE SALUD; Y OTROS ELEMENTOS COMPLEMENTARIOS PARA LA ATENCIÓN DEL USUARIO";0103;FALTA DE OPORTUNIDAD EN LA AUTORIZACIÓN DE TECNOLOGÍAS EN SALUD Y OTROS ELEMENTOS COMPLEMENTARIOS PARA LA ATENCIÓN DEL USUARIO;010301;FALTA DE OPORTUNIDAD EN LA AUTORIZACIÓN DE TECNOLOGÍAS EN SALUD Y/O DE OTROS SERVICIOS;01030108;TRANSPORTE, ALOJAMIENTO O ALIMENTACIÓN;;;ENFERMEDADES CRÓNICAS NO TRANSMISIBLES –RENALES;IRC-ENFERMEDAD RENAL;INSUFICIENCIA RENAL NO ESPECIFICADA;Hemodiálisis;PRIORIZADO
727;2023;7;Telefónico;11;11001;US- 000000195987;Hijo (A);MUJER;87;MAYOR DE 63 AÑOS ;Primaria Incompleta;Contributivo;No Aplica;No Aplica;68;68276;SALUD TOTAL;RÉGIMEN CONTRIBUTIVO;EPS002;SALUD TOTAL;68;68276;01;"BARRERAS EN EL ACCESO A TECNOLOGÍAS Y SERVICIOS DE SALUD; Y OTROS ELEMENTOS COMPLEMENTARIOS PARA LA ATENCIÓN DEL USUARIO";0101;FALTA DE OPORTUNIDAD EN LA PRESTACIÓN DE TECNOLOGÍAS EN SALUD Y OTROS ELEMENTOS COMPLEMENTARIOS PARA LA ATENCIÓN DEL USUARIO;010104;FALTA DE OPORTUNIDAD EN LA ENTREGA O ENTREGA INCOMPLETA DE TECNOLOGÍAS EN SALUD Y/O PRESTACIÓN DE OTROS SERVICIOS;01010405;SUMINISTRO DE OXÍGENO;;;ENFERMEDADES CRÓNICAS NO TRANSMISIBLES RESPIRATORIAS;EPOC (ENFERMEDAD PULMONAR OBSTRUCTIVA CRÓNICA, BRONQUITIS CRÓNICA O ENFISEMA);ENFERMEDAD PULMONAR OBSTRUCTIVA CRÓNICA, NO ESPECIFICADA;No aplica;PRIORIZADO
728;2023;7;Web;76;76001;US- 000003261939;Otro;HOMBRE;22;DE 18 A 24 AÑOS;No Aplica;Contributivo;No Aplica;No Aplica;76;76001;EMSSANAR EPS;RÉGIMEN SUBSIDIADO;ESS118;EMSSANAR;76;76001;04;INSATISFACCIÓN DEL USUARIO CON EL PROCESO ADMINISTRATIVO;0405;PROBLEMAS EN EL RECONOCIMIENTO Y/O PAGO DE PRESTACIONES ECONÓMICAS;040501;NO RECONOCIMIENTO Y/O PAGO DE LAS PRESTACIONES ECONÓMICAS;04050107;INCAPACIDAD DE ENFERMEDAD GENERAL;;;PROBLEMAS RELACIONADOS CON FACILIDADES DE ATENCIÓN MÉDICA U OTROS SERVICIOS DE SALUD;PROBLEMAS RELACIONADOS CON FACILIDADES DE ATENCIÓN MÉDICA U OTROS SERVICIOS DE SALUD;OTROS PROBLEMAS RELACIONADOS CON SERVICIOS MÉDICOS Y DE SALUD;No aplica;SIMPLE
729;2023;7;Web;25;25754;US- 000003283799;A nombre propio;HOMBRE;72;MAYOR DE 63 AÑOS ;No Aplica;Contributivo;No Aplica;No Aplica;25;25754;FAMISANAR;RÉGIMEN CONTRIBUTIVO;EPS017;FAMISANAR;25;25754;01;"BARRERAS EN EL ACCESO A TECNOLOGÍAS Y SERVICIOS DE SALUD; Y OTROS ELEMENTOS COMPLEMENTARIOS PARA LA ATENCIÓN DEL USUARIO";0101;FALTA DE OPORTUNIDAD EN LA PRESTACIÓN DE TECNOLOGÍAS EN SALUD Y OTROS ELEMENTOS COMPLEMENTARIOS PARA LA ATENCIÓN DEL USUARIO;010105;FALTA DE OPORTUNIDAD EN EL PROCESO DE REFERENCIA Y CONTRARREFERENCIA;;;;;ENFERMEDADES CRÓNICAS NO TRANSMISIBLES –RENALES;IRC-ENFERMEDAD RENAL;INSUFICIENCIA RENAL CRÓNICA;Hemodiálisis;PRIORIZADO
730;2023;7;Escrito;11;11001;US- 000003267632;A nombre propio;HOMBRE;3;DE 0 A 5 AÑOS;No Aplica;Contributivo;No Aplica;No Aplica;11;11001;SANITAS;RÉGIMEN CONTRIBUTIVO;EPS005;SANITAS;11;11001;01;"BARRERAS EN EL ACCESO A TECNOLOGÍAS Y SERVICIOS DE SALUD; Y OTROS ELEMENTOS COMPLEMENTARIOS PARA LA ATENCIÓN DEL USUARIO";0101;FALTA DE OPORTUNIDAD EN LA PRESTACIÓN DE TECNOLOGÍAS EN SALUD Y OTROS ELEMENTOS COMPLEMENTARIOS PARA LA ATENCIÓN DEL USUARIO;010101;FALTA DE OPORTUNIDAD EN LAS CITAS O CONSULTAS;01010103;ESPECIALIDADES MÉDICAS ;01010103002;ANESTESIOLOGÍA;ENFERMEDADES CRÓNICAS NO TRANSMISIBLES- FACTORES DE RIESGO;MEDICIÓN DE FACTORES DE RIESGO;OTROS PROBLEMAS RELACIONADOS CON SERVICIOS MÉDICOS Y DE SALUD;No aplica;SIMPLE
731;2023;7;Web;05;05001;US- 000003268013;A nombre propio;MUJER;27;DE 25 A 29 AÑOS;No Aplica;Contributivo;No Aplica;No Aplica;05;05001;SURAMERICANA EPS;RÉGIMEN CONTRIBUTIVO;EPS010;EPS SURA;05;05001;02;INSATISFACCIÓN RELACIONADA CON LA ATENCIÓN EN SALUD;0202;INSATISFACCIÓN RELACIONADA CON LA ATENCIÓN DEL PERSONAL EN SALUD;020201;INSATISFACCIÓN RELACIONADA CON LA ATENCIÓN DEL PERSONAL EN SALUD;02020101;FALLAS EN LA ÉTICA PROFESIONAL;;;ENFERMEDADES CRÓNICAS NO TRANSMISIBLES- FACTORES DE RIESGO;SOBREPESO;AUMENTO ANORMAL DE PESO;No aplica;SIMPLE
732;2023;7;Telefónico;11;11001;US- 000002204404;A nombre propio;MUJER;54;DE 50 A 62 AÑOS;Primaria;Subsidiado;No Aplica;No Aplica;11;11001;CAPITAL SALUD;RÉGIMEN SUBSIDIADO;EPSS34;CAPITAL SALUD;11;11001;01;"BARRERAS EN EL ACCESO A TECNOLOGÍAS Y SERVICIOS DE SALUD; Y OTROS ELEMENTOS COMPLEMENTARIOS PARA LA ATENCIÓN DEL USUARIO";0101;FALTA DE OPORTUNIDAD EN LA PRESTACIÓN DE TECNOLOGÍAS EN SALUD Y OTROS ELEMENTOS COMPLEMENTARIOS PARA LA ATENCIÓN DEL USUARIO;010101;FALTA DE OPORTUNIDAD EN LAS CITAS O CONSULTAS;01010103;ESPECIALIDADES MÉDICAS ;01010103063;MEDICINA INTERNA;CÁNCER ;OTROS;TUMOR MALIGNO DE LA GLÁNDULA TIROIDES;No aplica;PRIORIZADO
733;2023;7;Web;17;17001;US- 000002829642;A nombre propio;MUJER;67;MAYOR DE 63 AÑOS ;No Aplica;Contributivo;No Aplica;No Aplica;17;17001;SURAMERICANA EPS;RÉGIMEN CONTRIBUTIVO;EPS010;EPS SURA;17;17001;01;"BARRERAS EN EL ACCESO A TECNOLOGÍAS Y SERVICIOS DE SALUD; Y OTROS ELEMENTOS COMPLEMENTARIOS PARA LA ATENCIÓN DEL USUARIO";0101;FALTA DE OPORTUNIDAD EN LA PRESTACIÓN DE TECNOLOGÍAS EN SALUD Y OTROS ELEMENTOS COMPLEMENTARIOS PARA LA ATENCIÓN DEL USUARIO;010104;FALTA DE OPORTUNIDAD EN LA ENTREGA O ENTREGA INCOMPLETA DE TECNOLOGÍAS EN SALUD Y/O PRESTACIÓN DE OTROS SERVICIOS;01010401;MEDICAMENTOS UPC;;;PROBLEMAS RELACIONADOS CON FACILIDADES DE ATENCIÓN MÉDICA U OTROS SERVICIOS DE SALUD;PROBLEMAS RELACIONADOS CON FACILIDADES DE ATENCIÓN MÉDICA U OTROS SERVICIOS DE SALUD;PROBLEMAS RELACIONADOS CON FACILIDADES DE ATENCIÓN MEDICA U OTROS SERVICIOS DE SALUD;No aplica;SIMPLE
734;2023;7;Correo;11;11001;US- 000002988898;Otro;MUJER;1;DE 0 A 5 AÑOS;No Aplica;Subsidiado;No Aplica;No Aplica;11;11001;CAPITAL SALUD;RÉGIMEN SUBSIDIADO;EPSS34;CAPITAL SALUD;11;11001;01;"BARRERAS EN EL ACCESO A TECNOLOGÍAS Y SERVICIOS DE SALUD; Y OTROS ELEMENTOS COMPLEMENTARIOS PARA LA ATENCIÓN DEL USUARIO";0103;FALTA DE OPORTUNIDAD EN LA AUTORIZACIÓN DE TECNOLOGÍAS EN SALUD Y OTROS ELEMENTOS COMPLEMENTARIOS PARA LA ATENCIÓN DEL USUARIO;010304;FALTA DE OPORTUNIDAD EN LA AUTORIZACIÓN DE OTROS SERVICIOS DE SALUD;01030402;HOSPITALIZACIÓN;;;ENFERMEDADES CRÓNICAS NO TRASMISIBLES CARDIOVASCULARES;OTROS;INSUFICIENCIA RESPIRATORIA AGUDA;Manejo de pacientes en Unidades de cuidados intensivos;SIMPLE
735;2023;7;Web;11;11001;US- 000001800807;Madre;MUJER;5;DE 0 A 5 AÑOS;No Aplica;Contributivo;No Aplica;Persona con discapacidad;11;11001;COMPENSAR;RÉGIMEN CONTRIBUTIVO;EPS008;COMPENSAR;11;11001;01;"BARRERAS EN EL ACCESO A TECNOLOGÍAS Y SERVICIOS DE SALUD; Y OTROS ELEMENTOS COMPLEMENTARIOS PARA LA ATENCIÓN DEL USUARIO";0101;FALTA DE OPORTUNIDAD EN LA PRESTACIÓN DE TECNOLOGÍAS EN SALUD Y OTROS ELEMENTOS COMPLEMENTARIOS PARA LA ATENCIÓN DEL USUARIO;010101;FALTA DE OPORTUNIDAD EN LAS CITAS O CONSULTAS;01010107;ENFERMERÍA;;;ENFERMEDADES OSTEOARTICULARES;OTROS;PARÁLISIS CEREBRAL ESPÁSTICA;No aplica;SIMPLE
736;2023;7;Web;05;05001;US- 000003279697;A nombre propio;MUJER;32;DE 30 A 37 AÑOS;No Aplica;Contributivo;No Aplica;No Aplica;05;05001;SANITAS;RÉGIMEN CONTRIBUTIVO;EPS005;SANITAS;05;05001;04;INSATISFACCIÓN DEL USUARIO CON EL PROCESO ADMINISTRATIVO;0405;PROBLEMAS EN EL RECONOCIMIENTO Y/O PAGO DE PRESTACIONES ECONÓMICAS;040501;NO RECONOCIMIENTO Y/O PAGO DE LAS PRESTACIONES ECONÓMICAS;04050101;LICENCIA DE MATERNIDAD;;;PROBLEMAS RELACIONADOS CON FACILIDADES DE ATENCIÓN MÉDICA U OTROS SERVICIOS DE SALUD;PROBLEMAS RELACIONADOS CON FACILIDADES DE ATENCIÓN MÉDICA U OTROS SERVICIOS DE SALUD;OTROS PROBLEMAS RELACIONADOS CON SERVICIOS MÉDICOS Y DE SALUD;No aplica;SIMPLE
737;2023;7;Web;23;23417;US- 000002554304;A nombre propio;MUJER;50;DE 50 A 62 AÑOS;No Aplica;Subsidiado;No Aplica;No Aplica;23;23417;NUEVA EPS;RÉGIMEN SUBSIDIADO;EPSS41;NUEVA EPS;23;23417;01;"BARRERAS EN EL ACCESO A TECNOLOGÍAS Y SERVICIOS DE SALUD; Y OTROS ELEMENTOS COMPLEMENTARIOS PARA LA ATENCIÓN DEL USUARIO";0103;FALTA DE OPORTUNIDAD EN LA AUTORIZACIÓN DE TECNOLOGÍAS EN SALUD Y OTROS ELEMENTOS COMPLEMENTARIOS PARA LA ATENCIÓN DEL USUARIO;010302;FALTA DE OPORTUNIDAD EN LA AUTORIZACIÓN DE CITAS DE CONSULTA;01030203;ESPECIALIDADES MÉDICAS ;01030203039;ENDOCRINOLOGÍA;CÁNCER ;OTROS;TUMOR DE COMPORTAMIENTO INCIERTO O DESCONOCIDO DE LA GLÁNDULA TIROIDES;No aplica;PRIORIZADO
738;2023;7;Web;11;11001;US- 000002849364;A nombre propio;MUJER;53;DE 50 A 62 AÑOS;No Aplica;Contributivo;No Aplica;No Aplica;11;11001;FAMISANAR;RÉGIMEN CONTRIBUTIVO;EPS017;FAMISANAR;11;11001;01;"BARRERAS EN EL ACCESO A TECNOLOGÍAS Y SERVICIOS DE SALUD; Y OTROS ELEMENTOS COMPLEMENTARIOS PARA LA ATENCIÓN DEL USUARIO";0101;FALTA DE OPORTUNIDAD EN LA PRESTACIÓN DE TECNOLOGÍAS EN SALUD Y OTROS ELEMENTOS COMPLEMENTARIOS PARA LA ATENCIÓN DEL USUARIO;010103;FALTA DE OPORTUNIDAD EN LA ATENCIÓN EN OTROS SERVICIOS DE SALUD;01010308;PROCEDIMIENTOS NO QUIRÚRGICOS;01010308001;IMAGENOLOGÍA;PROBLEMAS RELACIONADOS CON FACILIDADES DE ATENCIÓN MÉDICA U OTROS SERVICIOS DE SALUD;PROBLEMAS RELACIONADOS CON FACILIDADES DE ATENCIÓN MÉDICA U OTROS SERVICIOS DE SALUD;PROBLEMAS RELACIONADOS CON FACILIDADES DE ATENCIÓN MEDICA U OTROS SERVICIOS DE SALUD;No aplica;SIMPLE
739;2023;7;Web;11;11001;US- 000003284224;A nombre propio;HOMBRE;63;MAYOR DE 63 AÑOS ;No Aplica;Subsidiado;No Aplica;No Aplica;11;11001;CAPITAL SALUD;RÉGIMEN SUBSIDIADO;EPSS34;CAPITAL SALUD;11;11001;01;"BARRERAS EN EL ACCESO A TECNOLOGÍAS Y SERVICIOS DE SALUD; Y OTROS ELEMENTOS COMPLEMENTARIOS PARA LA ATENCIÓN DEL USUARIO";0101;FALTA DE OPORTUNIDAD EN LA PRESTACIÓN DE TECNOLOGÍAS EN SALUD Y OTROS ELEMENTOS COMPLEMENTARIOS PARA LA ATENCIÓN DEL USUARIO;010103;FALTA DE OPORTUNIDAD EN LA ATENCIÓN EN OTROS SERVICIOS DE SALUD;01010308;PROCEDIMIENTOS NO QUIRÚRGICOS;01010308001;IMAGENOLOGÍA;ENFERMEDADES CRÓNICAS NO TRANSMISIBLES RESPIRATORIAS;EPOC (ENFERMEDAD PULMONAR OBSTRUCTIVA CRÓNICA, BRONQUITIS CRÓNICA O ENFISEMA);ENFERMEDAD PULMONAR OBSTRUCTIVA CRÓNICA, NO ESPECIFICADA;No aplica;SIMPLE
740;2023;7;Personalizado;05;05001;US- 000000609390;A nombre propio;MUJER;56;DE 50 A 62 AÑOS;No Aplica;Contributivo;No Aplica;No Aplica;05;05001;SURAMERICANA EPS;RÉGIMEN CONTRIBUTIVO;EPS010;EPS SURA;05;05001;01;"BARRERAS EN EL ACCESO A TECNOLOGÍAS Y SERVICIOS DE SALUD; Y OTROS ELEMENTOS COMPLEMENTARIOS PARA LA ATENCIÓN DEL USUARIO";0101;FALTA DE OPORTUNIDAD EN LA PRESTACIÓN DE TECNOLOGÍAS EN SALUD Y OTROS ELEMENTOS COMPLEMENTARIOS PARA LA ATENCIÓN DEL USUARIO;010101;FALTA DE OPORTUNIDAD EN LAS CITAS O CONSULTAS;01010103;ESPECIALIDADES MÉDICAS ;01010103072;NEUROLOGÍA;PROBLEMAS RELACIONADOS CON FACILIDADES DE ATENCIÓN MÉDICA U OTROS SERVICIOS DE SALUD;PROBLEMAS RELACIONADOS CON FACILIDADES DE ATENCIÓN MÉDICA U OTROS SERVICIOS DE SALUD;APNEA DEL SUEÑO;No aplica;SIMPLE
741;2023;7;Web;76;76834;US- 000003047145;A nombre propio;MUJER;32;DE 30 A 37 AÑOS;No Aplica;Subsidiado;No Aplica;Mujer en estado de gestación;76;76834;EMSSANAR EPS;RÉGIMEN SUBSIDIADO;ESS118;EMSSANAR;76;76834;01;"BARRERAS EN EL ACCESO A TECNOLOGÍAS Y SERVICIOS DE SALUD; Y OTROS ELEMENTOS COMPLEMENTARIOS PARA LA ATENCIÓN DEL USUARIO";0101;FALTA DE OPORTUNIDAD EN LA PRESTACIÓN DE TECNOLOGÍAS EN SALUD Y OTROS ELEMENTOS COMPLEMENTARIOS PARA LA ATENCIÓN DEL USUARIO;010104;FALTA DE OPORTUNIDAD EN LA ENTREGA O ENTREGA INCOMPLETA DE TECNOLOGÍAS EN SALUD Y/O PRESTACIÓN DE OTROS SERVICIOS;01010407;ELEMENTOS COMPLEMENTARIOS PARA LA ATENCIÓN DEL USUARIO (PAÑALES, PAÑITOS, ETC.);;;MATERNO INFANTIL;ATENCIÓN EN EL EMBARAZO;EMBARAZO CONFIRMADO;No aplica;PRIORIZADO
742;2023;7;Web;11;11001;US- 000002839097;A nombre propio;MUJER;42;DE 38 A 49 AÑOS;No Aplica;Contributivo;No Aplica;No Aplica;11;11001;SANITAS;RÉGIMEN CONTRIBUTIVO;EPS005;SANITAS;11;11001;04;INSATISFACCIÓN DEL USUARIO CON EL PROCESO ADMINISTRATIVO;0404;INSATISFACCIÓN RELACIONADA CON TRÁMITES ADMINISTRATIVOS;040402;FALLAS O IRREGULARIDADES EN EL MANEJO TÉCNICO DE LA HISTORIA CLÍNICA Y/O REGISTROS ASISTENCIALES;;;;;PROBLEMAS RELACIONADOS CON FACILIDADES DE ATENCIÓN MÉDICA U OTROS SERVICIOS DE SALUD;PROBLEMAS RELACIONADOS CON FACILIDADES DE ATENCIÓN MÉDICA U OTROS SERVICIOS DE SALUD;OTROS PROBLEMAS RELACIONADOS CON SERVICIOS MÉDICOS Y DE SALUD;No aplica;SIMPLE
743;2023;7;Web;52;52001;US- 000003273231;A nombre propio;MUJER;30;DE 30 A 37 AÑOS;No Aplica;Contributivo;No Aplica;No Aplica;52;52001;FAMISANAR;RÉGIMEN CONTRIBUTIVO;EPS017;FAMISANAR;52;52001;01;"BARRERAS EN EL ACCESO A TECNOLOGÍAS Y SERVICIOS DE SALUD; Y OTROS ELEMENTOS COMPLEMENTARIOS PARA LA ATENCIÓN DEL USUARIO";0101;FALTA DE OPORTUNIDAD EN LA PRESTACIÓN DE TECNOLOGÍAS EN SALUD Y OTROS ELEMENTOS COMPLEMENTARIOS PARA LA ATENCIÓN DEL USUARIO;010104;FALTA DE OPORTUNIDAD EN LA ENTREGA O ENTREGA INCOMPLETA DE TECNOLOGÍAS EN SALUD Y/O PRESTACIÓN DE OTROS SERVICIOS;01010401;MEDICAMENTOS UPC;;;PROBLEMAS RELACIONADOS CON FACILIDADES DE ATENCIÓN MÉDICA U OTROS SERVICIOS DE SALUD;PROBLEMAS RELACIONADOS CON FACILIDADES DE ATENCIÓN MÉDICA U OTROS SERVICIOS DE SALUD;TRASTORNO DE LA VEJIGA, NO ESPECIFICADO;No aplica;SIMPLE
744;2023;7;Web;05;05001;US- 000001357155;A nombre propio;HOMBRE;34;DE 30 A 37 AÑOS;No Aplica;Contributivo;No Aplica;Persona con discapacidad;05;05001;SURAMERICANA EPS;RÉGIMEN CONTRIBUTIVO;EPS010;EPS SURA;05;05001;01;"BARRERAS EN EL ACCESO A TECNOLOGÍAS Y SERVICIOS DE SALUD; Y OTROS ELEMENTOS COMPLEMENTARIOS PARA LA ATENCIÓN DEL USUARIO";0101;FALTA DE OPORTUNIDAD EN LA PRESTACIÓN DE TECNOLOGÍAS EN SALUD Y OTROS ELEMENTOS COMPLEMENTARIOS PARA LA ATENCIÓN DEL USUARIO;010104;FALTA DE OPORTUNIDAD EN LA ENTREGA O ENTREGA INCOMPLETA DE TECNOLOGÍAS EN SALUD Y/O PRESTACIÓN DE OTROS SERVICIOS;01010401;MEDICAMENTOS UPC;;;ENFERMEDADES CRÓNICAS NO TRANSMISIBLES RESPIRATORIAS;EPOC (ENFERMEDAD PULMONAR OBSTRUCTIVA CRÓNICA, BRONQUITIS CRÓNICA O ENFISEMA);TRASPLANTE DE PULMÓN;Trasplante de pulmón;PRIORIZADO
745;2023;7;Escrito;25;25290;US- 000003290629;A nombre propio;HOMBRE;84;MAYOR DE 63 AÑOS ;No Aplica;Contributivo;No Aplica;No Aplica;25;25290;SANITAS;RÉGIMEN CONTRIBUTIVO;EPS005;SANITAS;25;25290;01;"BARRERAS EN EL ACCESO A TECNOLOGÍAS Y SERVICIOS DE SALUD; Y OTROS ELEMENTOS COMPLEMENTARIOS PARA LA ATENCIÓN DEL USUARIO";0101;FALTA DE OPORTUNIDAD EN LA PRESTACIÓN DE TECNOLOGÍAS EN SALUD Y OTROS ELEMENTOS COMPLEMENTARIOS PARA LA ATENCIÓN DEL USUARIO;010101;FALTA DE OPORTUNIDAD EN LAS CITAS O CONSULTAS;01010101;MEDICINA GENERAL;;;ENFERMEDADES CRÓNICAS NO TRANSMISIBLES –DIABETES;DIABETES;HIPERPLASIA DE LA PRÓSTATA;No aplica;PRIORIZADO
746;2023;7;Web;11;11001;US- 000003284017;A nombre propio;HOMBRE;72;MAYOR DE 63 AÑOS ;No Aplica;Subsidiado;No Aplica;No Aplica;11;11001;CAPITAL SALUD;RÉGIMEN SUBSIDIADO;EPSS34;CAPITAL SALUD;11;11001;01;"BARRERAS EN EL ACCESO A TECNOLOGÍAS Y SERVICIOS DE SALUD; Y OTROS ELEMENTOS COMPLEMENTARIOS PARA LA ATENCIÓN DEL USUARIO";0101;FALTA DE OPORTUNIDAD EN LA PRESTACIÓN DE TECNOLOGÍAS EN SALUD Y OTROS ELEMENTOS COMPLEMENTARIOS PARA LA ATENCIÓN DEL USUARIO;010101;FALTA DE OPORTUNIDAD EN LAS CITAS O CONSULTAS;01010101;MEDICINA GENERAL;;;ENFERMEDADES CRÓNICAS NO TRASMISIBLES CARDIOVASCULARES;ICC (INSUFICIENCIA CARDIACA CONGESTIVA);INSUFICIENCIA CARDIACA CONGESTIVA;No aplica;PRIORIZADO
747;2023;7;Web;76;76001;US- 000001638536;A nombre propio;MUJER;70;MAYOR DE 63 AÑOS ;No Aplica;Contributivo;No Aplica;No Aplica;76;76001;SOS -SERVICIO OCCIDENTAL DE SALUD;RÉGIMEN CONTRIBUTIVO;EPS018;SERVICIO OCCIDENTAL DE SALUD (SOS);76;76001;01;"BARRERAS EN EL ACCESO A TECNOLOGÍAS Y SERVICIOS DE SALUD; Y OTROS ELEMENTOS COMPLEMENTARIOS PARA LA ATENCIÓN DEL USUARIO";0101;FALTA DE OPORTUNIDAD EN LA PRESTACIÓN DE TECNOLOGÍAS EN SALUD Y OTROS ELEMENTOS COMPLEMENTARIOS PARA LA ATENCIÓN DEL USUARIO;010104;FALTA DE OPORTUNIDAD EN LA ENTREGA O ENTREGA INCOMPLETA DE TECNOLOGÍAS EN SALUD Y/O PRESTACIÓN DE OTROS SERVICIOS;01010404;DISPOSITIVOS MÉDICOS NO UPC;;;SALUD ORAL;SALUD ORAL;ANODONCIA;No aplica;SIMPLE
748;2023;7;Chat;17;17001;US- 000003287583;A nombre propio;MUJER;67;MAYOR DE 63 AÑOS ;Primaria;Contributivo;No Aplica;No Aplica;17;17001;SURAMERICANA EPS;RÉGIMEN CONTRIBUTIVO;EPS010;EPS SURA;17;17001;01;"BARRERAS EN EL ACCESO A TECNOLOGÍAS Y SERVICIOS DE SALUD; Y OTROS ELEMENTOS COMPLEMENTARIOS PARA LA ATENCIÓN DEL USUARIO";0101;FALTA DE OPORTUNIDAD EN LA PRESTACIÓN DE TECNOLOGÍAS EN SALUD Y OTROS ELEMENTOS COMPLEMENTARIOS PARA LA ATENCIÓN DEL USUARIO;010101;FALTA DE OPORTUNIDAD EN LAS CITAS O CONSULTAS;01010103;ESPECIALIDADES MÉDICAS ;01010103075;OFTALMOLOGÍA;ENFERMEDADES CRÓNICAS NO TRANSMISIBLES- FACTORES DE RIESGO;MEDICIÓN DE FACTORES DE RIESGO;PTERIGIÓN;No aplica;SIMPLE
749;2023;7;Escrito;76;76001;US- 000000336508;Otro;HOMBRE;61;DE 50 A 62 AÑOS;No Aplica;Contributivo;No Aplica;No Aplica;76;76001;SOS -SERVICIO OCCIDENTAL DE SALUD;RÉGIMEN CONTRIBUTIVO;EPS018;SERVICIO OCCIDENTAL DE SALUD (SOS);76;76001;01;"BARRERAS EN EL ACCESO A TECNOLOGÍAS Y SERVICIOS DE SALUD; Y OTROS ELEMENTOS COMPLEMENTARIOS PARA LA ATENCIÓN DEL USUARIO";0101;FALTA DE OPORTUNIDAD EN LA PRESTACIÓN DE TECNOLOGÍAS EN SALUD Y OTROS ELEMENTOS COMPLEMENTARIOS PARA LA ATENCIÓN DEL USUARIO;010103;FALTA DE OPORTUNIDAD EN LA ATENCIÓN EN OTROS SERVICIOS DE SALUD;01010308;PROCEDIMIENTOS NO QUIRÚRGICOS;01010308001;IMAGENOLOGÍA;PROBLEMAS RELACIONADOS CON FACILIDADES DE ATENCIÓN MÉDICA U OTROS SERVICIOS DE SALUD;PROBLEMAS RELACIONADOS CON FACILIDADES DE ATENCIÓN MÉDICA U OTROS SERVICIOS DE SALUD;PROBLEMAS RELACIONADOS CON FACILIDADES DE ATENCIÓN MEDICA U OTROS SERVICIOS DE SALUD;No aplica;SIMPLE
750;2023;7;Web;05;05001;US- 000000702725;A nombre propio;HOMBRE;55;DE 50 A 62 AÑOS;No Aplica;Contributivo;No Aplica;No Aplica;05;05001;SURAMERICANA EPS;RÉGIMEN CONTRIBUTIVO;EPS010;EPS SURA;05;05001;01;"BARRERAS EN EL ACCESO A TECNOLOGÍAS Y SERVICIOS DE SALUD; Y OTROS ELEMENTOS COMPLEMENTARIOS PARA LA ATENCIÓN DEL USUARIO";0101;FALTA DE OPORTUNIDAD EN LA PRESTACIÓN DE TECNOLOGÍAS EN SALUD Y OTROS ELEMENTOS COMPLEMENTARIOS PARA LA ATENCIÓN DEL USUARIO;010103;FALTA DE OPORTUNIDAD EN LA ATENCIÓN EN OTROS SERVICIOS DE SALUD;01010309;PROCEDIMIENTOS QUIRÚRGICOS;01010309003;OTROS PROCEDIMIENTOS QUIRÚRGICOS;PROBLEMAS RELACIONADOS CON FACILIDADES DE ATENCIÓN MÉDICA U OTROS SERVICIOS DE SALUD;PROBLEMAS RELACIONADOS CON FACILIDADES DE ATENCIÓN MÉDICA U OTROS SERVICIOS DE SALUD;HERNIA UMBILICAL;No aplica;SIMPLE
751;2023;7;Web;76;76520;US- 000003273666;Madre;MUJER;6;DE 6 A 12 AÑOS;No Aplica;Contributivo;No Aplica;No Aplica;76;76520;SURAMERICANA EPS;RÉGIMEN CONTRIBUTIVO;EPS010;EPS SURA;76;76520;01;"BARRERAS EN EL ACCESO A TECNOLOGÍAS Y SERVICIOS DE SALUD; Y OTROS ELEMENTOS COMPLEMENTARIOS PARA LA ATENCIÓN DEL USUARIO";0101;FALTA DE OPORTUNIDAD EN LA PRESTACIÓN DE TECNOLOGÍAS EN SALUD Y OTROS ELEMENTOS COMPLEMENTARIOS PARA LA ATENCIÓN DEL USUARIO;010104;FALTA DE OPORTUNIDAD EN LA ENTREGA O ENTREGA INCOMPLETA DE TECNOLOGÍAS EN SALUD Y/O PRESTACIÓN DE OTROS SERVICIOS;01010401;MEDICAMENTOS UPC;;;PROBLEMAS RELACIONADOS CON FACILIDADES DE ATENCIÓN MÉDICA U OTROS SERVICIOS DE SALUD;PROBLEMAS RELACIONADOS CON FACILIDADES DE ATENCIÓN MÉDICA U OTROS SERVICIOS DE SALUD;FIEBRE, NO ESPECIFICADA;No aplica;SIMPLE
752;2023;7;Web;41;41551;US- 000003263239;A nombre propio;HOMBRE;16;DE 13 A 17 AÑOS;No Aplica;Régimen Especial;No Aplica;No Aplica;41;41551;MAGISTERIO;REGÍMENES DE EXCEPCIÓN Y ESPECIALES;REMG01;MAGISTERIO;41;41551;01;"BARRERAS EN EL ACCESO A TECNOLOGÍAS Y SERVICIOS DE SALUD; Y OTROS ELEMENTOS COMPLEMENTARIOS PARA LA ATENCIÓN DEL USUARIO";0101;FALTA DE OPORTUNIDAD EN LA PRESTACIÓN DE TECNOLOGÍAS EN SALUD Y OTROS ELEMENTOS COMPLEMENTARIOS PARA LA ATENCIÓN DEL USUARIO;010101;FALTA DE OPORTUNIDAD EN LAS CITAS O CONSULTAS;01010103;ESPECIALIDADES MÉDICAS ;01010103044;GENÉTICA MÉDICA;PROBLEMAS RELACIONADOS CON FACILIDADES DE ATENCIÓN MÉDICA U OTROS SERVICIOS DE SALUD;PROBLEMAS RELACIONADOS CON FACILIDADES DE ATENCIÓN MÉDICA U OTROS SERVICIOS DE SALUD;MIOPATÍA INFLAMATORIA, NO CLASIFICADA EN OTRA PARTE;No aplica;PRIORIZADO
753;2023;7;Web;11;11001;US- 000001307058;Madre;MUJER;15;DE 13 A 17 AÑOS;No Aplica;Subsidiado;No Aplica;Desplazado;11;11001;COMPENSAR;RÉGIMEN CONTRIBUTIVO;EPS008;COMPENSAR;11;11001;01;"BARRERAS EN EL ACCESO A TECNOLOGÍAS Y SERVICIOS DE SALUD; Y OTROS ELEMENTOS COMPLEMENTARIOS PARA LA ATENCIÓN DEL USUARIO";0101;FALTA DE OPORTUNIDAD EN LA PRESTACIÓN DE TECNOLOGÍAS EN SALUD Y OTROS ELEMENTOS COMPLEMENTARIOS PARA LA ATENCIÓN DEL USUARIO;010101;FALTA DE OPORTUNIDAD EN LAS CITAS O CONSULTAS;01010101;MEDICINA GENERAL;;;PROBLEMAS RELACIONADOS CON FACILIDADES DE ATENCIÓN MÉDICA U OTROS SERVICIOS DE SALUD;PROBLEMAS RELACIONADOS CON FACILIDADES DE ATENCIÓN MÉDICA U OTROS SERVICIOS DE SALUD;PROBLEMAS RELACIONADOS CON FACILIDADES DE ATENCIÓN MEDICA U OTROS SERVICIOS DE SALUD;No aplica;SIMPLE
754;2023;7;Web;05;05001;US- 000000163096;A nombre propio;MUJER;99;MAYOR DE 63 AÑOS ;No Aplica;Contributivo;No Aplica;No Aplica;05;05001;SURAMERICANA EPS;RÉGIMEN CONTRIBUTIVO;EPS010;EPS SURA;05;05001;01;"BARRERAS EN EL ACCESO A TECNOLOGÍAS Y SERVICIOS DE SALUD; Y OTROS ELEMENTOS COMPLEMENTARIOS PARA LA ATENCIÓN DEL USUARIO";0101;FALTA DE OPORTUNIDAD EN LA PRESTACIÓN DE TECNOLOGÍAS EN SALUD Y OTROS ELEMENTOS COMPLEMENTARIOS PARA LA ATENCIÓN DEL USUARIO;010104;FALTA DE OPORTUNIDAD EN LA ENTREGA O ENTREGA INCOMPLETA DE TECNOLOGÍAS EN SALUD Y/O PRESTACIÓN DE OTROS SERVICIOS;01010401;MEDICAMENTOS UPC;;;PROBLEMAS RELACIONADOS CON FACILIDADES DE ATENCIÓN MÉDICA U OTROS SERVICIOS DE SALUD;PROBLEMAS RELACIONADOS CON FACILIDADES DE ATENCIÓN MÉDICA U OTROS SERVICIOS DE SALUD;PROBLEMAS RELACIONADOS CON FACILIDADES DE ATENCIÓN MEDICA U OTROS SERVICIOS DE SALUD;No aplica;SIMPLE
755;2023;7;Personalizado;11;11001;US- 000001290216;A nombre propio;MUJER;33;DE 30 A 37 AÑOS;Secundaria;Contributivo;No Aplica;No Aplica;11;11001;COMPENSAR;RÉGIMEN CONTRIBUTIVO;EPS008;COMPENSAR;11;11001;01;"BARRERAS EN EL ACCESO A TECNOLOGÍAS Y SERVICIOS DE SALUD; Y OTROS ELEMENTOS COMPLEMENTARIOS PARA LA ATENCIÓN DEL USUARIO";0101;FALTA DE OPORTUNIDAD EN LA PRESTACIÓN DE TECNOLOGÍAS EN SALUD Y OTROS ELEMENTOS COMPLEMENTARIOS PARA LA ATENCIÓN DEL USUARIO;010101;FALTA DE OPORTUNIDAD EN LAS CITAS O CONSULTAS;01010104;ESPECIALIDADES ODONTOLÓGICAS;01010104003;ENDODONCIA;PROBLEMAS RELACIONADOS CON FACILIDADES DE ATENCIÓN MÉDICA U OTROS SERVICIOS DE SALUD;PROBLEMAS RELACIONADOS CON FACILIDADES DE ATENCIÓN MÉDICA U OTROS SERVICIOS DE SALUD;CELULITIS Y ABSCESO DE BOCA;No aplica;PRIORIZADO
756;2023;7;Telefónico;05;05001;US- 000000224790;Cónyuge;MUJER;68;MAYOR DE 63 AÑOS ;Secundaria;Contributivo;No Aplica;No Aplica;05;05001;SALUD TOTAL;RÉGIMEN CONTRIBUTIVO;EPS002;SALUD TOTAL;05;05001;01;"BARRERAS EN EL ACCESO A TECNOLOGÍAS Y SERVICIOS DE SALUD; Y OTROS ELEMENTOS COMPLEMENTARIOS PARA LA ATENCIÓN DEL USUARIO";0101;FALTA DE OPORTUNIDAD EN LA PRESTACIÓN DE TECNOLOGÍAS EN SALUD Y OTROS ELEMENTOS COMPLEMENTARIOS PARA LA ATENCIÓN DEL USUARIO;010101;FALTA DE OPORTUNIDAD EN LAS CITAS O CONSULTAS;01010103;ESPECIALIDADES MÉDICAS ;01010103075;OFTALMOLOGÍA;PROBLEMAS RELACIONADOS CON FACILIDADES DE ATENCIÓN MÉDICA U OTROS SERVICIOS DE SALUD;PROBLEMAS RELACIONADOS CON FACILIDADES DE ATENCIÓN MÉDICA U OTROS SERVICIOS DE SALUD;CEFALEA;No aplica;SIMPLE
757;2023;7;Telefónico;25;25175;US- 000001769341;Madre;MUJER;9;DE 6 A 12 AÑOS;Primaria Incompleta;Contributivo;No Aplica;No Aplica;25;25175;SURAMERICANA EPS;RÉGIMEN CONTRIBUTIVO;EPS010;EPS SURA;25;25175;01;"BARRERAS EN EL ACCESO A TECNOLOGÍAS Y SERVICIOS DE SALUD; Y OTROS ELEMENTOS COMPLEMENTARIOS PARA LA ATENCIÓN DEL USUARIO";0101;FALTA DE OPORTUNIDAD EN LA PRESTACIÓN DE TECNOLOGÍAS EN SALUD Y OTROS ELEMENTOS COMPLEMENTARIOS PARA LA ATENCIÓN DEL USUARIO;010101;FALTA DE OPORTUNIDAD EN LAS CITAS O CONSULTAS;01010103;ESPECIALIDADES MÉDICAS ;01010103075;OFTALMOLOGÍA;PROBLEMAS RELACIONADOS CON FACILIDADES DE ATENCIÓN MÉDICA U OTROS SERVICIOS DE SALUD;PROBLEMAS RELACIONADOS CON FACILIDADES DE ATENCIÓN MÉDICA U OTROS SERVICIOS DE SALUD;ASTIGMATISMO;No aplica;SIMPLE
758;2023;7;Web;52;52001;US- 000003291696;A nombre propio;MUJER;55;DE 50 A 62 AÑOS;No Aplica;Subsidiado;No Aplica;No Aplica;52;52001;NUEVA EPS;RÉGIMEN SUBSIDIADO;EPSS41;NUEVA EPS;52;52001;01;"BARRERAS EN EL ACCESO A TECNOLOGÍAS Y SERVICIOS DE SALUD; Y OTROS ELEMENTOS COMPLEMENTARIOS PARA LA ATENCIÓN DEL USUARIO";0103;FALTA DE OPORTUNIDAD EN LA AUTORIZACIÓN DE TECNOLOGÍAS EN SALUD Y OTROS ELEMENTOS COMPLEMENTARIOS PARA LA ATENCIÓN DEL USUARIO;010302;FALTA DE OPORTUNIDAD EN LA AUTORIZACIÓN DE CITAS DE CONSULTA;01030203;ESPECIALIDADES MÉDICAS ;01030203033;DERMATOLOGÍA;PROBLEMAS RELACIONADOS CON FACILIDADES DE ATENCIÓN MÉDICA U OTROS SERVICIOS DE SALUD;PROBLEMAS RELACIONADOS CON FACILIDADES DE ATENCIÓN MÉDICA U OTROS SERVICIOS DE SALUD;PROBLEMAS RELACIONADOS CON FACILIDADES DE ATENCIÓN MEDICA U OTROS SERVICIOS DE SALUD;No aplica;SIMPLE
759;2023;7;Web;17;17001;US- 000000586920;A nombre propio;MUJER;64;MAYOR DE 63 AÑOS ;No Aplica;Régimen Especial;No Aplica;No Aplica;17;17001;MAGISTERIO;REGÍMENES DE EXCEPCIÓN Y ESPECIALES;REMG01;MAGISTERIO;17;17001;02;INSATISFACCIÓN RELACIONADA CON LA ATENCIÓN EN SALUD;0202;INSATISFACCIÓN RELACIONADA CON LA ATENCIÓN DEL PERSONAL EN SALUD;020201;INSATISFACCIÓN RELACIONADA CON LA ATENCIÓN DEL PERSONAL EN SALUD;02020104;INSUFICIENTE INFORMACIÓN SOBRE LA ATENCIÓN EN SALUD;;;ENFERMEDADES OSTEOARTICULARES;NEUROLÓGICAS;TRASTORNO INTERNO DE LA RODILLA;No aplica;SIMPLE
760;2023;7;Web;25;25769;US- 000003279866;A nombre propio;MUJER;10;DE 6 A 12 AÑOS;No Aplica;Subsidiado;No Aplica;No Aplica;25;25769;NUEVA EPS;RÉGIMEN SUBSIDIADO;EPSS41;NUEVA EPS;25;25769;01;"BARRERAS EN EL ACCESO A TECNOLOGÍAS Y SERVICIOS DE SALUD; Y OTROS ELEMENTOS COMPLEMENTARIOS PARA LA ATENCIÓN DEL USUARIO";0101;FALTA DE OPORTUNIDAD EN LA PRESTACIÓN DE TECNOLOGÍAS EN SALUD Y OTROS ELEMENTOS COMPLEMENTARIOS PARA LA ATENCIÓN DEL USUARIO;010101;FALTA DE OPORTUNIDAD EN LAS CITAS O CONSULTAS;01010105;PSICOLOGÍA;;;PROBLEMAS RELACIONADOS CON FACILIDADES DE ATENCIÓN MÉDICA U OTROS SERVICIOS DE SALUD;PROBLEMAS RELACIONADOS CON FACILIDADES DE ATENCIÓN MÉDICA U OTROS SERVICIOS DE SALUD;PROBLEMAS RELACIONADOS CON FACILIDADES DE ATENCIÓN MEDICA U OTROS SERVICIOS DE SALUD;No aplica;SIMPLE
761;2023;7;Web;05;05129;US- 000003296021;A nombre propio;MUJER;72;MAYOR DE 63 AÑOS ;No Aplica;Contributivo;No Aplica;No Aplica;05;05129;SURAMERICANA EPS;RÉGIMEN CONTRIBUTIVO;EPS010;EPS SURA;05;05129;01;"BARRERAS EN EL ACCESO A TECNOLOGÍAS Y SERVICIOS DE SALUD; Y OTROS ELEMENTOS COMPLEMENTARIOS PARA LA ATENCIÓN DEL USUARIO";0101;FALTA DE OPORTUNIDAD EN LA PRESTACIÓN DE TECNOLOGÍAS EN SALUD Y OTROS ELEMENTOS COMPLEMENTARIOS PARA LA ATENCIÓN DEL USUARIO;010105;FALTA DE OPORTUNIDAD EN EL PROCESO DE REFERENCIA Y CONTRARREFERENCIA;;;;;ENFERMEDADES OSTEOARTICULARES;NEUROLÓGICAS;OTRAS CONVULSIONES Y LAS NO ESPECIFICADAS;No aplica;RIESGO VITAL
762;2023;7;Telefónico;54;54001;US- 000003304372;A nombre propio;MUJER;60;DE 50 A 62 AÑOS;Primaria Incompleta;Contributivo;No Aplica;No Aplica;54;54001;NUEVA EPS;RÉGIMEN CONTRIBUTIVO;EPS037;NUEVA EPS;54;54001;01;"BARRERAS EN EL ACCESO A TECNOLOGÍAS Y SERVICIOS DE SALUD; Y OTROS ELEMENTOS COMPLEMENTARIOS PARA LA ATENCIÓN DEL USUARIO";0101;FALTA DE OPORTUNIDAD EN LA PRESTACIÓN DE TECNOLOGÍAS EN SALUD Y OTROS ELEMENTOS COMPLEMENTARIOS PARA LA ATENCIÓN DEL USUARIO;010104;FALTA DE OPORTUNIDAD EN LA ENTREGA O ENTREGA INCOMPLETA DE TECNOLOGÍAS EN SALUD Y/O PRESTACIÓN DE OTROS SERVICIOS;01010402;MEDICAMENTOS NO UPC;;;PROBLEMAS RELACIONADOS CON FACILIDADES DE ATENCIÓN MÉDICA U OTROS SERVICIOS DE SALUD;PROBLEMAS RELACIONADOS CON FACILIDADES DE ATENCIÓN MÉDICA U OTROS SERVICIOS DE SALUD;ULCERA DEL MIEMBRO INFERIOR, NO CLASIFICADA EN OTRA PARTE;No aplica;SIMPLE
763;2023;7;Personalizado;19;19548;US- 000003270566;A nombre propio;MUJER;28;DE 25 A 29 AÑOS;Primaria Incompleta;Subsidiado;No Aplica;Víctima del conflicto armado;19;19548;ASMET SALUD EPS;RÉGIMEN SUBSIDIADO;ESS062;ASMET SALUD;19;19548;01;"BARRERAS EN EL ACCESO A TECNOLOGÍAS Y SERVICIOS DE SALUD; Y OTROS ELEMENTOS COMPLEMENTARIOS PARA LA ATENCIÓN DEL USUARIO";0101;FALTA DE OPORTUNIDAD EN LA PRESTACIÓN DE TECNOLOGÍAS EN SALUD Y OTROS ELEMENTOS COMPLEMENTARIOS PARA LA ATENCIÓN DEL USUARIO;010101;FALTA DE OPORTUNIDAD EN LAS CITAS O CONSULTAS;01010103;ESPECIALIDADES MÉDICAS ;01010103094;UROLOGÍA;PROBLEMAS RELACIONADOS CON FACILIDADES DE ATENCIÓN MÉDICA U OTROS SERVICIOS DE SALUD;PROBLEMAS RELACIONADOS CON FACILIDADES DE ATENCIÓN MÉDICA U OTROS SERVICIOS DE SALUD;CALCULO DEL RIÑÓN;No aplica;SIMPLE
764;2023;7;Telefónico;11;11001;US- 000000264227;A nombre propio;MUJER;68;MAYOR DE 63 AÑOS ;Secundaria;Subsidiado;No Aplica;No Aplica;11;11001;CAPITAL SALUD;RÉGIMEN SUBSIDIADO;EPSS34;CAPITAL SALUD;11;11001;01;"BARRERAS EN EL ACCESO A TECNOLOGÍAS Y SERVICIOS DE SALUD; Y OTROS ELEMENTOS COMPLEMENTARIOS PARA LA ATENCIÓN DEL USUARIO";0101;FALTA DE OPORTUNIDAD EN LA PRESTACIÓN DE TECNOLOGÍAS EN SALUD Y OTROS ELEMENTOS COMPLEMENTARIOS PARA LA ATENCIÓN DEL USUARIO;010104;FALTA DE OPORTUNIDAD EN LA ENTREGA O ENTREGA INCOMPLETA DE TECNOLOGÍAS EN SALUD Y/O PRESTACIÓN DE OTROS SERVICIOS;01010401;MEDICAMENTOS UPC;;;PROBLEMAS RELACIONADOS CON FACILIDADES DE ATENCIÓN MÉDICA U OTROS SERVICIOS DE SALUD;PROBLEMAS RELACIONADOS CON FACILIDADES DE ATENCIÓN MÉDICA U OTROS SERVICIOS DE SALUD;GLAUCOMA;No aplica;RIESGO VITAL
765;2023;7;Web;25;25126;US- 000003278154;A nombre propio;HOMBRE;41;DE 38 A 49 AÑOS;No Aplica;Contributivo;No Aplica;No Aplica;25;25126;SANITAS;RÉGIMEN CONTRIBUTIVO;EPS005;SANITAS;25;25126;01;"BARRERAS EN EL ACCESO A TECNOLOGÍAS Y SERVICIOS DE SALUD; Y OTROS ELEMENTOS COMPLEMENTARIOS PARA LA ATENCIÓN DEL USUARIO";0101;FALTA DE OPORTUNIDAD EN LA PRESTACIÓN DE TECNOLOGÍAS EN SALUD Y OTROS ELEMENTOS COMPLEMENTARIOS PARA LA ATENCIÓN DEL USUARIO;010101;FALTA DE OPORTUNIDAD EN LAS CITAS O CONSULTAS;01010101;MEDICINA GENERAL;;;ENFERMEDADES OSTEOARTICULARES;OTROS;OTROS TRAUMATISMOS DE LA COLUMNA VERTEBRAL Y DEL TRONCO, NIVEL NO ESPECIFICADO;No aplica;SIMPLE
766;2023;7;Web;68;68276;US- 000000087440;A nombre propio;MUJER;25;DE 25 A 29 AÑOS;No Aplica;Contributivo;No Aplica;Persona con discapacidad;68;68276;SALUD TOTAL;RÉGIMEN CONTRIBUTIVO;EPS002;SALUD TOTAL;68;68276;04;INSATISFACCIÓN DEL USUARIO CON EL PROCESO ADMINISTRATIVO;0404;INSATISFACCIÓN RELACIONADA CON TRÁMITES ADMINISTRATIVOS;040401;RESTRICCIÓN EN LA LIBRE ESCOGENCIA;04040102;PRESTADOR DE SERVICIO DE SALUD;;;CÁNCER ;OTROS;TUMOR MALIGNO DE LA PARTE ANTERIOR DEL PISO DE LA BOCA;Quimioterapia y radioterapia para el cáncer;PRIORIZADO
767;2023;7;Web;20;20750;US- 000002796536;A nombre propio;MUJER;66;MAYOR DE 63 AÑOS ;No Aplica;Subsidiado;No Aplica;Víctima del conflicto armado;20;20750;ASMET SALUD EPS;RÉGIMEN SUBSIDIADO;ESS062;ASMET SALUD;20;20750;01;"BARRERAS EN EL ACCESO A TECNOLOGÍAS Y SERVICIOS DE SALUD; Y OTROS ELEMENTOS COMPLEMENTARIOS PARA LA ATENCIÓN DEL USUARIO";0102;NEGACIÓN DE TECNOLOGÍAS EN SALUD Y OTROS ELEMENTOS COMPLEMENTARIOS PARA LA ATENCIÓN DEL USUARIO;010204;NEGACIÓN PARA LA ENTREGA DE TECNOLOGÍAS EN SALUD Y/O DE OTROS SERVICIOS AUTORIZADOS;01020401;MEDICAMENTOS UPC;;;PROBLEMAS RELACIONADOS CON FACILIDADES DE ATENCIÓN MÉDICA U OTROS SERVICIOS DE SALUD;PROBLEMAS RELACIONADOS CON FACILIDADES DE ATENCIÓN MÉDICA U OTROS SERVICIOS DE SALUD;OTROS TRASTORNOS ESPECIFICADOS DE LA RETINA;No aplica;SIMPLE
768;2023;7;Telefónico;52;52001;US- 000003262321;Veedor;MUJER;22;DE 18 A 24 AÑOS;Secundaria;Subsidiado;No Aplica;No Aplica;52;52110;SANITAS;RÉGIMEN CONTRIBUTIVO;EPS005;SANITAS;52;52110;01;"BARRERAS EN EL ACCESO A TECNOLOGÍAS Y SERVICIOS DE SALUD; Y OTROS ELEMENTOS COMPLEMENTARIOS PARA LA ATENCIÓN DEL USUARIO";0101;FALTA DE OPORTUNIDAD EN LA PRESTACIÓN DE TECNOLOGÍAS EN SALUD Y OTROS ELEMENTOS COMPLEMENTARIOS PARA LA ATENCIÓN DEL USUARIO;010101;FALTA DE OPORTUNIDAD EN LAS CITAS O CONSULTAS;01010103;ESPECIALIDADES MÉDICAS ;01010103042;GASTROENTEROLOGÍA;PROBLEMAS RELACIONADOS CON FACILIDADES DE ATENCIÓN MÉDICA U OTROS SERVICIOS DE SALUD;PROBLEMAS RELACIONADOS CON FACILIDADES DE ATENCIÓN MÉDICA U OTROS SERVICIOS DE SALUD;GASTRITIS CRÓNICA, NO ESPECIFICADA;No aplica;SIMPLE
769;2023;7;Web;41;41807;US- 000001380295;Madre;HOMBRE;4;DE 0 A 5 AÑOS;No Aplica;Subsidiado;No Aplica;Persona con discapacidad;41;41807;NUEVA EPS;RÉGIMEN SUBSIDIADO;EPSS41;NUEVA EPS;41;41551;01;"BARRERAS EN EL ACCESO A TECNOLOGÍAS Y SERVICIOS DE SALUD; Y OTROS ELEMENTOS COMPLEMENTARIOS PARA LA ATENCIÓN DEL USUARIO";0101;FALTA DE OPORTUNIDAD EN LA PRESTACIÓN DE TECNOLOGÍAS EN SALUD Y OTROS ELEMENTOS COMPLEMENTARIOS PARA LA ATENCIÓN DEL USUARIO;010101;FALTA DE OPORTUNIDAD EN LAS CITAS O CONSULTAS;01010103;ESPECIALIDADES MÉDICAS ;01010103073;NEUROLOGÍA PEDIÁTRICA - NEUROPEDIATRÍA;ENFERMEDADES HUÉRFANAS;OTROS;OTRAS ENFERMEDADES CEREBROVASCULARES;No aplica;PRIORIZADO
770;2023;7;Personalizado;99;99001;US- 000003262344;Cónyuge;MUJER;22;DE 18 A 24 AÑOS;No Aplica;Subsidiado;No Aplica;Mujer en estado de gestación;99;99001;NUEVA EPS;RÉGIMEN SUBSIDIADO;EPSS41;NUEVA EPS;99;99001;01;"BARRERAS EN EL ACCESO A TECNOLOGÍAS Y SERVICIOS DE SALUD; Y OTROS ELEMENTOS COMPLEMENTARIOS PARA LA ATENCIÓN DEL USUARIO";0101;FALTA DE OPORTUNIDAD EN LA PRESTACIÓN DE TECNOLOGÍAS EN SALUD Y OTROS ELEMENTOS COMPLEMENTARIOS PARA LA ATENCIÓN DEL USUARIO;010105;FALTA DE OPORTUNIDAD EN EL PROCESO DE REFERENCIA Y CONTRARREFERENCIA;;;;;MATERNO INFANTIL;ATENCIÓN EN EL EMBARAZO;FALSO TRABAJO DE PARTO ANTES DE LA 37 SEMANAS COMPLETAS DE GESTACIÓN;No aplica;RIESGO VITAL
771;2023;7;Web;73;73001;US- 000003038886;Cuidador (A);MUJER;7;DE 6 A 12 AÑOS;No Aplica;Subsidiado;No Aplica;No Aplica;73;73030;NUEVA EPS;RÉGIMEN SUBSIDIADO;EPSS41;NUEVA EPS;73;73001;01;"BARRERAS EN EL ACCESO A TECNOLOGÍAS Y SERVICIOS DE SALUD; Y OTROS ELEMENTOS COMPLEMENTARIOS PARA LA ATENCIÓN DEL USUARIO";0101;FALTA DE OPORTUNIDAD EN LA PRESTACIÓN DE TECNOLOGÍAS EN SALUD Y OTROS ELEMENTOS COMPLEMENTARIOS PARA LA ATENCIÓN DEL USUARIO;010101;FALTA DE OPORTUNIDAD EN LAS CITAS O CONSULTAS;01010103;ESPECIALIDADES MÉDICAS ;01010103054;INFECTOLOGÍA;PROBLEMAS RELACIONADOS CON FACILIDADES DE ATENCIÓN MÉDICA U OTROS SERVICIOS DE SALUD;PROBLEMAS RELACIONADOS CON FACILIDADES DE ATENCIÓN MÉDICA U OTROS SERVICIOS DE SALUD;ESTRABISMO, NO ESPECIFICADO;No aplica;SIMPLE
772;2023;7;Escrito;11;11001;US- 000002967421;Madre;MUJER;0;DE 0 A 5 AÑOS;No Aplica;Contributivo;No Aplica;No Aplica;11;11001;COMPENSAR;RÉGIMEN CONTRIBUTIVO;EPS008;COMPENSAR;11;11001;01;"BARRERAS EN EL ACCESO A TECNOLOGÍAS Y SERVICIOS DE SALUD; Y OTROS ELEMENTOS COMPLEMENTARIOS PARA LA ATENCIÓN DEL USUARIO";0101;FALTA DE OPORTUNIDAD EN LA PRESTACIÓN DE TECNOLOGÍAS EN SALUD Y OTROS ELEMENTOS COMPLEMENTARIOS PARA LA ATENCIÓN DEL USUARIO;010104;FALTA DE OPORTUNIDAD EN LA ENTREGA O ENTREGA INCOMPLETA DE TECNOLOGÍAS EN SALUD Y/O PRESTACIÓN DE OTROS SERVICIOS;01010401;MEDICAMENTOS UPC;;;MATERNO INFANTIL;ATENCIÓN NIÑOS MENORES DE 5 AÑOS;OTROS PROBLEMAS RELACIONADOS CON SERVICIOS MÉDICOS Y DE SALUD;No aplica;SIMPLE
773;2023;7;Personalizado;05;05001;US- 000003298870;A nombre propio;MUJER;58;DE 50 A 62 AÑOS;Universitario;Contributivo;No Aplica;No Aplica;05;05001;NUEVA EPS;RÉGIMEN CONTRIBUTIVO;EPS037;NUEVA EPS;05;05001;04;INSATISFACCIÓN DEL USUARIO CON EL PROCESO ADMINISTRATIVO;0404;INSATISFACCIÓN RELACIONADA CON TRÁMITES ADMINISTRATIVOS;040404;INCONSISTENCIA RELACIONADA CON COBROS Y/O APORTES;04040403;COBRO COPAGO;;;ENFERMEDADES OSTEOARTICULARES;OTROS;GONARTROSIS PRIMARIA, BILATERAL;No aplica;SIMPLE
774;2023;7;Web;25;25126;US- 000003302853;A nombre propio;MUJER;50;DE 50 A 62 AÑOS;No Aplica;Contributivo;No Aplica;No Aplica;25;25126;SANITAS;RÉGIMEN CONTRIBUTIVO;EPS005;SANITAS;25;25126;01;"BARRERAS EN EL ACCESO A TECNOLOGÍAS Y SERVICIOS DE SALUD; Y OTROS ELEMENTOS COMPLEMENTARIOS PARA LA ATENCIÓN DEL USUARIO";0101;FALTA DE OPORTUNIDAD EN LA PRESTACIÓN DE TECNOLOGÍAS EN SALUD Y OTROS ELEMENTOS COMPLEMENTARIOS PARA LA ATENCIÓN DEL USUARIO;010101;FALTA DE OPORTUNIDAD EN LAS CITAS O CONSULTAS;01010108;FISIOTERAPIA;;;PROBLEMAS RELACIONADOS CON FACILIDADES DE ATENCIÓN MÉDICA U OTROS SERVICIOS DE SALUD;PROBLEMAS RELACIONADOS CON FACILIDADES DE ATENCIÓN MÉDICA U OTROS SERVICIOS DE SALUD;OTROS PROBLEMAS RELACIONADOS CON SERVICIOS MÉDICOS Y DE SALUD;No aplica;SIMPLE
775;2023;7;Personalizado;11;11001;US- 000002534940;Hijo (A);MUJER;70;MAYOR DE 63 AÑOS ;Primaria;Contributivo;No Aplica;Persona con discapacidad;11;11001;COMPENSAR;RÉGIMEN CONTRIBUTIVO;EPS008;COMPENSAR;11;11001;01;"BARRERAS EN EL ACCESO A TECNOLOGÍAS Y SERVICIOS DE SALUD; Y OTROS ELEMENTOS COMPLEMENTARIOS PARA LA ATENCIÓN DEL USUARIO";0101;FALTA DE OPORTUNIDAD EN LA PRESTACIÓN DE TECNOLOGÍAS EN SALUD Y OTROS ELEMENTOS COMPLEMENTARIOS PARA LA ATENCIÓN DEL USUARIO;010104;FALTA DE OPORTUNIDAD EN LA ENTREGA O ENTREGA INCOMPLETA DE TECNOLOGÍAS EN SALUD Y/O PRESTACIÓN DE OTROS SERVICIOS;01010401;MEDICAMENTOS UPC;;;ENFERMEDADES OSTEOARTICULARES;OTROS;URTICARIA IDIOPÁTICA;No aplica;SIMPLE
776;2023;7;Chat;13;13430;US- 000003261325;A nombre propio;MUJER;23;DE 18 A 24 AÑOS;Secundaria;Subsidiado;No Aplica;No Aplica;13;13430;MUTUAL SER;RÉGIMEN SUBSIDIADO;ESS207;MUTUAL SER;13;13430;01;"BARRERAS EN EL ACCESO A TECNOLOGÍAS Y SERVICIOS DE SALUD; Y OTROS ELEMENTOS COMPLEMENTARIOS PARA LA ATENCIÓN DEL USUARIO";0102;NEGACIÓN DE TECNOLOGÍAS EN SALUD Y OTROS ELEMENTOS COMPLEMENTARIOS PARA LA ATENCIÓN DEL USUARIO;010207;NEGACIÓN EN LA AUTORIZACIÓN DE TECNOLOGÍAS EN SALUD Y/O DE OTROS SERVICIOS;01020708;TRANSPORTE, ALOJAMIENTO O ALIMENTACIÓN;;;ENFERMEDADES OSTEOARTICULARES;OTROS;OTOSCLEROSIS, NO ESPECIFICADA;No aplica;SIMPLE
777;2023;7;Escrito;05;05142;US- 000001620187;A nombre propio;MUJER;57;DE 50 A 62 AÑOS;No Aplica;Contributivo;No Aplica;No Aplica;05;05142;NUEVA EPS;RÉGIMEN CONTRIBUTIVO;EPS037;NUEVA EPS;05;05142;01;"BARRERAS EN EL ACCESO A TECNOLOGÍAS Y SERVICIOS DE SALUD; Y OTROS ELEMENTOS COMPLEMENTARIOS PARA LA ATENCIÓN DEL USUARIO";0101;FALTA DE OPORTUNIDAD EN LA PRESTACIÓN DE TECNOLOGÍAS EN SALUD Y OTROS ELEMENTOS COMPLEMENTARIOS PARA LA ATENCIÓN DEL USUARIO;010103;FALTA DE OPORTUNIDAD EN LA ATENCIÓN EN OTROS SERVICIOS DE SALUD;01010309;PROCEDIMIENTOS QUIRÚRGICOS;01010309003;OTROS PROCEDIMIENTOS QUIRÚRGICOS;PROBLEMAS RELACIONADOS CON FACILIDADES DE ATENCIÓN MÉDICA U OTROS SERVICIOS DE SALUD;PROBLEMAS RELACIONADOS CON FACILIDADES DE ATENCIÓN MÉDICA U OTROS SERVICIOS DE SALUD;FISTULA VESICOVAGINAL;No aplica;SIMPLE
778;2023;7;Web;11;11001;US- 000002624113;A nombre propio;HOMBRE;35;DE 30 A 37 AÑOS;No Aplica;Subsidiado;No Aplica;No Aplica;11;11001;FAMISANAR;RÉGIMEN CONTRIBUTIVO;EPS017;FAMISANAR;11;11001;01;"BARRERAS EN EL ACCESO A TECNOLOGÍAS Y SERVICIOS DE SALUD; Y OTROS ELEMENTOS COMPLEMENTARIOS PARA LA ATENCIÓN DEL USUARIO";0101;FALTA DE OPORTUNIDAD EN LA PRESTACIÓN DE TECNOLOGÍAS EN SALUD Y OTROS ELEMENTOS COMPLEMENTARIOS PARA LA ATENCIÓN DEL USUARIO;010101;FALTA DE OPORTUNIDAD EN LAS CITAS O CONSULTAS;01010103;ESPECIALIDADES MÉDICAS ;01010103072;NEUROLOGÍA;ENFERMEDADES NEUROLÓGICAS;EPILEPSIA;EPILEPSIA Y SÍNDROMES EPILÉPTICOS IDIOPÁTICOS RELACIONADOS CON LOCALIZACIONES (FOCALES) (PARCIALES) Y CON ATAQUES DE INICIO LOCALIZADO;No aplica;PRIORIZADO
779;2023;7;Telefónico;66;66001;US- 000001730857;Hermano (A);HOMBRE;63;MAYOR DE 63 AÑOS ;Primaria Incompleta;Subsidiado;No Aplica;Persona con discapacidad;66;66001;NUEVA EPS;RÉGIMEN SUBSIDIADO;EPSS41;NUEVA EPS;66;66088;01;"BARRERAS EN EL ACCESO A TECNOLOGÍAS Y SERVICIOS DE SALUD; Y OTROS ELEMENTOS COMPLEMENTARIOS PARA LA ATENCIÓN DEL USUARIO";0102;NEGACIÓN DE TECNOLOGÍAS EN SALUD Y OTROS ELEMENTOS COMPLEMENTARIOS PARA LA ATENCIÓN DEL USUARIO;010207;NEGACIÓN EN LA AUTORIZACIÓN DE TECNOLOGÍAS EN SALUD Y/O DE OTROS SERVICIOS;01020701;MEDICAMENTOS UPC;;;PROBLEMAS RELACIONADOS CON FACILIDADES DE ATENCIÓN MÉDICA U OTROS SERVICIOS DE SALUD;PROBLEMAS RELACIONADOS CON FACILIDADES DE ATENCIÓN MÉDICA U OTROS SERVICIOS DE SALUD;GLAUCOMA;No aplica;PRIORIZADO
780;2023;7;Personalizado;85;85001;US- 000003287205;Hijo (A);MUJER;76;MAYOR DE 63 AÑOS ;Primaria;Subsidiado;ROM- Gitano;No Aplica;85;85001;CAPRESOCA;RÉGIMEN SUBSIDIADO;EPS025;CAPRESOCA;85;85001;01;"BARRERAS EN EL ACCESO A TECNOLOGÍAS Y SERVICIOS DE SALUD; Y OTROS ELEMENTOS COMPLEMENTARIOS PARA LA ATENCIÓN DEL USUARIO";0101;FALTA DE OPORTUNIDAD EN LA PRESTACIÓN DE TECNOLOGÍAS EN SALUD Y OTROS ELEMENTOS COMPLEMENTARIOS PARA LA ATENCIÓN DEL USUARIO;010103;FALTA DE OPORTUNIDAD EN LA ATENCIÓN EN OTROS SERVICIOS DE SALUD;01010309;PROCEDIMIENTOS QUIRÚRGICOS;01010309003;OTROS PROCEDIMIENTOS QUIRÚRGICOS;CÁNCER ;OTROS;TUMOR MALIGNO DE LA PIEL DE OTRAS PARTES Y DE LAS NO ESPECIFICADAS DE LA CARA;No aplica;PRIORIZADO
781;2023;7;Web;76;76147;US- 000002448130;Otro;HOMBRE;45;DE 38 A 49 AÑOS;No Aplica;Subsidiado;No Aplica;No Aplica;76;76147;SANITAS;RÉGIMEN CONTRIBUTIVO;EPS005;SANITAS;76;76147;01;"BARRERAS EN EL ACCESO A TECNOLOGÍAS Y SERVICIOS DE SALUD; Y OTROS ELEMENTOS COMPLEMENTARIOS PARA LA ATENCIÓN DEL USUARIO";0101;FALTA DE OPORTUNIDAD EN LA PRESTACIÓN DE TECNOLOGÍAS EN SALUD Y OTROS ELEMENTOS COMPLEMENTARIOS PARA LA ATENCIÓN DEL USUARIO;010105;FALTA DE OPORTUNIDAD EN EL PROCESO DE REFERENCIA Y CONTRARREFERENCIA;;;;;CÁNCER ;OTROS;TUMOR MALIGNO DEL CEREBRO, EXCEPTO LÓBULOS Y VENTRÍCULOS;No aplica;RIESGO VITAL
782;2023;7;Personalizado;11;11001;US- 000003279529;Abuelo (A);HOMBRE;0;DE 0 A 5 AÑOS;Ninguno;Subsidiado;No Aplica;No Aplica;11;11001;CAPITAL SALUD;RÉGIMEN SUBSIDIADO;EPSS34;CAPITAL SALUD;11;11001;01;"BARRERAS EN EL ACCESO A TECNOLOGÍAS Y SERVICIOS DE SALUD; Y OTROS ELEMENTOS COMPLEMENTARIOS PARA LA ATENCIÓN DEL USUARIO";0101;FALTA DE OPORTUNIDAD EN LA PRESTACIÓN DE TECNOLOGÍAS EN SALUD Y OTROS ELEMENTOS COMPLEMENTARIOS PARA LA ATENCIÓN DEL USUARIO;010101;FALTA DE OPORTUNIDAD EN LAS CITAS O CONSULTAS;01010103;ESPECIALIDADES MÉDICAS ;01010103073;NEUROLOGÍA PEDIÁTRICA - NEUROPEDIATRÍA;ENFERMEDADES OSTEOARTICULARES;NEUROLÓGICAS;OTRO PESO BAJO AL NACER;No aplica;PRIORIZADO
783;2023;7;Web;19;19397;US- 000003288513;A nombre propio;MUJER;76;MAYOR DE 63 AÑOS ;Ninguno;Subsidiado;Indígena;No Aplica;19;19397;ASOCIACIÓN INDÍGENA DEL CAUCA (AIC) -EPSI;RÉGIMEN SUBSIDIADO;EPSI03;AIC - ASOCIACIÓN INDÍGENA DEL CAUCA (EPS-I CAUCA);19;19397;02;INSATISFACCIÓN RELACIONADA CON LA ATENCIÓN EN SALUD;0201;INSATISFACCIÓN RELACIONADA CON LA ATENCIÓN EN SALUD POR FALTA DE OPORTUNIDAD;020101;INSATISFACCIÓN POR FALTA DE OPORTUNIDAD EN LA ATENCIÓN POR PARTE DEL PERSONAL DE SALUD;02010104;SERVICIO DE URGENCIAS;;;PROBLEMAS RELACIONADOS CON FACILIDADES DE ATENCIÓN MÉDICA U OTROS SERVICIOS DE SALUD;PROBLEMAS RELACIONADOS CON FACILIDADES DE ATENCIÓN MÉDICA U OTROS SERVICIOS DE SALUD;OTRAS INTOXICACIONES INTESTINALES BACTERIANAS;No aplica;PRIORIZADO
784;2023;7;Telefónico;05;05001;US- 000003309402;Hermano (A);HOMBRE;42;DE 38 A 49 AÑOS;Universitario Incompleto;Contributivo;No Aplica;No Aplica;05;05001;SURAMERICANA EPS;RÉGIMEN CONTRIBUTIVO;EPS010;EPS SURA;05;05088;01;"BARRERAS EN EL ACCESO A TECNOLOGÍAS Y SERVICIOS DE SALUD; Y OTROS ELEMENTOS COMPLEMENTARIOS PARA LA ATENCIÓN DEL USUARIO";0101;FALTA DE OPORTUNIDAD EN LA PRESTACIÓN DE TECNOLOGÍAS EN SALUD Y OTROS ELEMENTOS COMPLEMENTARIOS PARA LA ATENCIÓN DEL USUARIO;010103;FALTA DE OPORTUNIDAD EN LA ATENCIÓN EN OTROS SERVICIOS DE SALUD;01010308;PROCEDIMIENTOS NO QUIRÚRGICOS;01010308001;IMAGENOLOGÍA;ENFERMEDADES CRÓNICAS NO TRANSMISIBLES- FACTORES DE RIESGO;OBESIDAD;OBESIDAD;No aplica;PRIORIZADO
785;2023;7;Telefónico;05;05001;US- 000003286031;Hijo (A);MUJER;87;MAYOR DE 63 AÑOS ;Primaria;Contributivo;No Aplica;No Aplica;05;05001;SURAMERICANA EPS;RÉGIMEN CONTRIBUTIVO;EPS010;EPS SURA;05;05001;01;"BARRERAS EN EL ACCESO A TECNOLOGÍAS Y SERVICIOS DE SALUD; Y OTROS ELEMENTOS COMPLEMENTARIOS PARA LA ATENCIÓN DEL USUARIO";0101;FALTA DE OPORTUNIDAD EN LA PRESTACIÓN DE TECNOLOGÍAS EN SALUD Y OTROS ELEMENTOS COMPLEMENTARIOS PARA LA ATENCIÓN DEL USUARIO;010105;FALTA DE OPORTUNIDAD EN EL PROCESO DE REFERENCIA Y CONTRARREFERENCIA;;;;;ENFERMEDADES CRÓNICAS NO TRANSMISIBLES RESPIRATORIAS;NEUMONÍA;NEUMONÍA VIRAL, NO ESPECIFICADA;Manejo de pacientes en Unidades de cuidados intensivos;PRIORIZADO
786;2023;7;Web;66;66682;US- 000002481352;A nombre propio;MUJER;57;DE 50 A 62 AÑOS;No Aplica;Contributivo;No Aplica;No Aplica;66;66682;SALUD TOTAL;RÉGIMEN CONTRIBUTIVO;EPS002;SALUD TOTAL;66;66682;04;INSATISFACCIÓN DEL USUARIO CON EL PROCESO ADMINISTRATIVO;0402;DIFICULTAD EN LA COMUNICACIÓN CON LAS LÍNEAS Y/O CANALES DE ATENCIÓN;040201;DIFICULTAD DE COMUNICACIÓN CON LOS CANALES DE ATENCIÓN AL USUARIO;04020102;PÁGINA WEB (OFICINA VIRTUAL, FORMULARIO, OTROS);;;PROBLEMAS RELACIONADOS CON FACILIDADES DE ATENCIÓN MÉDICA U OTROS SERVICIOS DE SALUD;PROBLEMAS RELACIONADOS CON FACILIDADES DE ATENCIÓN MÉDICA U OTROS SERVICIOS DE SALUD;PROBLEMAS RELACIONADOS CON FACILIDADES DE ATENCIÓN MEDICA U OTROS SERVICIOS DE SALUD;No aplica;SIMPLE
787;2023;7;Web;11;11001;US- 000003272840;Madre;HOMBRE;4;DE 0 A 5 AÑOS;Ninguno;Contributivo;No Aplica;No Aplica;11;11001;SANITAS;RÉGIMEN CONTRIBUTIVO;EPS005;SANITAS;11;11001;01;"BARRERAS EN EL ACCESO A TECNOLOGÍAS Y SERVICIOS DE SALUD; Y OTROS ELEMENTOS COMPLEMENTARIOS PARA LA ATENCIÓN DEL USUARIO";0101;FALTA DE OPORTUNIDAD EN LA PRESTACIÓN DE TECNOLOGÍAS EN SALUD Y OTROS ELEMENTOS COMPLEMENTARIOS PARA LA ATENCIÓN DEL USUARIO;010101;FALTA DE OPORTUNIDAD EN LAS CITAS O CONSULTAS;01010103;ESPECIALIDADES MÉDICAS ;01010103069;NEUMOLOGÍA;MATERNO INFANTIL;ATENCIÓN NIÑOS MENORES DE 5 AÑOS;ASMA PREDOMINANTEMENTE ALÉRGICA;No aplica;SIMPLE
788;2023;7;Web;25;25817;US- 000003269679;A nombre propio;HOMBRE;24;DE 18 A 24 AÑOS;Secundaria;Contributivo;No Aplica;No Aplica;25;25817;COMPENSAR;RÉGIMEN CONTRIBUTIVO;EPS008;COMPENSAR;25;25817;01;"BARRERAS EN EL ACCESO A TECNOLOGÍAS Y SERVICIOS DE SALUD; Y OTROS ELEMENTOS COMPLEMENTARIOS PARA LA ATENCIÓN DEL USUARIO";0103;FALTA DE OPORTUNIDAD EN LA AUTORIZACIÓN DE TECNOLOGÍAS EN SALUD Y OTROS ELEMENTOS COMPLEMENTARIOS PARA LA ATENCIÓN DEL USUARIO;010301;FALTA DE OPORTUNIDAD EN LA AUTORIZACIÓN DE TECNOLOGÍAS EN SALUD Y/O DE OTROS SERVICIOS;01030101;MEDICAMENTOS UPC;;;PROBLEMAS RELACIONADOS CON FACILIDADES DE ATENCIÓN MÉDICA U OTROS SERVICIOS DE SALUD;PROBLEMAS RELACIONADOS CON FACILIDADES DE ATENCIÓN MÉDICA U OTROS SERVICIOS DE SALUD;LUPUS ERITEMATOSO;No aplica;SIMPLE
789;2023;7;Chat;25;25214;US- 000003261541;A nombre propio;MUJER;23;DE 18 A 24 AÑOS;No Aplica;Contributivo;No Aplica;No Aplica;25;25214;COMPENSAR;RÉGIMEN CONTRIBUTIVO;EPS008;COMPENSAR;25;25214;01;"BARRERAS EN EL ACCESO A TECNOLOGÍAS Y SERVICIOS DE SALUD; Y OTROS ELEMENTOS COMPLEMENTARIOS PARA LA ATENCIÓN DEL USUARIO";0101;FALTA DE OPORTUNIDAD EN LA PRESTACIÓN DE TECNOLOGÍAS EN SALUD Y OTROS ELEMENTOS COMPLEMENTARIOS PARA LA ATENCIÓN DEL USUARIO;010101;FALTA DE OPORTUNIDAD EN LAS CITAS O CONSULTAS;01010105;PSICOLOGÍA;;;ENFERMEDADES CRÓNICAS NO TRANSMISIBLES- FACTORES DE RIESGO;MEDICIÓN DE FACTORES DE RIESGO;ABUSO SEXUAL;No aplica;PRIORIZADO
790;2023;7;Escrito;76;76147;US- 000003141617;A nombre propio;MUJER;49;DE 38 A 49 AÑOS;No Aplica;Contributivo;No Aplica;No Aplica;76;76147;SOS -SERVICIO OCCIDENTAL DE SALUD;RÉGIMEN CONTRIBUTIVO;EPS018;SERVICIO OCCIDENTAL DE SALUD (SOS);76;76147;01;"BARRERAS EN EL ACCESO A TECNOLOGÍAS Y SERVICIOS DE SALUD; Y OTROS ELEMENTOS COMPLEMENTARIOS PARA LA ATENCIÓN DEL USUARIO";0101;FALTA DE OPORTUNIDAD EN LA PRESTACIÓN DE TECNOLOGÍAS EN SALUD Y OTROS ELEMENTOS COMPLEMENTARIOS PARA LA ATENCIÓN DEL USUARIO;010103;FALTA DE OPORTUNIDAD EN LA ATENCIÓN EN OTROS SERVICIOS DE SALUD;01010308;PROCEDIMIENTOS NO QUIRÚRGICOS;01010308001;IMAGENOLOGÍA;ENFERMEDADES OSTEOARTICULARES;OTROS;SÍNDROME DE MANGUITO ROTATORIO;No aplica;SIMPLE
791;2023;7;Web;25;25754;US- 000003287625;A nombre propio;MUJER;60;DE 50 A 62 AÑOS;Ninguno;Contributivo;No Aplica;No Aplica;25;25754;SURAMERICANA EPS;RÉGIMEN CONTRIBUTIVO;EPS010;EPS SURA;11;11001;01;"BARRERAS EN EL ACCESO A TECNOLOGÍAS Y SERVICIOS DE SALUD; Y OTROS ELEMENTOS COMPLEMENTARIOS PARA LA ATENCIÓN DEL USUARIO";0101;FALTA DE OPORTUNIDAD EN LA PRESTACIÓN DE TECNOLOGÍAS EN SALUD Y OTROS ELEMENTOS COMPLEMENTARIOS PARA LA ATENCIÓN DEL USUARIO;010101;FALTA DE OPORTUNIDAD EN LAS CITAS O CONSULTAS;01010103;ESPECIALIDADES MÉDICAS ;01010103080;OTORRINOLARINGOLOGÍA;PROBLEMAS RELACIONADOS CON FACILIDADES DE ATENCIÓN MÉDICA U OTROS SERVICIOS DE SALUD;PROBLEMAS RELACIONADOS CON FACILIDADES DE ATENCIÓN MÉDICA U OTROS SERVICIOS DE SALUD;OTRAS ATENCIONES MEDICAS ESPECIFICADAS;No aplica;SIMPLE
792;2023;7;Telefónico;08;08001;US- 000002263202;A nombre propio;HOMBRE;46;DE 38 A 49 AÑOS;Secundaria;Régimen Especial;No Aplica;No Aplica;08;08001;FUERZAS MILITARES;REGÍMENES DE EXCEPCIÓN Y ESPECIALES;REFM01;FUERZAS MILITARES;08;08001;01;"BARRERAS EN EL ACCESO A TECNOLOGÍAS Y SERVICIOS DE SALUD; Y OTROS ELEMENTOS COMPLEMENTARIOS PARA LA ATENCIÓN DEL USUARIO";0101;FALTA DE OPORTUNIDAD EN LA PRESTACIÓN DE TECNOLOGÍAS EN SALUD Y OTROS ELEMENTOS COMPLEMENTARIOS PARA LA ATENCIÓN DEL USUARIO;010101;FALTA DE OPORTUNIDAD EN LAS CITAS O CONSULTAS;01010101;MEDICINA GENERAL;;;ENFERMEDADES OSTEOARTICULARES;OTROS;LUMBAGO NO ESPECIFICADO;No aplica;SIMPLE
793;2023;7;Chat;11;11001;US- 000002935244;A nombre propio;HOMBRE;37;DE 30 A 37 AÑOS;Secundaria;Contributivo;No Aplica;No Aplica;11;11001;SANITAS;RÉGIMEN CONTRIBUTIVO;EPS005;SANITAS;11;11001;01;"BARRERAS EN EL ACCESO A TECNOLOGÍAS Y SERVICIOS DE SALUD; Y OTROS ELEMENTOS COMPLEMENTARIOS PARA LA ATENCIÓN DEL USUARIO";0101;FALTA DE OPORTUNIDAD EN LA PRESTACIÓN DE TECNOLOGÍAS EN SALUD Y OTROS ELEMENTOS COMPLEMENTARIOS PARA LA ATENCIÓN DEL USUARIO;010104;FALTA DE OPORTUNIDAD EN LA ENTREGA O ENTREGA INCOMPLETA DE TECNOLOGÍAS EN SALUD Y/O PRESTACIÓN DE OTROS SERVICIOS;01010402;MEDICAMENTOS NO UPC;;;ENFERMEDADES OSTEOARTICULARES;NEUROLÓGICAS;EPILEPSIA;No aplica;PRIORIZADO
794;2023;7;Web;68;68307;US- 000003280635;Otro;HOMBRE;8;DE 6 A 12 AÑOS;No Aplica;Contributivo;No Aplica;No Aplica;68;68307;SURAMERICANA EPS;RÉGIMEN CONTRIBUTIVO;EPS010;EPS SURA;68;68307;01;"BARRERAS EN EL ACCESO A TECNOLOGÍAS Y SERVICIOS DE SALUD; Y OTROS ELEMENTOS COMPLEMENTARIOS PARA LA ATENCIÓN DEL USUARIO";0101;FALTA DE OPORTUNIDAD EN LA PRESTACIÓN DE TECNOLOGÍAS EN SALUD Y OTROS ELEMENTOS COMPLEMENTARIOS PARA LA ATENCIÓN DEL USUARIO;010101;FALTA DE OPORTUNIDAD EN LAS CITAS O CONSULTAS;01010103;ESPECIALIDADES MÉDICAS ;01010103084;PSIQUIATRÍA PEDIÁTRICA;CÁNCER ;OTROS;PERTURBACIÓN DE LA ACTIVIDAD Y DE LA ATENCIÓN;No aplica;PRIORIZADO
795;2023;7;Web;11;11001;US- 000003302840;Otro;MUJER;50;DE 50 A 62 AÑOS;No Aplica;Subsidiado;No Aplica;No Aplica;11;11001;CAPITAL SALUD;RÉGIMEN SUBSIDIADO;EPSS34;CAPITAL SALUD;11;11001;04;INSATISFACCIÓN DEL USUARIO CON EL PROCESO ADMINISTRATIVO;0404;INSATISFACCIÓN RELACIONADA CON TRÁMITES ADMINISTRATIVOS;040404;INCONSISTENCIA RELACIONADA CON COBROS Y/O APORTES;04040403;COBRO COPAGO;;;PROBLEMAS RELACIONADOS CON FACILIDADES DE ATENCIÓN MÉDICA U OTROS SERVICIOS DE SALUD;PROBLEMAS RELACIONADOS CON FACILIDADES DE ATENCIÓN MÉDICA U OTROS SERVICIOS DE SALUD;ALTERACIONES DE LA VISION;No aplica;SIMPLE
796;2023;7;Personalizado;47;47245;US- 000000926240;A nombre propio;HOMBRE;73;MAYOR DE 63 AÑOS ;Primaria Incompleta;Subsidiado;No Aplica;No Aplica;47;47245;MUTUAL SER;RÉGIMEN SUBSIDIADO;ESS207;MUTUAL SER;47;47245;01;"BARRERAS EN EL ACCESO A TECNOLOGÍAS Y SERVICIOS DE SALUD; Y OTROS ELEMENTOS COMPLEMENTARIOS PARA LA ATENCIÓN DEL USUARIO";0101;FALTA DE OPORTUNIDAD EN LA PRESTACIÓN DE TECNOLOGÍAS EN SALUD Y OTROS ELEMENTOS COMPLEMENTARIOS PARA LA ATENCIÓN DEL USUARIO;010104;FALTA DE OPORTUNIDAD EN LA ENTREGA O ENTREGA INCOMPLETA DE TECNOLOGÍAS EN SALUD Y/O PRESTACIÓN DE OTROS SERVICIOS;01010408;TRANSPORTE, ALOJAMIENTO O ALIMENTACIÓN;;;ENFERMEDADES CRÓNICAS NO TRASMISIBLES CARDIOVASCULARES;OTROS;ARRITMIA CARDIACA, NO ESPECIFICADA;Manejo quirúrgico para enfermedades del corazón;SIMPLE
797;2023;7;Telefónico;76;76520;US- 000003262034;Tío (A);MUJER;23;DE 18 A 24 AÑOS;Secundaria;Contributivo;No Aplica;Mujer en estado de gestación;76;76001;SURAMERICANA EPS;RÉGIMEN CONTRIBUTIVO;EPS010;EPS SURA;76;76001;02;INSATISFACCIÓN RELACIONADA CON LA ATENCIÓN EN SALUD;0202;INSATISFACCIÓN RELACIONADA CON LA ATENCIÓN DEL PERSONAL EN SALUD;020201;INSATISFACCIÓN RELACIONADA CON LA ATENCIÓN DEL PERSONAL EN SALUD;02020101;FALLAS EN LA ÉTICA PROFESIONAL;;;MATERNO INFANTIL;ATENCIÓN EN EL EMBARAZO;EMBARAZO CONFIRMADO;No aplica;PRIORIZADO
798;2023;7;Web;11;11001;US- 000003265030;Madre;MUJER;12;DE 6 A 12 AÑOS;No Aplica;Contributivo;No Aplica;No Aplica;11;11001;COMPENSAR;RÉGIMEN CONTRIBUTIVO;EPS008;COMPENSAR;11;11001;01;"BARRERAS EN EL ACCESO A TECNOLOGÍAS Y SERVICIOS DE SALUD; Y OTROS ELEMENTOS COMPLEMENTARIOS PARA LA ATENCIÓN DEL USUARIO";0101;FALTA DE OPORTUNIDAD EN LA PRESTACIÓN DE TECNOLOGÍAS EN SALUD Y OTROS ELEMENTOS COMPLEMENTARIOS PARA LA ATENCIÓN DEL USUARIO;010103;FALTA DE OPORTUNIDAD EN LA ATENCIÓN EN OTROS SERVICIOS DE SALUD;01010308;PROCEDIMIENTOS NO QUIRÚRGICOS;01010308001;IMAGENOLOGÍA;PROBLEMAS RELACIONADOS CON FACILIDADES DE ATENCIÓN MÉDICA U OTROS SERVICIOS DE SALUD;PROBLEMAS RELACIONADOS CON FACILIDADES DE ATENCIÓN MÉDICA U OTROS SERVICIOS DE SALUD;ASMA, NO ESPECIFICADA;No aplica;SIMPLE
799;2023;7;Web;11;11001;US- 000001775525;A nombre propio;MUJER;27;DE 25 A 29 AÑOS;Ninguno;Subsidiado;No Aplica;No Aplica;11;11001;FAMISANAR;RÉGIMEN CONTRIBUTIVO;EPS017;FAMISANAR;11;11001;01;"BARRERAS EN EL ACCESO A TECNOLOGÍAS Y SERVICIOS DE SALUD; Y OTROS ELEMENTOS COMPLEMENTARIOS PARA LA ATENCIÓN DEL USUARIO";0101;FALTA DE OPORTUNIDAD EN LA PRESTACIÓN DE TECNOLOGÍAS EN SALUD Y OTROS ELEMENTOS COMPLEMENTARIOS PARA LA ATENCIÓN DEL USUARIO;010101;FALTA DE OPORTUNIDAD EN LAS CITAS O CONSULTAS;01010103;ESPECIALIDADES MÉDICAS ;01010103001;ALERGOLOGÍA;PROBLEMAS RELACIONADOS CON FACILIDADES DE ATENCIÓN MÉDICA U OTROS SERVICIOS DE SALUD;PROBLEMAS RELACIONADOS CON FACILIDADES DE ATENCIÓN MÉDICA U OTROS SERVICIOS DE SALUD;ALERGIA NO ESPECIFICADA;No aplica;SIMPLE
800;2023;7;Telefónico;76;76869;US- 000003305743;A nombre propio;MUJER;48;DE 38 A 49 AÑOS;Primaria;Subsidiado;No Aplica;No Aplica;76;76869;NUEVA EPS;RÉGIMEN SUBSIDIADO;EPSS41;NUEVA EPS;76;76100;01;"BARRERAS EN EL ACCESO A TECNOLOGÍAS Y SERVICIOS DE SALUD; Y OTROS ELEMENTOS COMPLEMENTARIOS PARA LA ATENCIÓN DEL USUARIO";0101;FALTA DE OPORTUNIDAD EN LA PRESTACIÓN DE TECNOLOGÍAS EN SALUD Y OTROS ELEMENTOS COMPLEMENTARIOS PARA LA ATENCIÓN DEL USUARIO;010103;FALTA DE OPORTUNIDAD EN LA ATENCIÓN EN OTROS SERVICIOS DE SALUD;01010309;PROCEDIMIENTOS QUIRÚRGICOS;01010309003;OTROS PROCEDIMIENTOS QUIRÚRGICOS;ENFERMEDADES CRÓNICAS NO TRANSMISIBLES- FACTORES DE RIESGO;MEDICIÓN DE FACTORES DE RIESGO;OTRAS MALFORMACIONES CONGÉNITAS DE LA VEJIGA Y DE LA URETRA;No aplica;SIMPLE
801;2023;7;Telefónico;05;05088;US- 000002356021;A nombre propio;MUJER;36;DE 30 A 37 AÑOS;Secundaria;Contributivo;No Aplica;No Aplica;05;05088;SURAMERICANA EPS;RÉGIMEN CONTRIBUTIVO;EPS010;EPS SURA;05;05088;01;"BARRERAS EN EL ACCESO A TECNOLOGÍAS Y SERVICIOS DE SALUD; Y OTROS ELEMENTOS COMPLEMENTARIOS PARA LA ATENCIÓN DEL USUARIO";0103;FALTA DE OPORTUNIDAD EN LA AUTORIZACIÓN DE TECNOLOGÍAS EN SALUD Y OTROS ELEMENTOS COMPLEMENTARIOS PARA LA ATENCIÓN DEL USUARIO;010302;FALTA DE OPORTUNIDAD EN LA AUTORIZACIÓN DE CITAS DE CONSULTA;01030203;ESPECIALIDADES MÉDICAS ;01030203047;GINECOLOGÍA Y OBSTETRICIA;CÁNCER ;OTROS;CARCINOMA IN SITU DEL CUELLO DEL ÚTERO;No aplica;RIESGO VITAL
802;2023;7;Telefónico;05;05088;US- 000003299076;Hijo (A);MUJER;61;DE 50 A 62 AÑOS;Secundaria;Contributivo;No Aplica;No Aplica;05;05088;SURAMERICANA EPS;RÉGIMEN CONTRIBUTIVO;EPS010;EPS SURA;05;05088;01;"BARRERAS EN EL ACCESO A TECNOLOGÍAS Y SERVICIOS DE SALUD; Y OTROS ELEMENTOS COMPLEMENTARIOS PARA LA ATENCIÓN DEL USUARIO";0102;NEGACIÓN DE TECNOLOGÍAS EN SALUD Y OTROS ELEMENTOS COMPLEMENTARIOS PARA LA ATENCIÓN DEL USUARIO;010203;NEGACIÓN EN LA ATENCIÓN EN OTROS SERVICIOS DE SALUD;01020308;PROCEDIMIENTOS NO QUIRÚRGICOS;01020308001;IMAGENOLOGÍA;ENFERMEDADES CRÓNICAS NO TRASMISIBLES CARDIOVASCULARES;HTA (HIPERTENSIÓN ARTERIAL);HIPERTENSIÓN ESENCIAL (PRIMARIA);No aplica;SIMPLE
803;2023;7;Redes Sociales;11;11001;US- 000003267666;A nombre propio;HOMBRE;1;DE 0 A 5 AÑOS;No Aplica;Contributivo;No Aplica;No Aplica;11;11001;NUEVA EPS;RÉGIMEN CONTRIBUTIVO;EPS037;NUEVA EPS;11;11001;01;"BARRERAS EN EL ACCESO A TECNOLOGÍAS Y SERVICIOS DE SALUD; Y OTROS ELEMENTOS COMPLEMENTARIOS PARA LA ATENCIÓN DEL USUARIO";0101;FALTA DE OPORTUNIDAD EN LA PRESTACIÓN DE TECNOLOGÍAS EN SALUD Y OTROS ELEMENTOS COMPLEMENTARIOS PARA LA ATENCIÓN DEL USUARIO;010101;FALTA DE OPORTUNIDAD EN LAS CITAS O CONSULTAS;01010103;ESPECIALIDADES MÉDICAS ;01010103082;PEDIATRÍA;PROBLEMAS RELACIONADOS CON FACILIDADES DE ATENCIÓN MÉDICA U OTROS SERVICIOS DE SALUD;PROBLEMAS RELACIONADOS CON FACILIDADES DE ATENCIÓN MÉDICA U OTROS SERVICIOS DE SALUD;PROBLEMAS RELACIONADOS CON FACILIDADES DE ATENCIÓN MEDICA U OTROS SERVICIOS DE SALUD;No aplica;PRIORIZADO
804;2023;7;Escrito;44;44847;US- 000003277824;Otro;HOMBRE;10;DE 6 A 12 AÑOS;No Aplica;Subsidiado;No Aplica;No Aplica;44;44847;NUEVA EPS;RÉGIMEN SUBSIDIADO;EPSS41;NUEVA EPS;44;44847;01;"BARRERAS EN EL ACCESO A TECNOLOGÍAS Y SERVICIOS DE SALUD; Y OTROS ELEMENTOS COMPLEMENTARIOS PARA LA ATENCIÓN DEL USUARIO";0101;FALTA DE OPORTUNIDAD EN LA PRESTACIÓN DE TECNOLOGÍAS EN SALUD Y OTROS ELEMENTOS COMPLEMENTARIOS PARA LA ATENCIÓN DEL USUARIO;010101;FALTA DE OPORTUNIDAD EN LAS CITAS O CONSULTAS;01010103;ESPECIALIDADES MÉDICAS ;01010103083;PSIQUIATRÍA;PROBLEMAS RELACIONADOS CON FACILIDADES DE ATENCIÓN MÉDICA U OTROS SERVICIOS DE SALUD;PROBLEMAS RELACIONADOS CON FACILIDADES DE ATENCIÓN MÉDICA U OTROS SERVICIOS DE SALUD;AUTISMO ATÍPICO;No aplica;SIMPLE
805;2023;7;Web;25;25307;US- 000002908676;A nombre propio;MUJER;41;DE 38 A 49 AÑOS;No Aplica;Contributivo;Mulato ;No Aplica;25;25307;FAMISANAR;RÉGIMEN CONTRIBUTIVO;EPS017;FAMISANAR;25;25307;01;"BARRERAS EN EL ACCESO A TECNOLOGÍAS Y SERVICIOS DE SALUD; Y OTROS ELEMENTOS COMPLEMENTARIOS PARA LA ATENCIÓN DEL USUARIO";0103;FALTA DE OPORTUNIDAD EN LA AUTORIZACIÓN DE TECNOLOGÍAS EN SALUD Y OTROS ELEMENTOS COMPLEMENTARIOS PARA LA ATENCIÓN DEL USUARIO;010304;FALTA DE OPORTUNIDAD EN LA AUTORIZACIÓN DE OTROS SERVICIOS DE SALUD;01030409;PROCEDIMIENTOS QUIRÚRGICOS;01030409003;OTROS PROCEDIMIENTOS QUIRÚRGICOS;PROBLEMAS RELACIONADOS CON FACILIDADES DE ATENCIÓN MÉDICA U OTROS SERVICIOS DE SALUD;PROBLEMAS RELACIONADOS CON FACILIDADES DE ATENCIÓN MÉDICA U OTROS SERVICIOS DE SALUD;OTROS PROBLEMAS RELACIONADOS CON SERVICIOS MÉDICOS Y DE SALUD;No aplica;SIMPLE
806;2023;7;Web;05;05001;US- 000003278308;A nombre propio;MUJER;33;DE 30 A 37 AÑOS;No Aplica;Contributivo;No Aplica;No Aplica;05;05001;SURAMERICANA EPS;RÉGIMEN CONTRIBUTIVO;EPS010;EPS SURA;05;05001;01;"BARRERAS EN EL ACCESO A TECNOLOGÍAS Y SERVICIOS DE SALUD; Y OTROS ELEMENTOS COMPLEMENTARIOS PARA LA ATENCIÓN DEL USUARIO";0103;FALTA DE OPORTUNIDAD EN LA AUTORIZACIÓN DE TECNOLOGÍAS EN SALUD Y OTROS ELEMENTOS COMPLEMENTARIOS PARA LA ATENCIÓN DEL USUARIO;010302;FALTA DE OPORTUNIDAD EN LA AUTORIZACIÓN DE CITAS DE CONSULTA;01030203;ESPECIALIDADES MÉDICAS ;01030203047;GINECOLOGÍA Y OBSTETRICIA;PROBLEMAS RELACIONADOS CON FACILIDADES DE ATENCIÓN MÉDICA U OTROS SERVICIOS DE SALUD;PROBLEMAS RELACIONADOS CON FACILIDADES DE ATENCIÓN MÉDICA U OTROS SERVICIOS DE SALUD;QUISTE FOLICULAR DEL OVARIO;No aplica;SIMPLE
807;2023;7;Web;11;11001;US- 000002422019;A nombre propio;HOMBRE;38;DE 38 A 49 AÑOS;No Aplica;Contributivo;No Aplica;No Aplica;11;11001;FAMISANAR;RÉGIMEN CONTRIBUTIVO;EPS017;FAMISANAR;11;11001;01;"BARRERAS EN EL ACCESO A TECNOLOGÍAS Y SERVICIOS DE SALUD; Y OTROS ELEMENTOS COMPLEMENTARIOS PARA LA ATENCIÓN DEL USUARIO";0101;FALTA DE OPORTUNIDAD EN LA PRESTACIÓN DE TECNOLOGÍAS EN SALUD Y OTROS ELEMENTOS COMPLEMENTARIOS PARA LA ATENCIÓN DEL USUARIO;010101;FALTA DE OPORTUNIDAD EN LAS CITAS O CONSULTAS;01010103;ESPECIALIDADES MÉDICAS ;01010103080;OTORRINOLARINGOLOGÍA;PROBLEMAS RELACIONADOS CON FACILIDADES DE ATENCIÓN MÉDICA U OTROS SERVICIOS DE SALUD;PROBLEMAS RELACIONADOS CON FACILIDADES DE ATENCIÓN MÉDICA U OTROS SERVICIOS DE SALUD;OTROS CUIDADOS ESPECIFICADOS POSTERIORES A LA CIRUGÍA;No aplica;SIMPLE
808;2023;7;Personalizado;68;68307;US- 000002136694;Cónyuge;HOMBRE;60;DE 50 A 62 AÑOS;Primaria;Subsidiado;No Aplica;No Aplica;68;68307;NUEVA EPS;RÉGIMEN SUBSIDIADO;EPSS41;NUEVA EPS;68;68307;01;"BARRERAS EN EL ACCESO A TECNOLOGÍAS Y SERVICIOS DE SALUD; Y OTROS ELEMENTOS COMPLEMENTARIOS PARA LA ATENCIÓN DEL USUARIO";0101;FALTA DE OPORTUNIDAD EN LA PRESTACIÓN DE TECNOLOGÍAS EN SALUD Y OTROS ELEMENTOS COMPLEMENTARIOS PARA LA ATENCIÓN DEL USUARIO;010103;FALTA DE OPORTUNIDAD EN LA ATENCIÓN EN OTROS SERVICIOS DE SALUD;01010308;PROCEDIMIENTOS NO QUIRÚRGICOS;01010308006;OTROS PROCEDIMIENTOS NO QUIRÚRGICOS;PROBLEMAS RELACIONADOS CON FACILIDADES DE ATENCIÓN MÉDICA U OTROS SERVICIOS DE SALUD;PROBLEMAS RELACIONADOS CON FACILIDADES DE ATENCIÓN MÉDICA U OTROS SERVICIOS DE SALUD;OTRAS ANOFTALMIAS;No aplica;SIMPLE
809;2023;7;Web;05;05154;US- 000003268203;Madre;HOMBRE;3;DE 0 A 5 AÑOS;No Aplica;Subsidiado;No Aplica;No Aplica;05;05154;SAVIA SALUD;RÉGIMEN SUBSIDIADO;EPSS40;SAVIA SALUD EPS;05;05154;01;"BARRERAS EN EL ACCESO A TECNOLOGÍAS Y SERVICIOS DE SALUD; Y OTROS ELEMENTOS COMPLEMENTARIOS PARA LA ATENCIÓN DEL USUARIO";0101;FALTA DE OPORTUNIDAD EN LA PRESTACIÓN DE TECNOLOGÍAS EN SALUD Y OTROS ELEMENTOS COMPLEMENTARIOS PARA LA ATENCIÓN DEL USUARIO;010101;FALTA DE OPORTUNIDAD EN LAS CITAS O CONSULTAS;01010103;ESPECIALIDADES MÉDICAS ;01010103080;OTORRINOLARINGOLOGÍA;MATERNO INFANTIL;ATENCIÓN NIÑOS MENORES DE 5 AÑOS;OTROS PROBLEMAS RELACIONADOS CON SERVICIOS MÉDICOS Y DE SALUD;No aplica;SIMPLE
810;2023;7;Telefónico;11;11001;US- 000001641332;Cónyuge;MUJER;53;DE 50 A 62 AÑOS;Secundaria;Contributivo;No Aplica;No Aplica;11;11001;COMPENSAR;RÉGIMEN CONTRIBUTIVO;EPS008;COMPENSAR;11;11001;02;INSATISFACCIÓN RELACIONADA CON LA ATENCIÓN EN SALUD;0201;INSATISFACCIÓN RELACIONADA CON LA ATENCIÓN EN SALUD POR FALTA DE OPORTUNIDAD;020101;INSATISFACCIÓN POR FALTA DE OPORTUNIDAD EN LA ATENCIÓN POR PARTE DEL PERSONAL DE SALUD;02010107;SERVICIO QUIRÚRGICO;;;CÁNCER ;OTROS;TUMOR MALIGNO DE LA GLÁNDULA TIROIDES;No aplica;RIESGO VITAL
811;2023;7;Personalizado;25;25754;US- 000003301543;A nombre propio;MUJER;66;MAYOR DE 63 AÑOS ;Primaria;Contributivo;No Aplica;No Aplica;25;25754;NUEVA EPS;RÉGIMEN CONTRIBUTIVO;EPS037;NUEVA EPS;11;11001;01;"BARRERAS EN EL ACCESO A TECNOLOGÍAS Y SERVICIOS DE SALUD; Y OTROS ELEMENTOS COMPLEMENTARIOS PARA LA ATENCIÓN DEL USUARIO";0101;FALTA DE OPORTUNIDAD EN LA PRESTACIÓN DE TECNOLOGÍAS EN SALUD Y OTROS ELEMENTOS COMPLEMENTARIOS PARA LA ATENCIÓN DEL USUARIO;010101;FALTA DE OPORTUNIDAD EN LAS CITAS O CONSULTAS;01010103;ESPECIALIDADES MÉDICAS ;01010103090;SALUD FAMILIAR Y COMUNITARIA;ENFERMEDADES OSTEOARTICULARES;OTROS;TUMOR DE COMPORTAMIENTO INCIERTO O DESCONOCIDO DE OTROS SITIOS Y DE LOS NO ESPECIFICADOS;No aplica;PRIORIZADO
812;2023;7;Personalizado;47;47318;US- 000002193556;A nombre propio;HOMBRE;69;MAYOR DE 63 AÑOS ;Secundaria;Subsidiado;No Aplica;No Aplica;47;47318;MUTUAL SER;RÉGIMEN SUBSIDIADO;ESS207;MUTUAL SER;47;47318;01;"BARRERAS EN EL ACCESO A TECNOLOGÍAS Y SERVICIOS DE SALUD; Y OTROS ELEMENTOS COMPLEMENTARIOS PARA LA ATENCIÓN DEL USUARIO";0101;FALTA DE OPORTUNIDAD EN LA PRESTACIÓN DE TECNOLOGÍAS EN SALUD Y OTROS ELEMENTOS COMPLEMENTARIOS PARA LA ATENCIÓN DEL USUARIO;010104;FALTA DE OPORTUNIDAD EN LA ENTREGA O ENTREGA INCOMPLETA DE TECNOLOGÍAS EN SALUD Y/O PRESTACIÓN DE OTROS SERVICIOS;01010408;TRANSPORTE, ALOJAMIENTO O ALIMENTACIÓN;;;CÁNCER ;OTROS;TUMOR MALIGNO DEL COLON;No aplica;PRIORIZADO
813;2023;7;Telefónico;11;11001;US- 000001251841;Cónyuge;HOMBRE;48;DE 38 A 49 AÑOS;Secundaria;Contributivo;No Aplica;No Aplica;11;11001;COMPENSAR;RÉGIMEN CONTRIBUTIVO;EPS008;COMPENSAR;11;11001;01;"BARRERAS EN EL ACCESO A TECNOLOGÍAS Y SERVICIOS DE SALUD; Y OTROS ELEMENTOS COMPLEMENTARIOS PARA LA ATENCIÓN DEL USUARIO";0101;FALTA DE OPORTUNIDAD EN LA PRESTACIÓN DE TECNOLOGÍAS EN SALUD Y OTROS ELEMENTOS COMPLEMENTARIOS PARA LA ATENCIÓN DEL USUARIO;010104;FALTA DE OPORTUNIDAD EN LA ENTREGA O ENTREGA INCOMPLETA DE TECNOLOGÍAS EN SALUD Y/O PRESTACIÓN DE OTROS SERVICIOS;01010403;DISPOSITIVOS MÉDICOS UPC;;;PROBLEMAS RELACIONADOS CON FACILIDADES DE ATENCIÓN MÉDICA U OTROS SERVICIOS DE SALUD;PROBLEMAS RELACIONADOS CON FACILIDADES DE ATENCIÓN MÉDICA U OTROS SERVICIOS DE SALUD;APNEA DEL SUEÑO;No aplica;SIMPLE
814;2023;7;Escrito;76;76001;US- 000001070237;Otro;MUJER;60;DE 50 A 62 AÑOS;No Aplica;Contributivo;No Aplica;No Aplica;76;76001;SOS -SERVICIO OCCIDENTAL DE SALUD;RÉGIMEN CONTRIBUTIVO;EPS018;SERVICIO OCCIDENTAL DE SALUD (SOS);76;76001;01;"BARRERAS EN EL ACCESO A TECNOLOGÍAS Y SERVICIOS DE SALUD; Y OTROS ELEMENTOS COMPLEMENTARIOS PARA LA ATENCIÓN DEL USUARIO";0101;FALTA DE OPORTUNIDAD EN LA PRESTACIÓN DE TECNOLOGÍAS EN SALUD Y OTROS ELEMENTOS COMPLEMENTARIOS PARA LA ATENCIÓN DEL USUARIO;010101;FALTA DE OPORTUNIDAD EN LAS CITAS O CONSULTAS;01010103;ESPECIALIDADES MÉDICAS ;01010103039;ENDOCRINOLOGÍA;PROBLEMAS RELACIONADOS CON FACILIDADES DE ATENCIÓN MÉDICA U OTROS SERVICIOS DE SALUD;PROBLEMAS RELACIONADOS CON FACILIDADES DE ATENCIÓN MÉDICA U OTROS SERVICIOS DE SALUD;PROBLEMAS RELACIONADOS CON FACILIDADES DE ATENCIÓN MEDICA U OTROS SERVICIOS DE SALUD;No aplica;SIMPLE
815;2023;7;Telefónico;05;05001;US- 000000270654;A nombre propio;MUJER;67;MAYOR DE 63 AÑOS ;Secundaria;Contributivo;No Aplica;No Aplica;05;05001;SURAMERICANA EPS;RÉGIMEN CONTRIBUTIVO;EPS010;EPS SURA;05;05001;01;"BARRERAS EN EL ACCESO A TECNOLOGÍAS Y SERVICIOS DE SALUD; Y OTROS ELEMENTOS COMPLEMENTARIOS PARA LA ATENCIÓN DEL USUARIO";0101;FALTA DE OPORTUNIDAD EN LA PRESTACIÓN DE TECNOLOGÍAS EN SALUD Y OTROS ELEMENTOS COMPLEMENTARIOS PARA LA ATENCIÓN DEL USUARIO;010101;FALTA DE OPORTUNIDAD EN LAS CITAS O CONSULTAS;01010103;ESPECIALIDADES MÉDICAS ;01010103063;MEDICINA INTERNA;ENFERMEDADES CRÓNICAS NO TRASMISIBLES CARDIOVASCULARES;HTA (HIPERTENSIÓN ARTERIAL);HIPERTENSIÓN ESENCIAL (PRIMARIA);Manejo quirúrgico para enfermedades del corazón;SIMPLE
816;2023;7;Telefónico;15;15238;US- 000002052824;Abuelo (A);MUJER;82;MAYOR DE 63 AÑOS ;Primaria;Régimen Especial;No Aplica;No Aplica;15;15238;MAGISTERIO;REGÍMENES DE EXCEPCIÓN Y ESPECIALES;REMG01;MAGISTERIO;15;15238;01;"BARRERAS EN EL ACCESO A TECNOLOGÍAS Y SERVICIOS DE SALUD; Y OTROS ELEMENTOS COMPLEMENTARIOS PARA LA ATENCIÓN DEL USUARIO";0102;NEGACIÓN DE TECNOLOGÍAS EN SALUD Y OTROS ELEMENTOS COMPLEMENTARIOS PARA LA ATENCIÓN DEL USUARIO;010207;NEGACIÓN EN LA AUTORIZACIÓN DE TECNOLOGÍAS EN SALUD Y/O DE OTROS SERVICIOS;01020706;SOPORTE NUTRICIONAL;;;ENFERMEDADES CRÓNICAS NO TRANSMISIBLES RESPIRATORIAS;NEUMONÍA;DESNUTRICIÓN PROTEICOCALORICA SEVERA, NO ESPECIFICADA;No aplica;RIESGO VITAL
817;2023;7;Personalizado;11;11001;US- 000001707947;A nombre propio;HOMBRE;63;MAYOR DE 63 AÑOS ;Secundaria;Contributivo;No Aplica;No Aplica;11;11001;COMPENSAR;RÉGIMEN CONTRIBUTIVO;EPS008;COMPENSAR;85;85250;01;"BARRERAS EN EL ACCESO A TECNOLOGÍAS Y SERVICIOS DE SALUD; Y OTROS ELEMENTOS COMPLEMENTARIOS PARA LA ATENCIÓN DEL USUARIO";0101;FALTA DE OPORTUNIDAD EN LA PRESTACIÓN DE TECNOLOGÍAS EN SALUD Y OTROS ELEMENTOS COMPLEMENTARIOS PARA LA ATENCIÓN DEL USUARIO;010103;FALTA DE OPORTUNIDAD EN LA ATENCIÓN EN OTROS SERVICIOS DE SALUD;01010309;PROCEDIMIENTOS QUIRÚRGICOS;01010309003;OTROS PROCEDIMIENTOS QUIRÚRGICOS;ENFERMEDADES OSTEOARTICULARES;ARTRITIS REUMATOIDEA;HERNIA INGUINAL;No aplica;SIMPLE
818;2023;7;Personalizado;11;11001;US- 000001131427;A nombre propio;MUJER;72;MAYOR DE 63 AÑOS ;Primaria;Contributivo;No Aplica;No Aplica;11;11001;SANITAS;RÉGIMEN CONTRIBUTIVO;EPS005;SANITAS;11;11001;01;"BARRERAS EN EL ACCESO A TECNOLOGÍAS Y SERVICIOS DE SALUD; Y OTROS ELEMENTOS COMPLEMENTARIOS PARA LA ATENCIÓN DEL USUARIO";0101;FALTA DE OPORTUNIDAD EN LA PRESTACIÓN DE TECNOLOGÍAS EN SALUD Y OTROS ELEMENTOS COMPLEMENTARIOS PARA LA ATENCIÓN DEL USUARIO;010101;FALTA DE OPORTUNIDAD EN LAS CITAS O CONSULTAS;01010103;ESPECIALIDADES MÉDICAS ;01010103060;MEDICINA FAMILIAR;ENFERMEDADES CRÓNICAS NO TRASMISIBLES CARDIOVASCULARES;HTA (HIPERTENSIÓN ARTERIAL);INSUFICIENCIA CARDIACA CONGESTIVA;No aplica;SIMPLE
819;2023;7;Web;47;47001;US- 000001440966;A nombre propio;HOMBRE;64;MAYOR DE 63 AÑOS ;No Aplica;Contributivo;No Aplica;No Aplica;47;47001;NUEVA EPS;RÉGIMEN CONTRIBUTIVO;EPS037;NUEVA EPS;47;47001;01;"BARRERAS EN EL ACCESO A TECNOLOGÍAS Y SERVICIOS DE SALUD; Y OTROS ELEMENTOS COMPLEMENTARIOS PARA LA ATENCIÓN DEL USUARIO";0101;FALTA DE OPORTUNIDAD EN LA PRESTACIÓN DE TECNOLOGÍAS EN SALUD Y OTROS ELEMENTOS COMPLEMENTARIOS PARA LA ATENCIÓN DEL USUARIO;010103;FALTA DE OPORTUNIDAD EN LA ATENCIÓN EN OTROS SERVICIOS DE SALUD;01010308;PROCEDIMIENTOS NO QUIRÚRGICOS;01010308002;LABORATORIO CLÍNICO Y ANATOMOPATOLÓGICO;PROBLEMAS RELACIONADOS CON FACILIDADES DE ATENCIÓN MÉDICA U OTROS SERVICIOS DE SALUD;PROBLEMAS RELACIONADOS CON FACILIDADES DE ATENCIÓN MÉDICA U OTROS SERVICIOS DE SALUD;OTROS TRASTORNOS DE LA PRÓSTATA;No aplica;SIMPLE
820;2023;7;Personalizado;11;11001;US- 000002158480;A nombre propio;MUJER;64;MAYOR DE 63 AÑOS ;Primaria;Subsidiado;No Aplica;No Aplica;11;11001;CAPITAL SALUD;RÉGIMEN SUBSIDIADO;EPSS34;CAPITAL SALUD;11;11001;01;"BARRERAS EN EL ACCESO A TECNOLOGÍAS Y SERVICIOS DE SALUD; Y OTROS ELEMENTOS COMPLEMENTARIOS PARA LA ATENCIÓN DEL USUARIO";0101;FALTA DE OPORTUNIDAD EN LA PRESTACIÓN DE TECNOLOGÍAS EN SALUD Y OTROS ELEMENTOS COMPLEMENTARIOS PARA LA ATENCIÓN DEL USUARIO;010104;FALTA DE OPORTUNIDAD EN LA ENTREGA O ENTREGA INCOMPLETA DE TECNOLOGÍAS EN SALUD Y/O PRESTACIÓN DE OTROS SERVICIOS;01010401;MEDICAMENTOS UPC;;;PROBLEMAS RELACIONADOS CON FACILIDADES DE ATENCIÓN MÉDICA U OTROS SERVICIOS DE SALUD;PROBLEMAS RELACIONADOS CON FACILIDADES DE ATENCIÓN MÉDICA U OTROS SERVICIOS DE SALUD;GLAUCOMA PRIMARIO DE ANGULO ABIERTO;No aplica;SIMPLE
821;2023;7;Personalizado;54;54498;US- 000003310081;A nombre propio;HOMBRE;61;DE 50 A 62 AÑOS;No Aplica;Subsidiado;No Aplica;No Aplica;54;54498;NUEVA EPS;RÉGIMEN SUBSIDIADO;EPSS41;NUEVA EPS;54;54498;01;"BARRERAS EN EL ACCESO A TECNOLOGÍAS Y SERVICIOS DE SALUD; Y OTROS ELEMENTOS COMPLEMENTARIOS PARA LA ATENCIÓN DEL USUARIO";0101;FALTA DE OPORTUNIDAD EN LA PRESTACIÓN DE TECNOLOGÍAS EN SALUD Y OTROS ELEMENTOS COMPLEMENTARIOS PARA LA ATENCIÓN DEL USUARIO;010105;FALTA DE OPORTUNIDAD EN EL PROCESO DE REFERENCIA Y CONTRARREFERENCIA;;;;;PROBLEMAS RELACIONADOS CON FACILIDADES DE ATENCIÓN MÉDICA U OTROS SERVICIOS DE SALUD;PROBLEMAS RELACIONADOS CON FACILIDADES DE ATENCIÓN MÉDICA U OTROS SERVICIOS DE SALUD;PROBLEMAS RELACIONADOS CON FACILIDADES DE ATENCIÓN MEDICA U OTROS SERVICIOS DE SALUD;No aplica;RIESGO VITAL
822;2023;7;Web;08;08001;US- 000003279063;Otro;MUJER;35;DE 30 A 37 AÑOS;No Aplica;Subsidiado;No Aplica;No Aplica;08;08001;MUTUAL SER;RÉGIMEN SUBSIDIADO;ESS207;MUTUAL SER;08;08001;01;"BARRERAS EN EL ACCESO A TECNOLOGÍAS Y SERVICIOS DE SALUD; Y OTROS ELEMENTOS COMPLEMENTARIOS PARA LA ATENCIÓN DEL USUARIO";0101;FALTA DE OPORTUNIDAD EN LA PRESTACIÓN DE TECNOLOGÍAS EN SALUD Y OTROS ELEMENTOS COMPLEMENTARIOS PARA LA ATENCIÓN DEL USUARIO;010105;FALTA DE OPORTUNIDAD EN EL PROCESO DE REFERENCIA Y CONTRARREFERENCIA;;;;;PROBLEMAS RELACIONADOS CON FACILIDADES DE ATENCIÓN MÉDICA U OTROS SERVICIOS DE SALUD;PROBLEMAS RELACIONADOS CON FACILIDADES DE ATENCIÓN MÉDICA U OTROS SERVICIOS DE SALUD;OTROS PROBLEMAS RELACIONADOS CON SERVICIOS MÉDICOS Y DE SALUD;No aplica;RIESGO VITAL
823;2023;7;Web;05;05266;US- 000003300135;Hermano (A);MUJER;45;DE 38 A 49 AÑOS;No Aplica;Contributivo;No Aplica;No Aplica;05;05360;SURAMERICANA EPS;RÉGIMEN CONTRIBUTIVO;EPS010;EPS SURA;05;05360;01;"BARRERAS EN EL ACCESO A TECNOLOGÍAS Y SERVICIOS DE SALUD; Y OTROS ELEMENTOS COMPLEMENTARIOS PARA LA ATENCIÓN DEL USUARIO";0101;FALTA DE OPORTUNIDAD EN LA PRESTACIÓN DE TECNOLOGÍAS EN SALUD Y OTROS ELEMENTOS COMPLEMENTARIOS PARA LA ATENCIÓN DEL USUARIO;010103;FALTA DE OPORTUNIDAD EN LA ATENCIÓN EN OTROS SERVICIOS DE SALUD;01010309;PROCEDIMIENTOS QUIRÚRGICOS;01010309003;OTROS PROCEDIMIENTOS QUIRÚRGICOS;PROBLEMAS RELACIONADOS CON FACILIDADES DE ATENCIÓN MÉDICA U OTROS SERVICIOS DE SALUD;PROBLEMAS RELACIONADOS CON FACILIDADES DE ATENCIÓN MÉDICA U OTROS SERVICIOS DE SALUD;OTROS PROBLEMAS RELACIONADOS CON SERVICIOS MÉDICOS Y DE SALUD;No aplica;PRIORIZADO
824;2023;7;Personalizado;25;25754;US- 000002590630;A nombre propio;HOMBRE;67;MAYOR DE 63 AÑOS ;Primaria;Subsidiado;No Aplica;No Aplica;25;25754;SALUD TOTAL;RÉGIMEN CONTRIBUTIVO;EPS002;SALUD TOTAL;25;25754;01;"BARRERAS EN EL ACCESO A TECNOLOGÍAS Y SERVICIOS DE SALUD; Y OTROS ELEMENTOS COMPLEMENTARIOS PARA LA ATENCIÓN DEL USUARIO";0101;FALTA DE OPORTUNIDAD EN LA PRESTACIÓN DE TECNOLOGÍAS EN SALUD Y OTROS ELEMENTOS COMPLEMENTARIOS PARA LA ATENCIÓN DEL USUARIO;010103;FALTA DE OPORTUNIDAD EN LA ATENCIÓN EN OTROS SERVICIOS DE SALUD;01010308;PROCEDIMIENTOS NO QUIRÚRGICOS;01010308001;IMAGENOLOGÍA;CÁNCER ;OTROS;TUMOR MALIGNO DE LA PRÓSTATA;No aplica;PRIORIZADO
825;2023;7;Web;66;66170;US- 000000860147;A nombre propio;MUJER;19;DE 18 A 24 AÑOS;No Aplica;Contributivo;No Aplica;No Aplica;66;66170;SANITAS;RÉGIMEN CONTRIBUTIVO;EPS005;SANITAS;66;66170;01;"BARRERAS EN EL ACCESO A TECNOLOGÍAS Y SERVICIOS DE SALUD; Y OTROS ELEMENTOS COMPLEMENTARIOS PARA LA ATENCIÓN DEL USUARIO";0101;FALTA DE OPORTUNIDAD EN LA PRESTACIÓN DE TECNOLOGÍAS EN SALUD Y OTROS ELEMENTOS COMPLEMENTARIOS PARA LA ATENCIÓN DEL USUARIO;010101;FALTA DE OPORTUNIDAD EN LAS CITAS O CONSULTAS;01010103;ESPECIALIDADES MÉDICAS ;01010103080;OTORRINOLARINGOLOGÍA;PROBLEMAS RELACIONADOS CON FACILIDADES DE ATENCIÓN MÉDICA U OTROS SERVICIOS DE SALUD;PROBLEMAS RELACIONADOS CON FACILIDADES DE ATENCIÓN MÉDICA U OTROS SERVICIOS DE SALUD;OTRAS HIPOACUSIAS;No aplica;SIMPLE
826;2023;7;Web;11;11001;US- 000003266405;A nombre propio;HOMBRE;15;DE 13 A 17 AÑOS;No Aplica;Contributivo;No Aplica;No Aplica;11;11001;FAMISANAR;RÉGIMEN CONTRIBUTIVO;EPS017;FAMISANAR;11;11001;01;"BARRERAS EN EL ACCESO A TECNOLOGÍAS Y SERVICIOS DE SALUD; Y OTROS ELEMENTOS COMPLEMENTARIOS PARA LA ATENCIÓN DEL USUARIO";0101;FALTA DE OPORTUNIDAD EN LA PRESTACIÓN DE TECNOLOGÍAS EN SALUD Y OTROS ELEMENTOS COMPLEMENTARIOS PARA LA ATENCIÓN DEL USUARIO;010103;FALTA DE OPORTUNIDAD EN LA ATENCIÓN EN OTROS SERVICIOS DE SALUD;01010309;PROCEDIMIENTOS QUIRÚRGICOS;01010309003;OTROS PROCEDIMIENTOS QUIRÚRGICOS;PROBLEMAS RELACIONADOS CON FACILIDADES DE ATENCIÓN MÉDICA U OTROS SERVICIOS DE SALUD;PROBLEMAS RELACIONADOS CON FACILIDADES DE ATENCIÓN MÉDICA U OTROS SERVICIOS DE SALUD;OTRAS ATENCIONES MEDICAS ESPECIFICADAS;No aplica;SIMPLE
827;2023;7;Telefónico;11;11001;US- 000003278913;Madre;HOMBRE;3;DE 0 A 5 AÑOS;No Aplica;Contributivo;No Aplica;No Aplica;11;11001;SALUD TOTAL;RÉGIMEN CONTRIBUTIVO;EPS002;SALUD TOTAL;11;11001;01;"BARRERAS EN EL ACCESO A TECNOLOGÍAS Y SERVICIOS DE SALUD; Y OTROS ELEMENTOS COMPLEMENTARIOS PARA LA ATENCIÓN DEL USUARIO";0101;FALTA DE OPORTUNIDAD EN LA PRESTACIÓN DE TECNOLOGÍAS EN SALUD Y OTROS ELEMENTOS COMPLEMENTARIOS PARA LA ATENCIÓN DEL USUARIO;010101;FALTA DE OPORTUNIDAD EN LAS CITAS O CONSULTAS;01010103;ESPECIALIDADES MÉDICAS ;01010103082;PEDIATRÍA;MATERNO INFANTIL;ATENCIÓN NIÑOS MENORES DE 5 AÑOS;CONSTIPACIÓN;No aplica;PRIORIZADO
828;2023;7;Escrito;11;11001;US- 000003281411;A nombre propio;HOMBRE;91;MAYOR DE 63 AÑOS ;No Aplica;Contributivo;No Aplica;No Aplica;11;11001;SANITAS;RÉGIMEN CONTRIBUTIVO;EPS005;SANITAS;11;11001;01;"BARRERAS EN EL ACCESO A TECNOLOGÍAS Y SERVICIOS DE SALUD; Y OTROS ELEMENTOS COMPLEMENTARIOS PARA LA ATENCIÓN DEL USUARIO";0101;FALTA DE OPORTUNIDAD EN LA PRESTACIÓN DE TECNOLOGÍAS EN SALUD Y OTROS ELEMENTOS COMPLEMENTARIOS PARA LA ATENCIÓN DEL USUARIO;010101;FALTA DE OPORTUNIDAD EN LAS CITAS O CONSULTAS;01010103;ESPECIALIDADES MÉDICAS ;01010103035;DOLOR Y CUIDADOS PALIATIVOS;ENFERMEDADES CRÓNICAS NO TRASMISIBLES CARDIOVASCULARES;HTA (HIPERTENSIÓN ARTERIAL);INCONTINENCIA URINARIA, NO ESPECIFICADA;Reemplazos articulares;SIMPLE
829;2023;7;Web;08;08001;US- 000003279084;Otro;HOMBRE;35;DE 30 A 37 AÑOS;No Aplica;Contributivo;No Aplica;No Aplica;08;08001;SALUD TOTAL;RÉGIMEN CONTRIBUTIVO;EPS002;SALUD TOTAL;08;08001;01;"BARRERAS EN EL ACCESO A TECNOLOGÍAS Y SERVICIOS DE SALUD; Y OTROS ELEMENTOS COMPLEMENTARIOS PARA LA ATENCIÓN DEL USUARIO";0101;FALTA DE OPORTUNIDAD EN LA PRESTACIÓN DE TECNOLOGÍAS EN SALUD Y OTROS ELEMENTOS COMPLEMENTARIOS PARA LA ATENCIÓN DEL USUARIO;010105;FALTA DE OPORTUNIDAD EN EL PROCESO DE REFERENCIA Y CONTRARREFERENCIA;;;;;PROBLEMAS RELACIONADOS CON FACILIDADES DE ATENCIÓN MÉDICA U OTROS SERVICIOS DE SALUD;PROBLEMAS RELACIONADOS CON FACILIDADES DE ATENCIÓN MÉDICA U OTROS SERVICIOS DE SALUD;OTROS PROBLEMAS RELACIONADOS CON SERVICIOS MÉDICOS Y DE SALUD;No aplica;RIESGO VITAL
830;2023;7;Escrito;68;68432;US- 000003310278;A nombre propio;HOMBRE;46;DE 38 A 49 AÑOS;No Aplica;Subsidiado;No Aplica;No Aplica;68;68432;SANITAS;RÉGIMEN CONTRIBUTIVO;EPS005;SANITAS;68;68432;01;"BARRERAS EN EL ACCESO A TECNOLOGÍAS Y SERVICIOS DE SALUD; Y OTROS ELEMENTOS COMPLEMENTARIOS PARA LA ATENCIÓN DEL USUARIO";0101;FALTA DE OPORTUNIDAD EN LA PRESTACIÓN DE TECNOLOGÍAS EN SALUD Y OTROS ELEMENTOS COMPLEMENTARIOS PARA LA ATENCIÓN DEL USUARIO;010104;FALTA DE OPORTUNIDAD EN LA ENTREGA O ENTREGA INCOMPLETA DE TECNOLOGÍAS EN SALUD Y/O PRESTACIÓN DE OTROS SERVICIOS;01010408;TRANSPORTE, ALOJAMIENTO O ALIMENTACIÓN;;;ENFERMEDADES OSTEOARTICULARES;OTROS;OTRAS COXARTROSIS DISPLÁSICAS;No aplica;SIMPLE
831;2023;7;Telefónico;19;19001;US- 000000657274;Cónyuge;HOMBRE;68;MAYOR DE 63 AÑOS ;Primaria;Subsidiado;No Aplica;No Aplica;19;19001;EMSSANAR EPS;RÉGIMEN SUBSIDIADO;ESS118;EMSSANAR;19;19001;01;"BARRERAS EN EL ACCESO A TECNOLOGÍAS Y SERVICIOS DE SALUD; Y OTROS ELEMENTOS COMPLEMENTARIOS PARA LA ATENCIÓN DEL USUARIO";0101;FALTA DE OPORTUNIDAD EN LA PRESTACIÓN DE TECNOLOGÍAS EN SALUD Y OTROS ELEMENTOS COMPLEMENTARIOS PARA LA ATENCIÓN DEL USUARIO;010103;FALTA DE OPORTUNIDAD EN LA ATENCIÓN EN OTROS SERVICIOS DE SALUD;01010308;PROCEDIMIENTOS NO QUIRÚRGICOS;01010308001;IMAGENOLOGÍA;ENFERMEDADES CRÓNICAS NO TRASMISIBLES CARDIOVASCULARES;ICC (INSUFICIENCIA CARDIACA CONGESTIVA);INSUFICIENCIA CARDIACA;No aplica;PRIORIZADO
832;2023;7;Web;05;05001;US- 000000543151;A nombre propio;MUJER;82;MAYOR DE 63 AÑOS ;No Aplica;Contributivo;No Aplica;Persona con discapacidad;05;05001;NUEVA EPS;RÉGIMEN CONTRIBUTIVO;EPS037;NUEVA EPS;05;05001;01;"BARRERAS EN EL ACCESO A TECNOLOGÍAS Y SERVICIOS DE SALUD; Y OTROS ELEMENTOS COMPLEMENTARIOS PARA LA ATENCIÓN DEL USUARIO";0101;FALTA DE OPORTUNIDAD EN LA PRESTACIÓN DE TECNOLOGÍAS EN SALUD Y OTROS ELEMENTOS COMPLEMENTARIOS PARA LA ATENCIÓN DEL USUARIO;010101;FALTA DE OPORTUNIDAD EN LAS CITAS O CONSULTAS;01010101;MEDICINA GENERAL;;;ENFERMEDADES CRÓNICAS NO TRANSMISIBLES RESPIRATORIAS;EPOC (ENFERMEDAD PULMONAR OBSTRUCTIVA CRÓNICA, BRONQUITIS CRÓNICA O ENFISEMA);ENFERMEDAD PULMONAR OBSTRUCTIVA CRÓNICA, NO ESPECIFICADA;No aplica;PRIORIZADO
833;2023;7;Web;63;63001;US- 000003114704;Otro;MUJER;74;MAYOR DE 63 AÑOS ;Secundaria;Subsidiado;Mulato ;No Aplica;63;63212;NUEVA EPS;RÉGIMEN SUBSIDIADO;EPSS41;NUEVA EPS;63;63212;01;"BARRERAS EN EL ACCESO A TECNOLOGÍAS Y SERVICIOS DE SALUD; Y OTROS ELEMENTOS COMPLEMENTARIOS PARA LA ATENCIÓN DEL USUARIO";0103;FALTA DE OPORTUNIDAD EN LA AUTORIZACIÓN DE TECNOLOGÍAS EN SALUD Y OTROS ELEMENTOS COMPLEMENTARIOS PARA LA ATENCIÓN DEL USUARIO;010304;FALTA DE OPORTUNIDAD EN LA AUTORIZACIÓN DE OTROS SERVICIOS DE SALUD;01030409;PROCEDIMIENTOS QUIRÚRGICOS;01030409003;OTROS PROCEDIMIENTOS QUIRÚRGICOS;PROBLEMAS RELACIONADOS CON FACILIDADES DE ATENCIÓN MÉDICA U OTROS SERVICIOS DE SALUD;PROBLEMAS RELACIONADOS CON FACILIDADES DE ATENCIÓN MÉDICA U OTROS SERVICIOS DE SALUD;OTROS ANEURISMAS;No aplica;RIESGO VITAL
834;2023;7;Chat;08;08001;US- 000003149236;A nombre propio;MUJER;49;DE 38 A 49 AÑOS;Universitario;Régimen Especial;No Aplica;No Aplica;08;08001;MAGISTERIO;REGÍMENES DE EXCEPCIÓN Y ESPECIALES;REMG01;MAGISTERIO;08;08001;01;"BARRERAS EN EL ACCESO A TECNOLOGÍAS Y SERVICIOS DE SALUD; Y OTROS ELEMENTOS COMPLEMENTARIOS PARA LA ATENCIÓN DEL USUARIO";0101;FALTA DE OPORTUNIDAD EN LA PRESTACIÓN DE TECNOLOGÍAS EN SALUD Y OTROS ELEMENTOS COMPLEMENTARIOS PARA LA ATENCIÓN DEL USUARIO;010104;FALTA DE OPORTUNIDAD EN LA ENTREGA O ENTREGA INCOMPLETA DE TECNOLOGÍAS EN SALUD Y/O PRESTACIÓN DE OTROS SERVICIOS;01010402;MEDICAMENTOS NO UPC;;;SALUD MENTAL;OTROS TRASTORNOS MENTALES;TRASTORNO AFECTANIVO BIPOLAR;No aplica;PRIORIZADO
835;2023;7;Correo;11;11001;US- 000003156462;Otro;MUJER;47;DE 38 A 49 AÑOS;No Aplica;Subsidiado;No Aplica;No Aplica;11;11001;CAPITAL SALUD;RÉGIMEN SUBSIDIADO;EPSS34;CAPITAL SALUD;11;11001;01;"BARRERAS EN EL ACCESO A TECNOLOGÍAS Y SERVICIOS DE SALUD; Y OTROS ELEMENTOS COMPLEMENTARIOS PARA LA ATENCIÓN DEL USUARIO";0103;FALTA DE OPORTUNIDAD EN LA AUTORIZACIÓN DE TECNOLOGÍAS EN SALUD Y OTROS ELEMENTOS COMPLEMENTARIOS PARA LA ATENCIÓN DEL USUARIO;010304;FALTA DE OPORTUNIDAD EN LA AUTORIZACIÓN DE OTROS SERVICIOS DE SALUD;01030408;PROCEDIMIENTOS NO QUIRÚRGICOS;01030408006;OTROS PROCEDIMIENTOS NO QUIRÚRGICOS;ENFERMEDADES CRÓNICAS NO TRASMISIBLES CARDIOVASCULARES;OTROS;INFARTO AGUDO DEL MIOCARDIO, SIN OTRA ESPECIFICACIÓN;No aplica;SIMPLE
836;2023;7;Correo;66;66001;US- 000002498882;A nombre propio;MUJER;23;DE 18 A 24 AÑOS;No Aplica;Régimen Especial;No Aplica;No Aplica;66;66001;MAGISTERIO;REGÍMENES DE EXCEPCIÓN Y ESPECIALES;REMG01;MAGISTERIO;66;66001;01;"BARRERAS EN EL ACCESO A TECNOLOGÍAS Y SERVICIOS DE SALUD; Y OTROS ELEMENTOS COMPLEMENTARIOS PARA LA ATENCIÓN DEL USUARIO";0101;FALTA DE OPORTUNIDAD EN LA PRESTACIÓN DE TECNOLOGÍAS EN SALUD Y OTROS ELEMENTOS COMPLEMENTARIOS PARA LA ATENCIÓN DEL USUARIO;010101;FALTA DE OPORTUNIDAD EN LAS CITAS O CONSULTAS;01010103;ESPECIALIDADES MÉDICAS ;01010103080;OTORRINOLARINGOLOGÍA;PROBLEMAS RELACIONADOS CON FACILIDADES DE ATENCIÓN MÉDICA U OTROS SERVICIOS DE SALUD;PROBLEMAS RELACIONADOS CON FACILIDADES DE ATENCIÓN MÉDICA U OTROS SERVICIOS DE SALUD;OTRAS PERCEPCIONES AUDITIVAS ANORMALES;No aplica;SIMPLE
837;2023;7;Personalizado;66;66088;US- 000003278974;A nombre propio;HOMBRE;16;DE 13 A 17 AÑOS;Primaria;Subsidiado;No Aplica;No Aplica;66;66088;ASMET SALUD EPS;RÉGIMEN SUBSIDIADO;ESS062;ASMET SALUD;66;66088;01;"BARRERAS EN EL ACCESO A TECNOLOGÍAS Y SERVICIOS DE SALUD; Y OTROS ELEMENTOS COMPLEMENTARIOS PARA LA ATENCIÓN DEL USUARIO";0101;FALTA DE OPORTUNIDAD EN LA PRESTACIÓN DE TECNOLOGÍAS EN SALUD Y OTROS ELEMENTOS COMPLEMENTARIOS PARA LA ATENCIÓN DEL USUARIO;010101;FALTA DE OPORTUNIDAD EN LAS CITAS O CONSULTAS;01010104;ESPECIALIDADES ODONTOLÓGICAS;01010104001;CIRUGÍA MAXILOFACIAL;SALUD ORAL;SALUD ORAL;MALOCLUSIÓN DE TIPO NO ESPECIFICADO;No aplica;SIMPLE
838;2023;7;Web;54;54001;US- 000003274090;Madre;HOMBRE;0;DE 0 A 5 AÑOS;No Aplica;Contributivo;No Aplica;No Aplica;54;54001;NUEVA EPS;RÉGIMEN CONTRIBUTIVO;EPS037;NUEVA EPS;54;54001;01;"BARRERAS EN EL ACCESO A TECNOLOGÍAS Y SERVICIOS DE SALUD; Y OTROS ELEMENTOS COMPLEMENTARIOS PARA LA ATENCIÓN DEL USUARIO";0101;FALTA DE OPORTUNIDAD EN LA PRESTACIÓN DE TECNOLOGÍAS EN SALUD Y OTROS ELEMENTOS COMPLEMENTARIOS PARA LA ATENCIÓN DEL USUARIO;010101;FALTA DE OPORTUNIDAD EN LAS CITAS O CONSULTAS;01010103;ESPECIALIDADES MÉDICAS ;01010103054;INFECTOLOGÍA;MATERNO INFANTIL;ATENCIÓN NIÑOS MENORES DE 5 AÑOS;OTRAS INFECCIONES POR MICOBACTERIAS;No aplica;SIMPLE
839;2023;7;Telefónico;19;19573;US- 000001450174;Otro;HOMBRE;92;MAYOR DE 63 AÑOS ;Secundaria;Contributivo;Afrocolombiano o Afrodescendiente;No Aplica;19;19573;NUEVA EPS;RÉGIMEN CONTRIBUTIVO;EPS037;NUEVA EPS;19;19573;01;"BARRERAS EN EL ACCESO A TECNOLOGÍAS Y SERVICIOS DE SALUD; Y OTROS ELEMENTOS COMPLEMENTARIOS PARA LA ATENCIÓN DEL USUARIO";0101;FALTA DE OPORTUNIDAD EN LA PRESTACIÓN DE TECNOLOGÍAS EN SALUD Y OTROS ELEMENTOS COMPLEMENTARIOS PARA LA ATENCIÓN DEL USUARIO;010103;FALTA DE OPORTUNIDAD EN LA ATENCIÓN EN OTROS SERVICIOS DE SALUD;01010308;PROCEDIMIENTOS NO QUIRÚRGICOS;01010308001;IMAGENOLOGÍA;ENFERMEDADES CRÓNICAS NO TRASMISIBLES CARDIOVASCULARES;HTA (HIPERTENSIÓN ARTERIAL);HIPERTENSIÓN ESENCIAL (PRIMARIA);No aplica;PRIORIZADO
840;2023;7;Personalizado;11;11001;US- 000003296329;A nombre propio;MUJER;60;DE 50 A 62 AÑOS;Secundaria Incompleta;Contributivo;No Aplica;No Aplica;11;11001;FAMISANAR;RÉGIMEN CONTRIBUTIVO;EPS017;FAMISANAR;11;11001;01;"BARRERAS EN EL ACCESO A TECNOLOGÍAS Y SERVICIOS DE SALUD; Y OTROS ELEMENTOS COMPLEMENTARIOS PARA LA ATENCIÓN DEL USUARIO";0101;FALTA DE OPORTUNIDAD EN LA PRESTACIÓN DE TECNOLOGÍAS EN SALUD Y OTROS ELEMENTOS COMPLEMENTARIOS PARA LA ATENCIÓN DEL USUARIO;010101;FALTA DE OPORTUNIDAD EN LAS CITAS O CONSULTAS;01010103;ESPECIALIDADES MÉDICAS ;01010103080;OTORRINOLARINGOLOGÍA;PROBLEMAS RELACIONADOS CON FACILIDADES DE ATENCIÓN MÉDICA U OTROS SERVICIOS DE SALUD;PROBLEMAS RELACIONADOS CON FACILIDADES DE ATENCIÓN MÉDICA U OTROS SERVICIOS DE SALUD;DISFONÍA;No aplica;SIMPLE
841;2023;7;Telefónico;05;05001;US- 000002735082;A nombre propio;MUJER;24;DE 18 A 24 AÑOS;Secundaria;Contributivo;No Aplica;Desplazado;05;05001;SURAMERICANA EPS;RÉGIMEN CONTRIBUTIVO;EPS010;EPS SURA;05;05001;01;"BARRERAS EN EL ACCESO A TECNOLOGÍAS Y SERVICIOS DE SALUD; Y OTROS ELEMENTOS COMPLEMENTARIOS PARA LA ATENCIÓN DEL USUARIO";0101;FALTA DE OPORTUNIDAD EN LA PRESTACIÓN DE TECNOLOGÍAS EN SALUD Y OTROS ELEMENTOS COMPLEMENTARIOS PARA LA ATENCIÓN DEL USUARIO;010101;FALTA DE OPORTUNIDAD EN LAS CITAS O CONSULTAS;01010103;ESPECIALIDADES MÉDICAS ;01010103083;PSIQUIATRÍA;ENFERMEDADES OSTEOARTICULARES;OTROS;ESCOLIOSIS;No aplica;SIMPLE
842;2023;7;Web;76;76001;US- 000003290979;Hijo (A);MUJER;43;DE 38 A 49 AÑOS;No Aplica;Subsidiado;No Aplica;No Aplica;76;76377;COMPENSAR;RÉGIMEN CONTRIBUTIVO;EPS008;COMPENSAR;76;76377;01;"BARRERAS EN EL ACCESO A TECNOLOGÍAS Y SERVICIOS DE SALUD; Y OTROS ELEMENTOS COMPLEMENTARIOS PARA LA ATENCIÓN DEL USUARIO";0101;FALTA DE OPORTUNIDAD EN LA PRESTACIÓN DE TECNOLOGÍAS EN SALUD Y OTROS ELEMENTOS COMPLEMENTARIOS PARA LA ATENCIÓN DEL USUARIO;010101;FALTA DE OPORTUNIDAD EN LAS CITAS O CONSULTAS;01010104;ESPECIALIDADES ODONTOLÓGICAS;01010104002;CIRUGÍA MAXILOFACIAL - CIRUGÍA ORAL;PROBLEMAS RELACIONADOS CON FACILIDADES DE ATENCIÓN MÉDICA U OTROS SERVICIOS DE SALUD;PROBLEMAS RELACIONADOS CON FACILIDADES DE ATENCIÓN MÉDICA U OTROS SERVICIOS DE SALUD;PROBLEMAS RELACIONADOS CON FACILIDADES DE ATENCIÓN MEDICA U OTROS SERVICIOS DE SALUD;No aplica;SIMPLE
843;2023;7;Telefónico;05;05088;US- 000003295664;Otro;MUJER;50;DE 50 A 62 AÑOS;Primaria;Contributivo;No Aplica;No Aplica;05;05088;SURAMERICANA EPS;RÉGIMEN CONTRIBUTIVO;EPS010;EPS SURA;05;05088;01;"BARRERAS EN EL ACCESO A TECNOLOGÍAS Y SERVICIOS DE SALUD; Y OTROS ELEMENTOS COMPLEMENTARIOS PARA LA ATENCIÓN DEL USUARIO";0101;FALTA DE OPORTUNIDAD EN LA PRESTACIÓN DE TECNOLOGÍAS EN SALUD Y OTROS ELEMENTOS COMPLEMENTARIOS PARA LA ATENCIÓN DEL USUARIO;010101;FALTA DE OPORTUNIDAD EN LAS CITAS O CONSULTAS;01010104;ESPECIALIDADES ODONTOLÓGICAS;01010104001;CIRUGÍA MAXILOFACIAL;SALUD ORAL;SALUD ORAL;OTRAS ENFERMEDADES DE LOS MAXILARES;No aplica;SIMPLE
844;2023;7;Web;08;08001;US- 000003280967;A nombre propio;HOMBRE;1;DE 0 A 5 AÑOS;No Aplica;Subsidiado;No Aplica;No Aplica;08;08001;MUTUAL SER;RÉGIMEN SUBSIDIADO;ESS207;MUTUAL SER;08;08001;01;"BARRERAS EN EL ACCESO A TECNOLOGÍAS Y SERVICIOS DE SALUD; Y OTROS ELEMENTOS COMPLEMENTARIOS PARA LA ATENCIÓN DEL USUARIO";0101;FALTA DE OPORTUNIDAD EN LA PRESTACIÓN DE TECNOLOGÍAS EN SALUD Y OTROS ELEMENTOS COMPLEMENTARIOS PARA LA ATENCIÓN DEL USUARIO;010101;FALTA DE OPORTUNIDAD EN LAS CITAS O CONSULTAS;01010104;ESPECIALIDADES ODONTOLÓGICAS;01010104010;ODONTOPEDIATRÍA;SALUD ORAL;SALUD ORAL;EXAMEN ODONTOLÓGICO;No aplica;SIMPLE
845;2023;7;Personalizado;17;17001;US- 000003282434;A nombre propio;HOMBRE;64;MAYOR DE 63 AÑOS ;Primaria Incompleta;Subsidiado;No Aplica;No Aplica;17;17001;NUEVA EPS;RÉGIMEN SUBSIDIADO;EPSS41;NUEVA EPS;17;17001;01;"BARRERAS EN EL ACCESO A TECNOLOGÍAS Y SERVICIOS DE SALUD; Y OTROS ELEMENTOS COMPLEMENTARIOS PARA LA ATENCIÓN DEL USUARIO";0101;FALTA DE OPORTUNIDAD EN LA PRESTACIÓN DE TECNOLOGÍAS EN SALUD Y OTROS ELEMENTOS COMPLEMENTARIOS PARA LA ATENCIÓN DEL USUARIO;010101;FALTA DE OPORTUNIDAD EN LAS CITAS O CONSULTAS;01010103;ESPECIALIDADES MÉDICAS ;01010103063;MEDICINA INTERNA;PROBLEMAS RELACIONADOS CON FACILIDADES DE ATENCIÓN MÉDICA U OTROS SERVICIOS DE SALUD;PROBLEMAS RELACIONADOS CON FACILIDADES DE ATENCIÓN MÉDICA U OTROS SERVICIOS DE SALUD;DOLOR PRECORDIAL;No aplica;SIMPLE
846;2023;7;Personalizado;11;11001;US- 000003306046;Hijo (A);HOMBRE;66;MAYOR DE 63 AÑOS ;Universitario;Contributivo;No Aplica;No Aplica;11;11001;SANITAS;RÉGIMEN CONTRIBUTIVO;EPS005;SANITAS;11;11001;01;"BARRERAS EN EL ACCESO A TECNOLOGÍAS Y SERVICIOS DE SALUD; Y OTROS ELEMENTOS COMPLEMENTARIOS PARA LA ATENCIÓN DEL USUARIO";0101;FALTA DE OPORTUNIDAD EN LA PRESTACIÓN DE TECNOLOGÍAS EN SALUD Y OTROS ELEMENTOS COMPLEMENTARIOS PARA LA ATENCIÓN DEL USUARIO;010103;FALTA DE OPORTUNIDAD EN LA ATENCIÓN EN OTROS SERVICIOS DE SALUD;01010309;PROCEDIMIENTOS QUIRÚRGICOS;01010309003;OTROS PROCEDIMIENTOS QUIRÚRGICOS;PROBLEMAS RELACIONADOS CON FACILIDADES DE ATENCIÓN MÉDICA U OTROS SERVICIOS DE SALUD;PROBLEMAS RELACIONADOS CON FACILIDADES DE ATENCIÓN MÉDICA U OTROS SERVICIOS DE SALUD;VÓLVULO;No aplica;PRIORIZADO
847;2023;7;Chat;11;11001;US- 000003051392;A nombre propio;HOMBRE;31;DE 30 A 37 AÑOS;Secundaria;Contributivo;No Aplica;No Aplica;11;11001;SALUD TOTAL;RÉGIMEN CONTRIBUTIVO;EPS002;SALUD TOTAL;11;11001;01;"BARRERAS EN EL ACCESO A TECNOLOGÍAS Y SERVICIOS DE SALUD; Y OTROS ELEMENTOS COMPLEMENTARIOS PARA LA ATENCIÓN DEL USUARIO";0101;FALTA DE OPORTUNIDAD EN LA PRESTACIÓN DE TECNOLOGÍAS EN SALUD Y OTROS ELEMENTOS COMPLEMENTARIOS PARA LA ATENCIÓN DEL USUARIO;010103;FALTA DE OPORTUNIDAD EN LA ATENCIÓN EN OTROS SERVICIOS DE SALUD;01010309;PROCEDIMIENTOS QUIRÚRGICOS;01010309003;OTROS PROCEDIMIENTOS QUIRÚRGICOS;ENFERMEDADES CRÓNICAS NO TRANSMISIBLES- FACTORES DE RIESGO;MEDICIÓN DE FACTORES DE RIESGO;COLECISTITIS;No aplica;PRIORIZADO
848;2023;7;Web;66;66170;US- 000003274327;A nombre propio;MUJER;32;DE 30 A 37 AÑOS;No Aplica;Contributivo;No Aplica;No Aplica;66;66170;SALUD TOTAL;RÉGIMEN CONTRIBUTIVO;EPS002;SALUD TOTAL;66;66170;01;"BARRERAS EN EL ACCESO A TECNOLOGÍAS Y SERVICIOS DE SALUD; Y OTROS ELEMENTOS COMPLEMENTARIOS PARA LA ATENCIÓN DEL USUARIO";0101;FALTA DE OPORTUNIDAD EN LA PRESTACIÓN DE TECNOLOGÍAS EN SALUD Y OTROS ELEMENTOS COMPLEMENTARIOS PARA LA ATENCIÓN DEL USUARIO;010101;FALTA DE OPORTUNIDAD EN LAS CITAS O CONSULTAS;01010103;ESPECIALIDADES MÉDICAS ;01010103071;NEUROCIRUGÍA;ENFERMEDADES OSTEOARTICULARES;OTROS;TRASTORNO DE DISCO LUMBAR Y OTROS, CON RADICULOPATÍA;No aplica;SIMPLE
849;2023;7;Personalizado;11;11001;US- 000002883959;A nombre propio;MUJER;58;DE 50 A 62 AÑOS;Primaria Incompleta;Subsidiado;No Aplica;No Aplica;11;11001;SURAMERICANA EPS;RÉGIMEN CONTRIBUTIVO;EPS010;EPS SURA;11;11001;01;"BARRERAS EN EL ACCESO A TECNOLOGÍAS Y SERVICIOS DE SALUD; Y OTROS ELEMENTOS COMPLEMENTARIOS PARA LA ATENCIÓN DEL USUARIO";0101;FALTA DE OPORTUNIDAD EN LA PRESTACIÓN DE TECNOLOGÍAS EN SALUD Y OTROS ELEMENTOS COMPLEMENTARIOS PARA LA ATENCIÓN DEL USUARIO;010101;FALTA DE OPORTUNIDAD EN LAS CITAS O CONSULTAS;01010103;ESPECIALIDADES MÉDICAS ;01010103078;ORTOPEDIA Y TRAUMATOLOGÍA;ENFERMEDADES CRÓNICAS NO TRASMISIBLES CARDIOVASCULARES;HTA (HIPERTENSIÓN ARTERIAL);DESGARRO DE MENISCOS, PRESENTE;No aplica;SIMPLE
850;2023;7;Web;08;08520;US- 000003269259;A nombre propio;MUJER;51;DE 50 A 62 AÑOS;No Aplica;Subsidiado;No Aplica;No Aplica;08;08520;NUEVA EPS;RÉGIMEN SUBSIDIADO;EPSS41;NUEVA EPS;08;08520;01;"BARRERAS EN EL ACCESO A TECNOLOGÍAS Y SERVICIOS DE SALUD; Y OTROS ELEMENTOS COMPLEMENTARIOS PARA LA ATENCIÓN DEL USUARIO";0103;FALTA DE OPORTUNIDAD EN LA AUTORIZACIÓN DE TECNOLOGÍAS EN SALUD Y OTROS ELEMENTOS COMPLEMENTARIOS PARA LA ATENCIÓN DEL USUARIO;010304;FALTA DE OPORTUNIDAD EN LA AUTORIZACIÓN DE OTROS SERVICIOS DE SALUD;01030409;PROCEDIMIENTOS QUIRÚRGICOS;01030409003;OTROS PROCEDIMIENTOS QUIRÚRGICOS;ENFERMEDADES CRÓNICAS NO TRASMISIBLES CARDIOVASCULARES;OTROS;INSUFICIENCIA CARDIACA, NO ESPECIFICADA;No aplica;SIMPLE
851;2023;7;Web;17;17616;US- 000001950938;A nombre propio;HOMBRE;68;MAYOR DE 63 AÑOS ;No Aplica;Subsidiado;No Aplica;No Aplica;17;17616;COOSALUD;RÉGIMEN SUBSIDIADO;ESS024;COOSALUD;17;17616;01;"BARRERAS EN EL ACCESO A TECNOLOGÍAS Y SERVICIOS DE SALUD; Y OTROS ELEMENTOS COMPLEMENTARIOS PARA LA ATENCIÓN DEL USUARIO";0101;FALTA DE OPORTUNIDAD EN LA PRESTACIÓN DE TECNOLOGÍAS EN SALUD Y OTROS ELEMENTOS COMPLEMENTARIOS PARA LA ATENCIÓN DEL USUARIO;010103;FALTA DE OPORTUNIDAD EN LA ATENCIÓN EN OTROS SERVICIOS DE SALUD;01010308;PROCEDIMIENTOS NO QUIRÚRGICOS;01010308001;IMAGENOLOGÍA;ENFERMEDADES CRÓNICAS NO TRASMISIBLES CARDIOVASCULARES;HTA (HIPERTENSIÓN ARTERIAL);HIPERTENSIÓN ESENCIAL (PRIMARIA);No aplica;SIMPLE
852;2023;7;Redes Sociales;23;23660;US- 000001845261;Otro;HOMBRE;24;DE 18 A 24 AÑOS;Secundaria;Subsidiado;Indígena;No Aplica;23;23660;NUEVA EPS;RÉGIMEN SUBSIDIADO;EPSS41;NUEVA EPS;23;23660;02;INSATISFACCIÓN RELACIONADA CON LA ATENCIÓN EN SALUD;0201;INSATISFACCIÓN RELACIONADA CON LA ATENCIÓN EN SALUD POR FALTA DE OPORTUNIDAD;020101;INSATISFACCIÓN POR FALTA DE OPORTUNIDAD EN LA ATENCIÓN POR PARTE DEL PERSONAL DE SALUD;02010107;SERVICIO QUIRÚRGICO;;;ENFERMEDADES CRÓNICAS NO TRANSMISIBLES- FACTORES DE RIESGO;MEDICIÓN DE FACTORES DE RIESGO;TRAUMATISMO DE REGIONES NO ESPECIFICADAS DEL CUERPO;No aplica;PRIORIZADO
853;2023;7;Personalizado;86;86865;US- 000003289675;A nombre propio;MUJER;24;DE 18 A 24 AÑOS;No Aplica;PPNA;No Aplica;Mujer en estado de gestación;86;86865;SECRETARÍA DEPARTAMENTAL DE SALUD DEL PUTUMAYO;ENTIDADES TERRITORIALES;999998;SECRETARIA DEPARTAMENTAL DE SALUD DEL PUTUMAYO;86;86865;01;"BARRERAS EN EL ACCESO A TECNOLOGÍAS Y SERVICIOS DE SALUD; Y OTROS ELEMENTOS COMPLEMENTARIOS PARA LA ATENCIÓN DEL USUARIO";0101;FALTA DE OPORTUNIDAD EN LA PRESTACIÓN DE TECNOLOGÍAS EN SALUD Y OTROS ELEMENTOS COMPLEMENTARIOS PARA LA ATENCIÓN DEL USUARIO;010101;FALTA DE OPORTUNIDAD EN LAS CITAS O CONSULTAS;01010103;ESPECIALIDADES MÉDICAS ;01010103047;GINECOLOGÍA Y OBSTETRICIA;MATERNO INFANTIL;ATENCIÓN EN EL EMBARAZO;SUPERVISIÓN DE EMBARAZO DE ALTO RIESGO;No aplica;PRIORIZADO
854;2023;7;Chat;66;66001;US- 000003273426;Hermano (A);MUJER;28;DE 25 A 29 AÑOS;Secundaria;Contributivo;No Aplica;No Aplica;66;66001;SALUD TOTAL;RÉGIMEN CONTRIBUTIVO;EPS002;SALUD TOTAL;66;66001;01;"BARRERAS EN EL ACCESO A TECNOLOGÍAS Y SERVICIOS DE SALUD; Y OTROS ELEMENTOS COMPLEMENTARIOS PARA LA ATENCIÓN DEL USUARIO";0101;FALTA DE OPORTUNIDAD EN LA PRESTACIÓN DE TECNOLOGÍAS EN SALUD Y OTROS ELEMENTOS COMPLEMENTARIOS PARA LA ATENCIÓN DEL USUARIO;010101;FALTA DE OPORTUNIDAD EN LAS CITAS O CONSULTAS;01010103;ESPECIALIDADES MÉDICAS ;01010103086;RADIOLOGÍA E IMÁGENES DIAGNÓSTICAS;ENFERMEDADES CRÓNICAS NO TRANSMISIBLES- FACTORES DE RIESGO;MEDICIÓN DE FACTORES DE RIESGO;ANEURISMA CEREBRAL, SIN RUPTURA;No aplica;PRIORIZADO
855;2023;7;Web;20;20001;US- 000003181461;A nombre propio;MUJER;62;DE 50 A 62 AÑOS;No Aplica;Contributivo;Mulato ;Víctima del conflicto armado;20;20001;SANITAS;RÉGIMEN CONTRIBUTIVO;EPS005;SANITAS;20;20001;01;"BARRERAS EN EL ACCESO A TECNOLOGÍAS Y SERVICIOS DE SALUD; Y OTROS ELEMENTOS COMPLEMENTARIOS PARA LA ATENCIÓN DEL USUARIO";0101;FALTA DE OPORTUNIDAD EN LA PRESTACIÓN DE TECNOLOGÍAS EN SALUD Y OTROS ELEMENTOS COMPLEMENTARIOS PARA LA ATENCIÓN DEL USUARIO;010101;FALTA DE OPORTUNIDAD EN LAS CITAS O CONSULTAS;01010103;ESPECIALIDADES MÉDICAS ;01010103094;UROLOGÍA;PROBLEMAS RELACIONADOS CON FACILIDADES DE ATENCIÓN MÉDICA U OTROS SERVICIOS DE SALUD;PROBLEMAS RELACIONADOS CON FACILIDADES DE ATENCIÓN MÉDICA U OTROS SERVICIOS DE SALUD;PROBLEMAS RELACIONADOS CON FACILIDADES DE ATENCIÓN MEDICA U OTROS SERVICIOS DE SALUD;No aplica;SIMPLE
856;2023;7;Web;11;11001;US- 000003264075;A nombre propio;HOMBRE;8;DE 6 A 12 AÑOS;No Aplica;Contributivo;No Aplica;No Aplica;11;11001;COMPENSAR;RÉGIMEN CONTRIBUTIVO;EPS008;COMPENSAR;11;11001;01;"BARRERAS EN EL ACCESO A TECNOLOGÍAS Y SERVICIOS DE SALUD; Y OTROS ELEMENTOS COMPLEMENTARIOS PARA LA ATENCIÓN DEL USUARIO";0103;FALTA DE OPORTUNIDAD EN LA AUTORIZACIÓN DE TECNOLOGÍAS EN SALUD Y OTROS ELEMENTOS COMPLEMENTARIOS PARA LA ATENCIÓN DEL USUARIO;010303;FALTA DE OPORTUNIDAD EN LA AUTORIZACIÓN PARA SERVICIOS DE COMPLEMENTACIÓN TERAPÉUTICA;01030304;TERAPIA INTEGRAL;;;PROBLEMAS RELACIONADOS CON FACILIDADES DE ATENCIÓN MÉDICA U OTROS SERVICIOS DE SALUD;PROBLEMAS RELACIONADOS CON FACILIDADES DE ATENCIÓN MÉDICA U OTROS SERVICIOS DE SALUD;OTRAS ATENCIONES MEDICAS ESPECIFICADAS;No aplica;SIMPLE
857;2023;7;Telefónico;68;68001;US- 000003219024;A nombre propio;MUJER;59;DE 50 A 62 AÑOS;Primaria;Contributivo;No Aplica;Persona con discapacidad;68;68001;SANITAS;RÉGIMEN CONTRIBUTIVO;EPS005;SANITAS;68;68001;01;"BARRERAS EN EL ACCESO A TECNOLOGÍAS Y SERVICIOS DE SALUD; Y OTROS ELEMENTOS COMPLEMENTARIOS PARA LA ATENCIÓN DEL USUARIO";0101;FALTA DE OPORTUNIDAD EN LA PRESTACIÓN DE TECNOLOGÍAS EN SALUD Y OTROS ELEMENTOS COMPLEMENTARIOS PARA LA ATENCIÓN DEL USUARIO;010101;FALTA DE OPORTUNIDAD EN LAS CITAS O CONSULTAS;01010103;ESPECIALIDADES MÉDICAS ;01010103080;OTORRINOLARINGOLOGÍA;ENFERMEDADES CRÓNICAS NO TRANSMISIBLES- FACTORES DE RIESGO;MEDICIÓN DE FACTORES DE RIESGO;APNEA DEL SUEÑO;No aplica;SIMPLE
858;2023;7;Escrito;20;20001;US- 000003269271;A nombre propio;MUJER;30;DE 30 A 37 AÑOS;No Aplica;Subsidiado;No Aplica;No Aplica;20;20001;COOSALUD;RÉGIMEN SUBSIDIADO;ESS024;COOSALUD;20;20001;01;"BARRERAS EN EL ACCESO A TECNOLOGÍAS Y SERVICIOS DE SALUD; Y OTROS ELEMENTOS COMPLEMENTARIOS PARA LA ATENCIÓN DEL USUARIO";0101;FALTA DE OPORTUNIDAD EN LA PRESTACIÓN DE TECNOLOGÍAS EN SALUD Y OTROS ELEMENTOS COMPLEMENTARIOS PARA LA ATENCIÓN DEL USUARIO;010104;FALTA DE OPORTUNIDAD EN LA ENTREGA O ENTREGA INCOMPLETA DE TECNOLOGÍAS EN SALUD Y/O PRESTACIÓN DE OTROS SERVICIOS;01010401;MEDICAMENTOS UPC;;;ENFERMEDADES OSTEOARTICULARES;NEUROLÓGICAS;PARÁLISIS CEREBRAL INFANTIL, SIN OTRA ESPECIFICACIÓN;No aplica;SIMPLE
859;2023;7;Personalizado;76;76001;US- 000003194890;A nombre propio;HOMBRE;61;DE 50 A 62 AÑOS;Primaria;Contributivo;No Aplica;No Aplica;76;76001;EMSSANAR EPS;RÉGIMEN SUBSIDIADO;ESS118;EMSSANAR;76;76001;01;"BARRERAS EN EL ACCESO A TECNOLOGÍAS Y SERVICIOS DE SALUD; Y OTROS ELEMENTOS COMPLEMENTARIOS PARA LA ATENCIÓN DEL USUARIO";0103;FALTA DE OPORTUNIDAD EN LA AUTORIZACIÓN DE TECNOLOGÍAS EN SALUD Y OTROS ELEMENTOS COMPLEMENTARIOS PARA LA ATENCIÓN DEL USUARIO;010304;FALTA DE OPORTUNIDAD EN LA AUTORIZACIÓN DE OTROS SERVICIOS DE SALUD;01030408;PROCEDIMIENTOS NO QUIRÚRGICOS;01030408002;LABORATORIO CLÍNICO Y ANATOMOPATOLÓGICO;CÁNCER ;LEUCEMIA LINFOIDE AGUDA;LEUCEMIA LINFOCÍTICA CRÓNICA;No aplica;PRIORIZADO
860;2023;7;Web;11;11001;US- 000003203809;A nombre propio;MUJER;49;DE 38 A 49 AÑOS;No Aplica;Contributivo;No Aplica;No Aplica;11;11001;SALUD TOTAL;RÉGIMEN CONTRIBUTIVO;EPS002;SALUD TOTAL;11;11001;01;"BARRERAS EN EL ACCESO A TECNOLOGÍAS Y SERVICIOS DE SALUD; Y OTROS ELEMENTOS COMPLEMENTARIOS PARA LA ATENCIÓN DEL USUARIO";0101;FALTA DE OPORTUNIDAD EN LA PRESTACIÓN DE TECNOLOGÍAS EN SALUD Y OTROS ELEMENTOS COMPLEMENTARIOS PARA LA ATENCIÓN DEL USUARIO;010101;FALTA DE OPORTUNIDAD EN LAS CITAS O CONSULTAS;01010103;ESPECIALIDADES MÉDICAS ;01010103078;ORTOPEDIA Y TRAUMATOLOGÍA;ENFERMEDADES OSTEOARTICULARES;OTROS;FRACTURA DEL PERONÉ SOLAMENTE;No aplica;SIMPLE
861;2023;7;Web;15;15837;US- 000003170126;A nombre propio;MUJER;47;DE 38 A 49 AÑOS;No Aplica;Subsidiado;No Aplica;No Aplica;15;15837;NUEVA EPS;RÉGIMEN SUBSIDIADO;EPSS41;NUEVA EPS;15;15837;01;"BARRERAS EN EL ACCESO A TECNOLOGÍAS Y SERVICIOS DE SALUD; Y OTROS ELEMENTOS COMPLEMENTARIOS PARA LA ATENCIÓN DEL USUARIO";0101;FALTA DE OPORTUNIDAD EN LA PRESTACIÓN DE TECNOLOGÍAS EN SALUD Y OTROS ELEMENTOS COMPLEMENTARIOS PARA LA ATENCIÓN DEL USUARIO;010101;FALTA DE OPORTUNIDAD EN LAS CITAS O CONSULTAS;01010103;ESPECIALIDADES MÉDICAS ;01010103063;MEDICINA INTERNA;PROBLEMAS RELACIONADOS CON FACILIDADES DE ATENCIÓN MÉDICA U OTROS SERVICIOS DE SALUD;PROBLEMAS RELACIONADOS CON FACILIDADES DE ATENCIÓN MÉDICA U OTROS SERVICIOS DE SALUD;OTROS DEFECTOS DE LA COAGULACIÓN;No aplica;PRIORIZADO
862;2023;7;Personalizado;76;76001;US- 000000130176;A nombre propio;HOMBRE;78;MAYOR DE 63 AÑOS ;Primaria;Subsidiado;No Aplica;No Aplica;76;76001;ASMET SALUD EPS;RÉGIMEN SUBSIDIADO;ESS062;ASMET SALUD;76;76001;01;"BARRERAS EN EL ACCESO A TECNOLOGÍAS Y SERVICIOS DE SALUD; Y OTROS ELEMENTOS COMPLEMENTARIOS PARA LA ATENCIÓN DEL USUARIO";0103;FALTA DE OPORTUNIDAD EN LA AUTORIZACIÓN DE TECNOLOGÍAS EN SALUD Y OTROS ELEMENTOS COMPLEMENTARIOS PARA LA ATENCIÓN DEL USUARIO;010301;FALTA DE OPORTUNIDAD EN LA AUTORIZACIÓN DE TECNOLOGÍAS EN SALUD Y/O DE OTROS SERVICIOS;01030103;DISPOSITIVOS MÉDICOS UPC;;;CÁNCER ;OTROS;TUMOR DE COMPORTAMIENTO INCIERTO O DESCONOCIDO DEL HIGADO, DE LA VESÍCULA BILIAR Y DEL CONDUCTO BILIAR;No aplica;PRIORIZADO
863;2023;7;Web;05;05887;US- 000003293117;A nombre propio;MUJER;48;DE 38 A 49 AÑOS;No Aplica;Subsidiado;No Aplica;No Aplica;05;05887;COOSALUD;RÉGIMEN SUBSIDIADO;ESS024;COOSALUD;05;05887;01;"BARRERAS EN EL ACCESO A TECNOLOGÍAS Y SERVICIOS DE SALUD; Y OTROS ELEMENTOS COMPLEMENTARIOS PARA LA ATENCIÓN DEL USUARIO";0101;FALTA DE OPORTUNIDAD EN LA PRESTACIÓN DE TECNOLOGÍAS EN SALUD Y OTROS ELEMENTOS COMPLEMENTARIOS PARA LA ATENCIÓN DEL USUARIO;010101;FALTA DE OPORTUNIDAD EN LAS CITAS O CONSULTAS;01010103;ESPECIALIDADES MÉDICAS ;01010103078;ORTOPEDIA Y TRAUMATOLOGÍA;ENFERMEDADES OSTEOARTICULARES;OTROS;OTRAS COXARTROSIS PRIMARIAS;No aplica;SIMPLE
864;2023;7;Web;25;25290;US- 000001261988;Otro;HOMBRE;45;DE 38 A 49 AÑOS;No Aplica;Contributivo;No Aplica;No Aplica;25;25290;FAMISANAR;RÉGIMEN CONTRIBUTIVO;EPS017;FAMISANAR;25;25290;04;INSATISFACCIÓN DEL USUARIO CON EL PROCESO ADMINISTRATIVO;0405;PROBLEMAS EN EL RECONOCIMIENTO Y/O PAGO DE PRESTACIONES ECONÓMICAS;040501;NO RECONOCIMIENTO Y/O PAGO DE LAS PRESTACIONES ECONÓMICAS;04050107;INCAPACIDAD DE ENFERMEDAD GENERAL;;;CÁNCER ;OTROS;OTRAS CONSULTAS ESPECIFICADAS;No aplica;SIMPLE
865;2023;7;Web;73;73001;US- 000001892113;A nombre propio;MUJER;29;DE 25 A 29 AÑOS;No Aplica;Régimen Especial;No Aplica;No Aplica;73;73001;POLICIA NACIONAL;REGÍMENES DE EXCEPCIÓN Y ESPECIALES;REPN01;POLICIA NACIONAL;73;73001;01;"BARRERAS EN EL ACCESO A TECNOLOGÍAS Y SERVICIOS DE SALUD; Y OTROS ELEMENTOS COMPLEMENTARIOS PARA LA ATENCIÓN DEL USUARIO";0103;FALTA DE OPORTUNIDAD EN LA AUTORIZACIÓN DE TECNOLOGÍAS EN SALUD Y OTROS ELEMENTOS COMPLEMENTARIOS PARA LA ATENCIÓN DEL USUARIO;010304;FALTA DE OPORTUNIDAD EN LA AUTORIZACIÓN DE OTROS SERVICIOS DE SALUD;01030408;PROCEDIMIENTOS NO QUIRÚRGICOS;01030408001;IMAGENOLOGÍA;PROBLEMAS RELACIONADOS CON FACILIDADES DE ATENCIÓN MÉDICA U OTROS SERVICIOS DE SALUD;PROBLEMAS RELACIONADOS CON FACILIDADES DE ATENCIÓN MÉDICA U OTROS SERVICIOS DE SALUD;AMENORREA, SIN OTRA ESPECIFICACIÓN;No aplica;SIMPLE
866;2023;7;Correo;50;50568;US- 000003271701;A nombre propio;MUJER;18;DE 18 A 24 AÑOS;No Aplica;Régimen Especial;No Aplica;No Aplica;50;50568;MAGISTERIO;REGÍMENES DE EXCEPCIÓN Y ESPECIALES;REMG01;MAGISTERIO;50;50568;01;"BARRERAS EN EL ACCESO A TECNOLOGÍAS Y SERVICIOS DE SALUD; Y OTROS ELEMENTOS COMPLEMENTARIOS PARA LA ATENCIÓN DEL USUARIO";0101;FALTA DE OPORTUNIDAD EN LA PRESTACIÓN DE TECNOLOGÍAS EN SALUD Y OTROS ELEMENTOS COMPLEMENTARIOS PARA LA ATENCIÓN DEL USUARIO;010101;FALTA DE OPORTUNIDAD EN LAS CITAS O CONSULTAS;01010106;NUTRICIÓN;;;ENFERMEDADES CRÓNICAS NO TRANSMISIBLES- FACTORES DE RIESGO;MEDICIÓN DE FACTORES DE RIESGO;OTROS VÉRTIGOS PERIFÉRICOS;No aplica;SIMPLE
867;2023;7;Web;52;52001;US- 000000856145;A nombre propio;MUJER;27;DE 25 A 29 AÑOS;No Aplica;Subsidiado;No Aplica;No Aplica;52;52001;EMSSANAR EPS;RÉGIMEN SUBSIDIADO;ESS118;EMSSANAR;52;52001;01;"BARRERAS EN EL ACCESO A TECNOLOGÍAS Y SERVICIOS DE SALUD; Y OTROS ELEMENTOS COMPLEMENTARIOS PARA LA ATENCIÓN DEL USUARIO";0101;FALTA DE OPORTUNIDAD EN LA PRESTACIÓN DE TECNOLOGÍAS EN SALUD Y OTROS ELEMENTOS COMPLEMENTARIOS PARA LA ATENCIÓN DEL USUARIO;010101;FALTA DE OPORTUNIDAD EN LAS CITAS O CONSULTAS;01010103;ESPECIALIDADES MÉDICAS ;01010103072;NEUROLOGÍA;PROBLEMAS RELACIONADOS CON FACILIDADES DE ATENCIÓN MÉDICA U OTROS SERVICIOS DE SALUD;PROBLEMAS RELACIONADOS CON FACILIDADES DE ATENCIÓN MÉDICA U OTROS SERVICIOS DE SALUD;PROBLEMAS RELACIONADOS CON FACILIDADES DE ATENCIÓN MEDICA U OTROS SERVICIOS DE SALUD;No aplica;SIMPLE
868;2023;7;Telefónico;70;70508;US- 000001668183;A nombre propio;MUJER;58;DE 50 A 62 AÑOS;Primaria Incompleta;Subsidiado;Afrocolombiano o Afrodescendiente;Desplazado;70;70508;CCF DE SUCRE;RÉGIMEN SUBSIDIADO;CCF033;CCF DE SUCRE Y/O FAMILIAR DE COLOMBIA;70;70508;01;"BARRERAS EN EL ACCESO A TECNOLOGÍAS Y SERVICIOS DE SALUD; Y OTROS ELEMENTOS COMPLEMENTARIOS PARA LA ATENCIÓN DEL USUARIO";0101;FALTA DE OPORTUNIDAD EN LA PRESTACIÓN DE TECNOLOGÍAS EN SALUD Y OTROS ELEMENTOS COMPLEMENTARIOS PARA LA ATENCIÓN DEL USUARIO;010104;FALTA DE OPORTUNIDAD EN LA ENTREGA O ENTREGA INCOMPLETA DE TECNOLOGÍAS EN SALUD Y/O PRESTACIÓN DE OTROS SERVICIOS;01010401;MEDICAMENTOS UPC;;;ENFERMEDADES CRÓNICAS NO TRANSMISIBLES –DIABETES;DIABETES;DIABETES MELLITUS NO INSULINODEPENDIENTE;No aplica;SIMPLE
869;2023;7;Telefónico;25;25175;US- 000001849598;Madre;MUJER;8;DE 6 A 12 AÑOS;Primaria Incompleta;Contributivo;No Aplica;No Aplica;25;25175;SURAMERICANA EPS;RÉGIMEN CONTRIBUTIVO;EPS010;EPS SURA;25;25175;01;"BARRERAS EN EL ACCESO A TECNOLOGÍAS Y SERVICIOS DE SALUD; Y OTROS ELEMENTOS COMPLEMENTARIOS PARA LA ATENCIÓN DEL USUARIO";0101;FALTA DE OPORTUNIDAD EN LA PRESTACIÓN DE TECNOLOGÍAS EN SALUD Y OTROS ELEMENTOS COMPLEMENTARIOS PARA LA ATENCIÓN DEL USUARIO;010101;FALTA DE OPORTUNIDAD EN LAS CITAS O CONSULTAS;01010103;ESPECIALIDADES MÉDICAS ;01010103075;OFTALMOLOGÍA;PROBLEMAS RELACIONADOS CON FACILIDADES DE ATENCIÓN MÉDICA U OTROS SERVICIOS DE SALUD;PROBLEMAS RELACIONADOS CON FACILIDADES DE ATENCIÓN MÉDICA U OTROS SERVICIOS DE SALUD;ASTIGMATISMO;No aplica;SIMPLE
870;2023;7;Personalizado;08;08001;US- 000003309924;A nombre propio;HOMBRE;77;MAYOR DE 63 AÑOS ;Primaria;Subsidiado;No Aplica;No Aplica;08;08001;NUEVA EPS;RÉGIMEN SUBSIDIADO;EPSS41;NUEVA EPS;08;08001;01;"BARRERAS EN EL ACCESO A TECNOLOGÍAS Y SERVICIOS DE SALUD; Y OTROS ELEMENTOS COMPLEMENTARIOS PARA LA ATENCIÓN DEL USUARIO";0101;FALTA DE OPORTUNIDAD EN LA PRESTACIÓN DE TECNOLOGÍAS EN SALUD Y OTROS ELEMENTOS COMPLEMENTARIOS PARA LA ATENCIÓN DEL USUARIO;010104;FALTA DE OPORTUNIDAD EN LA ENTREGA O ENTREGA INCOMPLETA DE TECNOLOGÍAS EN SALUD Y/O PRESTACIÓN DE OTROS SERVICIOS;01010401;MEDICAMENTOS UPC;;;ENFERMEDADES CRÓNICAS NO TRASMISIBLES CARDIOVASCULARES;HTA (HIPERTENSIÓN ARTERIAL);HIPERPLASIA DE LA PRÓSTATA;No aplica;SIMPLE
871;2023;7;Telefónico;73;73275;US- 000000280925;Cónyuge;HOMBRE;52;DE 50 A 62 AÑOS;Secundaria;Régimen Especial;No Aplica;No Aplica;73;73275;MAGISTERIO;REGÍMENES DE EXCEPCIÓN Y ESPECIALES;REMG01;MAGISTERIO;73;73275;01;"BARRERAS EN EL ACCESO A TECNOLOGÍAS Y SERVICIOS DE SALUD; Y OTROS ELEMENTOS COMPLEMENTARIOS PARA LA ATENCIÓN DEL USUARIO";0101;FALTA DE OPORTUNIDAD EN LA PRESTACIÓN DE TECNOLOGÍAS EN SALUD Y OTROS ELEMENTOS COMPLEMENTARIOS PARA LA ATENCIÓN DEL USUARIO;010101;FALTA DE OPORTUNIDAD EN LAS CITAS O CONSULTAS;01010103;ESPECIALIDADES MÉDICAS ;01010103075;OFTALMOLOGÍA;PROBLEMAS RELACIONADOS CON FACILIDADES DE ATENCIÓN MÉDICA U OTROS SERVICIOS DE SALUD;PROBLEMAS RELACIONADOS CON FACILIDADES DE ATENCIÓN MÉDICA U OTROS SERVICIOS DE SALUD;ESTRABISMO, NO ESPECIFICADO;No aplica;SIMPLE
872;2023;7;Web;63;63190;US- 000001283635;A nombre propio;HOMBRE;40;DE 38 A 49 AÑOS;Ninguno;Contributivo;No Aplica;No Aplica;63;63190;NUEVA EPS;RÉGIMEN CONTRIBUTIVO;EPS037;NUEVA EPS;63;63190;01;"BARRERAS EN EL ACCESO A TECNOLOGÍAS Y SERVICIOS DE SALUD; Y OTROS ELEMENTOS COMPLEMENTARIOS PARA LA ATENCIÓN DEL USUARIO";0101;FALTA DE OPORTUNIDAD EN LA PRESTACIÓN DE TECNOLOGÍAS EN SALUD Y OTROS ELEMENTOS COMPLEMENTARIOS PARA LA ATENCIÓN DEL USUARIO;010103;FALTA DE OPORTUNIDAD EN LA ATENCIÓN EN OTROS SERVICIOS DE SALUD;01010308;PROCEDIMIENTOS NO QUIRÚRGICOS;01010308006;OTROS PROCEDIMIENTOS NO QUIRÚRGICOS;PROBLEMAS RELACIONADOS CON FACILIDADES DE ATENCIÓN MÉDICA U OTROS SERVICIOS DE SALUD;PROBLEMAS RELACIONADOS CON FACILIDADES DE ATENCIÓN MÉDICA U OTROS SERVICIOS DE SALUD;PROBLEMAS RELACIONADOS CON FACILIDADES DE ATENCIÓN MEDICA U OTROS SERVICIOS DE SALUD;No aplica;SIMPLE
873;2023;7;Personalizado;05;05887;US- 000003104958;A nombre propio;MUJER;59;DE 50 A 62 AÑOS;Primaria Incompleta;Subsidiado;No Aplica;Desplazado;05;05887;SAVIA SALUD;RÉGIMEN SUBSIDIADO;EPSS40;SAVIA SALUD EPS;05;05887;01;"BARRERAS EN EL ACCESO A TECNOLOGÍAS Y SERVICIOS DE SALUD; Y OTROS ELEMENTOS COMPLEMENTARIOS PARA LA ATENCIÓN DEL USUARIO";0101;FALTA DE OPORTUNIDAD EN LA PRESTACIÓN DE TECNOLOGÍAS EN SALUD Y OTROS ELEMENTOS COMPLEMENTARIOS PARA LA ATENCIÓN DEL USUARIO;010101;FALTA DE OPORTUNIDAD EN LAS CITAS O CONSULTAS;01010103;ESPECIALIDADES MÉDICAS ;01010103039;ENDOCRINOLOGÍA;ENFERMEDADES OSTEOARTICULARES;OTROS;CALCULO DE LA VESÍCULA BILIAR SIN COLECISTITIS;No aplica;SIMPLE
874;2023;7;Telefónico;08;08685;US- 000003269272;Madre;HOMBRE;6;DE 6 A 12 AÑOS;Primaria Incompleta;Subsidiado;No Aplica;No Aplica;08;08685;MUTUAL SER;RÉGIMEN SUBSIDIADO;ESS207;MUTUAL SER;08;08685;01;"BARRERAS EN EL ACCESO A TECNOLOGÍAS Y SERVICIOS DE SALUD; Y OTROS ELEMENTOS COMPLEMENTARIOS PARA LA ATENCIÓN DEL USUARIO";0101;FALTA DE OPORTUNIDAD EN LA PRESTACIÓN DE TECNOLOGÍAS EN SALUD Y OTROS ELEMENTOS COMPLEMENTARIOS PARA LA ATENCIÓN DEL USUARIO;010102;FALTA DE OPORTUNIDAD PARA SERVICIOS DE COMPLEMENTACIÓN TERAPÉUTICA;01010203;TERAPIA OCUPACIONAL;;;PROBLEMAS RELACIONADOS CON FACILIDADES DE ATENCIÓN MÉDICA U OTROS SERVICIOS DE SALUD;PROBLEMAS RELACIONADOS CON FACILIDADES DE ATENCIÓN MÉDICA U OTROS SERVICIOS DE SALUD;OTROS TRASTORNOS DEL DESARROLLO DE LAS HABILIDADES ESCOLARES;No aplica;SIMPLE
875;2023;7;Web;68;68547;US- 000003309298;A nombre propio;HOMBRE;40;DE 38 A 49 AÑOS;No Aplica;Régimen Especial;No Aplica;No Aplica;68;68547;FUERZAS MILITARES;REGÍMENES DE EXCEPCIÓN Y ESPECIALES;REFM01;FUERZAS MILITARES;68;68001;01;"BARRERAS EN EL ACCESO A TECNOLOGÍAS Y SERVICIOS DE SALUD; Y OTROS ELEMENTOS COMPLEMENTARIOS PARA LA ATENCIÓN DEL USUARIO";0101;FALTA DE OPORTUNIDAD EN LA PRESTACIÓN DE TECNOLOGÍAS EN SALUD Y OTROS ELEMENTOS COMPLEMENTARIOS PARA LA ATENCIÓN DEL USUARIO;010101;FALTA DE OPORTUNIDAD EN LAS CITAS O CONSULTAS;01010103;ESPECIALIDADES MÉDICAS ;01010103078;ORTOPEDIA Y TRAUMATOLOGÍA;ENFERMEDADES OSTEOARTICULARES;OTROS;LUMBAGO NO ESPECIFICADO;No aplica;SIMPLE
876;2023;7;Correo;11;11001;US- 000003262871;Madre;HOMBRE;9;DE 6 A 12 AÑOS;Primaria Incompleta;Contributivo;No Aplica;No Aplica;25;25183;FAMISANAR;RÉGIMEN CONTRIBUTIVO;EPS017;FAMISANAR;25;25183;04;INSATISFACCIÓN DEL USUARIO CON EL PROCESO ADMINISTRATIVO;0404;INSATISFACCIÓN RELACIONADA CON TRÁMITES ADMINISTRATIVOS;040403;INCONSISTENCIAS EN LA AFILIACIÓN;04040305;ERROR EN EL DOCUMENTO DE IDENTIDAD;;;PROBLEMAS RELACIONADOS CON FACILIDADES DE ATENCIÓN MÉDICA U OTROS SERVICIOS DE SALUD;PROBLEMAS RELACIONADOS CON FACILIDADES DE ATENCIÓN MÉDICA U OTROS SERVICIOS DE SALUD;OTROS PROBLEMAS RELACIONADOS CON SERVICIOS MÉDICOS Y DE SALUD;No aplica;SIMPLE
877;2023;7;Chat;05;05266;US- 000003229840;A nombre propio;HOMBRE;57;DE 50 A 62 AÑOS;Primaria;Contributivo;No Aplica;No Aplica;05;05266;SURAMERICANA EPS;RÉGIMEN CONTRIBUTIVO;EPS010;EPS SURA;05;05266;01;"BARRERAS EN EL ACCESO A TECNOLOGÍAS Y SERVICIOS DE SALUD; Y OTROS ELEMENTOS COMPLEMENTARIOS PARA LA ATENCIÓN DEL USUARIO";0101;FALTA DE OPORTUNIDAD EN LA PRESTACIÓN DE TECNOLOGÍAS EN SALUD Y OTROS ELEMENTOS COMPLEMENTARIOS PARA LA ATENCIÓN DEL USUARIO;010101;FALTA DE OPORTUNIDAD EN LAS CITAS O CONSULTAS;01010103;ESPECIALIDADES MÉDICAS ;01010103010;CIRUGÍA CARDIOVASCULAR;PROBLEMAS RELACIONADOS CON FACILIDADES DE ATENCIÓN MÉDICA U OTROS SERVICIOS DE SALUD;PROBLEMAS RELACIONADOS CON FACILIDADES DE ATENCIÓN MÉDICA U OTROS SERVICIOS DE SALUD;EMBOLIA Y TROMBOSIS DE ARTERIAS DE LOS MIEMBROS INFERIORES;No aplica;SIMPLE
878;2023;7;Personalizado;41;41615;US- 000003294006;A nombre propio;MUJER;64;MAYOR DE 63 AÑOS ;Primaria;Subsidiado;No Aplica;No Aplica;41;41615;ASMET SALUD EPS;RÉGIMEN SUBSIDIADO;ESS062;ASMET SALUD;41;41615;01;"BARRERAS EN EL ACCESO A TECNOLOGÍAS Y SERVICIOS DE SALUD; Y OTROS ELEMENTOS COMPLEMENTARIOS PARA LA ATENCIÓN DEL USUARIO";0101;FALTA DE OPORTUNIDAD EN LA PRESTACIÓN DE TECNOLOGÍAS EN SALUD Y OTROS ELEMENTOS COMPLEMENTARIOS PARA LA ATENCIÓN DEL USUARIO;010101;FALTA DE OPORTUNIDAD EN LAS CITAS O CONSULTAS;01010103;ESPECIALIDADES MÉDICAS ;01010103024;CIRUGÍA MAXILOFACIAL;PROBLEMAS RELACIONADOS CON FACILIDADES DE ATENCIÓN MÉDICA U OTROS SERVICIOS DE SALUD;PROBLEMAS RELACIONADOS CON FACILIDADES DE ATENCIÓN MÉDICA U OTROS SERVICIOS DE SALUD;OTRAS LESIONES Y LAS NO ESPECIFICADAS DE LA MUCOSA BUCAL;No aplica;SIMPLE
879;2023;7;Web;11;11001;US- 000003301759;A nombre propio;MUJER;58;DE 50 A 62 AÑOS;No Aplica;Contributivo;No Aplica;No Aplica;11;11001;SURAMERICANA EPS;RÉGIMEN CONTRIBUTIVO;EPS010;EPS SURA;11;11001;01;"BARRERAS EN EL ACCESO A TECNOLOGÍAS Y SERVICIOS DE SALUD; Y OTROS ELEMENTOS COMPLEMENTARIOS PARA LA ATENCIÓN DEL USUARIO";0101;FALTA DE OPORTUNIDAD EN LA PRESTACIÓN DE TECNOLOGÍAS EN SALUD Y OTROS ELEMENTOS COMPLEMENTARIOS PARA LA ATENCIÓN DEL USUARIO;010101;FALTA DE OPORTUNIDAD EN LAS CITAS O CONSULTAS;01010104;ESPECIALIDADES ODONTOLÓGICAS;01010104003;ENDODONCIA;PROBLEMAS RELACIONADOS CON FACILIDADES DE ATENCIÓN MÉDICA U OTROS SERVICIOS DE SALUD;PROBLEMAS RELACIONADOS CON FACILIDADES DE ATENCIÓN MÉDICA U OTROS SERVICIOS DE SALUD;HISTORIA PERSONAL DE TRATAMIENTO MEDICO NO ESPECIFICADO;No aplica;SIMPLE
880;2023;7;Web;76;76001;US- 000002577073;A nombre propio;MUJER;47;DE 38 A 49 AÑOS;No Aplica;Contributivo;No Aplica;Persona con discapacidad;76;76001;SANITAS;RÉGIMEN CONTRIBUTIVO;EPS005;SANITAS;76;76001;01;"BARRERAS EN EL ACCESO A TECNOLOGÍAS Y SERVICIOS DE SALUD; Y OTROS ELEMENTOS COMPLEMENTARIOS PARA LA ATENCIÓN DEL USUARIO";0101;FALTA DE OPORTUNIDAD EN LA PRESTACIÓN DE TECNOLOGÍAS EN SALUD Y OTROS ELEMENTOS COMPLEMENTARIOS PARA LA ATENCIÓN DEL USUARIO;010103;FALTA DE OPORTUNIDAD EN LA ATENCIÓN EN OTROS SERVICIOS DE SALUD;01010305;ATENCIÓN DOMICILIARIA;;;PROBLEMAS RELACIONADOS CON FACILIDADES DE ATENCIÓN MÉDICA U OTROS SERVICIOS DE SALUD;PROBLEMAS RELACIONADOS CON FACILIDADES DE ATENCIÓN MÉDICA U OTROS SERVICIOS DE SALUD;PROBLEMAS RELACIONADOS CON FACILIDADES DE ATENCIÓN MEDICA U OTROS SERVICIOS DE SALUD;No aplica;SIMPLE
881;2023;7;Web;11;11001;US- 000000343873;A nombre propio;HOMBRE;49;DE 38 A 49 AÑOS;No Aplica;Contributivo;No Aplica;Persona con discapacidad;11;11001;COMPENSAR;RÉGIMEN CONTRIBUTIVO;EPS008;COMPENSAR;11;11001;01;"BARRERAS EN EL ACCESO A TECNOLOGÍAS Y SERVICIOS DE SALUD; Y OTROS ELEMENTOS COMPLEMENTARIOS PARA LA ATENCIÓN DEL USUARIO";0101;FALTA DE OPORTUNIDAD EN LA PRESTACIÓN DE TECNOLOGÍAS EN SALUD Y OTROS ELEMENTOS COMPLEMENTARIOS PARA LA ATENCIÓN DEL USUARIO;010101;FALTA DE OPORTUNIDAD EN LAS CITAS O CONSULTAS;01010103;ESPECIALIDADES MÉDICAS ;01010103075;OFTALMOLOGÍA;PROBLEMAS RELACIONADOS CON FACILIDADES DE ATENCIÓN MÉDICA U OTROS SERVICIOS DE SALUD;PROBLEMAS RELACIONADOS CON FACILIDADES DE ATENCIÓN MÉDICA U OTROS SERVICIOS DE SALUD;ALTERACIÓN VISUAL, NO ESPECIFICADA;No aplica;SIMPLE
882;2023;7;Telefónico;19;19809;US- 000003294033;Hijo (A);MUJER;58;DE 50 A 62 AÑOS;Primaria;Subsidiado;No Aplica;No Aplica;19;19807;ASMET SALUD EPS;RÉGIMEN SUBSIDIADO;ESS062;ASMET SALUD;19;19807;01;"BARRERAS EN EL ACCESO A TECNOLOGÍAS Y SERVICIOS DE SALUD; Y OTROS ELEMENTOS COMPLEMENTARIOS PARA LA ATENCIÓN DEL USUARIO";0101;FALTA DE OPORTUNIDAD EN LA PRESTACIÓN DE TECNOLOGÍAS EN SALUD Y OTROS ELEMENTOS COMPLEMENTARIOS PARA LA ATENCIÓN DEL USUARIO;010103;FALTA DE OPORTUNIDAD EN LA ATENCIÓN EN OTROS SERVICIOS DE SALUD;01010309;PROCEDIMIENTOS QUIRÚRGICOS;01010309003;OTROS PROCEDIMIENTOS QUIRÚRGICOS;PROBLEMAS RELACIONADOS CON FACILIDADES DE ATENCIÓN MÉDICA U OTROS SERVICIOS DE SALUD;PROBLEMAS RELACIONADOS CON FACILIDADES DE ATENCIÓN MÉDICA U OTROS SERVICIOS DE SALUD;VENAS VARICOSAS DE LOS MIEMBROS INFERIORES;No aplica;SIMPLE
883;2023;7;Escrito;76;76001;US- 000002089610;Otro;MUJER;59;DE 50 A 62 AÑOS;No Aplica;Subsidiado;No Aplica;No Aplica;76;76001;SOS -SERVICIO OCCIDENTAL DE SALUD;RÉGIMEN CONTRIBUTIVO;EPS018;SERVICIO OCCIDENTAL DE SALUD (SOS);76;76001;01;"BARRERAS EN EL ACCESO A TECNOLOGÍAS Y SERVICIOS DE SALUD; Y OTROS ELEMENTOS COMPLEMENTARIOS PARA LA ATENCIÓN DEL USUARIO";0101;FALTA DE OPORTUNIDAD EN LA PRESTACIÓN DE TECNOLOGÍAS EN SALUD Y OTROS ELEMENTOS COMPLEMENTARIOS PARA LA ATENCIÓN DEL USUARIO;010103;FALTA DE OPORTUNIDAD EN LA ATENCIÓN EN OTROS SERVICIOS DE SALUD;01010308;PROCEDIMIENTOS NO QUIRÚRGICOS;01010308001;IMAGENOLOGÍA;PROBLEMAS RELACIONADOS CON FACILIDADES DE ATENCIÓN MÉDICA U OTROS SERVICIOS DE SALUD;PROBLEMAS RELACIONADOS CON FACILIDADES DE ATENCIÓN MÉDICA U OTROS SERVICIOS DE SALUD;PROBLEMAS RELACIONADOS CON FACILIDADES DE ATENCIÓN MEDICA U OTROS SERVICIOS DE SALUD;No aplica;SIMPLE
884;2023;7;Escrito;11;11001;US- 000001305929;A nombre propio;HOMBRE;33;DE 30 A 37 AÑOS;No Aplica;Contributivo;No Aplica;No Aplica;11;11001;COMPENSAR;RÉGIMEN CONTRIBUTIVO;EPS008;COMPENSAR;11;11001;04;INSATISFACCIÓN DEL USUARIO CON EL PROCESO ADMINISTRATIVO;0404;INSATISFACCIÓN RELACIONADA CON TRÁMITES ADMINISTRATIVOS;040402;FALLAS O IRREGULARIDADES EN EL MANEJO TÉCNICO DE LA HISTORIA CLÍNICA Y/O REGISTROS ASISTENCIALES;;;;;PROBLEMAS RELACIONADOS CON FACILIDADES DE ATENCIÓN MÉDICA U OTROS SERVICIOS DE SALUD;PROBLEMAS RELACIONADOS CON FACILIDADES DE ATENCIÓN MÉDICA U OTROS SERVICIOS DE SALUD;PROBLEMA NO ESPECIFICADO RELACIONADO CON SERVICIOS MÉDICOS Y DE SALUD;No aplica;SIMPLE
885;2023;7;Web;11;11001;US- 000003309034;Cónyuge;HOMBRE;40;DE 38 A 49 AÑOS;No Aplica;Contributivo;No Aplica;No Aplica;11;11001;FAMISANAR;RÉGIMEN CONTRIBUTIVO;EPS017;FAMISANAR;11;11001;01;"BARRERAS EN EL ACCESO A TECNOLOGÍAS Y SERVICIOS DE SALUD; Y OTROS ELEMENTOS COMPLEMENTARIOS PARA LA ATENCIÓN DEL USUARIO";0101;FALTA DE OPORTUNIDAD EN LA PRESTACIÓN DE TECNOLOGÍAS EN SALUD Y OTROS ELEMENTOS COMPLEMENTARIOS PARA LA ATENCIÓN DEL USUARIO;010103;FALTA DE OPORTUNIDAD EN LA ATENCIÓN EN OTROS SERVICIOS DE SALUD;01010305;ATENCIÓN DOMICILIARIA;;;ENFERMEDADES OSTEOARTICULARES;NEUROLÓGICAS;ENCEFALOPATÍA NO ESPECIFICADA;No aplica;PRIORIZADO
886;2023;7;Telefónico;44;44001;US- 000003297136;Hijo (A);MUJER;66;MAYOR DE 63 AÑOS ;Primaria;Subsidiado;No Aplica;No Aplica;44;44001;CAJACOPI EPS;RÉGIMEN SUBSIDIADO;CCF055;CAJACOPI EPS;44;44001;02;INSATISFACCIÓN RELACIONADA CON LA ATENCIÓN EN SALUD;0201;INSATISFACCIÓN RELACIONADA CON LA ATENCIÓN EN SALUD POR FALTA DE OPORTUNIDAD;020101;INSATISFACCIÓN POR FALTA DE OPORTUNIDAD EN LA ATENCIÓN POR PARTE DEL PERSONAL DE SALUD;02010109;ATENCIÓN PREHOSPITALARIA;;;CÁNCER ;OTROS;TUMOR MALIGNO DEL ESTOMAGO, PARTE NO ESPECIFICADA;No aplica;PRIORIZADO
887;2023;7;Escrito;85;85250;US- 000003276847;A nombre propio;HOMBRE;32;DE 30 A 37 AÑOS;No Aplica;Subsidiado;No Aplica;No Aplica;85;85250;SANITAS;RÉGIMEN CONTRIBUTIVO;EPS005;SANITAS;85;85250;01;"BARRERAS EN EL ACCESO A TECNOLOGÍAS Y SERVICIOS DE SALUD; Y OTROS ELEMENTOS COMPLEMENTARIOS PARA LA ATENCIÓN DEL USUARIO";0102;NEGACIÓN DE TECNOLOGÍAS EN SALUD Y OTROS ELEMENTOS COMPLEMENTARIOS PARA LA ATENCIÓN DEL USUARIO;010204;NEGACIÓN PARA LA ENTREGA DE TECNOLOGÍAS EN SALUD Y/O DE OTROS SERVICIOS AUTORIZADOS;01020404;DISPOSITIVOS MÉDICOS NO UPC;;;ENFERMEDADES OSTEOARTICULARES;OTROS;AMPUTACIÓN DEL PIE, NIVEL NO ESPECIFICADO;No aplica;SIMPLE
888;2023;7;Web;11;11001;US- 000001607245;A nombre propio;MUJER;65;MAYOR DE 63 AÑOS ;No Aplica;Contributivo;No Aplica;No Aplica;11;11001;FAMISANAR;RÉGIMEN CONTRIBUTIVO;EPS017;FAMISANAR;11;11001;01;"BARRERAS EN EL ACCESO A TECNOLOGÍAS Y SERVICIOS DE SALUD; Y OTROS ELEMENTOS COMPLEMENTARIOS PARA LA ATENCIÓN DEL USUARIO";0101;FALTA DE OPORTUNIDAD EN LA PRESTACIÓN DE TECNOLOGÍAS EN SALUD Y OTROS ELEMENTOS COMPLEMENTARIOS PARA LA ATENCIÓN DEL USUARIO;010104;FALTA DE OPORTUNIDAD EN LA ENTREGA O ENTREGA INCOMPLETA DE TECNOLOGÍAS EN SALUD Y/O PRESTACIÓN DE OTROS SERVICIOS;01010403;DISPOSITIVOS MÉDICOS UPC;;;ENFERMEDADES HUÉRFANAS;ESCLEROSIS LATERAL AMIOTRÓFICA;ENFERMEDADES DE LAS NEURONAS MOTORAS;No aplica;PRIORIZADO
889;2023;7;Redes Sociales;66;66170;US- 000003298479;A nombre propio;MUJER;59;DE 50 A 62 AÑOS;Secundaria;Subsidiado;No Aplica;No Aplica;66;66170;ASMET SALUD EPS;RÉGIMEN SUBSIDIADO;ESS062;ASMET SALUD;66;66170;01;"BARRERAS EN EL ACCESO A TECNOLOGÍAS Y SERVICIOS DE SALUD; Y OTROS ELEMENTOS COMPLEMENTARIOS PARA LA ATENCIÓN DEL USUARIO";0101;FALTA DE OPORTUNIDAD EN LA PRESTACIÓN DE TECNOLOGÍAS EN SALUD Y OTROS ELEMENTOS COMPLEMENTARIOS PARA LA ATENCIÓN DEL USUARIO;010103;FALTA DE OPORTUNIDAD EN LA ATENCIÓN EN OTROS SERVICIOS DE SALUD;01010308;PROCEDIMIENTOS NO QUIRÚRGICOS;01010308001;IMAGENOLOGÍA;ENFERMEDADES OSTEOARTICULARES;OTROS;TRASTORNO INTERNO DE LA RODILLA;No aplica;PRIORIZADO
890;2023;7;Telefónico;08;08001;US- 000003309688;A nombre propio;HOMBRE;59;DE 50 A 62 AÑOS;Universitario Incompleto;Régimen Especial;No Aplica;No Aplica;08;08001;POLICIA NACIONAL;REGÍMENES DE EXCEPCIÓN Y ESPECIALES;REPN01;POLICIA NACIONAL;08;08001;01;"BARRERAS EN EL ACCESO A TECNOLOGÍAS Y SERVICIOS DE SALUD; Y OTROS ELEMENTOS COMPLEMENTARIOS PARA LA ATENCIÓN DEL USUARIO";0101;FALTA DE OPORTUNIDAD EN LA PRESTACIÓN DE TECNOLOGÍAS EN SALUD Y OTROS ELEMENTOS COMPLEMENTARIOS PARA LA ATENCIÓN DEL USUARIO;010104;FALTA DE OPORTUNIDAD EN LA ENTREGA O ENTREGA INCOMPLETA DE TECNOLOGÍAS EN SALUD Y/O PRESTACIÓN DE OTROS SERVICIOS;01010401;MEDICAMENTOS UPC;;;ENFERMEDADES CRÓNICAS NO TRASMISIBLES CARDIOVASCULARES;HTA (HIPERTENSIÓN ARTERIAL);HIPERTENSIÓN ESENCIAL (PRIMARIA);No aplica;SIMPLE
891;2023;7;Web;54;54405;US- 000002056237;A nombre propio;MUJER;45;DE 38 A 49 AÑOS;Secundaria;Subsidiado;No Aplica;No Aplica;54;54405;NUEVA EPS;RÉGIMEN SUBSIDIADO;EPSS41;NUEVA EPS;54;54405;01;"BARRERAS EN EL ACCESO A TECNOLOGÍAS Y SERVICIOS DE SALUD; Y OTROS ELEMENTOS COMPLEMENTARIOS PARA LA ATENCIÓN DEL USUARIO";0101;FALTA DE OPORTUNIDAD EN LA PRESTACIÓN DE TECNOLOGÍAS EN SALUD Y OTROS ELEMENTOS COMPLEMENTARIOS PARA LA ATENCIÓN DEL USUARIO;010104;FALTA DE OPORTUNIDAD EN LA ENTREGA O ENTREGA INCOMPLETA DE TECNOLOGÍAS EN SALUD Y/O PRESTACIÓN DE OTROS SERVICIOS;01010401;MEDICAMENTOS UPC;;;PROBLEMAS RELACIONADOS CON FACILIDADES DE ATENCIÓN MÉDICA U OTROS SERVICIOS DE SALUD;PROBLEMAS RELACIONADOS CON FACILIDADES DE ATENCIÓN MÉDICA U OTROS SERVICIOS DE SALUD;PROBLEMAS RELACIONADOS CON FACILIDADES DE ATENCIÓN MEDICA U OTROS SERVICIOS DE SALUD;No aplica;SIMPLE
892;2023;7;Web;13;13222;US- 000003108978;A nombre propio;MUJER;86;MAYOR DE 63 AÑOS ;Ninguno;Subsidiado;No Aplica;No Aplica;13;13222;NUEVA EPS;RÉGIMEN SUBSIDIADO;EPSS41;NUEVA EPS;13;13222;01;"BARRERAS EN EL ACCESO A TECNOLOGÍAS Y SERVICIOS DE SALUD; Y OTROS ELEMENTOS COMPLEMENTARIOS PARA LA ATENCIÓN DEL USUARIO";0101;FALTA DE OPORTUNIDAD EN LA PRESTACIÓN DE TECNOLOGÍAS EN SALUD Y OTROS ELEMENTOS COMPLEMENTARIOS PARA LA ATENCIÓN DEL USUARIO;010101;FALTA DE OPORTUNIDAD EN LAS CITAS O CONSULTAS;01010106;NUTRICIÓN;;;PROBLEMAS RELACIONADOS CON FACILIDADES DE ATENCIÓN MÉDICA U OTROS SERVICIOS DE SALUD;PROBLEMAS RELACIONADOS CON FACILIDADES DE ATENCIÓN MÉDICA U OTROS SERVICIOS DE SALUD;PROBLEMAS RELACIONADOS CON ATENCIÓN DE SALUD NO DISPONIBLE O INACCESIBLE;No aplica;SIMPLE
893;2023;7;Web;68;68051;US- 000003310313;A nombre propio;HOMBRE;59;DE 50 A 62 AÑOS;No Aplica;Subsidiado;No Aplica;No Aplica;68;68051;COOSALUD;RÉGIMEN SUBSIDIADO;ESS024;COOSALUD;68;68051;01;"BARRERAS EN EL ACCESO A TECNOLOGÍAS Y SERVICIOS DE SALUD; Y OTROS ELEMENTOS COMPLEMENTARIOS PARA LA ATENCIÓN DEL USUARIO";0101;FALTA DE OPORTUNIDAD EN LA PRESTACIÓN DE TECNOLOGÍAS EN SALUD Y OTROS ELEMENTOS COMPLEMENTARIOS PARA LA ATENCIÓN DEL USUARIO;010104;FALTA DE OPORTUNIDAD EN LA ENTREGA O ENTREGA INCOMPLETA DE TECNOLOGÍAS EN SALUD Y/O PRESTACIÓN DE OTROS SERVICIOS;01010401;MEDICAMENTOS UPC;;;ENFERMEDADES OSTEOARTICULARES;ARTRITIS REUMATOIDEA;ARTRITIS REUMATOIDE, NO ESPECIFICADA;No aplica;SIMPLE
894;2023;7;Personalizado;11;11001;US- 000003286816;Otro;MUJER;66;MAYOR DE 63 AÑOS ;Ninguno;Subsidiado;No Aplica;No Aplica;11;11001;COOSALUD;RÉGIMEN SUBSIDIADO;ESS024;COOSALUD;13;13430;01;"BARRERAS EN EL ACCESO A TECNOLOGÍAS Y SERVICIOS DE SALUD; Y OTROS ELEMENTOS COMPLEMENTARIOS PARA LA ATENCIÓN DEL USUARIO";0101;FALTA DE OPORTUNIDAD EN LA PRESTACIÓN DE TECNOLOGÍAS EN SALUD Y OTROS ELEMENTOS COMPLEMENTARIOS PARA LA ATENCIÓN DEL USUARIO;010104;FALTA DE OPORTUNIDAD EN LA ENTREGA O ENTREGA INCOMPLETA DE TECNOLOGÍAS EN SALUD Y/O PRESTACIÓN DE OTROS SERVICIOS;01010401;MEDICAMENTOS UPC;;;PROBLEMAS RELACIONADOS CON FACILIDADES DE ATENCIÓN MÉDICA U OTROS SERVICIOS DE SALUD;PROBLEMAS RELACIONADOS CON FACILIDADES DE ATENCIÓN MÉDICA U OTROS SERVICIOS DE SALUD;ESPLENOMEGALIA, NO CLASIFICADA EN OTRA PARTE;No aplica;SIMPLE
895;2023;7;Web;05;05579;US- 000003268358;A nombre propio;MUJER;37;DE 30 A 37 AÑOS;No Aplica;Contributivo;No Aplica;No Aplica;05;05579;SAVIA SALUD;RÉGIMEN SUBSIDIADO;EPSS40;SAVIA SALUD EPS;05;05579;01;"BARRERAS EN EL ACCESO A TECNOLOGÍAS Y SERVICIOS DE SALUD; Y OTROS ELEMENTOS COMPLEMENTARIOS PARA LA ATENCIÓN DEL USUARIO";0101;FALTA DE OPORTUNIDAD EN LA PRESTACIÓN DE TECNOLOGÍAS EN SALUD Y OTROS ELEMENTOS COMPLEMENTARIOS PARA LA ATENCIÓN DEL USUARIO;010105;FALTA DE OPORTUNIDAD EN EL PROCESO DE REFERENCIA Y CONTRARREFERENCIA;;;;;PROBLEMAS RELACIONADOS CON FACILIDADES DE ATENCIÓN MÉDICA U OTROS SERVICIOS DE SALUD;PROBLEMAS RELACIONADOS CON FACILIDADES DE ATENCIÓN MÉDICA U OTROS SERVICIOS DE SALUD;HERIDA DE LA MEJILLA Y DE LA REGIÓN TEMPOROMANDIBULAR;No aplica;PRIORIZADO
896;2023;7;Personalizado;52;52001;US- 000003273239;A nombre propio;MUJER;27;DE 25 A 29 AÑOS;Universitario;Contributivo;No Aplica;No Aplica;52;52001;SANITAS;RÉGIMEN CONTRIBUTIVO;EPS005;SANITAS;52;52001;01;"BARRERAS EN EL ACCESO A TECNOLOGÍAS Y SERVICIOS DE SALUD; Y OTROS ELEMENTOS COMPLEMENTARIOS PARA LA ATENCIÓN DEL USUARIO";0101;FALTA DE OPORTUNIDAD EN LA PRESTACIÓN DE TECNOLOGÍAS EN SALUD Y OTROS ELEMENTOS COMPLEMENTARIOS PARA LA ATENCIÓN DEL USUARIO;010101;FALTA DE OPORTUNIDAD EN LAS CITAS O CONSULTAS;01010103;ESPECIALIDADES MÉDICAS ;01010103022;CIRUGÍA GENERAL;PROBLEMAS RELACIONADOS CON FACILIDADES DE ATENCIÓN MÉDICA U OTROS SERVICIOS DE SALUD;PROBLEMAS RELACIONADOS CON FACILIDADES DE ATENCIÓN MÉDICA U OTROS SERVICIOS DE SALUD;CALCULO DE LA VESÍCULA BILIAR CON OTRA COLECISTITIS;No aplica;SIMPLE
897;2023;7;Web;11;11001;US- 000003265190;Madre;MUJER;13;DE 13 A 17 AÑOS;No Aplica;Contributivo;No Aplica;No Aplica;11;11001;SANITAS;RÉGIMEN CONTRIBUTIVO;EPS005;SANITAS;11;11001;01;"BARRERAS EN EL ACCESO A TECNOLOGÍAS Y SERVICIOS DE SALUD; Y OTROS ELEMENTOS COMPLEMENTARIOS PARA LA ATENCIÓN DEL USUARIO";0101;FALTA DE OPORTUNIDAD EN LA PRESTACIÓN DE TECNOLOGÍAS EN SALUD Y OTROS ELEMENTOS COMPLEMENTARIOS PARA LA ATENCIÓN DEL USUARIO;010103;FALTA DE OPORTUNIDAD EN LA ATENCIÓN EN OTROS SERVICIOS DE SALUD;01010309;PROCEDIMIENTOS QUIRÚRGICOS;01010309003;OTROS PROCEDIMIENTOS QUIRÚRGICOS;PROBLEMAS RELACIONADOS CON FACILIDADES DE ATENCIÓN MÉDICA U OTROS SERVICIOS DE SALUD;PROBLEMAS RELACIONADOS CON FACILIDADES DE ATENCIÓN MÉDICA U OTROS SERVICIOS DE SALUD;OTRAS DEFORMIDADES ADQUIRIDAS DEL TOBILLO Y DEL PIE;No aplica;SIMPLE
898;2023;7;Personalizado;11;11001;US- 000002888129;A nombre propio;MUJER;45;DE 38 A 49 AÑOS;Universitario Incompleto;Subsidiado;No Aplica;Víctima de Violencia de género;11;11001;SANITAS;RÉGIMEN CONTRIBUTIVO;EPS005;SANITAS;11;11001;01;"BARRERAS EN EL ACCESO A TECNOLOGÍAS Y SERVICIOS DE SALUD; Y OTROS ELEMENTOS COMPLEMENTARIOS PARA LA ATENCIÓN DEL USUARIO";0101;FALTA DE OPORTUNIDAD EN LA PRESTACIÓN DE TECNOLOGÍAS EN SALUD Y OTROS ELEMENTOS COMPLEMENTARIOS PARA LA ATENCIÓN DEL USUARIO;010101;FALTA DE OPORTUNIDAD EN LAS CITAS O CONSULTAS;01010103;ESPECIALIDADES MÉDICAS ;01010103083;PSIQUIATRÍA;SALUD MENTAL;OTROS TRASTORNOS MENTALES;OTROS TRASTORNOS DE ANSIEDAD;No aplica;PRIORIZADO
899;2023;7;Web;08;08001;US- 000003310007;A nombre propio;HOMBRE;61;DE 50 A 62 AÑOS;No Aplica;Subsidiado;No Aplica;No Aplica;08;08001;MUTUAL SER;RÉGIMEN SUBSIDIADO;ESS207;MUTUAL SER;08;08001;01;"BARRERAS EN EL ACCESO A TECNOLOGÍAS Y SERVICIOS DE SALUD; Y OTROS ELEMENTOS COMPLEMENTARIOS PARA LA ATENCIÓN DEL USUARIO";0101;FALTA DE OPORTUNIDAD EN LA PRESTACIÓN DE TECNOLOGÍAS EN SALUD Y OTROS ELEMENTOS COMPLEMENTARIOS PARA LA ATENCIÓN DEL USUARIO;010103;FALTA DE OPORTUNIDAD EN LA ATENCIÓN EN OTROS SERVICIOS DE SALUD;01010309;PROCEDIMIENTOS QUIRÚRGICOS;01010309003;OTROS PROCEDIMIENTOS QUIRÚRGICOS;PROBLEMAS RELACIONADOS CON FACILIDADES DE ATENCIÓN MÉDICA U OTROS SERVICIOS DE SALUD;PROBLEMAS RELACIONADOS CON FACILIDADES DE ATENCIÓN MÉDICA U OTROS SERVICIOS DE SALUD;PROBLEMAS RELACIONADOS CON FACILIDADES DE ATENCIÓN MEDICA U OTROS SERVICIOS DE SALUD;No aplica;SIMPLE
900;2023;7;Web;85;85010;US- 000003276971;A nombre propio;MUJER;32;DE 30 A 37 AÑOS;No Aplica;Contributivo;No Aplica;Desplazado;85;85010;SANITAS;RÉGIMEN CONTRIBUTIVO;EPS005;SANITAS;85;85010;01;"BARRERAS EN EL ACCESO A TECNOLOGÍAS Y SERVICIOS DE SALUD; Y OTROS ELEMENTOS COMPLEMENTARIOS PARA LA ATENCIÓN DEL USUARIO";0101;FALTA DE OPORTUNIDAD EN LA PRESTACIÓN DE TECNOLOGÍAS EN SALUD Y OTROS ELEMENTOS COMPLEMENTARIOS PARA LA ATENCIÓN DEL USUARIO;010104;FALTA DE OPORTUNIDAD EN LA ENTREGA O ENTREGA INCOMPLETA DE TECNOLOGÍAS EN SALUD Y/O PRESTACIÓN DE OTROS SERVICIOS;01010401;MEDICAMENTOS UPC;;;PROBLEMAS RELACIONADOS CON FACILIDADES DE ATENCIÓN MÉDICA U OTROS SERVICIOS DE SALUD;PROBLEMAS RELACIONADOS CON FACILIDADES DE ATENCIÓN MÉDICA U OTROS SERVICIOS DE SALUD;HIPERTENSIÓN PULMONAR PRIMARIA;No aplica;SIMPLE
901;2023;7;Web;76;76834;US- 000003305305;A nombre propio;HOMBRE;81;MAYOR DE 63 AÑOS ;No Aplica;Contributivo;No Aplica;No Aplica;76;76834;NUEVA EPS;RÉGIMEN CONTRIBUTIVO;EPS037;NUEVA EPS;76;76834;01;"BARRERAS EN EL ACCESO A TECNOLOGÍAS Y SERVICIOS DE SALUD; Y OTROS ELEMENTOS COMPLEMENTARIOS PARA LA ATENCIÓN DEL USUARIO";0101;FALTA DE OPORTUNIDAD EN LA PRESTACIÓN DE TECNOLOGÍAS EN SALUD Y OTROS ELEMENTOS COMPLEMENTARIOS PARA LA ATENCIÓN DEL USUARIO;010101;FALTA DE OPORTUNIDAD EN LAS CITAS O CONSULTAS;01010101;MEDICINA GENERAL;;;ENFERMEDADES CRÓNICAS NO TRASMISIBLES CARDIOVASCULARES;HTA (HIPERTENSIÓN ARTERIAL);HIPERTENSIÓN ESENCIAL (PRIMARIA);No aplica;SIMPLE
902;2023;7;Chat;05;05631;US- 000002995783;A nombre propio;MUJER;33;DE 30 A 37 AÑOS;Universitario;Contributivo;No Aplica;No Aplica;05;05631;SURAMERICANA EPS;RÉGIMEN CONTRIBUTIVO;EPS010;EPS SURA;05;05631;02;INSATISFACCIÓN RELACIONADA CON LA ATENCIÓN EN SALUD;0201;INSATISFACCIÓN RELACIONADA CON LA ATENCIÓN EN SALUD POR FALTA DE OPORTUNIDAD;020101;INSATISFACCIÓN POR FALTA DE OPORTUNIDAD EN LA ATENCIÓN POR PARTE DEL PERSONAL DE SALUD;02010104;SERVICIO DE URGENCIAS;;;SALUD MENTAL;OTROS TRASTORNOS MENTALES;TRASTORNO MIXTO DE ANSIEDAD Y DEPRESIÓN;No aplica;RIESGO VITAL
903;2023;7;Web;05;05001;US- 000003287563;A nombre propio;MUJER;71;MAYOR DE 63 AÑOS ;No Aplica;Contributivo;No Aplica;No Aplica;05;05001;SURAMERICANA EPS;RÉGIMEN CONTRIBUTIVO;EPS010;EPS SURA;05;05001;01;"BARRERAS EN EL ACCESO A TECNOLOGÍAS Y SERVICIOS DE SALUD; Y OTROS ELEMENTOS COMPLEMENTARIOS PARA LA ATENCIÓN DEL USUARIO";0101;FALTA DE OPORTUNIDAD EN LA PRESTACIÓN DE TECNOLOGÍAS EN SALUD Y OTROS ELEMENTOS COMPLEMENTARIOS PARA LA ATENCIÓN DEL USUARIO;010101;FALTA DE OPORTUNIDAD EN LAS CITAS O CONSULTAS;01010103;ESPECIALIDADES MÉDICAS ;01010103078;ORTOPEDIA Y TRAUMATOLOGÍA;ENFERMEDADES OSTEOARTICULARES;OTROS;PROBLEMAS RELACIONADOS CON MOVILIDAD REDUCIDA;No aplica;SIMPLE
904;2023;7;Redes Sociales;54;54001;US- 000003305991;A nombre propio;MUJER;20;DE 18 A 24 AÑOS;Secundaria Incompleta;Subsidiado;No Aplica;No Aplica;54;54001;SANITAS;RÉGIMEN CONTRIBUTIVO;EPS005;SANITAS;54;54001;01;"BARRERAS EN EL ACCESO A TECNOLOGÍAS Y SERVICIOS DE SALUD; Y OTROS ELEMENTOS COMPLEMENTARIOS PARA LA ATENCIÓN DEL USUARIO";0101;FALTA DE OPORTUNIDAD EN LA PRESTACIÓN DE TECNOLOGÍAS EN SALUD Y OTROS ELEMENTOS COMPLEMENTARIOS PARA LA ATENCIÓN DEL USUARIO;010101;FALTA DE OPORTUNIDAD EN LAS CITAS O CONSULTAS;01010103;ESPECIALIDADES MÉDICAS ;01010103022;CIRUGÍA GENERAL;ENFERMEDADES CRÓNICAS NO TRANSMISIBLES- FACTORES DE RIESGO;MEDICIÓN DE FACTORES DE RIESGO;HERNIA UMBILICAL;No aplica;PRIORIZADO
905;2023;7;Web;25;25785;US- 000003285151;A nombre propio;MUJER;66;MAYOR DE 63 AÑOS ;No Aplica;Contributivo;No Aplica;No Aplica;25;25785;FAMISANAR;RÉGIMEN CONTRIBUTIVO;EPS017;FAMISANAR;25;25785;01;"BARRERAS EN EL ACCESO A TECNOLOGÍAS Y SERVICIOS DE SALUD; Y OTROS ELEMENTOS COMPLEMENTARIOS PARA LA ATENCIÓN DEL USUARIO";0101;FALTA DE OPORTUNIDAD EN LA PRESTACIÓN DE TECNOLOGÍAS EN SALUD Y OTROS ELEMENTOS COMPLEMENTARIOS PARA LA ATENCIÓN DEL USUARIO;010103;FALTA DE OPORTUNIDAD EN LA ATENCIÓN EN OTROS SERVICIOS DE SALUD;01010308;PROCEDIMIENTOS NO QUIRÚRGICOS;01010308001;IMAGENOLOGÍA;PROBLEMAS RELACIONADOS CON FACILIDADES DE ATENCIÓN MÉDICA U OTROS SERVICIOS DE SALUD;PROBLEMAS RELACIONADOS CON FACILIDADES DE ATENCIÓN MÉDICA U OTROS SERVICIOS DE SALUD;PROBLEMAS RELACIONADOS CON FACILIDADES DE ATENCIÓN MEDICA U OTROS SERVICIOS DE SALUD;No aplica;SIMPLE
906;2023;7;Web;05;05001;US- 000000545522;Hijo (A);MUJER;88;MAYOR DE 63 AÑOS ;No Aplica;Subsidiado;No Aplica;No Aplica;05;05001;SAVIA SALUD;RÉGIMEN SUBSIDIADO;EPSS40;SAVIA SALUD EPS;05;05001;01;"BARRERAS EN EL ACCESO A TECNOLOGÍAS Y SERVICIOS DE SALUD; Y OTROS ELEMENTOS COMPLEMENTARIOS PARA LA ATENCIÓN DEL USUARIO";0101;FALTA DE OPORTUNIDAD EN LA PRESTACIÓN DE TECNOLOGÍAS EN SALUD Y OTROS ELEMENTOS COMPLEMENTARIOS PARA LA ATENCIÓN DEL USUARIO;010101;FALTA DE OPORTUNIDAD EN LAS CITAS O CONSULTAS;01010103;ESPECIALIDADES MÉDICAS ;01010103006;CARDIOLOGÍA;ENFERMEDADES CRÓNICAS NO TRANSMISIBLES –RENALES;IRC-ENFERMEDAD RENAL;INSUFICIENCIA RENAL CRÓNICA;No aplica;PRIORIZADO
907;2023;7;Web;23;23001;US- 000003273097;A nombre propio;HOMBRE;29;DE 25 A 29 AÑOS;Ninguno;Subsidiado;No Aplica;No Aplica;23;23001;NUEVA EPS;RÉGIMEN SUBSIDIADO;EPSS41;NUEVA EPS;23;23001;01;"BARRERAS EN EL ACCESO A TECNOLOGÍAS Y SERVICIOS DE SALUD; Y OTROS ELEMENTOS COMPLEMENTARIOS PARA LA ATENCIÓN DEL USUARIO";0101;FALTA DE OPORTUNIDAD EN LA PRESTACIÓN DE TECNOLOGÍAS EN SALUD Y OTROS ELEMENTOS COMPLEMENTARIOS PARA LA ATENCIÓN DEL USUARIO;010104;FALTA DE OPORTUNIDAD EN LA ENTREGA O ENTREGA INCOMPLETA DE TECNOLOGÍAS EN SALUD Y/O PRESTACIÓN DE OTROS SERVICIOS;01010401;MEDICAMENTOS UPC;;;PROBLEMAS RELACIONADOS CON FACILIDADES DE ATENCIÓN MÉDICA U OTROS SERVICIOS DE SALUD;PROBLEMAS RELACIONADOS CON FACILIDADES DE ATENCIÓN MÉDICA U OTROS SERVICIOS DE SALUD;OTROS TRASTORNOS DE LA IDENTIDAD DE GENERO;No aplica;SIMPLE
908;2023;7;Correo;11;11001;US- 000000150832;A nombre propio;HOMBRE;64;MAYOR DE 63 AÑOS ;No Aplica;Contributivo;No Aplica;No Aplica;11;11001;COMPENSAR;RÉGIMEN CONTRIBUTIVO;EPS008;COMPENSAR;11;11001;01;"BARRERAS EN EL ACCESO A TECNOLOGÍAS Y SERVICIOS DE SALUD; Y OTROS ELEMENTOS COMPLEMENTARIOS PARA LA ATENCIÓN DEL USUARIO";0103;FALTA DE OPORTUNIDAD EN LA AUTORIZACIÓN DE TECNOLOGÍAS EN SALUD Y OTROS ELEMENTOS COMPLEMENTARIOS PARA LA ATENCIÓN DEL USUARIO;010301;FALTA DE OPORTUNIDAD EN LA AUTORIZACIÓN DE TECNOLOGÍAS EN SALUD Y/O DE OTROS SERVICIOS;01030102;MEDICAMENTOS NO UPC;;;PROBLEMAS RELACIONADOS CON FACILIDADES DE ATENCIÓN MÉDICA U OTROS SERVICIOS DE SALUD;PROBLEMAS RELACIONADOS CON FACILIDADES DE ATENCIÓN MÉDICA U OTROS SERVICIOS DE SALUD;DESNUTRICIÓN PROTEICOCALORICA SEVERA, NO ESPECIFICADA;No aplica;PRIORIZADO
909;2023;7;Web;25;25175;US- 000003213945;A nombre propio;HOMBRE;68;MAYOR DE 63 AÑOS ;No Aplica;Subsidiado;Afrocolombiano o Afrodescendiente;Persona con discapacidad;25;25175;SANITAS;RÉGIMEN CONTRIBUTIVO;EPS005;SANITAS;25;25175;04;INSATISFACCIÓN DEL USUARIO CON EL PROCESO ADMINISTRATIVO;0404;INSATISFACCIÓN RELACIONADA CON TRÁMITES ADMINISTRATIVOS;040401;RESTRICCIÓN EN LA LIBRE ESCOGENCIA;04040102;PRESTADOR DE SERVICIO DE SALUD;;;ENFERMEDADES OSTEOARTICULARES;OTROS;TRASTORNO DE DISCO CERVICAL CON MIELOPATÍA (G99.2*);No aplica;SIMPLE
910;2023;7;Web;76;76520;US- 000001220881;A nombre propio;MUJER;44;DE 38 A 49 AÑOS;No Aplica;Contributivo;Mulato ;No Aplica;76;76520;SURAMERICANA EPS;RÉGIMEN CONTRIBUTIVO;EPS010;EPS SURA;76;76520;01;"BARRERAS EN EL ACCESO A TECNOLOGÍAS Y SERVICIOS DE SALUD; Y OTROS ELEMENTOS COMPLEMENTARIOS PARA LA ATENCIÓN DEL USUARIO";0101;FALTA DE OPORTUNIDAD EN LA PRESTACIÓN DE TECNOLOGÍAS EN SALUD Y OTROS ELEMENTOS COMPLEMENTARIOS PARA LA ATENCIÓN DEL USUARIO;010101;FALTA DE OPORTUNIDAD EN LAS CITAS O CONSULTAS;01010103;ESPECIALIDADES MÉDICAS ;01010103094;UROLOGÍA;PROBLEMAS RELACIONADOS CON FACILIDADES DE ATENCIÓN MÉDICA U OTROS SERVICIOS DE SALUD;PROBLEMAS RELACIONADOS CON FACILIDADES DE ATENCIÓN MÉDICA U OTROS SERVICIOS DE SALUD;PROBLEMAS RELACIONADOS CON FACILIDADES DE ATENCIÓN MEDICA U OTROS SERVICIOS DE SALUD;No aplica;SIMPLE
911;2023;7;Telefónico;05;05088;US- 000002093073;Amigo (A);MUJER;72;MAYOR DE 63 AÑOS ;No Aplica;Subsidiado;No Aplica;No Aplica;05;05088;SAVIA SALUD;RÉGIMEN SUBSIDIADO;EPSS40;SAVIA SALUD EPS;05;05088;01;"BARRERAS EN EL ACCESO A TECNOLOGÍAS Y SERVICIOS DE SALUD; Y OTROS ELEMENTOS COMPLEMENTARIOS PARA LA ATENCIÓN DEL USUARIO";0101;FALTA DE OPORTUNIDAD EN LA PRESTACIÓN DE TECNOLOGÍAS EN SALUD Y OTROS ELEMENTOS COMPLEMENTARIOS PARA LA ATENCIÓN DEL USUARIO;010101;FALTA DE OPORTUNIDAD EN LAS CITAS O CONSULTAS;01010103;ESPECIALIDADES MÉDICAS ;01010103078;ORTOPEDIA Y TRAUMATOLOGÍA;ENFERMEDADES OSTEOARTICULARES;OTROS;OTROS TRAUMATISMOS SUPERFICIALES DE LA CADERA Y DEL MUSLO;No aplica;SIMPLE
912;2023;7;Escrito;13;13430;US- 000002996747;A nombre propio;MUJER;11;DE 6 A 12 AÑOS;No Aplica;Régimen Especial;No Aplica;No Aplica;13;13430;FUERZAS MILITARES;REGÍMENES DE EXCEPCIÓN Y ESPECIALES;REFM01;FUERZAS MILITARES;13;13430;01;"BARRERAS EN EL ACCESO A TECNOLOGÍAS Y SERVICIOS DE SALUD; Y OTROS ELEMENTOS COMPLEMENTARIOS PARA LA ATENCIÓN DEL USUARIO";0101;FALTA DE OPORTUNIDAD EN LA PRESTACIÓN DE TECNOLOGÍAS EN SALUD Y OTROS ELEMENTOS COMPLEMENTARIOS PARA LA ATENCIÓN DEL USUARIO;010101;FALTA DE OPORTUNIDAD EN LAS CITAS O CONSULTAS;01010103;ESPECIALIDADES MÉDICAS ;01010103080;OTORRINOLARINGOLOGÍA;ENFERMEDADES CRÓNICAS NO TRANSMISIBLES- FACTORES DE RIESGO;MEDICIÓN DE FACTORES DE RIESGO;OTALGIA;No aplica;SIMPLE
913;2023;7;Web;11;11001;US- 000003308393;A nombre propio;HOMBRE;58;DE 50 A 62 AÑOS;No Aplica;Contributivo;No Aplica;Persona con discapacidad;11;11001;COMPENSAR;RÉGIMEN CONTRIBUTIVO;EPS008;COMPENSAR;11;11001;01;"BARRERAS EN EL ACCESO A TECNOLOGÍAS Y SERVICIOS DE SALUD; Y OTROS ELEMENTOS COMPLEMENTARIOS PARA LA ATENCIÓN DEL USUARIO";0103;FALTA DE OPORTUNIDAD EN LA AUTORIZACIÓN DE TECNOLOGÍAS EN SALUD Y OTROS ELEMENTOS COMPLEMENTARIOS PARA LA ATENCIÓN DEL USUARIO;010304;FALTA DE OPORTUNIDAD EN LA AUTORIZACIÓN DE OTROS SERVICIOS DE SALUD;01030405;ATENCIÓN DOMICILIARIA;;;ENFERMEDADES OSTEOARTICULARES;OTROS;OTRAS ATENCIONES MEDICAS ESPECIFICADAS;No aplica;SIMPLE
914;2023;7;Web;17;17001;US- 000001793636;Otro;MUJER;7;DE 6 A 12 AÑOS;No Aplica;Contributivo;No Aplica;No Aplica;17;17001;SALUD TOTAL;RÉGIMEN CONTRIBUTIVO;EPS002;SALUD TOTAL;17;17001;01;"BARRERAS EN EL ACCESO A TECNOLOGÍAS Y SERVICIOS DE SALUD; Y OTROS ELEMENTOS COMPLEMENTARIOS PARA LA ATENCIÓN DEL USUARIO";0103;FALTA DE OPORTUNIDAD EN LA AUTORIZACIÓN DE TECNOLOGÍAS EN SALUD Y OTROS ELEMENTOS COMPLEMENTARIOS PARA LA ATENCIÓN DEL USUARIO;010302;FALTA DE OPORTUNIDAD EN LA AUTORIZACIÓN DE CITAS DE CONSULTA;01030203;ESPECIALIDADES MÉDICAS ;01030203080;OTORRINOLARINGOLOGÍA;ENFERMEDADES OSTEOARTICULARES;OTROS;DEFORMIDAD EN VALGO, NO CLASIFICADA EN OTRA PARTE;No aplica;SIMPLE
915;2023;7;Telefónico;05;05001;US- 000001562673;Cónyuge;MUJER;70;MAYOR DE 63 AÑOS ;Secundaria Incompleta;Contributivo;No Aplica;No Aplica;05;05001;NUEVA EPS;RÉGIMEN CONTRIBUTIVO;EPS037;NUEVA EPS;05;05001;01;"BARRERAS EN EL ACCESO A TECNOLOGÍAS Y SERVICIOS DE SALUD; Y OTROS ELEMENTOS COMPLEMENTARIOS PARA LA ATENCIÓN DEL USUARIO";0101;FALTA DE OPORTUNIDAD EN LA PRESTACIÓN DE TECNOLOGÍAS EN SALUD Y OTROS ELEMENTOS COMPLEMENTARIOS PARA LA ATENCIÓN DEL USUARIO;010101;FALTA DE OPORTUNIDAD EN LAS CITAS O CONSULTAS;01010103;ESPECIALIDADES MÉDICAS ;01010103071;NEUROCIRUGÍA;ENFERMEDADES OSTEOARTICULARES;OTROS;TRASTORNOS DEL DISCO CERVICAL;No aplica;SIMPLE
916;2023;7;Chat;11;11001;US- 000003303080;Hijo (A);HOMBRE;66;MAYOR DE 63 AÑOS ;Primaria Incompleta;Subsidiado;No Aplica;Persona con discapacidad;52;52233;EMSSANAR EPS;RÉGIMEN SUBSIDIADO;ESS118;EMSSANAR;52;52233;01;"BARRERAS EN EL ACCESO A TECNOLOGÍAS Y SERVICIOS DE SALUD; Y OTROS ELEMENTOS COMPLEMENTARIOS PARA LA ATENCIÓN DEL USUARIO";0101;FALTA DE OPORTUNIDAD EN LA PRESTACIÓN DE TECNOLOGÍAS EN SALUD Y OTROS ELEMENTOS COMPLEMENTARIOS PARA LA ATENCIÓN DEL USUARIO;010101;FALTA DE OPORTUNIDAD EN LAS CITAS O CONSULTAS;01010103;ESPECIALIDADES MÉDICAS ;01010103078;ORTOPEDIA Y TRAUMATOLOGÍA;ENFERMEDADES OSTEOARTICULARES;OTROS;LUMBAGO CON CIÁTICA;No aplica;SIMPLE
917;2023;7;Personalizado;08;08001;US- 000003291725;A nombre propio;MUJER;45;DE 38 A 49 AÑOS;Universitario Incompleto;Subsidiado;No Aplica;No Aplica;08;08001;CAJACOPI EPS;RÉGIMEN SUBSIDIADO;CCF055;CAJACOPI EPS;08;08001;01;"BARRERAS EN EL ACCESO A TECNOLOGÍAS Y SERVICIOS DE SALUD; Y OTROS ELEMENTOS COMPLEMENTARIOS PARA LA ATENCIÓN DEL USUARIO";0103;FALTA DE OPORTUNIDAD EN LA AUTORIZACIÓN DE TECNOLOGÍAS EN SALUD Y OTROS ELEMENTOS COMPLEMENTARIOS PARA LA ATENCIÓN DEL USUARIO;010304;FALTA DE OPORTUNIDAD EN LA AUTORIZACIÓN DE OTROS SERVICIOS DE SALUD;01030409;PROCEDIMIENTOS QUIRÚRGICOS;01030409003;OTROS PROCEDIMIENTOS QUIRÚRGICOS;PROBLEMAS RELACIONADOS CON FACILIDADES DE ATENCIÓN MÉDICA U OTROS SERVICIOS DE SALUD;PROBLEMAS RELACIONADOS CON FACILIDADES DE ATENCIÓN MÉDICA U OTROS SERVICIOS DE SALUD;LEIOMIOMA DEL ÚTERO, SIN OTRA ESPECIFICACIÓN;No aplica;SIMPLE
918;2023;7;Web;05;05001;US- 000003265523;A nombre propio;HOMBRE;0;DE 0 A 5 AÑOS;Ninguno;Contributivo;No Aplica;No Aplica;05;05001;SALUD TOTAL;RÉGIMEN CONTRIBUTIVO;EPS002;SALUD TOTAL;05;05001;01;"BARRERAS EN EL ACCESO A TECNOLOGÍAS Y SERVICIOS DE SALUD; Y OTROS ELEMENTOS COMPLEMENTARIOS PARA LA ATENCIÓN DEL USUARIO";0101;FALTA DE OPORTUNIDAD EN LA PRESTACIÓN DE TECNOLOGÍAS EN SALUD Y OTROS ELEMENTOS COMPLEMENTARIOS PARA LA ATENCIÓN DEL USUARIO;010103;FALTA DE OPORTUNIDAD EN LA ATENCIÓN EN OTROS SERVICIOS DE SALUD;01010308;PROCEDIMIENTOS NO QUIRÚRGICOS;01010308001;IMAGENOLOGÍA;MATERNO INFANTIL;ATENCIÓN NIÑOS MENORES DE 5 AÑOS;OTROS RECIÉN NACIDOS PRETÉRMINO;No aplica;PRIORIZADO
919;2023;7;Web;05;05001;US- 000003268336;A nombre propio;MUJER;33;DE 30 A 37 AÑOS;No Aplica;Contributivo;No Aplica;No Aplica;05;05001;SURAMERICANA EPS;RÉGIMEN CONTRIBUTIVO;EPS010;EPS SURA;05;05001;01;"BARRERAS EN EL ACCESO A TECNOLOGÍAS Y SERVICIOS DE SALUD; Y OTROS ELEMENTOS COMPLEMENTARIOS PARA LA ATENCIÓN DEL USUARIO";0103;FALTA DE OPORTUNIDAD EN LA AUTORIZACIÓN DE TECNOLOGÍAS EN SALUD Y OTROS ELEMENTOS COMPLEMENTARIOS PARA LA ATENCIÓN DEL USUARIO;010304;FALTA DE OPORTUNIDAD EN LA AUTORIZACIÓN DE OTROS SERVICIOS DE SALUD;01030409;PROCEDIMIENTOS QUIRÚRGICOS;01030409003;OTROS PROCEDIMIENTOS QUIRÚRGICOS;PROBLEMAS RELACIONADOS CON FACILIDADES DE ATENCIÓN MÉDICA U OTROS SERVICIOS DE SALUD;PROBLEMAS RELACIONADOS CON FACILIDADES DE ATENCIÓN MÉDICA U OTROS SERVICIOS DE SALUD;OTRAS ENFERMEDADES ESPECIFICADAS DE LA VESÍCULA BILIAR;No aplica;SIMPLE
920;2023;7;Personalizado;41;41799;US- 000002685689;Madre;HOMBRE;5;DE 0 A 5 AÑOS;Ninguno;Subsidiado;No Aplica;No Aplica;41;41799;SANITAS;RÉGIMEN CONTRIBUTIVO;EPS005;SANITAS;41;41799;01;"BARRERAS EN EL ACCESO A TECNOLOGÍAS Y SERVICIOS DE SALUD; Y OTROS ELEMENTOS COMPLEMENTARIOS PARA LA ATENCIÓN DEL USUARIO";0101;FALTA DE OPORTUNIDAD EN LA PRESTACIÓN DE TECNOLOGÍAS EN SALUD Y OTROS ELEMENTOS COMPLEMENTARIOS PARA LA ATENCIÓN DEL USUARIO;010103;FALTA DE OPORTUNIDAD EN LA ATENCIÓN EN OTROS SERVICIOS DE SALUD;01010308;PROCEDIMIENTOS NO QUIRÚRGICOS;01010308001;IMAGENOLOGÍA;MATERNO INFANTIL;ATENCIÓN NIÑOS MENORES DE 5 AÑOS;HIPOACUSIA, NO ESPECIFICADA;No aplica;SIMPLE
921;2023;7;Escrito;54;54001;US- 000003074584;A nombre propio;HOMBRE;66;MAYOR DE 63 AÑOS ;No Aplica;Subsidiado;No Aplica;No Aplica;54;54001;COMPENSAR;RÉGIMEN CONTRIBUTIVO;EPS008;COMPENSAR;54;54001;01;"BARRERAS EN EL ACCESO A TECNOLOGÍAS Y SERVICIOS DE SALUD; Y OTROS ELEMENTOS COMPLEMENTARIOS PARA LA ATENCIÓN DEL USUARIO";0101;FALTA DE OPORTUNIDAD EN LA PRESTACIÓN DE TECNOLOGÍAS EN SALUD Y OTROS ELEMENTOS COMPLEMENTARIOS PARA LA ATENCIÓN DEL USUARIO;010101;FALTA DE OPORTUNIDAD EN LAS CITAS O CONSULTAS;01010106;NUTRICIÓN;;;PROBLEMAS RELACIONADOS CON FACILIDADES DE ATENCIÓN MÉDICA U OTROS SERVICIOS DE SALUD;PROBLEMAS RELACIONADOS CON FACILIDADES DE ATENCIÓN MÉDICA U OTROS SERVICIOS DE SALUD;ARTROSIS, NO ESPECIFICADA;No aplica;SIMPLE
922;2023;7;Personalizado;18;18001;US- 000003163178;Amigo (A);MUJER;61;DE 50 A 62 AÑOS;No Aplica;Contributivo;No Aplica;Desplazado;11;11001;NUEVA EPS;RÉGIMEN CONTRIBUTIVO;EPS037;NUEVA EPS;25;25754;01;"BARRERAS EN EL ACCESO A TECNOLOGÍAS Y SERVICIOS DE SALUD; Y OTROS ELEMENTOS COMPLEMENTARIOS PARA LA ATENCIÓN DEL USUARIO";0101;FALTA DE OPORTUNIDAD EN LA PRESTACIÓN DE TECNOLOGÍAS EN SALUD Y OTROS ELEMENTOS COMPLEMENTARIOS PARA LA ATENCIÓN DEL USUARIO;010101;FALTA DE OPORTUNIDAD EN LAS CITAS O CONSULTAS;01010103;ESPECIALIDADES MÉDICAS ;01010103063;MEDICINA INTERNA;CÁNCER ;OTROS;TUMOR DE COMPORTAMIENTO INCIERTO O DESCONOCIDO DEL HIGADO, DE LA VESÍCULA BILIAR Y DEL CONDUCTO BILIAR;Quimioterapia y radioterapia para el cáncer;PRIORIZADO
923;2023;7;Chat;13;13001;US- 000003310657;A nombre propio;HOMBRE;53;DE 50 A 62 AÑOS;Universitario;Contributivo;No Aplica;No Aplica;13;13001;SURAMERICANA EPS;RÉGIMEN CONTRIBUTIVO;EPS010;EPS SURA;13;13001;01;"BARRERAS EN EL ACCESO A TECNOLOGÍAS Y SERVICIOS DE SALUD; Y OTROS ELEMENTOS COMPLEMENTARIOS PARA LA ATENCIÓN DEL USUARIO";0101;FALTA DE OPORTUNIDAD EN LA PRESTACIÓN DE TECNOLOGÍAS EN SALUD Y OTROS ELEMENTOS COMPLEMENTARIOS PARA LA ATENCIÓN DEL USUARIO;010104;FALTA DE OPORTUNIDAD EN LA ENTREGA O ENTREGA INCOMPLETA DE TECNOLOGÍAS EN SALUD Y/O PRESTACIÓN DE OTROS SERVICIOS;01010408;TRANSPORTE, ALOJAMIENTO O ALIMENTACIÓN;;;ENFERMEDADES CRÓNICAS NO TRANSMISIBLES –RENALES;IRC-TRASPLANTE;CIRROSIS HEPÁTICA ALCOHÓLICA;Trasplante de hígado;PRIORIZADO
924;2023;7;Escrito;19;19001;US- 000003270651;Otro;MUJER;26;DE 25 A 29 AÑOS;No Aplica;Contributivo;No Aplica;No Aplica;19;19001;EMSSANAR EPS;RÉGIMEN SUBSIDIADO;ESS118;EMSSANAR;19;19001;04;INSATISFACCIÓN DEL USUARIO CON EL PROCESO ADMINISTRATIVO;0405;PROBLEMAS EN EL RECONOCIMIENTO Y/O PAGO DE PRESTACIONES ECONÓMICAS;040501;NO RECONOCIMIENTO Y/O PAGO DE LAS PRESTACIONES ECONÓMICAS;04050107;INCAPACIDAD DE ENFERMEDAD GENERAL;;;PROBLEMAS RELACIONADOS CON FACILIDADES DE ATENCIÓN MÉDICA U OTROS SERVICIOS DE SALUD;PROBLEMAS RELACIONADOS CON FACILIDADES DE ATENCIÓN MÉDICA U OTROS SERVICIOS DE SALUD;OTROS PROBLEMAS RELACIONADOS CON SERVICIOS MÉDICOS Y DE SALUD;No aplica;SIMPLE
925;2023;7;Escrito;76;76001;US- 000003281846;Otro;HOMBRE;79;MAYOR DE 63 AÑOS ;No Aplica;Contributivo;No Aplica;No Aplica;76;76001;SOS -SERVICIO OCCIDENTAL DE SALUD;RÉGIMEN CONTRIBUTIVO;EPS018;SERVICIO OCCIDENTAL DE SALUD (SOS);76;76001;01;"BARRERAS EN EL ACCESO A TECNOLOGÍAS Y SERVICIOS DE SALUD; Y OTROS ELEMENTOS COMPLEMENTARIOS PARA LA ATENCIÓN DEL USUARIO";0101;FALTA DE OPORTUNIDAD EN LA PRESTACIÓN DE TECNOLOGÍAS EN SALUD Y OTROS ELEMENTOS COMPLEMENTARIOS PARA LA ATENCIÓN DEL USUARIO;010104;FALTA DE OPORTUNIDAD EN LA ENTREGA O ENTREGA INCOMPLETA DE TECNOLOGÍAS EN SALUD Y/O PRESTACIÓN DE OTROS SERVICIOS;01010401;MEDICAMENTOS UPC;;;PROBLEMAS RELACIONADOS CON FACILIDADES DE ATENCIÓN MÉDICA U OTROS SERVICIOS DE SALUD;PROBLEMAS RELACIONADOS CON FACILIDADES DE ATENCIÓN MÉDICA U OTROS SERVICIOS DE SALUD;PROBLEMAS RELACIONADOS CON FACILIDADES DE ATENCIÓN MEDICA U OTROS SERVICIOS DE SALUD;No aplica;SIMPLE
926;2023;7;Web;68;68276;US- 000003295388;A nombre propio;MUJER;75;MAYOR DE 63 AÑOS ;No Aplica;Contributivo;No Aplica;No Aplica;68;68276;SANITAS;RÉGIMEN CONTRIBUTIVO;EPS005;SANITAS;68;68001;01;"BARRERAS EN EL ACCESO A TECNOLOGÍAS Y SERVICIOS DE SALUD; Y OTROS ELEMENTOS COMPLEMENTARIOS PARA LA ATENCIÓN DEL USUARIO";0101;FALTA DE OPORTUNIDAD EN LA PRESTACIÓN DE TECNOLOGÍAS EN SALUD Y OTROS ELEMENTOS COMPLEMENTARIOS PARA LA ATENCIÓN DEL USUARIO;010104;FALTA DE OPORTUNIDAD EN LA ENTREGA O ENTREGA INCOMPLETA DE TECNOLOGÍAS EN SALUD Y/O PRESTACIÓN DE OTROS SERVICIOS;01010401;MEDICAMENTOS UPC;;;ENFERMEDADES OSTEOARTICULARES;OTROS;OSTEOPOROSIS POSTMENOPÁUSICA, SIN FRACTURA PATOLÓGICA;No aplica;SIMPLE
927;2023;7;Personalizado;11;11001;US- 000000339282;A nombre propio;HOMBRE;62;DE 50 A 62 AÑOS;Primaria;Subsidiado;No Aplica;Persona con discapacidad;11;11001;CAPITAL SALUD;RÉGIMEN SUBSIDIADO;EPSS34;CAPITAL SALUD;11;11001;01;"BARRERAS EN EL ACCESO A TECNOLOGÍAS Y SERVICIOS DE SALUD; Y OTROS ELEMENTOS COMPLEMENTARIOS PARA LA ATENCIÓN DEL USUARIO";0101;FALTA DE OPORTUNIDAD EN LA PRESTACIÓN DE TECNOLOGÍAS EN SALUD Y OTROS ELEMENTOS COMPLEMENTARIOS PARA LA ATENCIÓN DEL USUARIO;010101;FALTA DE OPORTUNIDAD EN LAS CITAS O CONSULTAS;01010102;ODONTOLOGÍA GENERAL;;;PROBLEMAS RELACIONADOS CON FACILIDADES DE ATENCIÓN MÉDICA U OTROS SERVICIOS DE SALUD;PROBLEMAS RELACIONADOS CON FACILIDADES DE ATENCIÓN MÉDICA U OTROS SERVICIOS DE SALUD;FRACTURA DE LOS DIENTES;No aplica;SIMPLE
928;2023;7;Web;50;50001;US- 000003296913;A nombre propio;MUJER;52;DE 50 A 62 AÑOS;No Aplica;No aplica;No Aplica;No Aplica;50;50001;SAP EMERMEDICA;EMPRESAS DE MEDICINA PREPAGADA;SAP026;EMERMEDICA S.A. SERVICIOS DE AMBULANCIA PREPAGADOS;50;50001;04;INSATISFACCIÓN DEL USUARIO CON EL PROCESO ADMINISTRATIVO;0403;INSATISFACCIÓN RELACIONADA CON LA ATENCIÓN DEL PERSONAL ADMINISTRATIVO;040301;INSATISFACCIÓN RELACIONADA CON LA ATENCIÓN DEL PERSONAL ADMINISTRATIVO;;;;;PROBLEMAS RELACIONADOS CON FACILIDADES DE ATENCIÓN MÉDICA U OTROS SERVICIOS DE SALUD;PROBLEMAS RELACIONADOS CON FACILIDADES DE ATENCIÓN MÉDICA U OTROS SERVICIOS DE SALUD;OTROS PROBLEMAS RELACIONADOS CON SERVICIOS MÉDICOS Y DE SALUD;No aplica;SIMPLE
929;2023;7;Telefónico;05;05088;US- 000003281878;A nombre propio;HOMBRE;40;DE 38 A 49 AÑOS;Secundaria;Subsidiado;No Aplica;No Aplica;05;05088;SAVIA SALUD;RÉGIMEN SUBSIDIADO;EPSS40;SAVIA SALUD EPS;05;05001;04;INSATISFACCIÓN DEL USUARIO CON EL PROCESO ADMINISTRATIVO;0404;INSATISFACCIÓN RELACIONADA CON TRÁMITES ADMINISTRATIVOS;040403;INCONSISTENCIAS EN LA AFILIACIÓN;04040301;RETIRADO;;;PROBLEMAS RELACIONADOS CON FACILIDADES DE ATENCIÓN MÉDICA U OTROS SERVICIOS DE SALUD;PROBLEMAS RELACIONADOS CON FACILIDADES DE ATENCIÓN MÉDICA U OTROS SERVICIOS DE SALUD;ATROFIA DEL TESTÍCULO;No aplica;SIMPLE
930;2023;7;Web;50;50606;US- 000003114734;A nombre propio;MUJER;63;MAYOR DE 63 AÑOS ;No Aplica;Contributivo;No Aplica;No Aplica;50;50606;NUEVA EPS;RÉGIMEN CONTRIBUTIVO;EPS037;NUEVA EPS;50;50606;01;"BARRERAS EN EL ACCESO A TECNOLOGÍAS Y SERVICIOS DE SALUD; Y OTROS ELEMENTOS COMPLEMENTARIOS PARA LA ATENCIÓN DEL USUARIO";0101;FALTA DE OPORTUNIDAD EN LA PRESTACIÓN DE TECNOLOGÍAS EN SALUD Y OTROS ELEMENTOS COMPLEMENTARIOS PARA LA ATENCIÓN DEL USUARIO;010101;FALTA DE OPORTUNIDAD EN LAS CITAS O CONSULTAS;01010103;ESPECIALIDADES MÉDICAS ;01010103006;CARDIOLOGÍA;ENFERMEDADES CRÓNICAS NO TRASMISIBLES CARDIOVASCULARES;OTROS;ENFERMEDAD ISQUEMIA CRÓNICA DEL CORAZÓN, NO ESPECIFICADA;Manejo quirúrgico para enfermedades del corazón;PRIORIZADO
931;2023;7;Telefónico;05;05360;US- 000002029959;Cónyuge;HOMBRE;86;MAYOR DE 63 AÑOS ;Ninguno;Subsidiado;No Aplica;No Aplica;05;05360;SAVIA SALUD;RÉGIMEN SUBSIDIADO;EPSS40;SAVIA SALUD EPS;05;05360;01;"BARRERAS EN EL ACCESO A TECNOLOGÍAS Y SERVICIOS DE SALUD; Y OTROS ELEMENTOS COMPLEMENTARIOS PARA LA ATENCIÓN DEL USUARIO";0101;FALTA DE OPORTUNIDAD EN LA PRESTACIÓN DE TECNOLOGÍAS EN SALUD Y OTROS ELEMENTOS COMPLEMENTARIOS PARA LA ATENCIÓN DEL USUARIO;010101;FALTA DE OPORTUNIDAD EN LAS CITAS O CONSULTAS;01010103;ESPECIALIDADES MÉDICAS ;01010103086;RADIOLOGÍA E IMÁGENES DIAGNÓSTICAS;ENFERMEDADES CRÓNICAS NO TRANSMISIBLES –DIABETES;DIABETES;HIPERTENSIÓN ESENCIAL (PRIMARIA);No aplica;SIMPLE
932;2023;7;Web;63;63001;US- 000003280590;Otro;HOMBRE;3;DE 0 A 5 AÑOS;No Aplica;Contributivo;No Aplica;No Aplica;63;63001;NUEVA EPS;RÉGIMEN CONTRIBUTIVO;EPS037;NUEVA EPS;63;63001;01;"BARRERAS EN EL ACCESO A TECNOLOGÍAS Y SERVICIOS DE SALUD; Y OTROS ELEMENTOS COMPLEMENTARIOS PARA LA ATENCIÓN DEL USUARIO";0101;FALTA DE OPORTUNIDAD EN LA PRESTACIÓN DE TECNOLOGÍAS EN SALUD Y OTROS ELEMENTOS COMPLEMENTARIOS PARA LA ATENCIÓN DEL USUARIO;010101;FALTA DE OPORTUNIDAD EN LAS CITAS O CONSULTAS;01010103;ESPECIALIDADES MÉDICAS ;01010103073;NEUROLOGÍA PEDIÁTRICA - NEUROPEDIATRÍA;MATERNO INFANTIL;ATENCIÓN NIÑOS MENORES DE 5 AÑOS;RINITIS ALÉRGICA, NO ESPECIFICADA;No aplica;SIMPLE
933;2023;7;Web;11;11001;US- 000003284285;A nombre propio;HOMBRE;63;MAYOR DE 63 AÑOS ;No Aplica;Contributivo;No Aplica;No Aplica;11;11001;FAMISANAR;RÉGIMEN CONTRIBUTIVO;EPS017;FAMISANAR;11;11001;01;"BARRERAS EN EL ACCESO A TECNOLOGÍAS Y SERVICIOS DE SALUD; Y OTROS ELEMENTOS COMPLEMENTARIOS PARA LA ATENCIÓN DEL USUARIO";0103;FALTA DE OPORTUNIDAD EN LA AUTORIZACIÓN DE TECNOLOGÍAS EN SALUD Y OTROS ELEMENTOS COMPLEMENTARIOS PARA LA ATENCIÓN DEL USUARIO;010304;FALTA DE OPORTUNIDAD EN LA AUTORIZACIÓN DE OTROS SERVICIOS DE SALUD;01030408;PROCEDIMIENTOS NO QUIRÚRGICOS;01030408001;IMAGENOLOGÍA;PROBLEMAS RELACIONADOS CON FACILIDADES DE ATENCIÓN MÉDICA U OTROS SERVICIOS DE SALUD;PROBLEMAS RELACIONADOS CON FACILIDADES DE ATENCIÓN MÉDICA U OTROS SERVICIOS DE SALUD;OTRAS ATENCIONES MEDICAS ESPECIFICADAS;No aplica;SIMPLE
934;2023;7;Web;47;47551;US- 000003305020;A nombre propio;MUJER;44;DE 38 A 49 AÑOS;No Aplica;Subsidiado;Afrocolombiano o Afrodescendiente;No Aplica;47;47551;COOSALUD;RÉGIMEN SUBSIDIADO;ESS024;COOSALUD;47;47551;01;"BARRERAS EN EL ACCESO A TECNOLOGÍAS Y SERVICIOS DE SALUD; Y OTROS ELEMENTOS COMPLEMENTARIOS PARA LA ATENCIÓN DEL USUARIO";0101;FALTA DE OPORTUNIDAD EN LA PRESTACIÓN DE TECNOLOGÍAS EN SALUD Y OTROS ELEMENTOS COMPLEMENTARIOS PARA LA ATENCIÓN DEL USUARIO;010103;FALTA DE OPORTUNIDAD EN LA ATENCIÓN EN OTROS SERVICIOS DE SALUD;01010308;PROCEDIMIENTOS NO QUIRÚRGICOS;01010308002;LABORATORIO CLÍNICO Y ANATOMOPATOLÓGICO;PROBLEMAS RELACIONADOS CON FACILIDADES DE ATENCIÓN MÉDICA U OTROS SERVICIOS DE SALUD;PROBLEMAS RELACIONADOS CON FACILIDADES DE ATENCIÓN MÉDICA U OTROS SERVICIOS DE SALUD;PROBLEMAS RELACIONADOS CON FACILIDADES DE ATENCIÓN MEDICA U OTROS SERVICIOS DE SALUD;No aplica;PRIORIZADO
935;2023;7;Web;76;76606;US- 000003276656;A nombre propio;MUJER;33;DE 30 A 37 AÑOS;Ninguno;Subsidiado;No Aplica;No Aplica;76;76606;NUEVA EPS;RÉGIMEN CONTRIBUTIVO;EPS037;NUEVA EPS;76;76606;01;"BARRERAS EN EL ACCESO A TECNOLOGÍAS Y SERVICIOS DE SALUD; Y OTROS ELEMENTOS COMPLEMENTARIOS PARA LA ATENCIÓN DEL USUARIO";0101;FALTA DE OPORTUNIDAD EN LA PRESTACIÓN DE TECNOLOGÍAS EN SALUD Y OTROS ELEMENTOS COMPLEMENTARIOS PARA LA ATENCIÓN DEL USUARIO;010105;FALTA DE OPORTUNIDAD EN EL PROCESO DE REFERENCIA Y CONTRARREFERENCIA;;;;;ENFERMEDADES OSTEOARTICULARES;OTROS;TRAUMATISMO SUPERFICIAL DE LA CADERA Y DEL MUSLO, NO ESPECIFICADO;No aplica;RIESGO VITAL
936;2023;7;Web;73;73001;US- 000001885223;A nombre propio;MUJER;5;DE 0 A 5 AÑOS;No Aplica;Régimen Especial;No Aplica;No Aplica;73;73001;POLICIA NACIONAL;REGÍMENES DE EXCEPCIÓN Y ESPECIALES;REPN01;POLICIA NACIONAL;73;73001;01;"BARRERAS EN EL ACCESO A TECNOLOGÍAS Y SERVICIOS DE SALUD; Y OTROS ELEMENTOS COMPLEMENTARIOS PARA LA ATENCIÓN DEL USUARIO";0103;FALTA DE OPORTUNIDAD EN LA AUTORIZACIÓN DE TECNOLOGÍAS EN SALUD Y OTROS ELEMENTOS COMPLEMENTARIOS PARA LA ATENCIÓN DEL USUARIO;010304;FALTA DE OPORTUNIDAD EN LA AUTORIZACIÓN DE OTROS SERVICIOS DE SALUD;01030408;PROCEDIMIENTOS NO QUIRÚRGICOS;01030408001;IMAGENOLOGÍA;MATERNO INFANTIL;ATENCIÓN NIÑOS MENORES DE 5 AÑOS;EDEMA, NO ESPECIFICADO;No aplica;SIMPLE
937;2023;7;Web;05;05001;US- 000000657237;A nombre propio;MUJER;59;DE 50 A 62 AÑOS;No Aplica;Contributivo;Mulato ;No Aplica;05;05001;SURAMERICANA EPS;RÉGIMEN CONTRIBUTIVO;EPS010;EPS SURA;05;05266;01;"BARRERAS EN EL ACCESO A TECNOLOGÍAS Y SERVICIOS DE SALUD; Y OTROS ELEMENTOS COMPLEMENTARIOS PARA LA ATENCIÓN DEL USUARIO";0101;FALTA DE OPORTUNIDAD EN LA PRESTACIÓN DE TECNOLOGÍAS EN SALUD Y OTROS ELEMENTOS COMPLEMENTARIOS PARA LA ATENCIÓN DEL USUARIO;010105;FALTA DE OPORTUNIDAD EN EL PROCESO DE REFERENCIA Y CONTRARREFERENCIA;;;;;PROBLEMAS RELACIONADOS CON FACILIDADES DE ATENCIÓN MÉDICA U OTROS SERVICIOS DE SALUD;PROBLEMAS RELACIONADOS CON FACILIDADES DE ATENCIÓN MÉDICA U OTROS SERVICIOS DE SALUD;PERITONITIS;No aplica;PRIORIZADO
938;2023;7;Telefónico;68;68755;US- 000002897893;Hijo (A);HOMBRE;67;MAYOR DE 63 AÑOS ;Primaria;Contributivo;No Aplica;No Aplica;68;68755;NUEVA EPS;RÉGIMEN CONTRIBUTIVO;EPS037;NUEVA EPS;68;68755;01;"BARRERAS EN EL ACCESO A TECNOLOGÍAS Y SERVICIOS DE SALUD; Y OTROS ELEMENTOS COMPLEMENTARIOS PARA LA ATENCIÓN DEL USUARIO";0101;FALTA DE OPORTUNIDAD EN LA PRESTACIÓN DE TECNOLOGÍAS EN SALUD Y OTROS ELEMENTOS COMPLEMENTARIOS PARA LA ATENCIÓN DEL USUARIO;010103;FALTA DE OPORTUNIDAD EN LA ATENCIÓN EN OTROS SERVICIOS DE SALUD;01010309;PROCEDIMIENTOS QUIRÚRGICOS;01010309003;OTROS PROCEDIMIENTOS QUIRÚRGICOS;CÁNCER ;OTROS;TUMOR MALIGNO DEL COLON;No aplica;PRIORIZADO
939;2023;7;Escrito;41;41001;US- 000000122214;A nombre propio;HOMBRE;41;DE 38 A 49 AÑOS;No Aplica;Contributivo;No Aplica;No Aplica;41;41001;SANITAS;RÉGIMEN CONTRIBUTIVO;EPS005;SANITAS;41;41001;04;INSATISFACCIÓN DEL USUARIO CON EL PROCESO ADMINISTRATIVO;0401;INSATISFACCIÓN CON LA COMUNICACIÓN O INFORMACIÓN ENTREGADA POR PARTE DEL PERSONAL ADMINISTRATIVO;040101;INSATISFACCIÓN RELACIONADA CON INSUFICIENCIA O DEFICIENCIAS EN LA CALIDAD DE LA INFORMACIÓN BRINDADA AL USUARIO;;;;;PROBLEMAS RELACIONADOS CON FACILIDADES DE ATENCIÓN MÉDICA U OTROS SERVICIOS DE SALUD;PROBLEMAS RELACIONADOS CON FACILIDADES DE ATENCIÓN MÉDICA U OTROS SERVICIOS DE SALUD;PROBLEMA NO ESPECIFICADO RELACIONADO CON SERVICIOS MÉDICOS Y DE SALUD;No aplica;SIMPLE
940;2023;7;Personalizado;25;25394;US- 000001465268;Cónyuge;HOMBRE;68;MAYOR DE 63 AÑOS ;Primaria;Subsidiado;No Aplica;Persona con discapacidad;25;25394;FAMISANAR;RÉGIMEN CONTRIBUTIVO;EPS017;FAMISANAR;25;25394;01;"BARRERAS EN EL ACCESO A TECNOLOGÍAS Y SERVICIOS DE SALUD; Y OTROS ELEMENTOS COMPLEMENTARIOS PARA LA ATENCIÓN DEL USUARIO";0101;FALTA DE OPORTUNIDAD EN LA PRESTACIÓN DE TECNOLOGÍAS EN SALUD Y OTROS ELEMENTOS COMPLEMENTARIOS PARA LA ATENCIÓN DEL USUARIO;010104;FALTA DE OPORTUNIDAD EN LA ENTREGA O ENTREGA INCOMPLETA DE TECNOLOGÍAS EN SALUD Y/O PRESTACIÓN DE OTROS SERVICIOS;01010406;SOPORTE NUTRICIONAL;;;ENFERMEDADES CRÓNICAS NO TRASMISIBLES CARDIOVASCULARES;ACV (ACCIDENTE CEREBRO VASCULAR);INFARTO AGUDO DEL MIOCARDIO;No aplica;PRIORIZADO
941;2023;7;Personalizado;11;11001;US- 000003094896;Otro;MUJER;80;MAYOR DE 63 AÑOS ;Ninguno;Subsidiado;No Aplica;No Aplica;11;11001;CAPITAL SALUD;RÉGIMEN SUBSIDIADO;EPSS34;CAPITAL SALUD;11;11001;01;"BARRERAS EN EL ACCESO A TECNOLOGÍAS Y SERVICIOS DE SALUD; Y OTROS ELEMENTOS COMPLEMENTARIOS PARA LA ATENCIÓN DEL USUARIO";0101;FALTA DE OPORTUNIDAD EN LA PRESTACIÓN DE TECNOLOGÍAS EN SALUD Y OTROS ELEMENTOS COMPLEMENTARIOS PARA LA ATENCIÓN DEL USUARIO;010101;FALTA DE OPORTUNIDAD EN LAS CITAS O CONSULTAS;01010103;ESPECIALIDADES MÉDICAS ;01010103006;CARDIOLOGÍA;ENFERMEDADES CRÓNICAS NO TRASMISIBLES CARDIOVASCULARES;ENFERMEDAD CARDIOVASCULAR QUE REQUIERA CIRUGÍA;ENFERMEDAD CARDIOVASCULAR, NO ESPECIFICADA;No aplica;PRIORIZADO
942;2023;7;Telefónico;68;68169;US- 000003281541;Cónyuge;HOMBRE;43;DE 38 A 49 AÑOS;No Aplica;Régimen Especial;No Aplica;No Aplica;68;68169;FUERZAS MILITARES;REGÍMENES DE EXCEPCIÓN Y ESPECIALES;REFM01;FUERZAS MILITARES;68;68001;01;"BARRERAS EN EL ACCESO A TECNOLOGÍAS Y SERVICIOS DE SALUD; Y OTROS ELEMENTOS COMPLEMENTARIOS PARA LA ATENCIÓN DEL USUARIO";0101;FALTA DE OPORTUNIDAD EN LA PRESTACIÓN DE TECNOLOGÍAS EN SALUD Y OTROS ELEMENTOS COMPLEMENTARIOS PARA LA ATENCIÓN DEL USUARIO;010101;FALTA DE OPORTUNIDAD EN LAS CITAS O CONSULTAS;01010103;ESPECIALIDADES MÉDICAS ;01010103033;DERMATOLOGÍA;PROBLEMAS RELACIONADOS CON FACILIDADES DE ATENCIÓN MÉDICA U OTROS SERVICIOS DE SALUD;PROBLEMAS RELACIONADOS CON FACILIDADES DE ATENCIÓN MÉDICA U OTROS SERVICIOS DE SALUD;PERSONA EN CONTACTO CON LOS SERVICIOS DE SALUD EN OTRAS CIRCUNSTANCIAS ESPECIFICADAS;No aplica;SIMPLE
943;2023;7;Telefónico;25;25817;US- 000000978849;A nombre propio;MUJER;56;DE 50 A 62 AÑOS;Universitario Incompleto;Contributivo;No Aplica;No Aplica;25;25817;FAMISANAR;RÉGIMEN CONTRIBUTIVO;EPS017;FAMISANAR;25;25817;01;"BARRERAS EN EL ACCESO A TECNOLOGÍAS Y SERVICIOS DE SALUD; Y OTROS ELEMENTOS COMPLEMENTARIOS PARA LA ATENCIÓN DEL USUARIO";0101;FALTA DE OPORTUNIDAD EN LA PRESTACIÓN DE TECNOLOGÍAS EN SALUD Y OTROS ELEMENTOS COMPLEMENTARIOS PARA LA ATENCIÓN DEL USUARIO;010103;FALTA DE OPORTUNIDAD EN LA ATENCIÓN EN OTROS SERVICIOS DE SALUD;01010308;PROCEDIMIENTOS NO QUIRÚRGICOS;01010308001;IMAGENOLOGÍA;ENFERMEDADES CRÓNICAS NO TRASMISIBLES CARDIOVASCULARES;HTA (HIPERTENSIÓN ARTERIAL);MIGRAÑA CON AURA [MIGRAÑA CLÁSICA];No aplica;SIMPLE
944;2023;7;Escrito;76;76246;US- 000002903473;A nombre propio;HOMBRE;65;MAYOR DE 63 AÑOS ;No Aplica;Subsidiado;No Aplica;No Aplica;76;76246;NUEVA EPS;RÉGIMEN CONTRIBUTIVO;EPS037;NUEVA EPS;76;76246;01;"BARRERAS EN EL ACCESO A TECNOLOGÍAS Y SERVICIOS DE SALUD; Y OTROS ELEMENTOS COMPLEMENTARIOS PARA LA ATENCIÓN DEL USUARIO";0101;FALTA DE OPORTUNIDAD EN LA PRESTACIÓN DE TECNOLOGÍAS EN SALUD Y OTROS ELEMENTOS COMPLEMENTARIOS PARA LA ATENCIÓN DEL USUARIO;010101;FALTA DE OPORTUNIDAD EN LAS CITAS O CONSULTAS;01010103;ESPECIALIDADES MÉDICAS ;01010103094;UROLOGÍA;ENFERMEDADES CRÓNICAS NO TRANSMISIBLES- FACTORES DE RIESGO;MEDICIÓN DE FACTORES DE RIESGO;HIPERPLASIA DE LA PRÓSTATA;No aplica;SIMPLE
945;2023;7;Telefónico;11;11001;US- 000000176344;A nombre propio;MUJER;62;DE 50 A 62 AÑOS;Universitario;Contributivo;No Aplica;No Aplica;11;11001;COMPENSAR;RÉGIMEN CONTRIBUTIVO;EPS008;COMPENSAR;11;11001;01;"BARRERAS EN EL ACCESO A TECNOLOGÍAS Y SERVICIOS DE SALUD; Y OTROS ELEMENTOS COMPLEMENTARIOS PARA LA ATENCIÓN DEL USUARIO";0101;FALTA DE OPORTUNIDAD EN LA PRESTACIÓN DE TECNOLOGÍAS EN SALUD Y OTROS ELEMENTOS COMPLEMENTARIOS PARA LA ATENCIÓN DEL USUARIO;010101;FALTA DE OPORTUNIDAD EN LAS CITAS O CONSULTAS;01010103;ESPECIALIDADES MÉDICAS ;01010103080;OTORRINOLARINGOLOGÍA;ENFERMEDADES OSTEOARTICULARES;OTROS;ESPONDILITIS ANQUILOSANTE;Quimioterapia y radioterapia para el cáncer;SIMPLE
946;2023;7;Chat;11;11001;US- 000003281183;Hijo (A);HOMBRE;58;DE 50 A 62 AÑOS;Primaria;Subsidiado;No Aplica;No Aplica;47;47189;NUEVA EPS;RÉGIMEN CONTRIBUTIVO;EPS037;NUEVA EPS;47;47189;01;"BARRERAS EN EL ACCESO A TECNOLOGÍAS Y SERVICIOS DE SALUD; Y OTROS ELEMENTOS COMPLEMENTARIOS PARA LA ATENCIÓN DEL USUARIO";0101;FALTA DE OPORTUNIDAD EN LA PRESTACIÓN DE TECNOLOGÍAS EN SALUD Y OTROS ELEMENTOS COMPLEMENTARIOS PARA LA ATENCIÓN DEL USUARIO;010104;FALTA DE OPORTUNIDAD EN LA ENTREGA O ENTREGA INCOMPLETA DE TECNOLOGÍAS EN SALUD Y/O PRESTACIÓN DE OTROS SERVICIOS;01010402;MEDICAMENTOS NO UPC;;;ENFERMEDADES CRÓNICAS NO TRASMISIBLES CARDIOVASCULARES;HTA (HIPERTENSIÓN ARTERIAL);ENFERMEDAD CARDIACA HIPERTENSIVA CON INSUFICIENCIA CARDIACA (CONGESTIVA);No aplica;PRIORIZADO
947;2023;7;Web;13;13838;US- 000003293642;A nombre propio;MUJER;50;DE 50 A 62 AÑOS;No Aplica;Subsidiado;No Aplica;No Aplica;13;13838;MUTUAL SER;RÉGIMEN SUBSIDIADO;ESS207;MUTUAL SER;13;13838;01;"BARRERAS EN EL ACCESO A TECNOLOGÍAS Y SERVICIOS DE SALUD; Y OTROS ELEMENTOS COMPLEMENTARIOS PARA LA ATENCIÓN DEL USUARIO";0101;FALTA DE OPORTUNIDAD EN LA PRESTACIÓN DE TECNOLOGÍAS EN SALUD Y OTROS ELEMENTOS COMPLEMENTARIOS PARA LA ATENCIÓN DEL USUARIO;010101;FALTA DE OPORTUNIDAD EN LAS CITAS O CONSULTAS;01010103;ESPECIALIDADES MÉDICAS ;01010103078;ORTOPEDIA Y TRAUMATOLOGÍA;PROBLEMAS RELACIONADOS CON FACILIDADES DE ATENCIÓN MÉDICA U OTROS SERVICIOS DE SALUD;PROBLEMAS RELACIONADOS CON FACILIDADES DE ATENCIÓN MÉDICA U OTROS SERVICIOS DE SALUD;OTRAS ATENCIONES MEDICAS ESPECIFICADAS;No aplica;SIMPLE
948;2023;7;Web;11;11001;US- 000003089946;Hijo (A);HOMBRE;71;MAYOR DE 63 AÑOS ;No Aplica;Contributivo;No Aplica;No Aplica;11;11001;SURAMERICANA EPS;RÉGIMEN CONTRIBUTIVO;EPS010;EPS SURA;11;11001;01;"BARRERAS EN EL ACCESO A TECNOLOGÍAS Y SERVICIOS DE SALUD; Y OTROS ELEMENTOS COMPLEMENTARIOS PARA LA ATENCIÓN DEL USUARIO";0101;FALTA DE OPORTUNIDAD EN LA PRESTACIÓN DE TECNOLOGÍAS EN SALUD Y OTROS ELEMENTOS COMPLEMENTARIOS PARA LA ATENCIÓN DEL USUARIO;010103;FALTA DE OPORTUNIDAD EN LA ATENCIÓN EN OTROS SERVICIOS DE SALUD;01010308;PROCEDIMIENTOS NO QUIRÚRGICOS;01010308001;IMAGENOLOGÍA;CÁNCER ;CÁNCER DE PRÓSTATA;TUMOR MALIGNO DE LA PRÓSTATA;No aplica;PRIORIZADO
949;2023;7;Web;20;20032;US- 000003289122;A nombre propio;MUJER;59;DE 50 A 62 AÑOS;No Aplica;Subsidiado;No Aplica;No Aplica;20;20032;ASMET SALUD EPS;RÉGIMEN SUBSIDIADO;ESS062;ASMET SALUD;20;20032;03;INSATISFACCIÓN RELACIONADA CON INFRAESTRUCTURA Y LOGÍSTICA;0302;INSATISFACCIÓN RELACIONADA CON PROCESOS LOGÍSTICOS QUE AFECTAN LA CALIDAD EN SALUD;030201;INSATISFACCIÓN RELACIONADA CON FALLAS EN EL MANEJO, ALMACENAMIENTO Y/O DISPENSACIÓN DE MEDICAMENTOS Y DISPOSITIVOS MÉDICOS;03020101;MEDICAMENTO EN MALAS CONDICIONES ;;;PROBLEMAS RELACIONADOS CON FACILIDADES DE ATENCIÓN MÉDICA U OTROS SERVICIOS DE SALUD;PROBLEMAS RELACIONADOS CON FACILIDADES DE ATENCIÓN MÉDICA U OTROS SERVICIOS DE SALUD;PROBLEMAS RELACIONADOS CON FACILIDADES DE ATENCIÓN MEDICA U OTROS SERVICIOS DE SALUD;No aplica;SIMPLE
950;2023;7;Telefónico;11;11001;US- 000003286805;Hijo (A);MUJER;68;MAYOR DE 63 AÑOS ;Primaria Incompleta;Subsidiado;Afrocolombiano o Afrodescendiente;No Aplica;70;70418;COOSALUD;RÉGIMEN SUBSIDIADO;ESS024;COOSALUD;70;70418;01;"BARRERAS EN EL ACCESO A TECNOLOGÍAS Y SERVICIOS DE SALUD; Y OTROS ELEMENTOS COMPLEMENTARIOS PARA LA ATENCIÓN DEL USUARIO";0102;NEGACIÓN DE TECNOLOGÍAS EN SALUD Y OTROS ELEMENTOS COMPLEMENTARIOS PARA LA ATENCIÓN DEL USUARIO;010204;NEGACIÓN PARA LA ENTREGA DE TECNOLOGÍAS EN SALUD Y/O DE OTROS SERVICIOS AUTORIZADOS;01020401;MEDICAMENTOS UPC;;;ENFERMEDADES CRÓNICAS NO TRANSMISIBLES –DIABETES;DIABETES;DIABETES MELLITUS NO INSULINODEPENDIENTE SIN MENCIÓN DE COMPLICACIÓN;No aplica;SIMPLE
951;2023;7;Telefónico;11;11001;US- 000001988090;Hijo (A);MUJER;91;MAYOR DE 63 AÑOS ;Primaria;No aplica;No Aplica;No Aplica;11;11001;SAP EMERMEDICA;EMPRESAS DE MEDICINA PREPAGADA;SAP026;EMERMEDICA S.A. SERVICIOS DE AMBULANCIA PREPAGADOS;11;11001;04;INSATISFACCIÓN DEL USUARIO CON EL PROCESO ADMINISTRATIVO;0404;INSATISFACCIÓN RELACIONADA CON TRÁMITES ADMINISTRATIVOS;040403;INCONSISTENCIAS EN LA AFILIACIÓN;04040309;OTRAS INCONSISTENCIAS;;;ENFERMEDADES CRÓNICAS NO TRASMISIBLES CARDIOVASCULARES;HTA (HIPERTENSIÓN ARTERIAL);HIPERTENSIÓN ESENCIAL (PRIMARIA);No aplica;PRIORIZADO
952;2023;7;Escrito;11;11001;US- 000002763216;Hijo (A);MUJER;86;MAYOR DE 63 AÑOS ;No Aplica;Contributivo;No Aplica;No Aplica;11;11001;COMPENSAR;RÉGIMEN CONTRIBUTIVO;EPS008;COMPENSAR;11;11001;01;"BARRERAS EN EL ACCESO A TECNOLOGÍAS Y SERVICIOS DE SALUD; Y OTROS ELEMENTOS COMPLEMENTARIOS PARA LA ATENCIÓN DEL USUARIO";0101;FALTA DE OPORTUNIDAD EN LA PRESTACIÓN DE TECNOLOGÍAS EN SALUD Y OTROS ELEMENTOS COMPLEMENTARIOS PARA LA ATENCIÓN DEL USUARIO;010104;FALTA DE OPORTUNIDAD EN LA ENTREGA O ENTREGA INCOMPLETA DE TECNOLOGÍAS EN SALUD Y/O PRESTACIÓN DE OTROS SERVICIOS;01010404;DISPOSITIVOS MÉDICOS NO UPC;;;PROBLEMAS RELACIONADOS CON FACILIDADES DE ATENCIÓN MÉDICA U OTROS SERVICIOS DE SALUD;PROBLEMAS RELACIONADOS CON FACILIDADES DE ATENCIÓN MÉDICA U OTROS SERVICIOS DE SALUD;OTRAS ANORMALIDADES DE LA MARCHA Y DE LA MOVILIDAD Y LAS NO ESPECIFICADAS;No aplica;SIMPLE
953;2023;7;Correo;25;25754;US- 000002680489;A nombre propio;HOMBRE;1;DE 0 A 5 AÑOS;No Aplica;Contributivo;No Aplica;No Aplica;25;25754;SANITAS;RÉGIMEN CONTRIBUTIVO;EPS005;SANITAS;25;25754;01;"BARRERAS EN EL ACCESO A TECNOLOGÍAS Y SERVICIOS DE SALUD; Y OTROS ELEMENTOS COMPLEMENTARIOS PARA LA ATENCIÓN DEL USUARIO";0101;FALTA DE OPORTUNIDAD EN LA PRESTACIÓN DE TECNOLOGÍAS EN SALUD Y OTROS ELEMENTOS COMPLEMENTARIOS PARA LA ATENCIÓN DEL USUARIO;010101;FALTA DE OPORTUNIDAD EN LAS CITAS O CONSULTAS;01010112;OPTOMETRÍA;;;MATERNO INFANTIL;ATENCIÓN NIÑOS MENORES DE 5 AÑOS;CONTROL DE SALUD DE RUTINA DEL NIÑO;No aplica;SIMPLE
954;2023;7;Web;;;US- 000003277818;Otro;HOMBRE;2;DE 0 A 5 AÑOS;No Aplica;Subsidiado;No Aplica;No Aplica;44;44078;NUEVA EPS;RÉGIMEN SUBSIDIADO;EPSS41;NUEVA EPS;44;44078;01;"BARRERAS EN EL ACCESO A TECNOLOGÍAS Y SERVICIOS DE SALUD; Y OTROS ELEMENTOS COMPLEMENTARIOS PARA LA ATENCIÓN DEL USUARIO";0103;FALTA DE OPORTUNIDAD EN LA AUTORIZACIÓN DE TECNOLOGÍAS EN SALUD Y OTROS ELEMENTOS COMPLEMENTARIOS PARA LA ATENCIÓN DEL USUARIO;010302;FALTA DE OPORTUNIDAD EN LA AUTORIZACIÓN DE CITAS DE CONSULTA;01030203;ESPECIALIDADES MÉDICAS ;01030203026;CIRUGÍA PEDIÁTRICA;MATERNO INFANTIL;ATENCIÓN NIÑOS MENORES DE 5 AÑOS;PROBLEMAS RELACIONADOS CON FACILIDADES DE ATENCIÓN MEDICA U OTROS SERVICIOS DE SALUD;No aplica;PRIORIZADO
955;2023;7;Telefónico;11;11001;US- 000000299560;A nombre propio;MUJER;44;DE 38 A 49 AÑOS;Universitario Incompleto;Contributivo;No Aplica;Persona con discapacidad;11;11001;FAMISANAR;RÉGIMEN CONTRIBUTIVO;EPS017;FAMISANAR;11;11001;01;"BARRERAS EN EL ACCESO A TECNOLOGÍAS Y SERVICIOS DE SALUD; Y OTROS ELEMENTOS COMPLEMENTARIOS PARA LA ATENCIÓN DEL USUARIO";0101;FALTA DE OPORTUNIDAD EN LA PRESTACIÓN DE TECNOLOGÍAS EN SALUD Y OTROS ELEMENTOS COMPLEMENTARIOS PARA LA ATENCIÓN DEL USUARIO;010101;FALTA DE OPORTUNIDAD EN LAS CITAS O CONSULTAS;01010103;ESPECIALIDADES MÉDICAS ;01010103021;CIRUGÍA GASTROINTESTINAL Y ENDOSCOPIA DIGESTIVA;ENFERMEDADES CRÓNICAS NO TRANSMISIBLES- FACTORES DE RIESGO;OBESIDAD;OBESIDAD;No aplica;SIMPLE
956;2023;7;Web;23;23162;US- 000000189195;A nombre propio;MUJER;65;MAYOR DE 63 AÑOS ;No Aplica;Subsidiado;Indígena;No Aplica;23;23162;NUEVA EPS;RÉGIMEN SUBSIDIADO;EPSS41;NUEVA EPS;23;23168;01;"BARRERAS EN EL ACCESO A TECNOLOGÍAS Y SERVICIOS DE SALUD; Y OTROS ELEMENTOS COMPLEMENTARIOS PARA LA ATENCIÓN DEL USUARIO";0101;FALTA DE OPORTUNIDAD EN LA PRESTACIÓN DE TECNOLOGÍAS EN SALUD Y OTROS ELEMENTOS COMPLEMENTARIOS PARA LA ATENCIÓN DEL USUARIO;010101;FALTA DE OPORTUNIDAD EN LAS CITAS O CONSULTAS;01010103;ESPECIALIDADES MÉDICAS ;01010103063;MEDICINA INTERNA;PROBLEMAS RELACIONADOS CON FACILIDADES DE ATENCIÓN MÉDICA U OTROS SERVICIOS DE SALUD;PROBLEMAS RELACIONADOS CON FACILIDADES DE ATENCIÓN MÉDICA U OTROS SERVICIOS DE SALUD;PROBLEMAS RELACIONADOS CON FACILIDADES DE ATENCIÓN MEDICA U OTROS SERVICIOS DE SALUD;No aplica;SIMPLE
957;2023;7;Web;08;08758;US- 000003149557;A nombre propio;MUJER;57;DE 50 A 62 AÑOS;No Aplica;Régimen Especial;No Aplica;No Aplica;08;08758;MAGISTERIO;REGÍMENES DE EXCEPCIÓN Y ESPECIALES;REMG01;MAGISTERIO;08;08758;01;"BARRERAS EN EL ACCESO A TECNOLOGÍAS Y SERVICIOS DE SALUD; Y OTROS ELEMENTOS COMPLEMENTARIOS PARA LA ATENCIÓN DEL USUARIO";0101;FALTA DE OPORTUNIDAD EN LA PRESTACIÓN DE TECNOLOGÍAS EN SALUD Y OTROS ELEMENTOS COMPLEMENTARIOS PARA LA ATENCIÓN DEL USUARIO;010101;FALTA DE OPORTUNIDAD EN LAS CITAS O CONSULTAS;01010103;ESPECIALIDADES MÉDICAS ;01010103072;NEUROLOGÍA;PROBLEMAS RELACIONADOS CON FACILIDADES DE ATENCIÓN MÉDICA U OTROS SERVICIOS DE SALUD;PROBLEMAS RELACIONADOS CON FACILIDADES DE ATENCIÓN MÉDICA U OTROS SERVICIOS DE SALUD;TRASTORNOS DEL NERVIO FACIAL, NO ESPECIFICADO;No aplica;SIMPLE
958;2023;7;Redes Sociales;25;25754;US- 000003288273;A nombre propio;MUJER;64;MAYOR DE 63 AÑOS ;Universitario;Subsidiado;No Aplica;Desplazado;25;25754;SALUD TOTAL;RÉGIMEN CONTRIBUTIVO;EPS002;SALUD TOTAL;25;25754;01;"BARRERAS EN EL ACCESO A TECNOLOGÍAS Y SERVICIOS DE SALUD; Y OTROS ELEMENTOS COMPLEMENTARIOS PARA LA ATENCIÓN DEL USUARIO";0101;FALTA DE OPORTUNIDAD EN LA PRESTACIÓN DE TECNOLOGÍAS EN SALUD Y OTROS ELEMENTOS COMPLEMENTARIOS PARA LA ATENCIÓN DEL USUARIO;010101;FALTA DE OPORTUNIDAD EN LAS CITAS O CONSULTAS;01010103;ESPECIALIDADES MÉDICAS ;01010103078;ORTOPEDIA Y TRAUMATOLOGÍA;ENFERMEDADES OSTEOARTICULARES;OTROS;CONCUSIÓN Y EDEMA DE LA MEDULA ESPINAL CERVICAL;No aplica;PRIORIZADO
959;2023;7;Chat;25;25899;US- 000003260836;Hermano (A);MUJER;23;DE 18 A 24 AÑOS;Ninguno;Contributivo;No Aplica;Persona con discapacidad;25;25899;SURAMERICANA EPS;RÉGIMEN CONTRIBUTIVO;EPS010;EPS SURA;25;25899;01;"BARRERAS EN EL ACCESO A TECNOLOGÍAS Y SERVICIOS DE SALUD; Y OTROS ELEMENTOS COMPLEMENTARIOS PARA LA ATENCIÓN DEL USUARIO";0101;FALTA DE OPORTUNIDAD EN LA PRESTACIÓN DE TECNOLOGÍAS EN SALUD Y OTROS ELEMENTOS COMPLEMENTARIOS PARA LA ATENCIÓN DEL USUARIO;010105;FALTA DE OPORTUNIDAD EN EL PROCESO DE REFERENCIA Y CONTRARREFERENCIA;;;;;PROBLEMAS RELACIONADOS CON FACILIDADES DE ATENCIÓN MÉDICA U OTROS SERVICIOS DE SALUD;PROBLEMAS RELACIONADOS CON FACILIDADES DE ATENCIÓN MÉDICA U OTROS SERVICIOS DE SALUD;PARÁLISIS CEREBRAL INFANTIL, SIN OTRA ESPECIFICACIÓN;No aplica;PRIORIZADO
960;2023;7;Web;76;76001;US- 000003275452;A nombre propio;HOMBRE;6;DE 6 A 12 AÑOS;No Aplica;Contributivo;No Aplica;No Aplica;76;76001;SOS -SERVICIO OCCIDENTAL DE SALUD;RÉGIMEN CONTRIBUTIVO;EPS018;SERVICIO OCCIDENTAL DE SALUD (SOS);76;76001;01;"BARRERAS EN EL ACCESO A TECNOLOGÍAS Y SERVICIOS DE SALUD; Y OTROS ELEMENTOS COMPLEMENTARIOS PARA LA ATENCIÓN DEL USUARIO";0101;FALTA DE OPORTUNIDAD EN LA PRESTACIÓN DE TECNOLOGÍAS EN SALUD Y OTROS ELEMENTOS COMPLEMENTARIOS PARA LA ATENCIÓN DEL USUARIO;010103;FALTA DE OPORTUNIDAD EN LA ATENCIÓN EN OTROS SERVICIOS DE SALUD;01010308;PROCEDIMIENTOS NO QUIRÚRGICOS;01010308002;LABORATORIO CLÍNICO Y ANATOMOPATOLÓGICO;PROBLEMAS RELACIONADOS CON FACILIDADES DE ATENCIÓN MÉDICA U OTROS SERVICIOS DE SALUD;PROBLEMAS RELACIONADOS CON FACILIDADES DE ATENCIÓN MÉDICA U OTROS SERVICIOS DE SALUD;OTITIS MEDIA, NO ESPECIFICADA;No aplica;SIMPLE
961;2023;7;Web;11;11001;US- 000002755400;A nombre propio;HOMBRE;76;MAYOR DE 63 AÑOS ;No Aplica;Régimen Especial;No Aplica;No Aplica;11;11001;FUERZAS MILITARES;REGÍMENES DE EXCEPCIÓN Y ESPECIALES;REFM01;FUERZAS MILITARES;11;11001;01;"BARRERAS EN EL ACCESO A TECNOLOGÍAS Y SERVICIOS DE SALUD; Y OTROS ELEMENTOS COMPLEMENTARIOS PARA LA ATENCIÓN DEL USUARIO";0101;FALTA DE OPORTUNIDAD EN LA PRESTACIÓN DE TECNOLOGÍAS EN SALUD Y OTROS ELEMENTOS COMPLEMENTARIOS PARA LA ATENCIÓN DEL USUARIO;010101;FALTA DE OPORTUNIDAD EN LAS CITAS O CONSULTAS;01010103;ESPECIALIDADES MÉDICAS ;01010103080;OTORRINOLARINGOLOGÍA;PROBLEMAS RELACIONADOS CON FACILIDADES DE ATENCIÓN MÉDICA U OTROS SERVICIOS DE SALUD;PROBLEMAS RELACIONADOS CON FACILIDADES DE ATENCIÓN MÉDICA U OTROS SERVICIOS DE SALUD;OTRAS HIPOACUSIAS;No aplica;SIMPLE
962;2023;7;Web;08;08001;US- 000003293167;A nombre propio;MUJER;63;MAYOR DE 63 AÑOS ;Ninguno;Contributivo;No Aplica;No Aplica;08;08001;SURAMERICANA EPS;RÉGIMEN CONTRIBUTIVO;EPS010;EPS SURA;08;08001;01;"BARRERAS EN EL ACCESO A TECNOLOGÍAS Y SERVICIOS DE SALUD; Y OTROS ELEMENTOS COMPLEMENTARIOS PARA LA ATENCIÓN DEL USUARIO";0101;FALTA DE OPORTUNIDAD EN LA PRESTACIÓN DE TECNOLOGÍAS EN SALUD Y OTROS ELEMENTOS COMPLEMENTARIOS PARA LA ATENCIÓN DEL USUARIO;010103;FALTA DE OPORTUNIDAD EN LA ATENCIÓN EN OTROS SERVICIOS DE SALUD;01010309;PROCEDIMIENTOS QUIRÚRGICOS;01010309003;OTROS PROCEDIMIENTOS QUIRÚRGICOS;PROBLEMAS RELACIONADOS CON FACILIDADES DE ATENCIÓN MÉDICA U OTROS SERVICIOS DE SALUD;PROBLEMAS RELACIONADOS CON FACILIDADES DE ATENCIÓN MÉDICA U OTROS SERVICIOS DE SALUD;PROBLEMAS RELACIONADOS CON FACILIDADES DE ATENCIÓN MEDICA U OTROS SERVICIOS DE SALUD;No aplica;SIMPLE
963;2023;7;Web;41;41524;US- 000003178954;A nombre propio;MUJER;65;MAYOR DE 63 AÑOS ;No Aplica;Subsidiado;No Aplica;Persona con discapacidad;41;41524;NUEVA EPS;RÉGIMEN SUBSIDIADO;EPSS41;NUEVA EPS;41;41524;01;"BARRERAS EN EL ACCESO A TECNOLOGÍAS Y SERVICIOS DE SALUD; Y OTROS ELEMENTOS COMPLEMENTARIOS PARA LA ATENCIÓN DEL USUARIO";0103;FALTA DE OPORTUNIDAD EN LA AUTORIZACIÓN DE TECNOLOGÍAS EN SALUD Y OTROS ELEMENTOS COMPLEMENTARIOS PARA LA ATENCIÓN DEL USUARIO;010301;FALTA DE OPORTUNIDAD EN LA AUTORIZACIÓN DE TECNOLOGÍAS EN SALUD Y/O DE OTROS SERVICIOS;01030101;MEDICAMENTOS UPC;;;CÁNCER ;OTROS;TUMOR MALIGNO DEL COLON, PARTE NO ESPECIFICADA;Quimioterapia y radioterapia para el cáncer;PRIORIZADO
964;2023;7;Telefónico;20;20001;US- 000003293138;A nombre propio;MUJER;42;DE 38 A 49 AÑOS;Ninguno;Subsidiado;No Aplica;No Aplica;20;20001;SANITAS;RÉGIMEN CONTRIBUTIVO;EPS005;SANITAS;20;20001;01;"BARRERAS EN EL ACCESO A TECNOLOGÍAS Y SERVICIOS DE SALUD; Y OTROS ELEMENTOS COMPLEMENTARIOS PARA LA ATENCIÓN DEL USUARIO";0101;FALTA DE OPORTUNIDAD EN LA PRESTACIÓN DE TECNOLOGÍAS EN SALUD Y OTROS ELEMENTOS COMPLEMENTARIOS PARA LA ATENCIÓN DEL USUARIO;010107;FALTA DE OPORTUNIDAD EN LA RESPUESTA DE LA JUNTA MÉDICA O COMITÉ PARA TECNOLOGÍAS EN SALUD Y OTROS SERVICIOS;;;;;ENFERMEDADES CRÓNICAS NO TRASMISIBLES CARDIOVASCULARES;HTA (HIPERTENSIÓN ARTERIAL);OBESIDAD;No aplica;SIMPLE
965;2023;7;Escrito;11;11001;US- 000003283924;A nombre propio;HOMBRE;70;MAYOR DE 63 AÑOS ;Universitario;No aplica;No Aplica;No Aplica;11;11001;COLMEDICA;EMPRESAS DE MEDICINA PREPAGADA;EMP017;COLMEDICA MEDICINA PREPAGADA S A;11;11001;04;INSATISFACCIÓN DEL USUARIO CON EL PROCESO ADMINISTRATIVO;0405;PROBLEMAS EN EL RECONOCIMIENTO Y/O PAGO DE PRESTACIONES ECONÓMICAS;040502;NEGACIÓN Y/O FALTA DE OPORTUNIDAD EN EL RECONOCIMIENTO DE REEMBOLSOS;04050204;CONSULTA MÉDICA;;;PROBLEMAS RELACIONADOS CON FACILIDADES DE ATENCIÓN MÉDICA U OTROS SERVICIOS DE SALUD;PROBLEMAS RELACIONADOS CON FACILIDADES DE ATENCIÓN MÉDICA U OTROS SERVICIOS DE SALUD;PROBLEMAS RELACIONADOS CON FACILIDADES DE ATENCIÓN MEDICA U OTROS SERVICIOS DE SALUD;No aplica;SIMPLE
966;2023;7;Web;11;11001;US- 000002968558;A nombre propio;MUJER;32;DE 30 A 37 AÑOS;No Aplica;Subsidiado;No Aplica;No Aplica;11;11001;SURAMERICANA EPS;RÉGIMEN CONTRIBUTIVO;EPS010;EPS SURA;11;11001;01;"BARRERAS EN EL ACCESO A TECNOLOGÍAS Y SERVICIOS DE SALUD; Y OTROS ELEMENTOS COMPLEMENTARIOS PARA LA ATENCIÓN DEL USUARIO";0101;FALTA DE OPORTUNIDAD EN LA PRESTACIÓN DE TECNOLOGÍAS EN SALUD Y OTROS ELEMENTOS COMPLEMENTARIOS PARA LA ATENCIÓN DEL USUARIO;010101;FALTA DE OPORTUNIDAD EN LAS CITAS O CONSULTAS;01010103;ESPECIALIDADES MÉDICAS ;01010103076;ONCOLOGÍA;CÁNCER ;OTROS;OTROS PROBLEMAS RELACIONADOS CON SERVICIOS MÉDICOS Y DE SALUD;No aplica;PRIORIZADO
967;2023;7;Web;19;19110;US- 000003300679;A nombre propio;HOMBRE;69;MAYOR DE 63 AÑOS ;No Aplica;Subsidiado;No Aplica;No Aplica;19;19110;ASMET SALUD EPS;RÉGIMEN SUBSIDIADO;ESS062;ASMET SALUD;19;19698;01;"BARRERAS EN EL ACCESO A TECNOLOGÍAS Y SERVICIOS DE SALUD; Y OTROS ELEMENTOS COMPLEMENTARIOS PARA LA ATENCIÓN DEL USUARIO";0101;FALTA DE OPORTUNIDAD EN LA PRESTACIÓN DE TECNOLOGÍAS EN SALUD Y OTROS ELEMENTOS COMPLEMENTARIOS PARA LA ATENCIÓN DEL USUARIO;010101;FALTA DE OPORTUNIDAD EN LAS CITAS O CONSULTAS;01010103;ESPECIALIDADES MÉDICAS ;01010103048;HEMATOLOGÍA;PROBLEMAS RELACIONADOS CON FACILIDADES DE ATENCIÓN MÉDICA U OTROS SERVICIOS DE SALUD;PROBLEMAS RELACIONADOS CON FACILIDADES DE ATENCIÓN MÉDICA U OTROS SERVICIOS DE SALUD;ABSCESO CUTÁNEO, FURÚNCULO Y ANTRAX DE SITIO NO ESPECIFICADO;No aplica;SIMPLE
968;2023;7;Web;25;25290;US- 000001135499;Otro;MUJER;68;MAYOR DE 63 AÑOS ;Secundaria;Contributivo;No Aplica;No Aplica;25;25290;COMPENSAR;RÉGIMEN CONTRIBUTIVO;EPS008;COMPENSAR;11;11001;01;"BARRERAS EN EL ACCESO A TECNOLOGÍAS Y SERVICIOS DE SALUD; Y OTROS ELEMENTOS COMPLEMENTARIOS PARA LA ATENCIÓN DEL USUARIO";0101;FALTA DE OPORTUNIDAD EN LA PRESTACIÓN DE TECNOLOGÍAS EN SALUD Y OTROS ELEMENTOS COMPLEMENTARIOS PARA LA ATENCIÓN DEL USUARIO;010101;FALTA DE OPORTUNIDAD EN LAS CITAS O CONSULTAS;01010103;ESPECIALIDADES MÉDICAS ;01010103042;GASTROENTEROLOGÍA;PROBLEMAS RELACIONADOS CON FACILIDADES DE ATENCIÓN MÉDICA U OTROS SERVICIOS DE SALUD;PROBLEMAS RELACIONADOS CON FACILIDADES DE ATENCIÓN MÉDICA U OTROS SERVICIOS DE SALUD;HEPATITIS AGUDA TIPO B;No aplica;SIMPLE
969;2023;7;Personalizado;19;19001;US- 000003270385;Madre;HOMBRE;17;DE 13 A 17 AÑOS;Secundaria Incompleta;Subsidiado;No Aplica;No Aplica;19;19001;EMSSANAR EPS;RÉGIMEN SUBSIDIADO;ESS118;EMSSANAR;19;19001;01;"BARRERAS EN EL ACCESO A TECNOLOGÍAS Y SERVICIOS DE SALUD; Y OTROS ELEMENTOS COMPLEMENTARIOS PARA LA ATENCIÓN DEL USUARIO";0102;NEGACIÓN DE TECNOLOGÍAS EN SALUD Y OTROS ELEMENTOS COMPLEMENTARIOS PARA LA ATENCIÓN DEL USUARIO;010201;NEGACIÓN EN LA ASIGNACIÓN DE CITAS O CONSULTAS;01020104;ESPECIALIDADES ODONTOLÓGICAS;01020104002;CIRUGÍA MAXILOFACIAL - CIRUGÍA ORAL;SALUD ORAL;SALUD ORAL;QUISTE DE LA REGIÓN BUCAL, SIN OTRA ESPECIFICACIÓN;No aplica;SIMPLE
970;2023;7;Personalizado;11;11001;US- 000003267611;A nombre propio;MUJER;9;DE 6 A 12 AÑOS;No Aplica;Contributivo;No Aplica;No Aplica;11;11001;FAMISANAR;RÉGIMEN CONTRIBUTIVO;EPS017;FAMISANAR;11;11001;01;"BARRERAS EN EL ACCESO A TECNOLOGÍAS Y SERVICIOS DE SALUD; Y OTROS ELEMENTOS COMPLEMENTARIOS PARA LA ATENCIÓN DEL USUARIO";0101;FALTA DE OPORTUNIDAD EN LA PRESTACIÓN DE TECNOLOGÍAS EN SALUD Y OTROS ELEMENTOS COMPLEMENTARIOS PARA LA ATENCIÓN DEL USUARIO;010101;FALTA DE OPORTUNIDAD EN LAS CITAS O CONSULTAS;01010103;ESPECIALIDADES MÉDICAS ;01010103001;ALERGOLOGÍA;PROBLEMAS RELACIONADOS CON FACILIDADES DE ATENCIÓN MÉDICA U OTROS SERVICIOS DE SALUD;PROBLEMAS RELACIONADOS CON FACILIDADES DE ATENCIÓN MÉDICA U OTROS SERVICIOS DE SALUD;ASMA, NO ESPECIFICADA;No aplica;SIMPLE
971;2023;7;Escrito;11;11001;US- 000003284518;Otro;MUJER;83;MAYOR DE 63 AÑOS ;No Aplica;Subsidiado;No Aplica;No Aplica;11;11001;CAPITAL SALUD;RÉGIMEN SUBSIDIADO;EPSS34;CAPITAL SALUD;11;11001;01;"BARRERAS EN EL ACCESO A TECNOLOGÍAS Y SERVICIOS DE SALUD; Y OTROS ELEMENTOS COMPLEMENTARIOS PARA LA ATENCIÓN DEL USUARIO";0103;FALTA DE OPORTUNIDAD EN LA AUTORIZACIÓN DE TECNOLOGÍAS EN SALUD Y OTROS ELEMENTOS COMPLEMENTARIOS PARA LA ATENCIÓN DEL USUARIO;010304;FALTA DE OPORTUNIDAD EN LA AUTORIZACIÓN DE OTROS SERVICIOS DE SALUD;01030402;HOSPITALIZACIÓN;;;PROBLEMAS RELACIONADOS CON FACILIDADES DE ATENCIÓN MÉDICA U OTROS SERVICIOS DE SALUD;PROBLEMAS RELACIONADOS CON FACILIDADES DE ATENCIÓN MÉDICA U OTROS SERVICIOS DE SALUD;PERSONA EN CONTACTO CON LOS SERVICIOS DE SALUD EN OTRAS CIRCUNSTANCIAS ESPECIFICADAS;No aplica;SIMPLE
972;2023;7;Correo;68;68001;US- 000000241477;A nombre propio;MUJER;23;DE 18 A 24 AÑOS;No Aplica;Régimen Especial;No Aplica;No Aplica;68;68001;MAGISTERIO;REGÍMENES DE EXCEPCIÓN Y ESPECIALES;REMG01;MAGISTERIO;68;68001;01;"BARRERAS EN EL ACCESO A TECNOLOGÍAS Y SERVICIOS DE SALUD; Y OTROS ELEMENTOS COMPLEMENTARIOS PARA LA ATENCIÓN DEL USUARIO";0103;FALTA DE OPORTUNIDAD EN LA AUTORIZACIÓN DE TECNOLOGÍAS EN SALUD Y OTROS ELEMENTOS COMPLEMENTARIOS PARA LA ATENCIÓN DEL USUARIO;010304;FALTA DE OPORTUNIDAD EN LA AUTORIZACIÓN DE OTROS SERVICIOS DE SALUD;01030408;PROCEDIMIENTOS NO QUIRÚRGICOS;01030408002;LABORATORIO CLÍNICO Y ANATOMOPATOLÓGICO;PROBLEMAS RELACIONADOS CON FACILIDADES DE ATENCIÓN MÉDICA U OTROS SERVICIOS DE SALUD;PROBLEMAS RELACIONADOS CON FACILIDADES DE ATENCIÓN MÉDICA U OTROS SERVICIOS DE SALUD;OTROS PROBLEMAS RELACIONADOS CON SERVICIOS MÉDICOS Y DE SALUD;No aplica;PRIORIZADO
973;2023;7;Web;15;15516;US- 000003269896;A nombre propio;MUJER;29;DE 25 A 29 AÑOS;No Aplica;Contributivo;No Aplica;No Aplica;15;15516;NUEVA EPS;RÉGIMEN CONTRIBUTIVO;EPS037;NUEVA EPS;15;15516;01;"BARRERAS EN EL ACCESO A TECNOLOGÍAS Y SERVICIOS DE SALUD; Y OTROS ELEMENTOS COMPLEMENTARIOS PARA LA ATENCIÓN DEL USUARIO";0101;FALTA DE OPORTUNIDAD EN LA PRESTACIÓN DE TECNOLOGÍAS EN SALUD Y OTROS ELEMENTOS COMPLEMENTARIOS PARA LA ATENCIÓN DEL USUARIO;010103;FALTA DE OPORTUNIDAD EN LA ATENCIÓN EN OTROS SERVICIOS DE SALUD;01010308;PROCEDIMIENTOS NO QUIRÚRGICOS;01010308001;IMAGENOLOGÍA;PROBLEMAS RELACIONADOS CON FACILIDADES DE ATENCIÓN MÉDICA U OTROS SERVICIOS DE SALUD;PROBLEMAS RELACIONADOS CON FACILIDADES DE ATENCIÓN MÉDICA U OTROS SERVICIOS DE SALUD;DISPAREUNIA;No aplica;SIMPLE
974;2023;7;Escrito;11;11001;US- 000003292054;Otro;MUJER;68;MAYOR DE 63 AÑOS ;No Aplica;Contributivo;No Aplica;No Aplica;76;76109;NUEVA EPS;RÉGIMEN CONTRIBUTIVO;EPS037;NUEVA EPS;76;76109;02;INSATISFACCIÓN RELACIONADA CON LA ATENCIÓN EN SALUD;0201;INSATISFACCIÓN RELACIONADA CON LA ATENCIÓN EN SALUD POR FALTA DE OPORTUNIDAD;020101;INSATISFACCIÓN POR FALTA DE OPORTUNIDAD EN LA ATENCIÓN POR PARTE DEL PERSONAL DE SALUD;02010103;SERVICIO DE IMAGENOLOGÍA ;;;CÁNCER ;OTROS;OBSERVACIÓN POR SOSPECHA DE TUMOR MALIGNO;No aplica;PRIORIZADO
975;2023;7;Web;05;05001;US- 000003099789;Hijo (A);MUJER;82;MAYOR DE 63 AÑOS ;No Aplica;Régimen Especial;No Aplica;No Aplica;05;05001;POLICIA NACIONAL;REGÍMENES DE EXCEPCIÓN Y ESPECIALES;REPN01;POLICIA NACIONAL;05;05266;01;"BARRERAS EN EL ACCESO A TECNOLOGÍAS Y SERVICIOS DE SALUD; Y OTROS ELEMENTOS COMPLEMENTARIOS PARA LA ATENCIÓN DEL USUARIO";0101;FALTA DE OPORTUNIDAD EN LA PRESTACIÓN DE TECNOLOGÍAS EN SALUD Y OTROS ELEMENTOS COMPLEMENTARIOS PARA LA ATENCIÓN DEL USUARIO;010101;FALTA DE OPORTUNIDAD EN LAS CITAS O CONSULTAS;01010106;NUTRICIÓN;;;PROBLEMAS RELACIONADOS CON FACILIDADES DE ATENCIÓN MÉDICA U OTROS SERVICIOS DE SALUD;PROBLEMAS RELACIONADOS CON FACILIDADES DE ATENCIÓN MÉDICA U OTROS SERVICIOS DE SALUD;HIPOTIROIDISMO, NO ESPECIFICADO;No aplica;SIMPLE
976;2023;7;Web;08;08001;US- 000001915076;A nombre propio;HOMBRE;36;DE 30 A 37 AÑOS;No Aplica;Contributivo;No Aplica;Desplazado;08;08001;SANITAS;RÉGIMEN CONTRIBUTIVO;EPS005;SANITAS;08;08001;01;"BARRERAS EN EL ACCESO A TECNOLOGÍAS Y SERVICIOS DE SALUD; Y OTROS ELEMENTOS COMPLEMENTARIOS PARA LA ATENCIÓN DEL USUARIO";0101;FALTA DE OPORTUNIDAD EN LA PRESTACIÓN DE TECNOLOGÍAS EN SALUD Y OTROS ELEMENTOS COMPLEMENTARIOS PARA LA ATENCIÓN DEL USUARIO;010104;FALTA DE OPORTUNIDAD EN LA ENTREGA O ENTREGA INCOMPLETA DE TECNOLOGÍAS EN SALUD Y/O PRESTACIÓN DE OTROS SERVICIOS;01010402;MEDICAMENTOS NO UPC;;;PROBLEMAS RELACIONADOS CON FACILIDADES DE ATENCIÓN MÉDICA U OTROS SERVICIOS DE SALUD;PROBLEMAS RELACIONADOS CON FACILIDADES DE ATENCIÓN MÉDICA U OTROS SERVICIOS DE SALUD;OTROS DOLORES ABDOMINALES Y LOS NO ESPECIFICADOS;No aplica;SIMPLE
977;2023;7;Web;73;73001;US- 000001056460;A nombre propio;HOMBRE;69;MAYOR DE 63 AÑOS ;No Aplica;Contributivo;No Aplica;No Aplica;73;73001;NUEVA EPS;RÉGIMEN CONTRIBUTIVO;EPS037;NUEVA EPS;73;73001;01;"BARRERAS EN EL ACCESO A TECNOLOGÍAS Y SERVICIOS DE SALUD; Y OTROS ELEMENTOS COMPLEMENTARIOS PARA LA ATENCIÓN DEL USUARIO";0101;FALTA DE OPORTUNIDAD EN LA PRESTACIÓN DE TECNOLOGÍAS EN SALUD Y OTROS ELEMENTOS COMPLEMENTARIOS PARA LA ATENCIÓN DEL USUARIO;010101;FALTA DE OPORTUNIDAD EN LAS CITAS O CONSULTAS;01010101;MEDICINA GENERAL;;;PROBLEMAS RELACIONADOS CON FACILIDADES DE ATENCIÓN MÉDICA U OTROS SERVICIOS DE SALUD;PROBLEMAS RELACIONADOS CON FACILIDADES DE ATENCIÓN MÉDICA U OTROS SERVICIOS DE SALUD;PROBLEMAS RELACIONADOS CON FACILIDADES DE ATENCIÓN MEDICA U OTROS SERVICIOS DE SALUD;No aplica;SIMPLE
978;2023;7;Web;05;05212;US- 000002932922;A nombre propio;HOMBRE;39;DE 38 A 49 AÑOS;No Aplica;Contributivo;No Aplica;Persona con discapacidad;05;05212;SURAMERICANA EPS;RÉGIMEN CONTRIBUTIVO;EPS010;EPS SURA;05;05212;04;INSATISFACCIÓN DEL USUARIO CON EL PROCESO ADMINISTRATIVO;0405;PROBLEMAS EN EL RECONOCIMIENTO Y/O PAGO DE PRESTACIONES ECONÓMICAS;040501;NO RECONOCIMIENTO Y/O PAGO DE LAS PRESTACIONES ECONÓMICAS;04050107;INCAPACIDAD DE ENFERMEDAD GENERAL;;;ENFERMEDADES OSTEOARTICULARES;NEUROLÓGICAS;SECUELAS DE TRAUMATISMO INTRACRANEAL;No aplica;SIMPLE
979;2023;7;Redes Sociales;11;11001;US- 000003283116;Hijo (A);HOMBRE;78;MAYOR DE 63 AÑOS ;Primaria Incompleta;Contributivo;No Aplica;No Aplica;11;11001;FAMISANAR;RÉGIMEN CONTRIBUTIVO;EPS017;FAMISANAR;11;11001;01;"BARRERAS EN EL ACCESO A TECNOLOGÍAS Y SERVICIOS DE SALUD; Y OTROS ELEMENTOS COMPLEMENTARIOS PARA LA ATENCIÓN DEL USUARIO";0101;FALTA DE OPORTUNIDAD EN LA PRESTACIÓN DE TECNOLOGÍAS EN SALUD Y OTROS ELEMENTOS COMPLEMENTARIOS PARA LA ATENCIÓN DEL USUARIO;010103;FALTA DE OPORTUNIDAD EN LA ATENCIÓN EN OTROS SERVICIOS DE SALUD;01010308;PROCEDIMIENTOS NO QUIRÚRGICOS;01010308006;OTROS PROCEDIMIENTOS NO QUIRÚRGICOS;ENFERMEDADES CRÓNICAS NO TRASMISIBLES CARDIOVASCULARES;OTROS;HIPERTENSIÓN ESENCIAL (PRIMARIA);No aplica;PRIORIZADO
980;2023;7;Redes Sociales;54;54001;US- 000002403436;Madre;MUJER;12;DE 6 A 12 AÑOS;Secundaria Incompleta;Contributivo;No Aplica;No Aplica;54;54001;CCF DEL ORIENTE COLOMBIANO -COMFAORIENTE;RÉGIMEN SUBSIDIADO;CCF049;"CCF ORIENTE ""COMFAORIENTE""";54;54001;01;"BARRERAS EN EL ACCESO A TECNOLOGÍAS Y SERVICIOS DE SALUD; Y OTROS ELEMENTOS COMPLEMENTARIOS PARA LA ATENCIÓN DEL USUARIO";0101;FALTA DE OPORTUNIDAD EN LA PRESTACIÓN DE TECNOLOGÍAS EN SALUD Y OTROS ELEMENTOS COMPLEMENTARIOS PARA LA ATENCIÓN DEL USUARIO;010103;FALTA DE OPORTUNIDAD EN LA ATENCIÓN EN OTROS SERVICIOS DE SALUD;01010308;PROCEDIMIENTOS NO QUIRÚRGICOS;01010308002;LABORATORIO CLÍNICO Y ANATOMOPATOLÓGICO;ENFERMEDADES CRÓNICAS NO TRANSMISIBLES –DIABETES;DIABETES;TRASTORNO DE LA GLÁNDULA TIROIDES, NO ESPECIFICADO;No aplica;PRIORIZADO
981;2023;7;Telefónico;76;76001;US- 000000469231;Madre;MUJER;25;DE 25 A 29 AÑOS;Universitario Incompleto;Subsidiado;No Aplica;No Aplica;76;76001;COMFENALCO VALLE;RÉGIMEN CONTRIBUTIVO;EPS012;COMFENALCO  VALLE;76;76001;01;"BARRERAS EN EL ACCESO A TECNOLOGÍAS Y SERVICIOS DE SALUD; Y OTROS ELEMENTOS COMPLEMENTARIOS PARA LA ATENCIÓN DEL USUARIO";0101;FALTA DE OPORTUNIDAD EN LA PRESTACIÓN DE TECNOLOGÍAS EN SALUD Y OTROS ELEMENTOS COMPLEMENTARIOS PARA LA ATENCIÓN DEL USUARIO;010101;FALTA DE OPORTUNIDAD EN LAS CITAS O CONSULTAS;01010103;ESPECIALIDADES MÉDICAS ;01010103078;ORTOPEDIA Y TRAUMATOLOGÍA;ENFERMEDADES OSTEOARTICULARES;OTROS;TRAUMATISMOS SUPERFICIALES MÚLTIPLES DE LA CADERA Y DEL MUSLO;No aplica;SIMPLE
982;2023;7;Escrito;76;76001;US- 000001894143;Otro;MUJER;8;DE 6 A 12 AÑOS;No Aplica;Subsidiado;No Aplica;No Aplica;76;76001;SOS -SERVICIO OCCIDENTAL DE SALUD;RÉGIMEN CONTRIBUTIVO;EPS018;SERVICIO OCCIDENTAL DE SALUD (SOS);76;76001;01;"BARRERAS EN EL ACCESO A TECNOLOGÍAS Y SERVICIOS DE SALUD; Y OTROS ELEMENTOS COMPLEMENTARIOS PARA LA ATENCIÓN DEL USUARIO";0101;FALTA DE OPORTUNIDAD EN LA PRESTACIÓN DE TECNOLOGÍAS EN SALUD Y OTROS ELEMENTOS COMPLEMENTARIOS PARA LA ATENCIÓN DEL USUARIO;010103;FALTA DE OPORTUNIDAD EN LA ATENCIÓN EN OTROS SERVICIOS DE SALUD;01010308;PROCEDIMIENTOS NO QUIRÚRGICOS;01010308002;LABORATORIO CLÍNICO Y ANATOMOPATOLÓGICO;PROBLEMAS RELACIONADOS CON FACILIDADES DE ATENCIÓN MÉDICA U OTROS SERVICIOS DE SALUD;PROBLEMAS RELACIONADOS CON FACILIDADES DE ATENCIÓN MÉDICA U OTROS SERVICIOS DE SALUD;PROBLEMAS RELACIONADOS CON FACILIDADES DE ATENCIÓN MEDICA U OTROS SERVICIOS DE SALUD;No aplica;SIMPLE
983;2023;7;Personalizado;68;68001;US- 000003281533;Cónyuge;HOMBRE;44;DE 38 A 49 AÑOS;Universitario;No aplica;No Aplica;No Aplica;68;68001;SECRETARÍA DEPARTAMENTAL DE SALUD DE SANTANDER;ENTIDADES TERRITORIALES;999998;SECRETARIA DEPARTAMENTAL DE SALUD DE SANTANDER;68;68001;01;"BARRERAS EN EL ACCESO A TECNOLOGÍAS Y SERVICIOS DE SALUD; Y OTROS ELEMENTOS COMPLEMENTARIOS PARA LA ATENCIÓN DEL USUARIO";0101;FALTA DE OPORTUNIDAD EN LA PRESTACIÓN DE TECNOLOGÍAS EN SALUD Y OTROS ELEMENTOS COMPLEMENTARIOS PARA LA ATENCIÓN DEL USUARIO;010103;FALTA DE OPORTUNIDAD EN LA ATENCIÓN EN OTROS SERVICIOS DE SALUD;01010308;PROCEDIMIENTOS NO QUIRÚRGICOS;01010308001;IMAGENOLOGÍA;ENFERMEDADES OSTEOARTICULARES;OTROS;OTROS TRASTORNOS INTERNOS DE LA RODILLA;No aplica;SIMPLE
984;2023;7;Web;76;76001;US- 000000596006;A nombre propio;MUJER;60;DE 50 A 62 AÑOS;No Aplica;Contributivo;No Aplica;No Aplica;76;76001;SANITAS;RÉGIMEN CONTRIBUTIVO;EPS005;SANITAS;76;76001;01;"BARRERAS EN EL ACCESO A TECNOLOGÍAS Y SERVICIOS DE SALUD; Y OTROS ELEMENTOS COMPLEMENTARIOS PARA LA ATENCIÓN DEL USUARIO";0101;FALTA DE OPORTUNIDAD EN LA PRESTACIÓN DE TECNOLOGÍAS EN SALUD Y OTROS ELEMENTOS COMPLEMENTARIOS PARA LA ATENCIÓN DEL USUARIO;010103;FALTA DE OPORTUNIDAD EN LA ATENCIÓN EN OTROS SERVICIOS DE SALUD;01010308;PROCEDIMIENTOS NO QUIRÚRGICOS;01010308001;IMAGENOLOGÍA;PROBLEMAS RELACIONADOS CON FACILIDADES DE ATENCIÓN MÉDICA U OTROS SERVICIOS DE SALUD;PROBLEMAS RELACIONADOS CON FACILIDADES DE ATENCIÓN MÉDICA U OTROS SERVICIOS DE SALUD;PROBLEMAS RELACIONADOS CON FACILIDADES DE ATENCIÓN MEDICA U OTROS SERVICIOS DE SALUD;No aplica;SIMPLE
985;2023;7;Web;05;05001;US- 000003199009;Hijo (A);HOMBRE;90;MAYOR DE 63 AÑOS ;No Aplica;Régimen Especial;No Aplica;No Aplica;05;05001;POLICIA NACIONAL;REGÍMENES DE EXCEPCIÓN Y ESPECIALES;REPN01;POLICIA NACIONAL;05;05266;01;"BARRERAS EN EL ACCESO A TECNOLOGÍAS Y SERVICIOS DE SALUD; Y OTROS ELEMENTOS COMPLEMENTARIOS PARA LA ATENCIÓN DEL USUARIO";0101;FALTA DE OPORTUNIDAD EN LA PRESTACIÓN DE TECNOLOGÍAS EN SALUD Y OTROS ELEMENTOS COMPLEMENTARIOS PARA LA ATENCIÓN DEL USUARIO;010101;FALTA DE OPORTUNIDAD EN LAS CITAS O CONSULTAS;01010103;ESPECIALIDADES MÉDICAS ;01010103075;OFTALMOLOGÍA;PROBLEMAS RELACIONADOS CON FACILIDADES DE ATENCIÓN MÉDICA U OTROS SERVICIOS DE SALUD;PROBLEMAS RELACIONADOS CON FACILIDADES DE ATENCIÓN MÉDICA U OTROS SERVICIOS DE SALUD;EXAMEN DE OJOS Y DE LA VISIÓN;No aplica;SIMPLE
986;2023;7;Web;05;05001;US- 000002915194;A nombre propio;HOMBRE;64;MAYOR DE 63 AÑOS ;No Aplica;Subsidiado;No Aplica;No Aplica;05;05001;SURAMERICANA EPS;RÉGIMEN CONTRIBUTIVO;EPS010;EPS SURA;05;05001;01;"BARRERAS EN EL ACCESO A TECNOLOGÍAS Y SERVICIOS DE SALUD; Y OTROS ELEMENTOS COMPLEMENTARIOS PARA LA ATENCIÓN DEL USUARIO";0101;FALTA DE OPORTUNIDAD EN LA PRESTACIÓN DE TECNOLOGÍAS EN SALUD Y OTROS ELEMENTOS COMPLEMENTARIOS PARA LA ATENCIÓN DEL USUARIO;010101;FALTA DE OPORTUNIDAD EN LAS CITAS O CONSULTAS;01010103;ESPECIALIDADES MÉDICAS ;01010103006;CARDIOLOGÍA;PROBLEMAS RELACIONADOS CON FACILIDADES DE ATENCIÓN MÉDICA U OTROS SERVICIOS DE SALUD;PROBLEMAS RELACIONADOS CON FACILIDADES DE ATENCIÓN MÉDICA U OTROS SERVICIOS DE SALUD;PROBLEMAS RELACIONADOS CON FACILIDADES DE ATENCIÓN MEDICA U OTROS SERVICIOS DE SALUD;No aplica;SIMPLE
987;2023;7;Chat;11;11001;US- 000002961181;A nombre propio;MUJER;22;DE 18 A 24 AÑOS;Universitario;Contributivo;No Aplica;No Aplica;11;11001;COMPENSAR;RÉGIMEN CONTRIBUTIVO;EPS008;COMPENSAR;11;11001;01;"BARRERAS EN EL ACCESO A TECNOLOGÍAS Y SERVICIOS DE SALUD; Y OTROS ELEMENTOS COMPLEMENTARIOS PARA LA ATENCIÓN DEL USUARIO";0101;FALTA DE OPORTUNIDAD EN LA PRESTACIÓN DE TECNOLOGÍAS EN SALUD Y OTROS ELEMENTOS COMPLEMENTARIOS PARA LA ATENCIÓN DEL USUARIO;010101;FALTA DE OPORTUNIDAD EN LAS CITAS O CONSULTAS;01010103;ESPECIALIDADES MÉDICAS ;01010103078;ORTOPEDIA Y TRAUMATOLOGÍA;ENFERMEDADES OSTEOARTICULARES;OTROS;TRAUMATISMO DEL TENDÓN(ES) Y MUSCULO(S) DEL GRUPO MUSCULAR PERONEO A NIVEL DE LA PIERNA;No aplica;SIMPLE
988;2023;7;Web;17;17174;US- 000003287858;Otro;MUJER;59;DE 50 A 62 AÑOS;No Aplica;Contributivo;No Aplica;No Aplica;17;17001;NUEVA EPS;RÉGIMEN CONTRIBUTIVO;EPS037;NUEVA EPS;17;17174;01;"BARRERAS EN EL ACCESO A TECNOLOGÍAS Y SERVICIOS DE SALUD; Y OTROS ELEMENTOS COMPLEMENTARIOS PARA LA ATENCIÓN DEL USUARIO";0101;FALTA DE OPORTUNIDAD EN LA PRESTACIÓN DE TECNOLOGÍAS EN SALUD Y OTROS ELEMENTOS COMPLEMENTARIOS PARA LA ATENCIÓN DEL USUARIO;010103;FALTA DE OPORTUNIDAD EN LA ATENCIÓN EN OTROS SERVICIOS DE SALUD;01010308;PROCEDIMIENTOS NO QUIRÚRGICOS;01010308001;IMAGENOLOGÍA;PROBLEMAS RELACIONADOS CON FACILIDADES DE ATENCIÓN MÉDICA U OTROS SERVICIOS DE SALUD;PROBLEMAS RELACIONADOS CON FACILIDADES DE ATENCIÓN MÉDICA U OTROS SERVICIOS DE SALUD;DOLOR, NO ESPECIFICADO;No aplica;SIMPLE
989;2023;7;Web;11;11001;US- 000003223310;A nombre propio;MUJER;53;DE 50 A 62 AÑOS;No Aplica;Contributivo;No Aplica;No Aplica;11;11001;SALUD TOTAL;RÉGIMEN CONTRIBUTIVO;EPS002;SALUD TOTAL;11;11001;01;"BARRERAS EN EL ACCESO A TECNOLOGÍAS Y SERVICIOS DE SALUD; Y OTROS ELEMENTOS COMPLEMENTARIOS PARA LA ATENCIÓN DEL USUARIO";0101;FALTA DE OPORTUNIDAD EN LA PRESTACIÓN DE TECNOLOGÍAS EN SALUD Y OTROS ELEMENTOS COMPLEMENTARIOS PARA LA ATENCIÓN DEL USUARIO;010101;FALTA DE OPORTUNIDAD EN LAS CITAS O CONSULTAS;01010103;ESPECIALIDADES MÉDICAS ;01010103002;ANESTESIOLOGÍA;ENFERMEDADES OSTEOARTICULARES;OTROS;SÍNDROME DEL TÚNEL CARPIANO;No aplica;SIMPLE
990;2023;7;Telefónico;11;11001;US- 000003297727;A nombre propio;MUJER;71;MAYOR DE 63 AÑOS ;Secundaria;Contributivo;No Aplica;No Aplica;11;11001;FAMISANAR;RÉGIMEN CONTRIBUTIVO;EPS017;FAMISANAR;11;11001;01;"BARRERAS EN EL ACCESO A TECNOLOGÍAS Y SERVICIOS DE SALUD; Y OTROS ELEMENTOS COMPLEMENTARIOS PARA LA ATENCIÓN DEL USUARIO";0101;FALTA DE OPORTUNIDAD EN LA PRESTACIÓN DE TECNOLOGÍAS EN SALUD Y OTROS ELEMENTOS COMPLEMENTARIOS PARA LA ATENCIÓN DEL USUARIO;010101;FALTA DE OPORTUNIDAD EN LAS CITAS O CONSULTAS;01010101;MEDICINA GENERAL;;;ENFERMEDADES CRÓNICAS NO TRANSMISIBLES- FACTORES DE RIESGO;MEDICIÓN DE FACTORES DE RIESGO;TRASTORNO MIXTO DE ANSIEDAD Y DEPRESIÓN;No aplica;SIMPLE
991;2023;7;Web;11;11001;US- 000003204324;A nombre propio;MUJER;49;DE 38 A 49 AÑOS;No Aplica;Contributivo;No Aplica;No Aplica;11;11001;SANITAS;RÉGIMEN CONTRIBUTIVO;EPS005;SANITAS;11;11001;01;"BARRERAS EN EL ACCESO A TECNOLOGÍAS Y SERVICIOS DE SALUD; Y OTROS ELEMENTOS COMPLEMENTARIOS PARA LA ATENCIÓN DEL USUARIO";0101;FALTA DE OPORTUNIDAD EN LA PRESTACIÓN DE TECNOLOGÍAS EN SALUD Y OTROS ELEMENTOS COMPLEMENTARIOS PARA LA ATENCIÓN DEL USUARIO;010101;FALTA DE OPORTUNIDAD EN LAS CITAS O CONSULTAS;01010103;ESPECIALIDADES MÉDICAS ;01010103005;ARTROSCOPIA - ORTOPEDIA;PROBLEMAS RELACIONADOS CON FACILIDADES DE ATENCIÓN MÉDICA U OTROS SERVICIOS DE SALUD;PROBLEMAS RELACIONADOS CON FACILIDADES DE ATENCIÓN MÉDICA U OTROS SERVICIOS DE SALUD;TENDINITIS ROTULIANA;No aplica;SIMPLE
992;2023;7;Web;68;68547;US- 000002054663;A nombre propio;MUJER;77;MAYOR DE 63 AÑOS ;No Aplica;Contributivo;No Aplica;No Aplica;68;68547;NUEVA EPS;RÉGIMEN CONTRIBUTIVO;EPS037;NUEVA EPS;68;68547;01;"BARRERAS EN EL ACCESO A TECNOLOGÍAS Y SERVICIOS DE SALUD; Y OTROS ELEMENTOS COMPLEMENTARIOS PARA LA ATENCIÓN DEL USUARIO";0101;FALTA DE OPORTUNIDAD EN LA PRESTACIÓN DE TECNOLOGÍAS EN SALUD Y OTROS ELEMENTOS COMPLEMENTARIOS PARA LA ATENCIÓN DEL USUARIO;010104;FALTA DE OPORTUNIDAD EN LA ENTREGA O ENTREGA INCOMPLETA DE TECNOLOGÍAS EN SALUD Y/O PRESTACIÓN DE OTROS SERVICIOS;01010401;MEDICAMENTOS UPC;;;PROBLEMAS RELACIONADOS CON FACILIDADES DE ATENCIÓN MÉDICA U OTROS SERVICIOS DE SALUD;PROBLEMAS RELACIONADOS CON FACILIDADES DE ATENCIÓN MÉDICA U OTROS SERVICIOS DE SALUD;HISTORIA PERSONAL DE TRATAMIENTO MEDICO;No aplica;SIMPLE
993;2023;7;Personalizado;85;85001;US- 000001666134;A nombre propio;MUJER;52;DE 50 A 62 AÑOS;Secundaria;Contributivo;No Aplica;No Aplica;85;85001;NUEVA EPS;RÉGIMEN CONTRIBUTIVO;EPS037;NUEVA EPS;85;85001;04;INSATISFACCIÓN DEL USUARIO CON EL PROCESO ADMINISTRATIVO;0405;PROBLEMAS EN EL RECONOCIMIENTO Y/O PAGO DE PRESTACIONES ECONÓMICAS;040502;NEGACIÓN Y/O FALTA DE OPORTUNIDAD EN EL RECONOCIMIENTO DE REEMBOLSOS;04050206;TRANSPORTE, ALOJAMIENTO O ALIMENTACIÓN;;;SALUD MENTAL;OTROS TRASTORNOS MENTALES;TRASTORNO DE ANSIEDAD GENERALIZADA;No aplica;SIMPLE
994;2023;7;Web;76;76111;US- 000003132721;A nombre propio;MUJER;74;MAYOR DE 63 AÑOS ;No Aplica;Contributivo;No Aplica;No Aplica;76;76111;SURAMERICANA EPS;RÉGIMEN CONTRIBUTIVO;EPS010;EPS SURA;76;76111;01;"BARRERAS EN EL ACCESO A TECNOLOGÍAS Y SERVICIOS DE SALUD; Y OTROS ELEMENTOS COMPLEMENTARIOS PARA LA ATENCIÓN DEL USUARIO";0103;FALTA DE OPORTUNIDAD EN LA AUTORIZACIÓN DE TECNOLOGÍAS EN SALUD Y OTROS ELEMENTOS COMPLEMENTARIOS PARA LA ATENCIÓN DEL USUARIO;010303;FALTA DE OPORTUNIDAD EN LA AUTORIZACIÓN PARA SERVICIOS DE COMPLEMENTACIÓN TERAPÉUTICA;01030309;OTRAS TERAPIAS;;;PROBLEMAS RELACIONADOS CON FACILIDADES DE ATENCIÓN MÉDICA U OTROS SERVICIOS DE SALUD;PROBLEMAS RELACIONADOS CON FACILIDADES DE ATENCIÓN MÉDICA U OTROS SERVICIOS DE SALUD;PROBLEMAS RELACIONADOS CON FACILIDADES DE ATENCIÓN MEDICA U OTROS SERVICIOS DE SALUD;No aplica;SIMPLE
995;2023;7;Web;11;11001;US- 000002893294;Otro;MUJER;41;DE 38 A 49 AÑOS;No Aplica;Contributivo;No Aplica;No Aplica;11;11001;ALIANSALUD;RÉGIMEN CONTRIBUTIVO;EPS001;ALIANSALUD;11;11001;04;INSATISFACCIÓN DEL USUARIO CON EL PROCESO ADMINISTRATIVO;0405;PROBLEMAS EN EL RECONOCIMIENTO Y/O PAGO DE PRESTACIONES ECONÓMICAS;040501;NO RECONOCIMIENTO Y/O PAGO DE LAS PRESTACIONES ECONÓMICAS;04050101;LICENCIA DE MATERNIDAD;;;PROBLEMAS RELACIONADOS CON FACILIDADES DE ATENCIÓN MÉDICA U OTROS SERVICIOS DE SALUD;PROBLEMAS RELACIONADOS CON FACILIDADES DE ATENCIÓN MÉDICA U OTROS SERVICIOS DE SALUD;PROBLEMAS RELACIONADOS CON FACILIDADES DE ATENCIÓN MEDICA U OTROS SERVICIOS DE SALUD;No aplica;SIMPLE
996;2023;7;Web;25;25214;US- 000003271652;Otro;HOMBRE;2;DE 0 A 5 AÑOS;No Aplica;Contributivo;No Aplica;No Aplica;25;25214;COMPENSAR;RÉGIMEN CONTRIBUTIVO;EPS008;COMPENSAR;11;11001;01;"BARRERAS EN EL ACCESO A TECNOLOGÍAS Y SERVICIOS DE SALUD; Y OTROS ELEMENTOS COMPLEMENTARIOS PARA LA ATENCIÓN DEL USUARIO";0101;FALTA DE OPORTUNIDAD EN LA PRESTACIÓN DE TECNOLOGÍAS EN SALUD Y OTROS ELEMENTOS COMPLEMENTARIOS PARA LA ATENCIÓN DEL USUARIO;010102;FALTA DE OPORTUNIDAD PARA SERVICIOS DE COMPLEMENTACIÓN TERAPÉUTICA;01010206;TERAPIA LENGUAJE;;;MATERNO INFANTIL;ATENCIÓN NIÑOS MENORES DE 5 AÑOS;PROBLEMAS RELACIONADOS CON FACILIDADES DE ATENCIÓN MEDICA U OTROS SERVICIOS DE SALUD;No aplica;SIMPLE
997;2023;7;Personalizado;68;68001;US- 000003028516;Madre;HOMBRE;4;DE 0 A 5 AÑOS;No Aplica;Subsidiado;No Aplica;Persona con discapacidad;68;68001;NUEVA EPS;RÉGIMEN SUBSIDIADO;EPSS41;NUEVA EPS;68;68001;01;"BARRERAS EN EL ACCESO A TECNOLOGÍAS Y SERVICIOS DE SALUD; Y OTROS ELEMENTOS COMPLEMENTARIOS PARA LA ATENCIÓN DEL USUARIO";0101;FALTA DE OPORTUNIDAD EN LA PRESTACIÓN DE TECNOLOGÍAS EN SALUD Y OTROS ELEMENTOS COMPLEMENTARIOS PARA LA ATENCIÓN DEL USUARIO;010101;FALTA DE OPORTUNIDAD EN LAS CITAS O CONSULTAS;01010103;ESPECIALIDADES MÉDICAS ;01010103044;GENÉTICA MÉDICA;MATERNO INFANTIL;ATENCIÓN NIÑOS MENORES DE 5 AÑOS;OTROS SÍNDROMES DE MALFORMACIONES CONGÉNITAS ESPECIFICADOS, NO CLASIFICADOS EN OTRA PARTE;No aplica;PRIORIZADO
998;2023;7;Web;05;05001;US- 000001907496;A nombre propio;MUJER;34;DE 30 A 37 AÑOS;No Aplica;Contributivo;No Aplica;Desplazado;05;05001;SANITAS;RÉGIMEN CONTRIBUTIVO;EPS005;SANITAS;05;05001;04;INSATISFACCIÓN DEL USUARIO CON EL PROCESO ADMINISTRATIVO;0404;INSATISFACCIÓN RELACIONADA CON TRÁMITES ADMINISTRATIVOS;040405;INCONSISTENCIA CON TRASLADOS DEL MUNICIPIO DE LA AFILIACIÓN Y SOLICITUDES DE MOVILIDAD O PORTABILIDAD;04040503;DEMORA EN LA PORTABILIDAD;;;PROBLEMAS RELACIONADOS CON FACILIDADES DE ATENCIÓN MÉDICA U OTROS SERVICIOS DE SALUD;PROBLEMAS RELACIONADOS CON FACILIDADES DE ATENCIÓN MÉDICA U OTROS SERVICIOS DE SALUD;PROBLEMAS RELACIONADOS CON ATENCIÓN DE SALUD NO DISPONIBLE O INACCESIBLE;No aplica;SIMPLE
999;2023;7;Personalizado;81;81794;US- 000002453700;A nombre propio;HOMBRE;52;DE 50 A 62 AÑOS;Secundaria Incompleta;Subsidiado;No Aplica;Desplazado;81;81794;NUEVA EPS;RÉGIMEN SUBSIDIADO;EPSS41;NUEVA EPS;81;81794;01;"BARRERAS EN EL ACCESO A TECNOLOGÍAS Y SERVICIOS DE SALUD; Y OTROS ELEMENTOS COMPLEMENTARIOS PARA LA ATENCIÓN DEL USUARIO";0101;FALTA DE OPORTUNIDAD EN LA PRESTACIÓN DE TECNOLOGÍAS EN SALUD Y OTROS ELEMENTOS COMPLEMENTARIOS PARA LA ATENCIÓN DEL USUARIO;010103;FALTA DE OPORTUNIDAD EN LA ATENCIÓN EN OTROS SERVICIOS DE SALUD;01010308;PROCEDIMIENTOS NO QUIRÚRGICOS;01010308001;IMAGENOLOGÍA;PROBLEMAS RELACIONADOS CON FACILIDADES DE ATENCIÓN MÉDICA U OTROS SERVICIOS DE SALUD;PROBLEMAS RELACIONADOS CON FACILIDADES DE ATENCIÓN MÉDICA U OTROS SERVICIOS DE SALUD;HIPERPLASIA DE LA PRÓSTATA;No aplica;SIMPLE
1000;2023;7;Web;23;23162;US- 000003270927;A nombre propio;MUJER;34;DE 30 A 37 AÑOS;No Aplica;Subsidiado;No Aplica;No Aplica;23;23162;CAJACOPI EPS;RÉGIMEN SUBSIDIADO;CCF055;CAJACOPI EPS;23;23162;01;"BARRERAS EN EL ACCESO A TECNOLOGÍAS Y SERVICIOS DE SALUD; Y OTROS ELEMENTOS COMPLEMENTARIOS PARA LA ATENCIÓN DEL USUARIO";0101;FALTA DE OPORTUNIDAD EN LA PRESTACIÓN DE TECNOLOGÍAS EN SALUD Y OTROS ELEMENTOS COMPLEMENTARIOS PARA LA ATENCIÓN DEL USUARIO;010103;FALTA DE OPORTUNIDAD EN LA ATENCIÓN EN OTROS SERVICIOS DE SALUD;01010309;PROCEDIMIENTOS QUIRÚRGICOS;01010309003;OTROS PROCEDIMIENTOS QUIRÚRGICOS;PROBLEMAS RELACIONADOS CON FACILIDADES DE ATENCIÓN MÉDICA U OTROS SERVICIOS DE SALUD;PROBLEMAS RELACIONADOS CON FACILIDADES DE ATENCIÓN MÉDICA U OTROS SERVICIOS DE SALUD;PROBLEMAS RELACIONADOS CON FACILIDADES DE ATENCIÓN MEDICA U OTROS SERVICIOS DE SALUD;No aplica;SIMPLE
