OBJECTID,periodo,mes,pqr_canal,pet_cod_depto,pet_cod_mpio,id_afec,afec_parentesco,afec_genero,afec_edad,afec_edadr,afec_educ,afec_regafiliacion,afec_getnico,afec_pobespecial,afec_cod_depto,afec_cod_mpio,ent_nombre,ent_tipovig_sns,ent_cod_sns,ent_alias_sn,ent_cod_depto,ent_cod_mpio,cod_macromot,macromotivo,cod_motgen,motivo_general,cod_motesp,motivo_especifico,cod_tipo_motesp,tipo_de_motivo_especifico,cod_subtipo_motesp,subtipo_de_motivo_especifico,patologia_1,patologia_tipo,cie_10,alto_costo,clasificacion_de_riesgo
1,2024,6,Telefónico,5,5001,US- 000003606236,Hijo (A),HOMBRE,73,MAYOR DE 63 AÑOS ,Primaria Incompleta,Contributivo,Afrocolombiano o Afrodescendiente,No Aplica,5,5001,SAVIA SALUD,RÉGIMEN SUBSIDIADO,EPSS40,SAVIA SALUD EPS,5,5001,1,BARRERAS EN EL ACCESO A TECNOLOGÍAS Y SERVICIOS DE SALUD; Y OTROS ELEMENTOS COMPLEMENTARIOS PARA LA ATENCIÓN DEL USUARIO,103,FALTA DE OPORTUNIDAD EN LA AUTORIZACIÓN DE TECNOLOGÍAS EN SALUD Y OTROS ELEMENTOS COMPLEMENTARIOS PARA LA ATENCIÓN DEL USUARIO,10304,FALTA DE OPORTUNIDAD EN LA AUTORIZACIÓN DE OTROS SERVICIOS DE SALUD,1030408,PROCEDIMIENTOS NO QUIRÚRGICOS,1030408001,IMAGENOLOGÍA,ENFERMEDADES OSTEOARTICULARES,OTROS,SÍNDROME DE ABDUCCIÓN DOLOROSA DEL HOMBRO,No aplica,SIMPLE
2,2024,4,Redes Sociales,63,63401,US- 000003606237,A nombre propio,HOMBRE,84,MAYOR DE 63 AÑOS ,No Aplica,Subsidiado,No Aplica,No Aplica,63,63401,NUEVA EPS,RÉGIMEN SUBSIDIADO,EPSS41,NUEVA EPS,63,63401,1,BARRERAS EN EL ACCESO A TECNOLOGÍAS Y SERVICIOS DE SALUD; Y OTROS ELEMENTOS COMPLEMENTARIOS PARA LA ATENCIÓN DEL USUARIO,102,NEGACIÓN DE TECNOLOGÍAS EN SALUD Y OTROS ELEMENTOS COMPLEMENTARIOS PARA LA ATENCIÓN DEL USUARIO,10204,NEGACIÓN PARA LA ENTREGA DE TECNOLOGÍAS EN SALUD Y/O DE OTROS SERVICIOS AUTORIZADOS,1020402,MEDICAMENTOS NO UPC,,,PROBLEMAS RELACIONADOS CON FACILIDADES DE ATENCIÓN MÉDICA U OTROS SERVICIOS DE SALUD,PROBLEMAS RELACIONADOS CON FACILIDADES DE ATENCIÓN MÉDICA U OTROS SERVICIOS DE SALUD,OTROS TRASTORNOS DEL SISTEMA URINARIO,No aplica,PRIORIZADO
3,2024,5,Web,11,11001,US- 000003606238,A nombre propio,HOMBRE,0,DE 0 A 5 AÑOS,No Aplica,Subsidiado,No Aplica,No Aplica,11,11001,CAPITAL SALUD,RÉGIMEN SUBSIDIADO,EPSS34,CAPITAL SALUD,11,11001,1,BARRERAS EN EL ACCESO A TECNOLOGÍAS Y SERVICIOS DE SALUD; Y OTROS ELEMENTOS COMPLEMENTARIOS PARA LA ATENCIÓN DEL USUARIO,101,FALTA DE OPORTUNIDAD EN LA PRESTACIÓN DE TECNOLOGÍAS EN SALUD Y OTROS ELEMENTOS COMPLEMENTARIOS PARA LA ATENCIÓN DEL USUARIO,10103,FALTA DE OPORTUNIDAD EN LA ATENCIÓN EN OTROS SERVICIOS DE SALUD,1010308,PROCEDIMIENTOS NO QUIRÚRGICOS,1010308001,IMAGENOLOGÍA,MATERNO INFANTIL,ATENCIÓN NIÑOS MENORES DE 5 AÑOS,CONTROL DE SALUD DE RUTINA DEL NIÑO,No aplica,SIMPLE
4,2024,6,Web,11,11001,US- 000001592546,Cónyuge,MUJER,62,DE 50 A 62 AÑOS,No Aplica,Contributivo,Mulato ,Persona con discapacidad,11,11001,COMPENSAR,RÉGIMEN CONTRIBUTIVO,EPS008,COMPENSAR,11,11001,1,BARRERAS EN EL ACCESO A TECNOLOGÍAS Y SERVICIOS DE SALUD; Y OTROS ELEMENTOS COMPLEMENTARIOS PARA LA ATENCIÓN DEL USUARIO,103,FALTA DE OPORTUNIDAD EN LA AUTORIZACIÓN DE TECNOLOGÍAS EN SALUD Y OTROS ELEMENTOS COMPLEMENTARIOS PARA LA ATENCIÓN DEL USUARIO,10301,FALTA DE OPORTUNIDAD EN LA AUTORIZACIÓN DE TECNOLOGÍAS EN SALUD Y/O DE OTROS SERVICIOS,1030101,MEDICAMENTOS UPC,,,ENFERMEDADES OSTEOARTICULARES,OTROS,"ARTRITIS REUMATOIDE SEROPOSITIVA, SIN OTRA ESPECIFICACIÓN",No aplica,SIMPLE
5,2024,6,Personalizado,66,66001,US- 000003606239,A nombre propio,MUJER,39,DE 38 A 49 AÑOS,No Aplica,Subsidiado,No Aplica,No Aplica,66,66001,ASMET SALUD EPS,RÉGIMEN SUBSIDIADO,ESS062,ASMET SALUD,66,66170,1,BARRERAS EN EL ACCESO A TECNOLOGÍAS Y SERVICIOS DE SALUD; Y OTROS ELEMENTOS COMPLEMENTARIOS PARA LA ATENCIÓN DEL USUARIO,101,FALTA DE OPORTUNIDAD EN LA PRESTACIÓN DE TECNOLOGÍAS EN SALUD Y OTROS ELEMENTOS COMPLEMENTARIOS PARA LA ATENCIÓN DEL USUARIO,10103,FALTA DE OPORTUNIDAD EN LA ATENCIÓN EN OTROS SERVICIOS DE SALUD,1010308,PROCEDIMIENTOS NO QUIRÚRGICOS,1010308003,QUIMIOTERAPIA,CÁNCER ,CÁNCER DE ÚTERO,TUMOR MALIGNO DEL FONDO DEL ÚTERO,Quimioterapia y radioterapia para el cáncer,PRIORIZADO
6,2024,6,Telefónico,54,54001,US- 000002220241,A nombre propio,HOMBRE,79,MAYOR DE 63 AÑOS ,Secundaria,Subsidiado,No Aplica,Persona con discapacidad,54,54001,NUEVA EPS,RÉGIMEN SUBSIDIADO,EPSS41,NUEVA EPS,54,54001,1,BARRERAS EN EL ACCESO A TECNOLOGÍAS Y SERVICIOS DE SALUD; Y OTROS ELEMENTOS COMPLEMENTARIOS PARA LA ATENCIÓN DEL USUARIO,102,NEGACIÓN DE TECNOLOGÍAS EN SALUD Y OTROS ELEMENTOS COMPLEMENTARIOS PARA LA ATENCIÓN DEL USUARIO,10204,NEGACIÓN PARA LA ENTREGA DE TECNOLOGÍAS EN SALUD Y/O DE OTROS SERVICIOS AUTORIZADOS,1020401,MEDICAMENTOS UPC,,,PROBLEMAS RELACIONADOS CON FACILIDADES DE ATENCIÓN MÉDICA U OTROS SERVICIOS DE SALUD,PROBLEMAS RELACIONADOS CON FACILIDADES DE ATENCIÓN MÉDICA U OTROS SERVICIOS DE SALUD,HIPERPLASIA DE LA PRÓSTATA,No aplica,SIMPLE
7,2024,5,Web,85,85250,US- 000003606240,A nombre propio,MUJER,43,DE 38 A 49 AÑOS,No Aplica,Contributivo,No Aplica,No Aplica,85,85250,CAPRESOCA,RÉGIMEN SUBSIDIADO,EPS025,CAPRESOCA,85,85250,1,BARRERAS EN EL ACCESO A TECNOLOGÍAS Y SERVICIOS DE SALUD; Y OTROS ELEMENTOS COMPLEMENTARIOS PARA LA ATENCIÓN DEL USUARIO,102,NEGACIÓN DE TECNOLOGÍAS EN SALUD Y OTROS ELEMENTOS COMPLEMENTARIOS PARA LA ATENCIÓN DEL USUARIO,10203,NEGACIÓN EN LA ATENCIÓN EN OTROS SERVICIOS DE SALUD,1020309,PROCEDIMIENTOS QUIRÚRGICOS,1020309003,OTROS PROCEDIMIENTOS QUIRÚRGICOS,PROBLEMAS RELACIONADOS CON FACILIDADES DE ATENCIÓN MÉDICA U OTROS SERVICIOS DE SALUD,PROBLEMAS RELACIONADOS CON FACILIDADES DE ATENCIÓN MÉDICA U OTROS SERVICIOS DE SALUD,OTROS PROBLEMAS RELACIONADOS CON SERVICIOS MÉDICOS Y DE SALUD,No aplica,SIMPLE
8,2024,6,Telefónico,11,11001,US- 000003606241,Hijo (A),MUJER,78,MAYOR DE 63 AÑOS ,No Aplica,Contributivo,No Aplica,Persona con discapacidad,11,11001,NUEVA EPS,RÉGIMEN CONTRIBUTIVO,EPS037,NUEVA EPS,11,11001,1,BARRERAS EN EL ACCESO A TECNOLOGÍAS Y SERVICIOS DE SALUD; Y OTROS ELEMENTOS COMPLEMENTARIOS PARA LA ATENCIÓN DEL USUARIO,101,FALTA DE OPORTUNIDAD EN LA PRESTACIÓN DE TECNOLOGÍAS EN SALUD Y OTROS ELEMENTOS COMPLEMENTARIOS PARA LA ATENCIÓN DEL USUARIO,10101,FALTA DE OPORTUNIDAD EN LAS CITAS O CONSULTAS,1010103,ESPECIALIDADES MÉDICAS ,1010103075,OFTALMOLOGÍA,PROBLEMAS RELACIONADOS CON FACILIDADES DE ATENCIÓN MÉDICA U OTROS SERVICIOS DE SALUD,PROBLEMAS RELACIONADOS CON FACILIDADES DE ATENCIÓN MÉDICA U OTROS SERVICIOS DE SALUD,PTERIGIÓN,No aplica,SIMPLE
9,2024,6,Web,11,11001,US- 000003606242,A nombre propio,HOMBRE,24,DE 18 A 24 AÑOS,No Aplica,Contributivo,No Aplica,No Aplica,11,11001,NUEVA EPS,RÉGIMEN CONTRIBUTIVO,EPS037,NUEVA EPS,11,11001,1,BARRERAS EN EL ACCESO A TECNOLOGÍAS Y SERVICIOS DE SALUD; Y OTROS ELEMENTOS COMPLEMENTARIOS PARA LA ATENCIÓN DEL USUARIO,102,NEGACIÓN DE TECNOLOGÍAS EN SALUD Y OTROS ELEMENTOS COMPLEMENTARIOS PARA LA ATENCIÓN DEL USUARIO,10203,NEGACIÓN EN LA ATENCIÓN EN OTROS SERVICIOS DE SALUD,1020308,PROCEDIMIENTOS NO QUIRÚRGICOS,1020308006,OTROS PROCEDIMIENTOS NO QUIRÚRGICOS,PROBLEMAS RELACIONADOS CON FACILIDADES DE ATENCIÓN MÉDICA U OTROS SERVICIOS DE SALUD,PROBLEMAS RELACIONADOS CON FACILIDADES DE ATENCIÓN MÉDICA U OTROS SERVICIOS DE SALUD,"HERNIA INGUINAL UNILATERAL O NO ESPECIFICADA, SIN OBSTRUCCIÓN NI GANGRENA",No aplica,SIMPLE
10,2024,3,Web,5,5308,US- 000003606243,A nombre propio,MUJER,0,DE 0 A 5 AÑOS,No Aplica,Subsidiado,No Aplica,Persona con discapacidad,5,5308,SAVIA SALUD,RÉGIMEN SUBSIDIADO,EPSS40,SAVIA SALUD EPS,5,5308,1,BARRERAS EN EL ACCESO A TECNOLOGÍAS Y SERVICIOS DE SALUD; Y OTROS ELEMENTOS COMPLEMENTARIOS PARA LA ATENCIÓN DEL USUARIO,101,FALTA DE OPORTUNIDAD EN LA PRESTACIÓN DE TECNOLOGÍAS EN SALUD Y OTROS ELEMENTOS COMPLEMENTARIOS PARA LA ATENCIÓN DEL USUARIO,10103,FALTA DE OPORTUNIDAD EN LA ATENCIÓN EN OTROS SERVICIOS DE SALUD,1010308,PROCEDIMIENTOS NO QUIRÚRGICOS,1010308001,IMAGENOLOGÍA,MATERNO INFANTIL,ATENCIÓN NIÑOS MENORES DE 5 AÑOS,OTROS EXÁMENES ESPECIALES ESPECIFICADOS,No aplica,SIMPLE
11,2024,6,Personalizado,5,5001,US- 000000394487,A nombre propio,HOMBRE,27,DE 25 A 29 AÑOS,Ninguno,Subsidiado,No Aplica,Desplazado,5,5001,SAVIA SALUD,RÉGIMEN SUBSIDIADO,EPSS40,SAVIA SALUD EPS,5,5001,1,BARRERAS EN EL ACCESO A TECNOLOGÍAS Y SERVICIOS DE SALUD; Y OTROS ELEMENTOS COMPLEMENTARIOS PARA LA ATENCIÓN DEL USUARIO,102,NEGACIÓN DE TECNOLOGÍAS EN SALUD Y OTROS ELEMENTOS COMPLEMENTARIOS PARA LA ATENCIÓN DEL USUARIO,10204,NEGACIÓN PARA LA ENTREGA DE TECNOLOGÍAS EN SALUD Y/O DE OTROS SERVICIOS AUTORIZADOS,1020401,MEDICAMENTOS UPC,,,ENFERMEDADES CRÓNICAS NO TRASMISIBLES CARDIOVASCULARES,ICC (INSUFICIENCIA CARDIACA CONGESTIVA),"SÍNDROME DE DOWN, NO ESPECIFICADO",No aplica,PRIORIZADO
12,2024,5,Web,54,54001,US- 000003606244,Madre,HOMBRE,8,DE 6 A 12 AÑOS,No Aplica,Subsidiado,No Aplica,No Aplica,54,54001,SANITAS,RÉGIMEN CONTRIBUTIVO,EPS005,SANITAS,54,54001,1,BARRERAS EN EL ACCESO A TECNOLOGÍAS Y SERVICIOS DE SALUD; Y OTROS ELEMENTOS COMPLEMENTARIOS PARA LA ATENCIÓN DEL USUARIO,102,NEGACIÓN DE TECNOLOGÍAS EN SALUD Y OTROS ELEMENTOS COMPLEMENTARIOS PARA LA ATENCIÓN DEL USUARIO,10203,NEGACIÓN EN LA ATENCIÓN EN OTROS SERVICIOS DE SALUD,1020309,PROCEDIMIENTOS QUIRÚRGICOS,1020309003,OTROS PROCEDIMIENTOS QUIRÚRGICOS,ENFERMEDADES OSTEOARTICULARES,OTROS,FRACTURA DE LA EPÍFISIS INFERIOR DEL RADIO,No aplica,SIMPLE
13,2024,3,Telefónico,11,11001,US- 000002626901,Madre,HOMBRE,4,DE 0 A 5 AÑOS,No Aplica,Contributivo,No Aplica,Persona con discapacidad,11,11001,NUEVA EPS,RÉGIMEN CONTRIBUTIVO,EPS037,NUEVA EPS,11,11001,1,BARRERAS EN EL ACCESO A TECNOLOGÍAS Y SERVICIOS DE SALUD; Y OTROS ELEMENTOS COMPLEMENTARIOS PARA LA ATENCIÓN DEL USUARIO,102,NEGACIÓN DE TECNOLOGÍAS EN SALUD Y OTROS ELEMENTOS COMPLEMENTARIOS PARA LA ATENCIÓN DEL USUARIO,10201,NEGACIÓN EN LA ASIGNACIÓN DE CITAS O CONSULTAS,1020103,ESPECIALIDADES MÉDICAS ,1020103075,OFTALMOLOGÍA,MATERNO INFANTIL,ATENCIÓN NIÑOS MENORES DE 5 AÑOS,RETARDO EN DESARROLLO,No aplica,SIMPLE
14,2024,6,Web,5,5679,US- 000003606245,A nombre propio,HOMBRE,60,DE 50 A 62 AÑOS,No Aplica,Subsidiado,No Aplica,No Aplica,5,5679,COOSALUD,RÉGIMEN SUBSIDIADO,ESS024,COOSALUD,5,5679,1,BARRERAS EN EL ACCESO A TECNOLOGÍAS Y SERVICIOS DE SALUD; Y OTROS ELEMENTOS COMPLEMENTARIOS PARA LA ATENCIÓN DEL USUARIO,101,FALTA DE OPORTUNIDAD EN LA PRESTACIÓN DE TECNOLOGÍAS EN SALUD Y OTROS ELEMENTOS COMPLEMENTARIOS PARA LA ATENCIÓN DEL USUARIO,10103,FALTA DE OPORTUNIDAD EN LA ATENCIÓN EN OTROS SERVICIOS DE SALUD,1010309,PROCEDIMIENTOS QUIRÚRGICOS,1010309003,OTROS PROCEDIMIENTOS QUIRÚRGICOS,PROBLEMAS RELACIONADOS CON FACILIDADES DE ATENCIÓN MÉDICA U OTROS SERVICIOS DE SALUD,PROBLEMAS RELACIONADOS CON FACILIDADES DE ATENCIÓN MÉDICA U OTROS SERVICIOS DE SALUD,HERNIA INGUINAL,No aplica,SIMPLE
15,2024,6,Personalizado,52,52678,US- 000003606246,A nombre propio,MUJER,42,DE 38 A 49 AÑOS,Universitario Incompleto,Subsidiado,No Aplica,No Aplica,52,52678,NUEVA EPS,RÉGIMEN CONTRIBUTIVO,EPS037,NUEVA EPS,52,52678,1,BARRERAS EN EL ACCESO A TECNOLOGÍAS Y SERVICIOS DE SALUD; Y OTROS ELEMENTOS COMPLEMENTARIOS PARA LA ATENCIÓN DEL USUARIO,103,FALTA DE OPORTUNIDAD EN LA AUTORIZACIÓN DE TECNOLOGÍAS EN SALUD Y OTROS ELEMENTOS COMPLEMENTARIOS PARA LA ATENCIÓN DEL USUARIO,10302,FALTA DE OPORTUNIDAD EN LA AUTORIZACIÓN DE CITAS DE CONSULTA,1030203,ESPECIALIDADES MÉDICAS ,1030203013,CIRUGÍA DE MAMA Y TEJIDOS BLANDOS - MASTOLOGÍA,ENFERMEDADES CRÓNICAS NO TRANSMISIBLES- FACTORES DE RIESGO,OBESIDAD,MASTOPATÍA QUÍSTICA DIFUSA,No aplica,SIMPLE
16,2024,6,Personalizado,11,11001,US- 000003175243,Hermano (A),MUJER,78,MAYOR DE 63 AÑOS ,Primaria,Contributivo,No Aplica,Persona con discapacidad,11,11001,NUEVA EPS,RÉGIMEN CONTRIBUTIVO,EPS037,NUEVA EPS,11,11001,1,BARRERAS EN EL ACCESO A TECNOLOGÍAS Y SERVICIOS DE SALUD; Y OTROS ELEMENTOS COMPLEMENTARIOS PARA LA ATENCIÓN DEL USUARIO,102,NEGACIÓN DE TECNOLOGÍAS EN SALUD Y OTROS ELEMENTOS COMPLEMENTARIOS PARA LA ATENCIÓN DEL USUARIO,10201,NEGACIÓN EN LA ASIGNACIÓN DE CITAS O CONSULTAS,1020103,ESPECIALIDADES MÉDICAS ,1020103072,NEUROLOGÍA,ENFERMEDADES OSTEOARTICULARES,NEUROLÓGICAS,"DEMENCIA EN LA ENFERMEDAD DE ALZHEIMER, DE COMIENZO TARDÍO (G30.1†)",No aplica,SIMPLE
17,2024,4,Telefónico,25,25754,US- 000003606247,A nombre propio,HOMBRE,59,DE 50 A 62 AÑOS,Secundaria,Contributivo,No Aplica,No Aplica,25,25754,NUEVA EPS,RÉGIMEN CONTRIBUTIVO,EPS037,NUEVA EPS,25,25754,1,BARRERAS EN EL ACCESO A TECNOLOGÍAS Y SERVICIOS DE SALUD; Y OTROS ELEMENTOS COMPLEMENTARIOS PARA LA ATENCIÓN DEL USUARIO,102,NEGACIÓN DE TECNOLOGÍAS EN SALUD Y OTROS ELEMENTOS COMPLEMENTARIOS PARA LA ATENCIÓN DEL USUARIO,10201,NEGACIÓN EN LA ASIGNACIÓN DE CITAS O CONSULTAS,1020103,ESPECIALIDADES MÉDICAS ,1020103075,OFTALMOLOGÍA,ENFERMEDADES CRÓNICAS NO TRASMISIBLES CARDIOVASCULARES,HTA (HIPERTENSIÓN ARTERIAL),"CATARATA SENIL, NO ESPECIFICADA",No aplica,SIMPLE
18,2024,6,Web,5,5197,US- 000003606248,A nombre propio,HOMBRE,60,DE 50 A 62 AÑOS,No Aplica,Contributivo,No Aplica,Desplazado,5,5197,SAVIA SALUD,RÉGIMEN SUBSIDIADO,EPSS40,SAVIA SALUD EPS,5,5197,1,BARRERAS EN EL ACCESO A TECNOLOGÍAS Y SERVICIOS DE SALUD; Y OTROS ELEMENTOS COMPLEMENTARIOS PARA LA ATENCIÓN DEL USUARIO,101,FALTA DE OPORTUNIDAD EN LA PRESTACIÓN DE TECNOLOGÍAS EN SALUD Y OTROS ELEMENTOS COMPLEMENTARIOS PARA LA ATENCIÓN DEL USUARIO,10101,FALTA DE OPORTUNIDAD EN LAS CITAS O CONSULTAS,1010103,ESPECIALIDADES MÉDICAS ,1010103094,UROLOGÍA,PROBLEMAS RELACIONADOS CON FACILIDADES DE ATENCIÓN MÉDICA U OTROS SERVICIOS DE SALUD,PROBLEMAS RELACIONADOS CON FACILIDADES DE ATENCIÓN MÉDICA U OTROS SERVICIOS DE SALUD,CALCULO DEL RIÑÓN,No aplica,SIMPLE
19,2024,6,Personalizado,88,88001,US- 000001450987,Cónyuge,HOMBRE,67,MAYOR DE 63 AÑOS ,Secundaria Incompleta,Subsidiado,No Aplica,Persona con discapacidad,88,88001,NUEVA EPS,RÉGIMEN SUBSIDIADO,EPSS41,NUEVA EPS,88,88001,1,BARRERAS EN EL ACCESO A TECNOLOGÍAS Y SERVICIOS DE SALUD; Y OTROS ELEMENTOS COMPLEMENTARIOS PARA LA ATENCIÓN DEL USUARIO,102,NEGACIÓN DE TECNOLOGÍAS EN SALUD Y OTROS ELEMENTOS COMPLEMENTARIOS PARA LA ATENCIÓN DEL USUARIO,10204,NEGACIÓN PARA LA ENTREGA DE TECNOLOGÍAS EN SALUD Y/O DE OTROS SERVICIOS AUTORIZADOS,1020401,MEDICAMENTOS UPC,,,ENFERMEDADES CRÓNICAS NO TRASMISIBLES CARDIOVASCULARES,ACV (ACCIDENTE CEREBRO VASCULAR),OTRAS CONVULSIONES Y LAS NO ESPECIFICADAS,No aplica,PRIORIZADO
20,2024,3,Telefónico,70,70124,US- 000003606249,Hijo (A),MUJER,69,MAYOR DE 63 AÑOS ,Primaria,Subsidiado,No Aplica,Desplazado,70,70124,CAJACOPI EPS,RÉGIMEN SUBSIDIADO,CCF055,CAJACOPI EPS,70,70124,1,BARRERAS EN EL ACCESO A TECNOLOGÍAS Y SERVICIOS DE SALUD; Y OTROS ELEMENTOS COMPLEMENTARIOS PARA LA ATENCIÓN DEL USUARIO,102,NEGACIÓN DE TECNOLOGÍAS EN SALUD Y OTROS ELEMENTOS COMPLEMENTARIOS PARA LA ATENCIÓN DEL USUARIO,10203,NEGACIÓN EN LA ATENCIÓN EN OTROS SERVICIOS DE SALUD,1020309,PROCEDIMIENTOS QUIRÚRGICOS,1020309003,OTROS PROCEDIMIENTOS QUIRÚRGICOS,ENFERMEDADES CRÓNICAS NO TRASMISIBLES CARDIOVASCULARES,HTA (HIPERTENSIÓN ARTERIAL),HIPERPLASIA RENAL Y RIÑÓN GIGANTE,No aplica,PRIORIZADO
21,2024,6,Web,11,11001,US- 000001255388,A nombre propio,HOMBRE,46,DE 38 A 49 AÑOS,No Aplica,Subsidiado,No Aplica,No Aplica,11,11001,NUEVA EPS,RÉGIMEN CONTRIBUTIVO,EPS037,NUEVA EPS,11,11001,1,BARRERAS EN EL ACCESO A TECNOLOGÍAS Y SERVICIOS DE SALUD; Y OTROS ELEMENTOS COMPLEMENTARIOS PARA LA ATENCIÓN DEL USUARIO,101,FALTA DE OPORTUNIDAD EN LA PRESTACIÓN DE TECNOLOGÍAS EN SALUD Y OTROS ELEMENTOS COMPLEMENTARIOS PARA LA ATENCIÓN DEL USUARIO,10103,FALTA DE OPORTUNIDAD EN LA ATENCIÓN EN OTROS SERVICIOS DE SALUD,1010308,PROCEDIMIENTOS NO QUIRÚRGICOS,1010308001,IMAGENOLOGÍA,PROBLEMAS RELACIONADOS CON FACILIDADES DE ATENCIÓN MÉDICA U OTROS SERVICIOS DE SALUD,PROBLEMAS RELACIONADOS CON FACILIDADES DE ATENCIÓN MÉDICA U OTROS SERVICIOS DE SALUD,OTROS PROBLEMAS RELACIONADOS CON SERVICIOS MÉDICOS Y DE SALUD,No aplica,SIMPLE
22,2024,5,Web,11,11001,US- 000002652326,A nombre propio,MUJER,25,DE 25 A 29 AÑOS,No Aplica,Contributivo,No Aplica,No Aplica,11,11001,CAPITAL SALUD,RÉGIMEN SUBSIDIADO,EPSS34,CAPITAL SALUD,11,11001,1,BARRERAS EN EL ACCESO A TECNOLOGÍAS Y SERVICIOS DE SALUD; Y OTROS ELEMENTOS COMPLEMENTARIOS PARA LA ATENCIÓN DEL USUARIO,102,NEGACIÓN DE TECNOLOGÍAS EN SALUD Y OTROS ELEMENTOS COMPLEMENTARIOS PARA LA ATENCIÓN DEL USUARIO,10201,NEGACIÓN EN LA ASIGNACIÓN DE CITAS O CONSULTAS,1020106,NUTRICIÓN,,,PROBLEMAS RELACIONADOS CON FACILIDADES DE ATENCIÓN MÉDICA U OTROS SERVICIOS DE SALUD,PROBLEMAS RELACIONADOS CON FACILIDADES DE ATENCIÓN MÉDICA U OTROS SERVICIOS DE SALUD,ESPOLÓN CALCÁNEO,No aplica,SIMPLE
23,2024,6,Telefónico,13,13001,US- 000003606250,Otro,MUJER,57,DE 50 A 62 AÑOS,Secundaria Incompleta,Subsidiado,No Aplica,No Aplica,13,13001,MUTUAL SER,RÉGIMEN SUBSIDIADO,ESS207,MUTUAL SER,13,13001,1,BARRERAS EN EL ACCESO A TECNOLOGÍAS Y SERVICIOS DE SALUD; Y OTROS ELEMENTOS COMPLEMENTARIOS PARA LA ATENCIÓN DEL USUARIO,101,FALTA DE OPORTUNIDAD EN LA PRESTACIÓN DE TECNOLOGÍAS EN SALUD Y OTROS ELEMENTOS COMPLEMENTARIOS PARA LA ATENCIÓN DEL USUARIO,10103,FALTA DE OPORTUNIDAD EN LA ATENCIÓN EN OTROS SERVICIOS DE SALUD,1010308,PROCEDIMIENTOS NO QUIRÚRGICOS,1010308006,OTROS PROCEDIMIENTOS NO QUIRÚRGICOS,PROBLEMAS RELACIONADOS CON FACILIDADES DE ATENCIÓN MÉDICA U OTROS SERVICIOS DE SALUD,PROBLEMAS RELACIONADOS CON FACILIDADES DE ATENCIÓN MÉDICA U OTROS SERVICIOS DE SALUD,TUMOR BENIGNO DE LA MAMA,No aplica,PRIORIZADO
24,2024,3,Web,27,27001,US- 000003606251,A nombre propio,MUJER,48,DE 38 A 49 AÑOS,Ninguno,Contributivo,Afrocolombiano o Afrodescendiente,No Aplica,27,27001,NUEVA EPS,RÉGIMEN CONTRIBUTIVO,EPS037,NUEVA EPS,27,27001,1,BARRERAS EN EL ACCESO A TECNOLOGÍAS Y SERVICIOS DE SALUD; Y OTROS ELEMENTOS COMPLEMENTARIOS PARA LA ATENCIÓN DEL USUARIO,103,FALTA DE OPORTUNIDAD EN LA AUTORIZACIÓN DE TECNOLOGÍAS EN SALUD Y OTROS ELEMENTOS COMPLEMENTARIOS PARA LA ATENCIÓN DEL USUARIO,10301,FALTA DE OPORTUNIDAD EN LA AUTORIZACIÓN DE TECNOLOGÍAS EN SALUD Y/O DE OTROS SERVICIOS,1030101,MEDICAMENTOS UPC,,,PROBLEMAS RELACIONADOS CON FACILIDADES DE ATENCIÓN MÉDICA U OTROS SERVICIOS DE SALUD,PROBLEMAS RELACIONADOS CON FACILIDADES DE ATENCIÓN MÉDICA U OTROS SERVICIOS DE SALUD,OTROS PROBLEMAS RELACIONADOS CON SERVICIOS MÉDICOS Y DE SALUD,No aplica,SIMPLE
25,2024,6,Personalizado,50,50001,US- 000001486016,A nombre propio,MUJER,67,MAYOR DE 63 AÑOS ,Posgrado,Régimen Especial,No Aplica,No Aplica,50,50001,MAGISTERIO,REGÍMENES DE EXCEPCIÓN Y ESPECIALES,REMG01,MAGISTERIO,50,50001,1,BARRERAS EN EL ACCESO A TECNOLOGÍAS Y SERVICIOS DE SALUD; Y OTROS ELEMENTOS COMPLEMENTARIOS PARA LA ATENCIÓN DEL USUARIO,102,NEGACIÓN DE TECNOLOGÍAS EN SALUD Y OTROS ELEMENTOS COMPLEMENTARIOS PARA LA ATENCIÓN DEL USUARIO,10204,NEGACIÓN PARA LA ENTREGA DE TECNOLOGÍAS EN SALUD Y/O DE OTROS SERVICIOS AUTORIZADOS,1020401,MEDICAMENTOS UPC,,,CÁNCER ,OTROS,TUMOR MALIGNO DE LA GLÁNDULA TIROIDES,No aplica,PRIORIZADO
26,2024,6,Web,76,76001,US- 000003606252,A nombre propio,MUJER,24,DE 18 A 24 AÑOS,No Aplica,Contributivo,No Aplica,Desplazado,76,76001,COOSALUD,RÉGIMEN SUBSIDIADO,ESS024,COOSALUD,76,76001,1,BARRERAS EN EL ACCESO A TECNOLOGÍAS Y SERVICIOS DE SALUD; Y OTROS ELEMENTOS COMPLEMENTARIOS PARA LA ATENCIÓN DEL USUARIO,102,NEGACIÓN DE TECNOLOGÍAS EN SALUD Y OTROS ELEMENTOS COMPLEMENTARIOS PARA LA ATENCIÓN DEL USUARIO,10201,NEGACIÓN EN LA ASIGNACIÓN DE CITAS O CONSULTAS,1020103,ESPECIALIDADES MÉDICAS ,1020103022,CIRUGÍA GENERAL,PROBLEMAS RELACIONADOS CON FACILIDADES DE ATENCIÓN MÉDICA U OTROS SERVICIOS DE SALUD,PROBLEMAS RELACIONADOS CON FACILIDADES DE ATENCIÓN MÉDICA U OTROS SERVICIOS DE SALUD,HERNIA VENTRAL SIN OBSTRUCCIÓN NI GANGRENA,No aplica,SIMPLE
27,2024,5,Telefónico,5,5001,US- 000001591846,A nombre propio,MUJER,68,MAYOR DE 63 AÑOS ,Primaria,Subsidiado,No Aplica,No Aplica,5,5001,SAVIA SALUD,RÉGIMEN SUBSIDIADO,EPSS40,SAVIA SALUD EPS,5,5001,1,BARRERAS EN EL ACCESO A TECNOLOGÍAS Y SERVICIOS DE SALUD; Y OTROS ELEMENTOS COMPLEMENTARIOS PARA LA ATENCIÓN DEL USUARIO,101,FALTA DE OPORTUNIDAD EN LA PRESTACIÓN DE TECNOLOGÍAS EN SALUD Y OTROS ELEMENTOS COMPLEMENTARIOS PARA LA ATENCIÓN DEL USUARIO,10103,FALTA DE OPORTUNIDAD EN LA ATENCIÓN EN OTROS SERVICIOS DE SALUD,1010309,PROCEDIMIENTOS QUIRÚRGICOS,1010309003,OTROS PROCEDIMIENTOS QUIRÚRGICOS,ENFERMEDADES OSTEOARTICULARES,OTROS,LUXACIÓN DE CADERA,Reemplazos articulares,PRIORIZADO
28,2024,6,Personalizado,25,25175,US- 000003606253,A nombre propio,MUJER,48,DE 38 A 49 AÑOS,Universitario,Contributivo,No Aplica,No Aplica,25,25175,SALUD TOTAL,RÉGIMEN CONTRIBUTIVO,EPS002,SALUD TOTAL,25,25175,1,BARRERAS EN EL ACCESO A TECNOLOGÍAS Y SERVICIOS DE SALUD; Y OTROS ELEMENTOS COMPLEMENTARIOS PARA LA ATENCIÓN DEL USUARIO,102,NEGACIÓN DE TECNOLOGÍAS EN SALUD Y OTROS ELEMENTOS COMPLEMENTARIOS PARA LA ATENCIÓN DEL USUARIO,10203,NEGACIÓN EN LA ATENCIÓN EN OTROS SERVICIOS DE SALUD,1020308,PROCEDIMIENTOS NO QUIRÚRGICOS,1020308006,OTROS PROCEDIMIENTOS NO QUIRÚRGICOS,SALUD ORAL,SALUD ORAL,"HIPOACUSIA, NO ESPECIFICADA",No aplica,SIMPLE
29,2024,4,Web,11,11001,US- 000001602355,A nombre propio,MUJER,75,MAYOR DE 63 AÑOS ,No Aplica,Contributivo,No Aplica,No Aplica,11,11001,COMPENSAR,RÉGIMEN CONTRIBUTIVO,EPS008,COMPENSAR,11,11001,1,BARRERAS EN EL ACCESO A TECNOLOGÍAS Y SERVICIOS DE SALUD; Y OTROS ELEMENTOS COMPLEMENTARIOS PARA LA ATENCIÓN DEL USUARIO,102,NEGACIÓN DE TECNOLOGÍAS EN SALUD Y OTROS ELEMENTOS COMPLEMENTARIOS PARA LA ATENCIÓN DEL USUARIO,10204,NEGACIÓN PARA LA ENTREGA DE TECNOLOGÍAS EN SALUD Y/O DE OTROS SERVICIOS AUTORIZADOS,1020401,MEDICAMENTOS UPC,,,PROBLEMAS RELACIONADOS CON FACILIDADES DE ATENCIÓN MÉDICA U OTROS SERVICIOS DE SALUD,PROBLEMAS RELACIONADOS CON FACILIDADES DE ATENCIÓN MÉDICA U OTROS SERVICIOS DE SALUD,OTROS PROBLEMAS RELACIONADOS CON SERVICIOS MÉDICOS Y DE SALUD,No aplica,SIMPLE
30,2024,4,Escrito,47,47001,US- 000003606254,A nombre propio,HOMBRE,4,DE 0 A 5 AÑOS,No Aplica,Subsidiado,No Aplica,No Aplica,47,47001,NUEVA EPS,RÉGIMEN SUBSIDIADO,EPSS41,NUEVA EPS,47,47001,1,BARRERAS EN EL ACCESO A TECNOLOGÍAS Y SERVICIOS DE SALUD; Y OTROS ELEMENTOS COMPLEMENTARIOS PARA LA ATENCIÓN DEL USUARIO,102,NEGACIÓN DE TECNOLOGÍAS EN SALUD Y OTROS ELEMENTOS COMPLEMENTARIOS PARA LA ATENCIÓN DEL USUARIO,10201,NEGACIÓN EN LA ASIGNACIÓN DE CITAS O CONSULTAS,1020103,ESPECIALIDADES MÉDICAS ,1020103061,MEDICINA FÍSICA Y REHABILITACIÓN - FISIATRÍA,MATERNO INFANTIL,ATENCIÓN NIÑOS MENORES DE 5 AÑOS,PROBLEMAS RELACIONADOS CON FACILIDADES DE ATENCIÓN MEDICA U OTROS SERVICIOS DE SALUD,No aplica,SIMPLE
31,2024,6,Telefónico,23,23417,US- 000003606255,Otro,HOMBRE,4,DE 0 A 5 AÑOS,No Aplica,Subsidiado,No Aplica,No Aplica,23,23417,MUTUAL SER,RÉGIMEN SUBSIDIADO,ESS207,MUTUAL SER,23,23417,1,BARRERAS EN EL ACCESO A TECNOLOGÍAS Y SERVICIOS DE SALUD; Y OTROS ELEMENTOS COMPLEMENTARIOS PARA LA ATENCIÓN DEL USUARIO,102,NEGACIÓN DE TECNOLOGÍAS EN SALUD Y OTROS ELEMENTOS COMPLEMENTARIOS PARA LA ATENCIÓN DEL USUARIO,10201,NEGACIÓN EN LA ASIGNACIÓN DE CITAS O CONSULTAS,1020103,ESPECIALIDADES MÉDICAS ,1020103082,PEDIATRÍA,MATERNO INFANTIL,ATENCIÓN NIÑOS MENORES DE 5 AÑOS,"LINFADENITIS AGUDA DE CARA, CABEZA Y CUELLO",No aplica,SIMPLE
32,2024,6,Telefónico,73,73001,US- 000001216414,Hijo (A),MUJER,52,DE 50 A 62 AÑOS,Secundaria Incompleta,Subsidiado,No Aplica,No Aplica,73,73001,NUEVA EPS,RÉGIMEN SUBSIDIADO,EPSS41,NUEVA EPS,73,73001,1,BARRERAS EN EL ACCESO A TECNOLOGÍAS Y SERVICIOS DE SALUD; Y OTROS ELEMENTOS COMPLEMENTARIOS PARA LA ATENCIÓN DEL USUARIO,103,FALTA DE OPORTUNIDAD EN LA AUTORIZACIÓN DE TECNOLOGÍAS EN SALUD Y OTROS ELEMENTOS COMPLEMENTARIOS PARA LA ATENCIÓN DEL USUARIO,10301,FALTA DE OPORTUNIDAD EN LA AUTORIZACIÓN DE TECNOLOGÍAS EN SALUD Y/O DE OTROS SERVICIOS,1030101,MEDICAMENTOS UPC,,,PROBLEMAS RELACIONADOS CON FACILIDADES DE ATENCIÓN MÉDICA U OTROS SERVICIOS DE SALUD,PROBLEMAS RELACIONADOS CON FACILIDADES DE ATENCIÓN MÉDICA U OTROS SERVICIOS DE SALUD,LUPUS ERITEMATOSO,No aplica,SIMPLE
33,2024,6,Telefónico,63,63001,US- 000003606256,A nombre propio,MUJER,64,MAYOR DE 63 AÑOS ,Posgrado,Régimen Especial,No Aplica,No Aplica,63,63001,MAGISTERIO,REGÍMENES DE EXCEPCIÓN Y ESPECIALES,REMG01,MAGISTERIO,63,63001,1,BARRERAS EN EL ACCESO A TECNOLOGÍAS Y SERVICIOS DE SALUD; Y OTROS ELEMENTOS COMPLEMENTARIOS PARA LA ATENCIÓN DEL USUARIO,102,NEGACIÓN DE TECNOLOGÍAS EN SALUD Y OTROS ELEMENTOS COMPLEMENTARIOS PARA LA ATENCIÓN DEL USUARIO,10204,NEGACIÓN PARA LA ENTREGA DE TECNOLOGÍAS EN SALUD Y/O DE OTROS SERVICIOS AUTORIZADOS,1020401,MEDICAMENTOS UPC,,,ENFERMEDADES CRÓNICAS NO TRASMISIBLES CARDIOVASCULARES,HTA (HIPERTENSIÓN ARTERIAL),FIBROMIALGIA,No aplica,SIMPLE
34,2024,6,Redes Sociales,54,54001,US- 000003074751,A nombre propio,HOMBRE,58,DE 50 A 62 AÑOS,Secundaria,Contributivo,No Aplica,No Aplica,54,54001,NUEVA EPS,RÉGIMEN CONTRIBUTIVO,EPS037,NUEVA EPS,54,54001,1,BARRERAS EN EL ACCESO A TECNOLOGÍAS Y SERVICIOS DE SALUD; Y OTROS ELEMENTOS COMPLEMENTARIOS PARA LA ATENCIÓN DEL USUARIO,102,NEGACIÓN DE TECNOLOGÍAS EN SALUD Y OTROS ELEMENTOS COMPLEMENTARIOS PARA LA ATENCIÓN DEL USUARIO,10204,NEGACIÓN PARA LA ENTREGA DE TECNOLOGÍAS EN SALUD Y/O DE OTROS SERVICIOS AUTORIZADOS,1020402,MEDICAMENTOS NO UPC,,,ENFERMEDADES CRÓNICAS NO TRANSMISIBLES- FACTORES DE RIESGO,MEDICIÓN DE FACTORES DE RIESGO,HIPERPLASIA DE LA PRÓSTATA,No aplica,PRIORIZADO
35,2024,6,Telefónico,54,54498,US- 000000357068,A nombre propio,HOMBRE,63,MAYOR DE 63 AÑOS ,Primaria,Subsidiado,No Aplica,No Aplica,54,54498,COOSALUD,RÉGIMEN SUBSIDIADO,ESS024,COOSALUD,54,54498,1,BARRERAS EN EL ACCESO A TECNOLOGÍAS Y SERVICIOS DE SALUD; Y OTROS ELEMENTOS COMPLEMENTARIOS PARA LA ATENCIÓN DEL USUARIO,103,FALTA DE OPORTUNIDAD EN LA AUTORIZACIÓN DE TECNOLOGÍAS EN SALUD Y OTROS ELEMENTOS COMPLEMENTARIOS PARA LA ATENCIÓN DEL USUARIO,10301,FALTA DE OPORTUNIDAD EN LA AUTORIZACIÓN DE TECNOLOGÍAS EN SALUD Y/O DE OTROS SERVICIOS,1030108,"TRANSPORTE, ALOJAMIENTO O ALIMENTACIÓN",,,PROBLEMAS RELACIONADOS CON FACILIDADES DE ATENCIÓN MÉDICA U OTROS SERVICIOS DE SALUD,PROBLEMAS RELACIONADOS CON FACILIDADES DE ATENCIÓN MÉDICA U OTROS SERVICIOS DE SALUD,RETINOPATÍA DIABÉTICA (E10-E14† CON CUARTO CARÁCTER COMÚN .3),No aplica,SIMPLE
36,2024,6,Escrito,44,44279,US- 000003606257,A nombre propio,HOMBRE,28,DE 25 A 29 AÑOS,No Aplica,Subsidiado,No Aplica,No Aplica,44,44279,NUEVA EPS,RÉGIMEN SUBSIDIADO,EPSS41,NUEVA EPS,44,44279,1,BARRERAS EN EL ACCESO A TECNOLOGÍAS Y SERVICIOS DE SALUD; Y OTROS ELEMENTOS COMPLEMENTARIOS PARA LA ATENCIÓN DEL USUARIO,101,FALTA DE OPORTUNIDAD EN LA PRESTACIÓN DE TECNOLOGÍAS EN SALUD Y OTROS ELEMENTOS COMPLEMENTARIOS PARA LA ATENCIÓN DEL USUARIO,10101,FALTA DE OPORTUNIDAD EN LAS CITAS O CONSULTAS,1010113,JUNTA MÉDICA,,,ENFERMEDADES CRÓNICAS NO TRANSMISIBLES- FACTORES DE RIESGO,OBESIDAD,OBESIDAD,No aplica,SIMPLE
37,2024,6,Web,11,11001,US- 000003606258,A nombre propio,HOMBRE,53,DE 50 A 62 AÑOS,No Aplica,Subsidiado,No Aplica,No Aplica,11,11001,COMPENSAR,RÉGIMEN CONTRIBUTIVO,EPS008,COMPENSAR,11,11001,1,BARRERAS EN EL ACCESO A TECNOLOGÍAS Y SERVICIOS DE SALUD; Y OTROS ELEMENTOS COMPLEMENTARIOS PARA LA ATENCIÓN DEL USUARIO,101,FALTA DE OPORTUNIDAD EN LA PRESTACIÓN DE TECNOLOGÍAS EN SALUD Y OTROS ELEMENTOS COMPLEMENTARIOS PARA LA ATENCIÓN DEL USUARIO,10104,FALTA DE OPORTUNIDAD EN LA ENTREGA O ENTREGA INCOMPLETA DE TECNOLOGÍAS EN SALUD Y/O PRESTACIÓN DE OTROS SERVICIOS,1010401,MEDICAMENTOS UPC,,,ENFERMEDADES CRÓNICAS NO TRANSMISIBLES –DIABETES,DIABETES,DIABETES MELLITUS INSULINODEPENDIENTE SIN MENCIÓN DE COMPLICACIÓN,No aplica,PRIORIZADO
38,2024,6,Web,15,15516,US- 000003606259,A nombre propio,MUJER,84,MAYOR DE 63 AÑOS ,No Aplica,Subsidiado,No Aplica,No Aplica,15,15516,NUEVA EPS,RÉGIMEN SUBSIDIADO,EPSS41,NUEVA EPS,15,15516,1,BARRERAS EN EL ACCESO A TECNOLOGÍAS Y SERVICIOS DE SALUD; Y OTROS ELEMENTOS COMPLEMENTARIOS PARA LA ATENCIÓN DEL USUARIO,101,FALTA DE OPORTUNIDAD EN LA PRESTACIÓN DE TECNOLOGÍAS EN SALUD Y OTROS ELEMENTOS COMPLEMENTARIOS PARA LA ATENCIÓN DEL USUARIO,10104,FALTA DE OPORTUNIDAD EN LA ENTREGA O ENTREGA INCOMPLETA DE TECNOLOGÍAS EN SALUD Y/O PRESTACIÓN DE OTROS SERVICIOS,1010401,MEDICAMENTOS UPC,,,ENFERMEDADES OSTEOARTICULARES,OTROS,OSTEOPOROSIS SIN FRACTURA PATOLÓGICA,No aplica,SIMPLE
39,2024,6,Web,8,8558,US- 000002997693,A nombre propio,MUJER,16,DE 13 A 17 AÑOS,No Aplica,Subsidiado,No Aplica,Persona con discapacidad,8,8558,NUEVA EPS,RÉGIMEN SUBSIDIADO,EPSS41,NUEVA EPS,8,8558,4,INSATISFACCIÓN DEL USUARIO CON EL PROCESO ADMINISTRATIVO,404,INSATISFACCIÓN RELACIONADA CON TRÁMITES ADMINISTRATIVOS,40402,FALLAS O IRREGULARIDADES EN EL MANEJO TÉCNICO DE LA HISTORIA CLÍNICA Y/O REGISTROS ASISTENCIALES,,,,,ENFERMEDADES OSTEOARTICULARES,OTROS,PARÁLISIS CEREBRAL ESPÁSTICA,No aplica,SIMPLE
40,2024,6,Escrito,76,76001,US- 000003606260,A nombre propio,HOMBRE,17,DE 13 A 17 AÑOS,No Aplica,Contributivo,No Aplica,No Aplica,76,76001,SOS -SERVICIO OCCIDENTAL DE SALUD,RÉGIMEN CONTRIBUTIVO,EPS018,SERVICIO OCCIDENTAL DE SALUD (SOS),76,76001,1,BARRERAS EN EL ACCESO A TECNOLOGÍAS Y SERVICIOS DE SALUD; Y OTROS ELEMENTOS COMPLEMENTARIOS PARA LA ATENCIÓN DEL USUARIO,101,FALTA DE OPORTUNIDAD EN LA PRESTACIÓN DE TECNOLOGÍAS EN SALUD Y OTROS ELEMENTOS COMPLEMENTARIOS PARA LA ATENCIÓN DEL USUARIO,10101,FALTA DE OPORTUNIDAD EN LAS CITAS O CONSULTAS,1010101,MEDICINA GENERAL,,,PROBLEMAS RELACIONADOS CON FACILIDADES DE ATENCIÓN MÉDICA U OTROS SERVICIOS DE SALUD,PROBLEMAS RELACIONADOS CON FACILIDADES DE ATENCIÓN MÉDICA U OTROS SERVICIOS DE SALUD,OTRAS CONVULSIONES Y LAS NO ESPECIFICADAS,No aplica,SIMPLE
41,2024,6,Telefónico,5,5380,US- 000000048755,A nombre propio,MUJER,35,DE 30 A 37 AÑOS,Secundaria,Contributivo,No Aplica,No Aplica,5,5380,NUEVA EPS,RÉGIMEN CONTRIBUTIVO,EPS037,NUEVA EPS,5,5380,1,BARRERAS EN EL ACCESO A TECNOLOGÍAS Y SERVICIOS DE SALUD; Y OTROS ELEMENTOS COMPLEMENTARIOS PARA LA ATENCIÓN DEL USUARIO,101,FALTA DE OPORTUNIDAD EN LA PRESTACIÓN DE TECNOLOGÍAS EN SALUD Y OTROS ELEMENTOS COMPLEMENTARIOS PARA LA ATENCIÓN DEL USUARIO,10101,FALTA DE OPORTUNIDAD EN LAS CITAS O CONSULTAS,1010103,ESPECIALIDADES MÉDICAS ,1010103039,ENDOCRINOLOGÍA,ENFERMEDADES CRÓNICAS NO TRANSMISIBLES- FACTORES DE RIESGO,OBESIDAD,OBESIDAD,No aplica,SIMPLE
42,2024,6,Web,5,5001,US- 000003606261,Madre,HOMBRE,10,DE 6 A 12 AÑOS,No Aplica,Contributivo,No Aplica,No Aplica,5,5001,SAVIA SALUD,RÉGIMEN SUBSIDIADO,EPSS40,SAVIA SALUD EPS,5,5001,1,BARRERAS EN EL ACCESO A TECNOLOGÍAS Y SERVICIOS DE SALUD; Y OTROS ELEMENTOS COMPLEMENTARIOS PARA LA ATENCIÓN DEL USUARIO,101,FALTA DE OPORTUNIDAD EN LA PRESTACIÓN DE TECNOLOGÍAS EN SALUD Y OTROS ELEMENTOS COMPLEMENTARIOS PARA LA ATENCIÓN DEL USUARIO,10101,FALTA DE OPORTUNIDAD EN LAS CITAS O CONSULTAS,1010103,ESPECIALIDADES MÉDICAS ,1010103026,CIRUGÍA PEDIÁTRICA,PROBLEMAS RELACIONADOS CON FACILIDADES DE ATENCIÓN MÉDICA U OTROS SERVICIOS DE SALUD,PROBLEMAS RELACIONADOS CON FACILIDADES DE ATENCIÓN MÉDICA U OTROS SERVICIOS DE SALUD,OTROS PROBLEMAS RELACIONADOS CON SERVICIOS MÉDICOS Y DE SALUD,No aplica,SIMPLE
43,2024,6,Personalizado,76,76001,US- 000003606262,A nombre propio,MUJER,54,DE 50 A 62 AÑOS,Secundaria,Contributivo,Afrocolombiano o Afrodescendiente,No Aplica,76,76001,COOSALUD,RÉGIMEN SUBSIDIADO,ESS024,COOSALUD,76,76001,1,BARRERAS EN EL ACCESO A TECNOLOGÍAS Y SERVICIOS DE SALUD; Y OTROS ELEMENTOS COMPLEMENTARIOS PARA LA ATENCIÓN DEL USUARIO,102,NEGACIÓN DE TECNOLOGÍAS EN SALUD Y OTROS ELEMENTOS COMPLEMENTARIOS PARA LA ATENCIÓN DEL USUARIO,10203,NEGACIÓN EN LA ATENCIÓN EN OTROS SERVICIOS DE SALUD,1020309,PROCEDIMIENTOS QUIRÚRGICOS,1020309003,OTROS PROCEDIMIENTOS QUIRÚRGICOS,PROBLEMAS RELACIONADOS CON FACILIDADES DE ATENCIÓN MÉDICA U OTROS SERVICIOS DE SALUD,PROBLEMAS RELACIONADOS CON FACILIDADES DE ATENCIÓN MÉDICA U OTROS SERVICIOS DE SALUD,OTROS DOLORES ABDOMINALES Y LOS NO ESPECIFICADOS,No aplica,SIMPLE
44,2024,6,Web,11,11001,US- 000001769918,Madre,HOMBRE,5,DE 0 A 5 AÑOS,No Aplica,Contributivo,No Aplica,No Aplica,11,11001,COMPENSAR,RÉGIMEN CONTRIBUTIVO,EPS008,COMPENSAR,11,11001,1,BARRERAS EN EL ACCESO A TECNOLOGÍAS Y SERVICIOS DE SALUD; Y OTROS ELEMENTOS COMPLEMENTARIOS PARA LA ATENCIÓN DEL USUARIO,101,FALTA DE OPORTUNIDAD EN LA PRESTACIÓN DE TECNOLOGÍAS EN SALUD Y OTROS ELEMENTOS COMPLEMENTARIOS PARA LA ATENCIÓN DEL USUARIO,10101,FALTA DE OPORTUNIDAD EN LAS CITAS O CONSULTAS,1010103,ESPECIALIDADES MÉDICAS ,1010103001,ALERGOLOGÍA,MATERNO INFANTIL,ATENCIÓN NIÑOS MENORES DE 5 AÑOS,ALERGIA NO ESPECIFICADA,No aplica,SIMPLE
45,2024,6,Telefónico,76,76001,US- 000003225528,A nombre propio,MUJER,54,DE 50 A 62 AÑOS,Primaria,Subsidiado,No Aplica,No Aplica,76,76001,COOSALUD,RÉGIMEN SUBSIDIADO,ESS024,COOSALUD,76,76001,1,BARRERAS EN EL ACCESO A TECNOLOGÍAS Y SERVICIOS DE SALUD; Y OTROS ELEMENTOS COMPLEMENTARIOS PARA LA ATENCIÓN DEL USUARIO,102,NEGACIÓN DE TECNOLOGÍAS EN SALUD Y OTROS ELEMENTOS COMPLEMENTARIOS PARA LA ATENCIÓN DEL USUARIO,10201,NEGACIÓN EN LA ASIGNACIÓN DE CITAS O CONSULTAS,1020103,ESPECIALIDADES MÉDICAS ,1020103022,CIRUGÍA GENERAL,PROBLEMAS RELACIONADOS CON FACILIDADES DE ATENCIÓN MÉDICA U OTROS SERVICIOS DE SALUD,PROBLEMAS RELACIONADOS CON FACILIDADES DE ATENCIÓN MÉDICA U OTROS SERVICIOS DE SALUD,DOLOR ABDOMINAL LOCALIZADO EN PARTE SUPERIOR,No aplica,SIMPLE
46,2024,6,Web,76,76520,US- 000000135703,A nombre propio,HOMBRE,58,DE 50 A 62 AÑOS,No Aplica,Contributivo,No Aplica,No Aplica,76,76520,NUEVA EPS,RÉGIMEN CONTRIBUTIVO,EPS037,NUEVA EPS,76,76520,1,BARRERAS EN EL ACCESO A TECNOLOGÍAS Y SERVICIOS DE SALUD; Y OTROS ELEMENTOS COMPLEMENTARIOS PARA LA ATENCIÓN DEL USUARIO,102,NEGACIÓN DE TECNOLOGÍAS EN SALUD Y OTROS ELEMENTOS COMPLEMENTARIOS PARA LA ATENCIÓN DEL USUARIO,10207,NEGACIÓN EN LA AUTORIZACIÓN DE TECNOLOGÍAS EN SALUD Y/O DE OTROS SERVICIOS,1020701,MEDICAMENTOS UPC,,,PROBLEMAS RELACIONADOS CON FACILIDADES DE ATENCIÓN MÉDICA U OTROS SERVICIOS DE SALUD,PROBLEMAS RELACIONADOS CON FACILIDADES DE ATENCIÓN MÉDICA U OTROS SERVICIOS DE SALUD,OTRAS CONVULSIONES Y LAS NO ESPECIFICADAS,No aplica,PRIORIZADO
47,2024,6,Web,8,8001,US- 000001351772,Padre,HOMBRE,8,DE 6 A 12 AÑOS,No Aplica,Contributivo,No Aplica,No Aplica,8,8001,NUEVA EPS,RÉGIMEN CONTRIBUTIVO,EPS037,NUEVA EPS,8,8001,1,BARRERAS EN EL ACCESO A TECNOLOGÍAS Y SERVICIOS DE SALUD; Y OTROS ELEMENTOS COMPLEMENTARIOS PARA LA ATENCIÓN DEL USUARIO,101,FALTA DE OPORTUNIDAD EN LA PRESTACIÓN DE TECNOLOGÍAS EN SALUD Y OTROS ELEMENTOS COMPLEMENTARIOS PARA LA ATENCIÓN DEL USUARIO,10104,FALTA DE OPORTUNIDAD EN LA ENTREGA O ENTREGA INCOMPLETA DE TECNOLOGÍAS EN SALUD Y/O PRESTACIÓN DE OTROS SERVICIOS,1010406,SOPORTE NUTRICIONAL,,,PROBLEMAS RELACIONADOS CON FACILIDADES DE ATENCIÓN MÉDICA U OTROS SERVICIOS DE SALUD,PROBLEMAS RELACIONADOS CON FACILIDADES DE ATENCIÓN MÉDICA U OTROS SERVICIOS DE SALUD,RETARDO DEL DESARROLLO DEBIDO A DESNUTRICIÓN PROTEICOCALORICA,No aplica,PRIORIZADO
48,2024,6,Web,13,13760,US- 000003606263,A nombre propio,MUJER,49,DE 38 A 49 AÑOS,No Aplica,Subsidiado,No Aplica,No Aplica,13,13760,MUTUAL SER,RÉGIMEN SUBSIDIADO,ESS207,MUTUAL SER,13,13760,1,BARRERAS EN EL ACCESO A TECNOLOGÍAS Y SERVICIOS DE SALUD; Y OTROS ELEMENTOS COMPLEMENTARIOS PARA LA ATENCIÓN DEL USUARIO,102,NEGACIÓN DE TECNOLOGÍAS EN SALUD Y OTROS ELEMENTOS COMPLEMENTARIOS PARA LA ATENCIÓN DEL USUARIO,10204,NEGACIÓN PARA LA ENTREGA DE TECNOLOGÍAS EN SALUD Y/O DE OTROS SERVICIOS AUTORIZADOS,1020401,MEDICAMENTOS UPC,,,PROBLEMAS RELACIONADOS CON FACILIDADES DE ATENCIÓN MÉDICA U OTROS SERVICIOS DE SALUD,PROBLEMAS RELACIONADOS CON FACILIDADES DE ATENCIÓN MÉDICA U OTROS SERVICIOS DE SALUD,OTROS PROBLEMAS RELACIONADOS CON SERVICIOS MÉDICOS Y DE SALUD,No aplica,SIMPLE
49,2024,6,Personalizado,66,66001,US- 000003606264,Madre,HOMBRE,5,DE 0 A 5 AÑOS,No Aplica,Contributivo,No Aplica,No Aplica,66,66001,NUEVA EPS,RÉGIMEN CONTRIBUTIVO,EPS037,NUEVA EPS,66,66001,4,INSATISFACCIÓN DEL USUARIO CON EL PROCESO ADMINISTRATIVO,405,PROBLEMAS EN EL RECONOCIMIENTO Y/O PAGO DE PRESTACIONES ECONÓMICAS,40502,NEGACIÓN Y/O FALTA DE OPORTUNIDAD EN EL RECONOCIMIENTO DE REEMBOLSOS,4050206,"TRANSPORTE, ALOJAMIENTO O ALIMENTACIÓN",,,MATERNO INFANTIL,ATENCIÓN NIÑOS MENORES DE 5 AÑOS,OTROS TRASTORNOS DE LA GLÁNDULA SUPRARRENAL,No aplica,SIMPLE
50,2024,6,Web,73,73449,US- 000003003211,A nombre propio,MUJER,36,DE 30 A 37 AÑOS,No Aplica,Contributivo,No Aplica,No Aplica,73,73449,SALUD TOTAL,RÉGIMEN CONTRIBUTIVO,EPS002,SALUD TOTAL,73,73449,1,BARRERAS EN EL ACCESO A TECNOLOGÍAS Y SERVICIOS DE SALUD; Y OTROS ELEMENTOS COMPLEMENTARIOS PARA LA ATENCIÓN DEL USUARIO,101,FALTA DE OPORTUNIDAD EN LA PRESTACIÓN DE TECNOLOGÍAS EN SALUD Y OTROS ELEMENTOS COMPLEMENTARIOS PARA LA ATENCIÓN DEL USUARIO,10104,FALTA DE OPORTUNIDAD EN LA ENTREGA O ENTREGA INCOMPLETA DE TECNOLOGÍAS EN SALUD Y/O PRESTACIÓN DE OTROS SERVICIOS,1010401,MEDICAMENTOS UPC,,,ENFERMEDADES NEUROLÓGICAS,EPILEPSIA,EPILEPSIA Y SÍNDROMES EPILÉPTICOS SINTOMÁTICOS RELACIONADOS CON LOCALIZACIONES (FOCALES) (PARCIALES) Y CON ATAQUES PARCIALES SIMPLES,No aplica,PRIORIZADO
51,2024,6,Web,73,73275,US- 000003606265,A nombre propio,MUJER,59,DE 50 A 62 AÑOS,No Aplica,Subsidiado,No Aplica,No Aplica,73,73275,NUEVA EPS,RÉGIMEN SUBSIDIADO,EPSS41,NUEVA EPS,25,25307,1,BARRERAS EN EL ACCESO A TECNOLOGÍAS Y SERVICIOS DE SALUD; Y OTROS ELEMENTOS COMPLEMENTARIOS PARA LA ATENCIÓN DEL USUARIO,101,FALTA DE OPORTUNIDAD EN LA PRESTACIÓN DE TECNOLOGÍAS EN SALUD Y OTROS ELEMENTOS COMPLEMENTARIOS PARA LA ATENCIÓN DEL USUARIO,10103,FALTA DE OPORTUNIDAD EN LA ATENCIÓN EN OTROS SERVICIOS DE SALUD,1010308,PROCEDIMIENTOS NO QUIRÚRGICOS,1010308006,OTROS PROCEDIMIENTOS NO QUIRÚRGICOS,ENFERMEDADES NEUROLÓGICAS,EPILEPSIA,EPILEPSIA Y SÍNDROMES EPILÉPTICOS IDIOPÁTICOS RELACIONADOS CON LOCALIZACIONES (FOCALES) (PARCIALES) Y CON ATAQUES DE INICIO LOCALIZADO,No aplica,SIMPLE
52,2024,6,Web,11,11001,US- 000003606266,A nombre propio,HOMBRE,63,MAYOR DE 63 AÑOS ,No Aplica,Contributivo,No Aplica,No Aplica,11,11001,COMPENSAR,RÉGIMEN CONTRIBUTIVO,EPS008,COMPENSAR,11,11001,1,BARRERAS EN EL ACCESO A TECNOLOGÍAS Y SERVICIOS DE SALUD; Y OTROS ELEMENTOS COMPLEMENTARIOS PARA LA ATENCIÓN DEL USUARIO,101,FALTA DE OPORTUNIDAD EN LA PRESTACIÓN DE TECNOLOGÍAS EN SALUD Y OTROS ELEMENTOS COMPLEMENTARIOS PARA LA ATENCIÓN DEL USUARIO,10103,FALTA DE OPORTUNIDAD EN LA ATENCIÓN EN OTROS SERVICIOS DE SALUD,1010309,PROCEDIMIENTOS QUIRÚRGICOS,1010309003,OTROS PROCEDIMIENTOS QUIRÚRGICOS,PROBLEMAS RELACIONADOS CON FACILIDADES DE ATENCIÓN MÉDICA U OTROS SERVICIOS DE SALUD,PROBLEMAS RELACIONADOS CON FACILIDADES DE ATENCIÓN MÉDICA U OTROS SERVICIOS DE SALUD,HIPERPLASIA DE LA PRÓSTATA,No aplica,SIMPLE
53,2024,6,Web,17,17486,US- 000003606267,A nombre propio,MUJER,31,DE 30 A 37 AÑOS,No Aplica,Subsidiado,No Aplica,No Aplica,17,17486,SALUD TOTAL,RÉGIMEN CONTRIBUTIVO,EPS002,SALUD TOTAL,17,17486,1,BARRERAS EN EL ACCESO A TECNOLOGÍAS Y SERVICIOS DE SALUD; Y OTROS ELEMENTOS COMPLEMENTARIOS PARA LA ATENCIÓN DEL USUARIO,102,NEGACIÓN DE TECNOLOGÍAS EN SALUD Y OTROS ELEMENTOS COMPLEMENTARIOS PARA LA ATENCIÓN DEL USUARIO,10203,NEGACIÓN EN LA ATENCIÓN EN OTROS SERVICIOS DE SALUD,1020309,PROCEDIMIENTOS QUIRÚRGICOS,1020309003,OTROS PROCEDIMIENTOS QUIRÚRGICOS,PROBLEMAS RELACIONADOS CON FACILIDADES DE ATENCIÓN MÉDICA U OTROS SERVICIOS DE SALUD,PROBLEMAS RELACIONADOS CON FACILIDADES DE ATENCIÓN MÉDICA U OTROS SERVICIOS DE SALUD,TUMOR BENIGNO DE LA MAMA,No aplica,SIMPLE
54,2024,5,Web,5,5390,US- 000003606268,A nombre propio,HOMBRE,2,DE 0 A 5 AÑOS,No Aplica,Subsidiado,No Aplica,No Aplica,5,5390,SAVIA SALUD,RÉGIMEN SUBSIDIADO,EPSS40,SAVIA SALUD EPS,5,5390,1,BARRERAS EN EL ACCESO A TECNOLOGÍAS Y SERVICIOS DE SALUD; Y OTROS ELEMENTOS COMPLEMENTARIOS PARA LA ATENCIÓN DEL USUARIO,101,FALTA DE OPORTUNIDAD EN LA PRESTACIÓN DE TECNOLOGÍAS EN SALUD Y OTROS ELEMENTOS COMPLEMENTARIOS PARA LA ATENCIÓN DEL USUARIO,10101,FALTA DE OPORTUNIDAD EN LAS CITAS O CONSULTAS,1010103,ESPECIALIDADES MÉDICAS ,1010103082,PEDIATRÍA,MATERNO INFANTIL,ATENCIÓN NIÑOS MENORES DE 5 AÑOS,CONTROL DE SALUD DE RUTINA DEL NIÑO,No aplica,SIMPLE
55,2024,6,Telefónico,5,5001,US- 000000938320,A nombre propio,HOMBRE,71,MAYOR DE 63 AÑOS ,Universitario,Contributivo,No Aplica,No Aplica,5,5001,SURAMERICANA EPS,RÉGIMEN CONTRIBUTIVO,EPS010,EPS SURA,5,5001,1,BARRERAS EN EL ACCESO A TECNOLOGÍAS Y SERVICIOS DE SALUD; Y OTROS ELEMENTOS COMPLEMENTARIOS PARA LA ATENCIÓN DEL USUARIO,101,FALTA DE OPORTUNIDAD EN LA PRESTACIÓN DE TECNOLOGÍAS EN SALUD Y OTROS ELEMENTOS COMPLEMENTARIOS PARA LA ATENCIÓN DEL USUARIO,10101,FALTA DE OPORTUNIDAD EN LAS CITAS O CONSULTAS,1010103,ESPECIALIDADES MÉDICAS ,1010103094,UROLOGÍA,PROBLEMAS RELACIONADOS CON FACILIDADES DE ATENCIÓN MÉDICA U OTROS SERVICIOS DE SALUD,PROBLEMAS RELACIONADOS CON FACILIDADES DE ATENCIÓN MÉDICA U OTROS SERVICIOS DE SALUD,"HEMORRAGIA GASTROINTESTINAL, NO ESPECIFICADA",No aplica,SIMPLE
56,2024,5,Telefónico,5,5001,US- 000003606269,Cónyuge,HOMBRE,62,DE 50 A 62 AÑOS,Primaria,Subsidiado,No Aplica,No Aplica,5,5001,SAVIA SALUD,RÉGIMEN SUBSIDIADO,EPSS40,SAVIA SALUD EPS,5,5001,1,BARRERAS EN EL ACCESO A TECNOLOGÍAS Y SERVICIOS DE SALUD; Y OTROS ELEMENTOS COMPLEMENTARIOS PARA LA ATENCIÓN DEL USUARIO,102,NEGACIÓN DE TECNOLOGÍAS EN SALUD Y OTROS ELEMENTOS COMPLEMENTARIOS PARA LA ATENCIÓN DEL USUARIO,10201,NEGACIÓN EN LA ASIGNACIÓN DE CITAS O CONSULTAS,1020103,ESPECIALIDADES MÉDICAS ,1020103006,CARDIOLOGÍA,PROBLEMAS RELACIONADOS CON FACILIDADES DE ATENCIÓN MÉDICA U OTROS SERVICIOS DE SALUD,PROBLEMAS RELACIONADOS CON FACILIDADES DE ATENCIÓN MÉDICA U OTROS SERVICIOS DE SALUD,PROBLEMAS RELACIONADOS CON FACILIDADES DE ATENCIÓN MEDICA U OTROS SERVICIOS DE SALUD,No aplica,PRIORIZADO
57,2024,6,Web,73,73411,US- 000002707006,A nombre propio,HOMBRE,6,DE 6 A 12 AÑOS,No Aplica,Subsidiado,No Aplica,Persona con discapacidad,73,73411,SALUD TOTAL,RÉGIMEN CONTRIBUTIVO,EPS002,SALUD TOTAL,73,73411,1,BARRERAS EN EL ACCESO A TECNOLOGÍAS Y SERVICIOS DE SALUD; Y OTROS ELEMENTOS COMPLEMENTARIOS PARA LA ATENCIÓN DEL USUARIO,102,NEGACIÓN DE TECNOLOGÍAS EN SALUD Y OTROS ELEMENTOS COMPLEMENTARIOS PARA LA ATENCIÓN DEL USUARIO,10204,NEGACIÓN PARA LA ENTREGA DE TECNOLOGÍAS EN SALUD Y/O DE OTROS SERVICIOS AUTORIZADOS,1020404,DISPOSITIVOS MÉDICOS NO UPC,,,PROBLEMAS RELACIONADOS CON FACILIDADES DE ATENCIÓN MÉDICA U OTROS SERVICIOS DE SALUD,PROBLEMAS RELACIONADOS CON FACILIDADES DE ATENCIÓN MÉDICA U OTROS SERVICIOS DE SALUD,OTROS PROBLEMAS RELACIONADOS CON SERVICIOS MÉDICOS Y DE SALUD,No aplica,SIMPLE
58,2024,6,Web,11,11001,US- 000001131047,A nombre propio,MUJER,73,MAYOR DE 63 AÑOS ,No Aplica,Contributivo,No Aplica,Persona con discapacidad,11,11001,NUEVA EPS,RÉGIMEN CONTRIBUTIVO,EPS037,NUEVA EPS,11,11001,1,BARRERAS EN EL ACCESO A TECNOLOGÍAS Y SERVICIOS DE SALUD; Y OTROS ELEMENTOS COMPLEMENTARIOS PARA LA ATENCIÓN DEL USUARIO,103,FALTA DE OPORTUNIDAD EN LA AUTORIZACIÓN DE TECNOLOGÍAS EN SALUD Y OTROS ELEMENTOS COMPLEMENTARIOS PARA LA ATENCIÓN DEL USUARIO,10302,FALTA DE OPORTUNIDAD EN LA AUTORIZACIÓN DE CITAS DE CONSULTA,1030203,ESPECIALIDADES MÉDICAS ,1030203072,NEUROLOGÍA,PROBLEMAS RELACIONADOS CON FACILIDADES DE ATENCIÓN MÉDICA U OTROS SERVICIOS DE SALUD,PROBLEMAS RELACIONADOS CON FACILIDADES DE ATENCIÓN MÉDICA U OTROS SERVICIOS DE SALUD,PROBLEMAS RELACIONADOS CON FACILIDADES DE ATENCIÓN MEDICA U OTROS SERVICIOS DE SALUD,No aplica,SIMPLE
59,2024,6,Web,17,17174,US- 000001012209,A nombre propio,MUJER,74,MAYOR DE 63 AÑOS ,No Aplica,Contributivo,No Aplica,No Aplica,17,17174,NUEVA EPS,RÉGIMEN CONTRIBUTIVO,EPS037,NUEVA EPS,76,76109,1,BARRERAS EN EL ACCESO A TECNOLOGÍAS Y SERVICIOS DE SALUD; Y OTROS ELEMENTOS COMPLEMENTARIOS PARA LA ATENCIÓN DEL USUARIO,101,FALTA DE OPORTUNIDAD EN LA PRESTACIÓN DE TECNOLOGÍAS EN SALUD Y OTROS ELEMENTOS COMPLEMENTARIOS PARA LA ATENCIÓN DEL USUARIO,10104,FALTA DE OPORTUNIDAD EN LA ENTREGA O ENTREGA INCOMPLETA DE TECNOLOGÍAS EN SALUD Y/O PRESTACIÓN DE OTROS SERVICIOS,1010401,MEDICAMENTOS UPC,,,PROBLEMAS RELACIONADOS CON FACILIDADES DE ATENCIÓN MÉDICA U OTROS SERVICIOS DE SALUD,PROBLEMAS RELACIONADOS CON FACILIDADES DE ATENCIÓN MÉDICA U OTROS SERVICIOS DE SALUD,SÍNDROME SECO [SJÖGREN],No aplica,SIMPLE
60,2024,6,Escrito,76,76109,US- 000003606270,A nombre propio,HOMBRE,84,MAYOR DE 63 AÑOS ,No Aplica,Régimen Especial,No Aplica,No Aplica,76,76109,FERROCARRILES,ENTIDADES ADAPTADAS AL SISTEMA,EAS027,FONDO DE PASIVO SOCIAL DE FERROCARRILES NACIONALES DE COLOMBIA.,76,76109,1,BARRERAS EN EL ACCESO A TECNOLOGÍAS Y SERVICIOS DE SALUD; Y OTROS ELEMENTOS COMPLEMENTARIOS PARA LA ATENCIÓN DEL USUARIO,102,NEGACIÓN DE TECNOLOGÍAS EN SALUD Y OTROS ELEMENTOS COMPLEMENTARIOS PARA LA ATENCIÓN DEL USUARIO,10204,NEGACIÓN PARA LA ENTREGA DE TECNOLOGÍAS EN SALUD Y/O DE OTROS SERVICIOS AUTORIZADOS,1020404,DISPOSITIVOS MÉDICOS NO UPC,,,CÁNCER ,CÁNCER DE PRÓSTATA,TUMOR MALIGNO DE LA PRÓSTATA,No aplica,PRIORIZADO
61,2024,6,Personalizado,17,17001,US- 000003606271,A nombre propio,HOMBRE,72,MAYOR DE 63 AÑOS ,Primaria,Contributivo,No Aplica,No Aplica,17,17001,NUEVA EPS,RÉGIMEN CONTRIBUTIVO,EPS037,NUEVA EPS,17,17001,1,BARRERAS EN EL ACCESO A TECNOLOGÍAS Y SERVICIOS DE SALUD; Y OTROS ELEMENTOS COMPLEMENTARIOS PARA LA ATENCIÓN DEL USUARIO,102,NEGACIÓN DE TECNOLOGÍAS EN SALUD Y OTROS ELEMENTOS COMPLEMENTARIOS PARA LA ATENCIÓN DEL USUARIO,10204,NEGACIÓN PARA LA ENTREGA DE TECNOLOGÍAS EN SALUD Y/O DE OTROS SERVICIOS AUTORIZADOS,1020401,MEDICAMENTOS UPC,,,ENFERMEDADES CRÓNICAS NO TRASMISIBLES CARDIOVASCULARES,HTA (HIPERTENSIÓN ARTERIAL),HIPERPLASIA DE LA PRÓSTATA,No aplica,SIMPLE
62,2024,6,Personalizado,76,76001,US- 000000916953,Madre,HOMBRE,14,DE 13 A 17 AÑOS,Ninguno,Subsidiado,No Aplica,Persona con discapacidad,76,76001,EMSSANAR EPS,RÉGIMEN SUBSIDIADO,ESS118,EMSSANAR,76,76001,1,BARRERAS EN EL ACCESO A TECNOLOGÍAS Y SERVICIOS DE SALUD; Y OTROS ELEMENTOS COMPLEMENTARIOS PARA LA ATENCIÓN DEL USUARIO,101,FALTA DE OPORTUNIDAD EN LA PRESTACIÓN DE TECNOLOGÍAS EN SALUD Y OTROS ELEMENTOS COMPLEMENTARIOS PARA LA ATENCIÓN DEL USUARIO,10101,FALTA DE OPORTUNIDAD EN LAS CITAS O CONSULTAS,1010101,MEDICINA GENERAL,,,ENFERMEDADES OSTEOARTICULARES,OTROS,PARÁLISIS CEREBRAL ESPÁSTICA,No aplica,PRIORIZADO
63,2024,6,Personalizado,50,50001,US- 000001415569,Madre,MUJER,4,DE 0 A 5 AÑOS,Ninguno,Contributivo,No Aplica,Persona con discapacidad,50,50001,SANITAS,RÉGIMEN CONTRIBUTIVO,EPS005,SANITAS,50,50001,1,BARRERAS EN EL ACCESO A TECNOLOGÍAS Y SERVICIOS DE SALUD; Y OTROS ELEMENTOS COMPLEMENTARIOS PARA LA ATENCIÓN DEL USUARIO,103,FALTA DE OPORTUNIDAD EN LA AUTORIZACIÓN DE TECNOLOGÍAS EN SALUD Y OTROS ELEMENTOS COMPLEMENTARIOS PARA LA ATENCIÓN DEL USUARIO,10301,FALTA DE OPORTUNIDAD EN LA AUTORIZACIÓN DE TECNOLOGÍAS EN SALUD Y/O DE OTROS SERVICIOS,1030107,"ELEMENTOS COMPLEMENTARIOS PARA LA ATENCIÓN DEL USUARIO (PAÑALES, PAÑITOS, ETC.)",,,ENFERMEDADES HUÉRFANAS,SÍNDROME DE RETT,SÍNDROME DE RETT,No aplica,PRIORIZADO
64,2024,6,Web,76,76001,US- 000001458318,A nombre propio,HOMBRE,58,DE 50 A 62 AÑOS,Ninguno,Contributivo,No Aplica,No Aplica,76,76001,SOS -SERVICIO OCCIDENTAL DE SALUD,RÉGIMEN CONTRIBUTIVO,EPS018,SERVICIO OCCIDENTAL DE SALUD (SOS),76,76001,1,BARRERAS EN EL ACCESO A TECNOLOGÍAS Y SERVICIOS DE SALUD; Y OTROS ELEMENTOS COMPLEMENTARIOS PARA LA ATENCIÓN DEL USUARIO,101,FALTA DE OPORTUNIDAD EN LA PRESTACIÓN DE TECNOLOGÍAS EN SALUD Y OTROS ELEMENTOS COMPLEMENTARIOS PARA LA ATENCIÓN DEL USUARIO,10101,FALTA DE OPORTUNIDAD EN LAS CITAS O CONSULTAS,1010103,ESPECIALIDADES MÉDICAS ,1010103069,NEUMOLOGÍA,PROBLEMAS RELACIONADOS CON FACILIDADES DE ATENCIÓN MÉDICA U OTROS SERVICIOS DE SALUD,PROBLEMAS RELACIONADOS CON FACILIDADES DE ATENCIÓN MÉDICA U OTROS SERVICIOS DE SALUD,PROBLEMAS RELACIONADOS CON FACILIDADES DE ATENCIÓN MEDICA U OTROS SERVICIOS DE SALUD,No aplica,SIMPLE
65,2024,6,Web,11,11001,US- 000001329583,A nombre propio,HOMBRE,24,DE 18 A 24 AÑOS,No Aplica,Contributivo,No Aplica,No Aplica,11,11001,COMPENSAR,RÉGIMEN CONTRIBUTIVO,EPS008,COMPENSAR,11,11001,1,BARRERAS EN EL ACCESO A TECNOLOGÍAS Y SERVICIOS DE SALUD; Y OTROS ELEMENTOS COMPLEMENTARIOS PARA LA ATENCIÓN DEL USUARIO,102,NEGACIÓN DE TECNOLOGÍAS EN SALUD Y OTROS ELEMENTOS COMPLEMENTARIOS PARA LA ATENCIÓN DEL USUARIO,10204,NEGACIÓN PARA LA ENTREGA DE TECNOLOGÍAS EN SALUD Y/O DE OTROS SERVICIOS AUTORIZADOS,1020402,MEDICAMENTOS NO UPC,,,SALUD MENTAL,OTROS TRASTORNOS MENTALES,"TRASTORNO DEPRESIVO RECURRENTE, NO ESPECIFICADO",No aplica,PRIORIZADO
66,2024,6,Personalizado,23,23001,US- 000000372312,Padre,HOMBRE,22,DE 18 A 24 AÑOS,Universitario Incompleto,Contributivo,No Aplica,No Aplica,23,23162,NUEVA EPS,RÉGIMEN CONTRIBUTIVO,EPS037,NUEVA EPS,23,23162,4,INSATISFACCIÓN DEL USUARIO CON EL PROCESO ADMINISTRATIVO,404,INSATISFACCIÓN RELACIONADA CON TRÁMITES ADMINISTRATIVOS,40404,INCONSISTENCIA RELACIONADA CON COBROS Y/O APORTES,4040403,COBRO COPAGO,,,SALUD MENTAL,OTROS TRASTORNOS MENTALES,ESQUIZOFRENIA,No aplica,PRIORIZADO
67,2024,4,Personalizado,76,76001,US- 000003606272,A nombre propio,MUJER,45,DE 38 A 49 AÑOS,Secundaria,Subsidiado,No Aplica,No Aplica,76,76001,EMSSANAR EPS,RÉGIMEN SUBSIDIADO,ESS118,EMSSANAR,76,76001,1,BARRERAS EN EL ACCESO A TECNOLOGÍAS Y SERVICIOS DE SALUD; Y OTROS ELEMENTOS COMPLEMENTARIOS PARA LA ATENCIÓN DEL USUARIO,102,NEGACIÓN DE TECNOLOGÍAS EN SALUD Y OTROS ELEMENTOS COMPLEMENTARIOS PARA LA ATENCIÓN DEL USUARIO,10201,NEGACIÓN EN LA ASIGNACIÓN DE CITAS O CONSULTAS,1020103,ESPECIALIDADES MÉDICAS ,1020103002,ANESTESIOLOGÍA,ENFERMEDADES CRÓNICAS NO TRASMISIBLES CARDIOVASCULARES,HTA (HIPERTENSIÓN ARTERIAL),"HEMORRAGIA VAGINAL Y UTERINA ANORMAL, NO ESPECIFICADA",No aplica,SIMPLE
68,2024,5,Personalizado,11,11001,US- 000003606273,A nombre propio,HOMBRE,94,MAYOR DE 63 AÑOS ,Primaria Incompleta,Contributivo,No Aplica,No Aplica,11,11001,COMPENSAR,RÉGIMEN CONTRIBUTIVO,EPS008,COMPENSAR,11,11001,1,BARRERAS EN EL ACCESO A TECNOLOGÍAS Y SERVICIOS DE SALUD; Y OTROS ELEMENTOS COMPLEMENTARIOS PARA LA ATENCIÓN DEL USUARIO,102,NEGACIÓN DE TECNOLOGÍAS EN SALUD Y OTROS ELEMENTOS COMPLEMENTARIOS PARA LA ATENCIÓN DEL USUARIO,10201,NEGACIÓN EN LA ASIGNACIÓN DE CITAS O CONSULTAS,1020103,ESPECIALIDADES MÉDICAS ,1020103034,DERMATOLOGÍA ONCOLÓGICA,CÁNCER ,OTROS,TUMOR MALIGNO DE LA PIEL DE OTRAS PARTES Y DE LAS NO ESPECIFICADAS DE LA CARA,No aplica,PRIORIZADO
69,2024,6,Web,54,54001,US- 000003606274,A nombre propio,HOMBRE,81,MAYOR DE 63 AÑOS ,No Aplica,Contributivo,No Aplica,No Aplica,54,54001,SANITAS,RÉGIMEN CONTRIBUTIVO,EPS005,SANITAS,54,54001,1,BARRERAS EN EL ACCESO A TECNOLOGÍAS Y SERVICIOS DE SALUD; Y OTROS ELEMENTOS COMPLEMENTARIOS PARA LA ATENCIÓN DEL USUARIO,102,NEGACIÓN DE TECNOLOGÍAS EN SALUD Y OTROS ELEMENTOS COMPLEMENTARIOS PARA LA ATENCIÓN DEL USUARIO,10201,NEGACIÓN EN LA ASIGNACIÓN DE CITAS O CONSULTAS,1020103,ESPECIALIDADES MÉDICAS ,1020103022,CIRUGÍA GENERAL,PROBLEMAS RELACIONADOS CON FACILIDADES DE ATENCIÓN MÉDICA U OTROS SERVICIOS DE SALUD,PROBLEMAS RELACIONADOS CON FACILIDADES DE ATENCIÓN MÉDICA U OTROS SERVICIOS DE SALUD,HERNIA INGUINAL,No aplica,SIMPLE
70,2024,6,Web,54,54344,US- 000003606275,A nombre propio,MUJER,84,MAYOR DE 63 AÑOS ,No Aplica,Subsidiado,No Aplica,No Aplica,54,54344,COOSALUD,RÉGIMEN SUBSIDIADO,ESS024,COOSALUD,54,54344,1,BARRERAS EN EL ACCESO A TECNOLOGÍAS Y SERVICIOS DE SALUD; Y OTROS ELEMENTOS COMPLEMENTARIOS PARA LA ATENCIÓN DEL USUARIO,103,FALTA DE OPORTUNIDAD EN LA AUTORIZACIÓN DE TECNOLOGÍAS EN SALUD Y OTROS ELEMENTOS COMPLEMENTARIOS PARA LA ATENCIÓN DEL USUARIO,10301,FALTA DE OPORTUNIDAD EN LA AUTORIZACIÓN DE TECNOLOGÍAS EN SALUD Y/O DE OTROS SERVICIOS,1030108,"TRANSPORTE, ALOJAMIENTO O ALIMENTACIÓN",,,CÁNCER ,OTROS,TUMOR MALIGNO DE LA ORBITA,No aplica,PRIORIZADO
71,2024,5,Personalizado,11,11001,US- 000003251248,Cónyuge,HOMBRE,63,MAYOR DE 63 AÑOS ,Universitario,Contributivo,No Aplica,No Aplica,11,11001,SURAMERICANA EPS,RÉGIMEN CONTRIBUTIVO,EPS010,EPS SURA,11,11001,1,BARRERAS EN EL ACCESO A TECNOLOGÍAS Y SERVICIOS DE SALUD; Y OTROS ELEMENTOS COMPLEMENTARIOS PARA LA ATENCIÓN DEL USUARIO,103,FALTA DE OPORTUNIDAD EN LA AUTORIZACIÓN DE TECNOLOGÍAS EN SALUD Y OTROS ELEMENTOS COMPLEMENTARIOS PARA LA ATENCIÓN DEL USUARIO,10301,FALTA DE OPORTUNIDAD EN LA AUTORIZACIÓN DE TECNOLOGÍAS EN SALUD Y/O DE OTROS SERVICIOS,1030101,MEDICAMENTOS UPC,,,CÁNCER ,OTROS,TUMOR MALIGNO DE LA PRÓSTATA,No aplica,PRIORIZADO
72,2024,6,Web,81,81794,US- 000000673056,A nombre propio,MUJER,44,DE 38 A 49 AÑOS,No Aplica,Contributivo,No Aplica,No Aplica,81,81794,NUEVA EPS,RÉGIMEN CONTRIBUTIVO,EPS037,NUEVA EPS,81,81794,1,BARRERAS EN EL ACCESO A TECNOLOGÍAS Y SERVICIOS DE SALUD; Y OTROS ELEMENTOS COMPLEMENTARIOS PARA LA ATENCIÓN DEL USUARIO,101,FALTA DE OPORTUNIDAD EN LA PRESTACIÓN DE TECNOLOGÍAS EN SALUD Y OTROS ELEMENTOS COMPLEMENTARIOS PARA LA ATENCIÓN DEL USUARIO,10101,FALTA DE OPORTUNIDAD EN LAS CITAS O CONSULTAS,1010103,ESPECIALIDADES MÉDICAS ,1010103078,ORTOPEDIA Y TRAUMATOLOGÍA,ENFERMEDADES OSTEOARTICULARES,OTROS,ESGUINCES Y TORCEDURAS QUE COMPROMETEN LOS LIGAMENTOS LATERALES (EXTERNO) (INTERNO) DE LA RODILLA,No aplica,SIMPLE
73,2024,6,Web,8,8758,US- 000000354541,A nombre propio,HOMBRE,48,DE 38 A 49 AÑOS,No Aplica,Contributivo,Mulato ,Persona con discapacidad,8,8758,NUEVA EPS,RÉGIMEN CONTRIBUTIVO,EPS037,NUEVA EPS,8,8758,1,BARRERAS EN EL ACCESO A TECNOLOGÍAS Y SERVICIOS DE SALUD; Y OTROS ELEMENTOS COMPLEMENTARIOS PARA LA ATENCIÓN DEL USUARIO,102,NEGACIÓN DE TECNOLOGÍAS EN SALUD Y OTROS ELEMENTOS COMPLEMENTARIOS PARA LA ATENCIÓN DEL USUARIO,10204,NEGACIÓN PARA LA ENTREGA DE TECNOLOGÍAS EN SALUD Y/O DE OTROS SERVICIOS AUTORIZADOS,1020401,MEDICAMENTOS UPC,,,SALUD MENTAL,OTROS TRASTORNOS MENTALES,"TRASTORNO MENTAL ORGÁNICO O SINTOMÁTICO, NO ESPECIFICADO",No aplica,PRIORIZADO
74,2024,5,Personalizado,11,11001,US- 000001605665,Hijo (A),MUJER,77,MAYOR DE 63 AÑOS ,No Aplica,Subsidiado,No Aplica,No Aplica,11,11001,CAPITAL SALUD,RÉGIMEN SUBSIDIADO,EPSS34,CAPITAL SALUD,11,11001,1,BARRERAS EN EL ACCESO A TECNOLOGÍAS Y SERVICIOS DE SALUD; Y OTROS ELEMENTOS COMPLEMENTARIOS PARA LA ATENCIÓN DEL USUARIO,102,NEGACIÓN DE TECNOLOGÍAS EN SALUD Y OTROS ELEMENTOS COMPLEMENTARIOS PARA LA ATENCIÓN DEL USUARIO,10201,NEGACIÓN EN LA ASIGNACIÓN DE CITAS O CONSULTAS,1020103,ESPECIALIDADES MÉDICAS ,1020103006,CARDIOLOGÍA,ENFERMEDADES CRÓNICAS NO TRASMISIBLES CARDIOVASCULARES,OTROS,ANGINA INESTABLE,No aplica,SIMPLE
75,2024,2,Personalizado,11,11001,US- 000001791948,Madre,MUJER,29,DE 25 A 29 AÑOS,Universitario,Contributivo,No Aplica,No Aplica,11,11001,NUEVA EPS,RÉGIMEN CONTRIBUTIVO,EPS037,NUEVA EPS,25,25754,1,BARRERAS EN EL ACCESO A TECNOLOGÍAS Y SERVICIOS DE SALUD; Y OTROS ELEMENTOS COMPLEMENTARIOS PARA LA ATENCIÓN DEL USUARIO,102,NEGACIÓN DE TECNOLOGÍAS EN SALUD Y OTROS ELEMENTOS COMPLEMENTARIOS PARA LA ATENCIÓN DEL USUARIO,10201,NEGACIÓN EN LA ASIGNACIÓN DE CITAS O CONSULTAS,1020103,ESPECIALIDADES MÉDICAS ,1020103075,OFTALMOLOGÍA,ENFERMEDADES CRÓNICAS NO TRANSMISIBLES –DIABETES,DIABETES,DIABETES MELLITUS INSULINODEPENDIENTE SIN MENCIÓN DE COMPLICACIÓN,No aplica,SIMPLE
76,2024,4,Web,76,76736,US- 000003606276,A nombre propio,MUJER,71,MAYOR DE 63 AÑOS ,No Aplica,Subsidiado,No Aplica,No Aplica,76,76736,EMSSANAR EPS,RÉGIMEN SUBSIDIADO,ESS118,EMSSANAR,76,76736,1,BARRERAS EN EL ACCESO A TECNOLOGÍAS Y SERVICIOS DE SALUD; Y OTROS ELEMENTOS COMPLEMENTARIOS PARA LA ATENCIÓN DEL USUARIO,102,NEGACIÓN DE TECNOLOGÍAS EN SALUD Y OTROS ELEMENTOS COMPLEMENTARIOS PARA LA ATENCIÓN DEL USUARIO,10204,NEGACIÓN PARA LA ENTREGA DE TECNOLOGÍAS EN SALUD Y/O DE OTROS SERVICIOS AUTORIZADOS,1020401,MEDICAMENTOS UPC,,,PROBLEMAS RELACIONADOS CON FACILIDADES DE ATENCIÓN MÉDICA U OTROS SERVICIOS DE SALUD,PROBLEMAS RELACIONADOS CON FACILIDADES DE ATENCIÓN MÉDICA U OTROS SERVICIOS DE SALUD,VENAS VARICOSAS DE LOS MIEMBROS INFERIORES CON ULCERA E INFLAMACIÓN,No aplica,SIMPLE
77,2024,6,Telefónico,5,5088,US- 000003606277,A nombre propio,HOMBRE,24,DE 18 A 24 AÑOS,Secundaria Incompleta,No aplica,No Aplica,No Aplica,5,5088,DIRECCIÓN SECCIONAL DE SALUD DE ANTIOQUIA,ENTIDADES TERRITORIALES,999998,DIRECCION SECCIONAL DE SALUD DE ANTIOQUIA,5,5001,1,BARRERAS EN EL ACCESO A TECNOLOGÍAS Y SERVICIOS DE SALUD; Y OTROS ELEMENTOS COMPLEMENTARIOS PARA LA ATENCIÓN DEL USUARIO,101,FALTA DE OPORTUNIDAD EN LA PRESTACIÓN DE TECNOLOGÍAS EN SALUD Y OTROS ELEMENTOS COMPLEMENTARIOS PARA LA ATENCIÓN DEL USUARIO,10101,FALTA DE OPORTUNIDAD EN LAS CITAS O CONSULTAS,1010103,ESPECIALIDADES MÉDICAS ,1010103078,ORTOPEDIA Y TRAUMATOLOGÍA,ENFERMEDADES OSTEOARTICULARES,OTROS,OTROS TRASTORNOS INTERNOS DE LA RODILLA,No aplica,SIMPLE
78,2024,6,Telefónico,5,5001,US- 000003606278,A nombre propio,MUJER,73,MAYOR DE 63 AÑOS ,Secundaria,Contributivo,No Aplica,No Aplica,5,5001,SURAMERICANA EPS,RÉGIMEN CONTRIBUTIVO,EPS010,EPS SURA,5,5001,1,BARRERAS EN EL ACCESO A TECNOLOGÍAS Y SERVICIOS DE SALUD; Y OTROS ELEMENTOS COMPLEMENTARIOS PARA LA ATENCIÓN DEL USUARIO,102,NEGACIÓN DE TECNOLOGÍAS EN SALUD Y OTROS ELEMENTOS COMPLEMENTARIOS PARA LA ATENCIÓN DEL USUARIO,10201,NEGACIÓN EN LA ASIGNACIÓN DE CITAS O CONSULTAS,1020103,ESPECIALIDADES MÉDICAS ,1020103078,ORTOPEDIA Y TRAUMATOLOGÍA,PROBLEMAS RELACIONADOS CON FACILIDADES DE ATENCIÓN MÉDICA U OTROS SERVICIOS DE SALUD,PROBLEMAS RELACIONADOS CON FACILIDADES DE ATENCIÓN MÉDICA U OTROS SERVICIOS DE SALUD,PROBLEMAS RELACIONADOS CON FACILIDADES DE ATENCIÓN MEDICA U OTROS SERVICIOS DE SALUD,No aplica,SIMPLE
79,2024,5,Web,25,25386,US- 000003606279,A nombre propio,HOMBRE,66,MAYOR DE 63 AÑOS ,No Aplica,Contributivo,No Aplica,No Aplica,25,25386,NUEVA EPS,RÉGIMEN CONTRIBUTIVO,EPS037,NUEVA EPS,25,25386,1,BARRERAS EN EL ACCESO A TECNOLOGÍAS Y SERVICIOS DE SALUD; Y OTROS ELEMENTOS COMPLEMENTARIOS PARA LA ATENCIÓN DEL USUARIO,101,FALTA DE OPORTUNIDAD EN LA PRESTACIÓN DE TECNOLOGÍAS EN SALUD Y OTROS ELEMENTOS COMPLEMENTARIOS PARA LA ATENCIÓN DEL USUARIO,10103,FALTA DE OPORTUNIDAD EN LA ATENCIÓN EN OTROS SERVICIOS DE SALUD,1010309,PROCEDIMIENTOS QUIRÚRGICOS,1010309003,OTROS PROCEDIMIENTOS QUIRÚRGICOS,CÁNCER ,OTROS,TIÑA DEL PIE [TINEA PEDIS],No aplica,PRIORIZADO
80,2024,5,Personalizado,76,76001,US- 000000589920,Otro,MUJER,76,MAYOR DE 63 AÑOS ,Primaria,Contributivo,No Aplica,No Aplica,76,76563,NUEVA EPS,RÉGIMEN CONTRIBUTIVO,EPS037,NUEVA EPS,76,76563,1,BARRERAS EN EL ACCESO A TECNOLOGÍAS Y SERVICIOS DE SALUD; Y OTROS ELEMENTOS COMPLEMENTARIOS PARA LA ATENCIÓN DEL USUARIO,102,NEGACIÓN DE TECNOLOGÍAS EN SALUD Y OTROS ELEMENTOS COMPLEMENTARIOS PARA LA ATENCIÓN DEL USUARIO,10201,NEGACIÓN EN LA ASIGNACIÓN DE CITAS O CONSULTAS,1020103,ESPECIALIDADES MÉDICAS ,1020103061,MEDICINA FÍSICA Y REHABILITACIÓN - FISIATRÍA,ENFERMEDADES OSTEOARTICULARES,NEUROLÓGICAS,"POLINEUROPATÍA, NO ESPECIFICADA",No aplica,SIMPLE
81,2024,6,Personalizado,68,68001,US- 000000953492,A nombre propio,HOMBRE,76,MAYOR DE 63 AÑOS ,Secundaria,Contributivo,No Aplica,No Aplica,68,68001,NUEVA EPS,RÉGIMEN CONTRIBUTIVO,EPS037,NUEVA EPS,68,68001,1,BARRERAS EN EL ACCESO A TECNOLOGÍAS Y SERVICIOS DE SALUD; Y OTROS ELEMENTOS COMPLEMENTARIOS PARA LA ATENCIÓN DEL USUARIO,101,FALTA DE OPORTUNIDAD EN LA PRESTACIÓN DE TECNOLOGÍAS EN SALUD Y OTROS ELEMENTOS COMPLEMENTARIOS PARA LA ATENCIÓN DEL USUARIO,10104,FALTA DE OPORTUNIDAD EN LA ENTREGA O ENTREGA INCOMPLETA DE TECNOLOGÍAS EN SALUD Y/O PRESTACIÓN DE OTROS SERVICIOS,1010401,MEDICAMENTOS UPC,,,PROBLEMAS RELACIONADOS CON FACILIDADES DE ATENCIÓN MÉDICA U OTROS SERVICIOS DE SALUD,PROBLEMAS RELACIONADOS CON FACILIDADES DE ATENCIÓN MÉDICA U OTROS SERVICIOS DE SALUD,HIPERPLASIA DE LA PRÓSTATA,No aplica,SIMPLE
82,2024,6,Web,17,17001,US- 000003606280,A nombre propio,HOMBRE,65,MAYOR DE 63 AÑOS ,No Aplica,Contributivo,No Aplica,No Aplica,17,17001,NUEVA EPS,RÉGIMEN CONTRIBUTIVO,EPS037,NUEVA EPS,17,17001,1,BARRERAS EN EL ACCESO A TECNOLOGÍAS Y SERVICIOS DE SALUD; Y OTROS ELEMENTOS COMPLEMENTARIOS PARA LA ATENCIÓN DEL USUARIO,102,NEGACIÓN DE TECNOLOGÍAS EN SALUD Y OTROS ELEMENTOS COMPLEMENTARIOS PARA LA ATENCIÓN DEL USUARIO,10204,NEGACIÓN PARA LA ENTREGA DE TECNOLOGÍAS EN SALUD Y/O DE OTROS SERVICIOS AUTORIZADOS,1020401,MEDICAMENTOS UPC,,,ENFERMEDADES CRÓNICAS NO TRANSMISIBLES –DIABETES,DIABETES,DIABETES MELLITUS INSULINODEPENDIENTE,No aplica,PRIORIZADO
83,2024,5,Telefónico,76,76275,US- 000001539730,Abuelo (A),MUJER,101,MAYOR DE 63 AÑOS ,Secundaria,Contributivo,No Aplica,No Aplica,76,76275,NUEVA EPS,RÉGIMEN CONTRIBUTIVO,EPS037,NUEVA EPS,76,76275,1,BARRERAS EN EL ACCESO A TECNOLOGÍAS Y SERVICIOS DE SALUD; Y OTROS ELEMENTOS COMPLEMENTARIOS PARA LA ATENCIÓN DEL USUARIO,102,NEGACIÓN DE TECNOLOGÍAS EN SALUD Y OTROS ELEMENTOS COMPLEMENTARIOS PARA LA ATENCIÓN DEL USUARIO,10203,NEGACIÓN EN LA ATENCIÓN EN OTROS SERVICIOS DE SALUD,1020305,ATENCIÓN DOMICILIARIA,,,ENFERMEDADES OSTEOARTICULARES,OTROS,PROBLEMAS RELACIONADOS CON MOVILIDAD REDUCIDA,No aplica,PRIORIZADO
84,2024,6,Redes Sociales,76,76001,US- 000000315353,Hermano (A),HOMBRE,75,MAYOR DE 63 AÑOS ,Secundaria Incompleta,Subsidiado,No Aplica,Persona con discapacidad,76,76001,NUEVA EPS,RÉGIMEN SUBSIDIADO,EPSS41,NUEVA EPS,76,76001,1,BARRERAS EN EL ACCESO A TECNOLOGÍAS Y SERVICIOS DE SALUD; Y OTROS ELEMENTOS COMPLEMENTARIOS PARA LA ATENCIÓN DEL USUARIO,102,NEGACIÓN DE TECNOLOGÍAS EN SALUD Y OTROS ELEMENTOS COMPLEMENTARIOS PARA LA ATENCIÓN DEL USUARIO,10204,NEGACIÓN PARA LA ENTREGA DE TECNOLOGÍAS EN SALUD Y/O DE OTROS SERVICIOS AUTORIZADOS,1020401,MEDICAMENTOS UPC,,,SALUD MENTAL,OTROS TRASTORNOS MENTALES,ESQUIZOFRENIA,No aplica,PRIORIZADO
85,2024,6,Escrito,76,76001,US- 000003606281,A nombre propio,HOMBRE,61,DE 50 A 62 AÑOS,No Aplica,Subsidiado,No Aplica,No Aplica,76,76001,COOSALUD,RÉGIMEN SUBSIDIADO,ESS024,COOSALUD,76,76001,1,BARRERAS EN EL ACCESO A TECNOLOGÍAS Y SERVICIOS DE SALUD; Y OTROS ELEMENTOS COMPLEMENTARIOS PARA LA ATENCIÓN DEL USUARIO,101,FALTA DE OPORTUNIDAD EN LA PRESTACIÓN DE TECNOLOGÍAS EN SALUD Y OTROS ELEMENTOS COMPLEMENTARIOS PARA LA ATENCIÓN DEL USUARIO,10103,FALTA DE OPORTUNIDAD EN LA ATENCIÓN EN OTROS SERVICIOS DE SALUD,1010309,PROCEDIMIENTOS QUIRÚRGICOS,1010309003,OTROS PROCEDIMIENTOS QUIRÚRGICOS,PROBLEMAS RELACIONADOS CON FACILIDADES DE ATENCIÓN MÉDICA U OTROS SERVICIOS DE SALUD,PROBLEMAS RELACIONADOS CON FACILIDADES DE ATENCIÓN MÉDICA U OTROS SERVICIOS DE SALUD,"HERNIA INGUINAL UNILATERAL O NO ESPECIFICADA, SIN OBSTRUCCIÓN NI GANGRENA",No aplica,SIMPLE
86,2024,6,Web,76,76001,US- 000002064175,A nombre propio,MUJER,44,DE 38 A 49 AÑOS,No Aplica,Contributivo,No Aplica,Persona con discapacidad,76,76001,SANITAS,RÉGIMEN CONTRIBUTIVO,EPS005,SANITAS,76,76001,1,BARRERAS EN EL ACCESO A TECNOLOGÍAS Y SERVICIOS DE SALUD; Y OTROS ELEMENTOS COMPLEMENTARIOS PARA LA ATENCIÓN DEL USUARIO,103,FALTA DE OPORTUNIDAD EN LA AUTORIZACIÓN DE TECNOLOGÍAS EN SALUD Y OTROS ELEMENTOS COMPLEMENTARIOS PARA LA ATENCIÓN DEL USUARIO,10301,FALTA DE OPORTUNIDAD EN LA AUTORIZACIÓN DE TECNOLOGÍAS EN SALUD Y/O DE OTROS SERVICIOS,1030101,MEDICAMENTOS UPC,,,PROBLEMAS RELACIONADOS CON FACILIDADES DE ATENCIÓN MÉDICA U OTROS SERVICIOS DE SALUD,PROBLEMAS RELACIONADOS CON FACILIDADES DE ATENCIÓN MÉDICA U OTROS SERVICIOS DE SALUD,OTRO DOLOR CRÓNICO,No aplica,SIMPLE
87,2024,6,Web,11,11001,US- 000003606282,A nombre propio,MUJER,30,DE 30 A 37 AÑOS,No Aplica,Contributivo,No Aplica,No Aplica,11,11001,SANITAS,RÉGIMEN CONTRIBUTIVO,EPS005,SANITAS,11,11001,1,BARRERAS EN EL ACCESO A TECNOLOGÍAS Y SERVICIOS DE SALUD; Y OTROS ELEMENTOS COMPLEMENTARIOS PARA LA ATENCIÓN DEL USUARIO,101,FALTA DE OPORTUNIDAD EN LA PRESTACIÓN DE TECNOLOGÍAS EN SALUD Y OTROS ELEMENTOS COMPLEMENTARIOS PARA LA ATENCIÓN DEL USUARIO,10103,FALTA DE OPORTUNIDAD EN LA ATENCIÓN EN OTROS SERVICIOS DE SALUD,1010308,PROCEDIMIENTOS NO QUIRÚRGICOS,1010308001,IMAGENOLOGÍA,PROBLEMAS RELACIONADOS CON FACILIDADES DE ATENCIÓN MÉDICA U OTROS SERVICIOS DE SALUD,PROBLEMAS RELACIONADOS CON FACILIDADES DE ATENCIÓN MÉDICA U OTROS SERVICIOS DE SALUD,OTROS PROBLEMAS RELACIONADOS CON SERVICIOS MÉDICOS Y DE SALUD,No aplica,SIMPLE
88,2024,6,Redes Sociales,5,5001,US- 000002865719,Hijo (A),MUJER,66,MAYOR DE 63 AÑOS ,Primaria,Contributivo,No Aplica,No Aplica,5,5001,SURAMERICANA EPS,RÉGIMEN CONTRIBUTIVO,EPS010,EPS SURA,5,5001,1,BARRERAS EN EL ACCESO A TECNOLOGÍAS Y SERVICIOS DE SALUD; Y OTROS ELEMENTOS COMPLEMENTARIOS PARA LA ATENCIÓN DEL USUARIO,103,FALTA DE OPORTUNIDAD EN LA AUTORIZACIÓN DE TECNOLOGÍAS EN SALUD Y OTROS ELEMENTOS COMPLEMENTARIOS PARA LA ATENCIÓN DEL USUARIO,10304,FALTA DE OPORTUNIDAD EN LA AUTORIZACIÓN DE OTROS SERVICIOS DE SALUD,1030409,PROCEDIMIENTOS QUIRÚRGICOS,1030409003,OTROS PROCEDIMIENTOS QUIRÚRGICOS,PROBLEMAS RELACIONADOS CON FACILIDADES DE ATENCIÓN MÉDICA U OTROS SERVICIOS DE SALUD,PROBLEMAS RELACIONADOS CON FACILIDADES DE ATENCIÓN MÉDICA U OTROS SERVICIOS DE SALUD,OTRAS HIPOACUSIAS,No aplica,PRIORIZADO
89,2024,4,Web,5,5360,US- 000003606283,A nombre propio,HOMBRE,30,DE 30 A 37 AÑOS,No Aplica,Contributivo,No Aplica,No Aplica,5,5360,SURAMERICANA EPS,RÉGIMEN CONTRIBUTIVO,EPS010,EPS SURA,5,5360,1,BARRERAS EN EL ACCESO A TECNOLOGÍAS Y SERVICIOS DE SALUD; Y OTROS ELEMENTOS COMPLEMENTARIOS PARA LA ATENCIÓN DEL USUARIO,102,NEGACIÓN DE TECNOLOGÍAS EN SALUD Y OTROS ELEMENTOS COMPLEMENTARIOS PARA LA ATENCIÓN DEL USUARIO,10201,NEGACIÓN EN LA ASIGNACIÓN DE CITAS O CONSULTAS,1020103,ESPECIALIDADES MÉDICAS ,1020103048,HEMATOLOGÍA,ENFERMEDADES CRÓNICAS NO TRASMISIBLES CARDIOVASCULARES,ACV (ACCIDENTE CEREBRO VASCULAR),"ENFERMEDAD CEREBROVASCULAR, NO ESPECIFICADA",No aplica,PRIORIZADO
90,2024,6,Telefónico,25,25258,US- 000003606284,Otro,MUJER,69,MAYOR DE 63 AÑOS ,Ninguno,Subsidiado,No Aplica,No Aplica,25,25258,NUEVA EPS,RÉGIMEN SUBSIDIADO,EPSS41,NUEVA EPS,25,25258,1,BARRERAS EN EL ACCESO A TECNOLOGÍAS Y SERVICIOS DE SALUD; Y OTROS ELEMENTOS COMPLEMENTARIOS PARA LA ATENCIÓN DEL USUARIO,101,FALTA DE OPORTUNIDAD EN LA PRESTACIÓN DE TECNOLOGÍAS EN SALUD Y OTROS ELEMENTOS COMPLEMENTARIOS PARA LA ATENCIÓN DEL USUARIO,10101,FALTA DE OPORTUNIDAD EN LAS CITAS O CONSULTAS,1010103,ESPECIALIDADES MÉDICAS ,1010103083,PSIQUIATRÍA,SALUD MENTAL,OTROS TRASTORNOS MENTALES,OTROS TRASTORNOS DE ANSIEDAD,No aplica,PRIORIZADO
91,2024,6,Telefónico,5,5001,US- 000002281222,A nombre propio,HOMBRE,53,DE 50 A 62 AÑOS,Universitario Incompleto,Contributivo,No Aplica,No Aplica,5,5001,SURAMERICANA EPS,RÉGIMEN CONTRIBUTIVO,EPS010,EPS SURA,5,5001,1,BARRERAS EN EL ACCESO A TECNOLOGÍAS Y SERVICIOS DE SALUD; Y OTROS ELEMENTOS COMPLEMENTARIOS PARA LA ATENCIÓN DEL USUARIO,101,FALTA DE OPORTUNIDAD EN LA PRESTACIÓN DE TECNOLOGÍAS EN SALUD Y OTROS ELEMENTOS COMPLEMENTARIOS PARA LA ATENCIÓN DEL USUARIO,10101,FALTA DE OPORTUNIDAD EN LAS CITAS O CONSULTAS,1010103,ESPECIALIDADES MÉDICAS ,1010103042,GASTROENTEROLOGÍA,PROBLEMAS RELACIONADOS CON FACILIDADES DE ATENCIÓN MÉDICA U OTROS SERVICIOS DE SALUD,PROBLEMAS RELACIONADOS CON FACILIDADES DE ATENCIÓN MÉDICA U OTROS SERVICIOS DE SALUD,NAUSEA Y VOMITO,No aplica,SIMPLE
92,2024,6,Personalizado,11,11001,US- 000003606285,A nombre propio,MUJER,62,DE 50 A 62 AÑOS,Primaria,Contributivo,No Aplica,No Aplica,11,11001,COMPENSAR,RÉGIMEN CONTRIBUTIVO,EPS008,COMPENSAR,11,11001,4,INSATISFACCIÓN DEL USUARIO CON EL PROCESO ADMINISTRATIVO,405,PROBLEMAS EN EL RECONOCIMIENTO Y/O PAGO DE PRESTACIONES ECONÓMICAS,40502,NEGACIÓN Y/O FALTA DE OPORTUNIDAD EN EL RECONOCIMIENTO DE REEMBOLSOS,4050201,PRODUCTOS MÉDICOS (MEDICAMENTOS Y DISPOSITIVOS MÉDICOS),,,ENFERMEDADES OSTEOARTICULARES,NEUROLÓGICAS,ENFERMEDAD DE PARKINSON,No aplica,SIMPLE
93,2024,6,Personalizado,11,11001,US- 000000399300,Madre,MUJER,8,DE 6 A 12 AÑOS,Primaria Incompleta,Contributivo,No Aplica,Persona con discapacidad,11,11001,COMPENSAR,RÉGIMEN CONTRIBUTIVO,EPS008,COMPENSAR,11,11001,1,BARRERAS EN EL ACCESO A TECNOLOGÍAS Y SERVICIOS DE SALUD; Y OTROS ELEMENTOS COMPLEMENTARIOS PARA LA ATENCIÓN DEL USUARIO,101,FALTA DE OPORTUNIDAD EN LA PRESTACIÓN DE TECNOLOGÍAS EN SALUD Y OTROS ELEMENTOS COMPLEMENTARIOS PARA LA ATENCIÓN DEL USUARIO,10103,FALTA DE OPORTUNIDAD EN LA ATENCIÓN EN OTROS SERVICIOS DE SALUD,1010308,PROCEDIMIENTOS NO QUIRÚRGICOS,1010308001,IMAGENOLOGÍA,ENFERMEDADES HUÉRFANAS,GRUPO ATROFIA MUSCULAR ESPINAL,"ATROFIA MUSCULAR ESPINAL, SIN OTRA ESPECIFICACIÓN",No aplica,PRIORIZADO
94,2024,5,Web,11,11001,US- 000000534111,A nombre propio,MUJER,81,MAYOR DE 63 AÑOS ,No Aplica,Contributivo,No Aplica,No Aplica,11,11001,COMPENSAR,RÉGIMEN CONTRIBUTIVO,EPS008,COMPENSAR,11,11001,1,BARRERAS EN EL ACCESO A TECNOLOGÍAS Y SERVICIOS DE SALUD; Y OTROS ELEMENTOS COMPLEMENTARIOS PARA LA ATENCIÓN DEL USUARIO,102,NEGACIÓN DE TECNOLOGÍAS EN SALUD Y OTROS ELEMENTOS COMPLEMENTARIOS PARA LA ATENCIÓN DEL USUARIO,10204,NEGACIÓN PARA LA ENTREGA DE TECNOLOGÍAS EN SALUD Y/O DE OTROS SERVICIOS AUTORIZADOS,1020401,MEDICAMENTOS UPC,,,ENFERMEDADES CRÓNICAS NO TRASMISIBLES CARDIOVASCULARES,HTA (HIPERTENSIÓN ARTERIAL),HIPERTENSIÓN ESENCIAL (PRIMARIA),No aplica,SIMPLE
95,2024,5,Web,11,11001,US- 000003606286,A nombre propio,MUJER,64,MAYOR DE 63 AÑOS ,No Aplica,Subsidiado,No Aplica,No Aplica,11,11001,CAPITAL SALUD,RÉGIMEN SUBSIDIADO,EPSS34,CAPITAL SALUD,11,11001,1,BARRERAS EN EL ACCESO A TECNOLOGÍAS Y SERVICIOS DE SALUD; Y OTROS ELEMENTOS COMPLEMENTARIOS PARA LA ATENCIÓN DEL USUARIO,102,NEGACIÓN DE TECNOLOGÍAS EN SALUD Y OTROS ELEMENTOS COMPLEMENTARIOS PARA LA ATENCIÓN DEL USUARIO,10201,NEGACIÓN EN LA ASIGNACIÓN DE CITAS O CONSULTAS,1020103,ESPECIALIDADES MÉDICAS ,1020103088,REUMATOLOGÍA,PROBLEMAS RELACIONADOS CON FACILIDADES DE ATENCIÓN MÉDICA U OTROS SERVICIOS DE SALUD,PROBLEMAS RELACIONADOS CON FACILIDADES DE ATENCIÓN MÉDICA U OTROS SERVICIOS DE SALUD,OTRAS CONSULTAS ESPECIFICADAS,No aplica,SIMPLE
96,2024,6,Web,41,41001,US- 000003606287,A nombre propio,MUJER,65,MAYOR DE 63 AÑOS ,No Aplica,Contributivo,No Aplica,No Aplica,41,41001,NUEVA EPS,RÉGIMEN CONTRIBUTIVO,EPS037,NUEVA EPS,41,41001,1,BARRERAS EN EL ACCESO A TECNOLOGÍAS Y SERVICIOS DE SALUD; Y OTROS ELEMENTOS COMPLEMENTARIOS PARA LA ATENCIÓN DEL USUARIO,103,FALTA DE OPORTUNIDAD EN LA AUTORIZACIÓN DE TECNOLOGÍAS EN SALUD Y OTROS ELEMENTOS COMPLEMENTARIOS PARA LA ATENCIÓN DEL USUARIO,10302,FALTA DE OPORTUNIDAD EN LA AUTORIZACIÓN DE CITAS DE CONSULTA,1030203,ESPECIALIDADES MÉDICAS ,1030203002,ANESTESIOLOGÍA,PROBLEMAS RELACIONADOS CON FACILIDADES DE ATENCIÓN MÉDICA U OTROS SERVICIOS DE SALUD,PROBLEMAS RELACIONADOS CON FACILIDADES DE ATENCIÓN MÉDICA U OTROS SERVICIOS DE SALUD,"HEMORRAGIA VAGINAL Y UTERINA ANORMAL, NO ESPECIFICADA",No aplica,SIMPLE
97,2024,6,Web,15,15806,US- 000003606288,A nombre propio,HOMBRE,39,DE 38 A 49 AÑOS,No Aplica,Contributivo,No Aplica,No Aplica,15,15806,FAMISANAR,RÉGIMEN CONTRIBUTIVO,EPS017,FAMISANAR,15,15759,1,BARRERAS EN EL ACCESO A TECNOLOGÍAS Y SERVICIOS DE SALUD; Y OTROS ELEMENTOS COMPLEMENTARIOS PARA LA ATENCIÓN DEL USUARIO,101,FALTA DE OPORTUNIDAD EN LA PRESTACIÓN DE TECNOLOGÍAS EN SALUD Y OTROS ELEMENTOS COMPLEMENTARIOS PARA LA ATENCIÓN DEL USUARIO,10103,FALTA DE OPORTUNIDAD EN LA ATENCIÓN EN OTROS SERVICIOS DE SALUD,1010308,PROCEDIMIENTOS NO QUIRÚRGICOS,1010308001,IMAGENOLOGÍA,PROBLEMAS RELACIONADOS CON FACILIDADES DE ATENCIÓN MÉDICA U OTROS SERVICIOS DE SALUD,PROBLEMAS RELACIONADOS CON FACILIDADES DE ATENCIÓN MÉDICA U OTROS SERVICIOS DE SALUD,OTROS DOLORES ABDOMINALES Y LOS NO ESPECIFICADOS,No aplica,SIMPLE
98,2024,5,Telefónico,5,5088,US- 000002112225,A nombre propio,HOMBRE,70,MAYOR DE 63 AÑOS ,Primaria,Subsidiado,No Aplica,No Aplica,5,5088,SAVIA SALUD,RÉGIMEN SUBSIDIADO,EPSS40,SAVIA SALUD EPS,5,5088,1,BARRERAS EN EL ACCESO A TECNOLOGÍAS Y SERVICIOS DE SALUD; Y OTROS ELEMENTOS COMPLEMENTARIOS PARA LA ATENCIÓN DEL USUARIO,102,NEGACIÓN DE TECNOLOGÍAS EN SALUD Y OTROS ELEMENTOS COMPLEMENTARIOS PARA LA ATENCIÓN DEL USUARIO,10201,NEGACIÓN EN LA ASIGNACIÓN DE CITAS O CONSULTAS,1020103,ESPECIALIDADES MÉDICAS ,1020103063,MEDICINA INTERNA,CÁNCER ,CÁNCER DE PRÓSTATA,ENFERMEDAD RENAL HIPERTENSIVA,No aplica,PRIORIZADO
99,2024,5,Telefónico,11,11001,US- 000003606289,Otro,HOMBRE,81,MAYOR DE 63 AÑOS ,Primaria Incompleta,Subsidiado,No Aplica,Persona con discapacidad,11,11001,CAPITAL SALUD,RÉGIMEN SUBSIDIADO,EPSS34,CAPITAL SALUD,11,11001,1,BARRERAS EN EL ACCESO A TECNOLOGÍAS Y SERVICIOS DE SALUD; Y OTROS ELEMENTOS COMPLEMENTARIOS PARA LA ATENCIÓN DEL USUARIO,102,NEGACIÓN DE TECNOLOGÍAS EN SALUD Y OTROS ELEMENTOS COMPLEMENTARIOS PARA LA ATENCIÓN DEL USUARIO,10201,NEGACIÓN EN LA ASIGNACIÓN DE CITAS O CONSULTAS,1020103,ESPECIALIDADES MÉDICAS ,1020103080,OTORRINOLARINGOLOGÍA,PROBLEMAS RELACIONADOS CON FACILIDADES DE ATENCIÓN MÉDICA U OTROS SERVICIOS DE SALUD,PROBLEMAS RELACIONADOS CON FACILIDADES DE ATENCIÓN MÉDICA U OTROS SERVICIOS DE SALUD,"HIPOACUSIA, NO ESPECIFICADA",No aplica,SIMPLE
100,2024,6,Web,11,11001,US- 000001609190,A nombre propio,MUJER,65,MAYOR DE 63 AÑOS ,No Aplica,Contributivo,No Aplica,No Aplica,11,11001,FAMISANAR,RÉGIMEN CONTRIBUTIVO,EPS017,FAMISANAR,11,11001,1,BARRERAS EN EL ACCESO A TECNOLOGÍAS Y SERVICIOS DE SALUD; Y OTROS ELEMENTOS COMPLEMENTARIOS PARA LA ATENCIÓN DEL USUARIO,103,FALTA DE OPORTUNIDAD EN LA AUTORIZACIÓN DE TECNOLOGÍAS EN SALUD Y OTROS ELEMENTOS COMPLEMENTARIOS PARA LA ATENCIÓN DEL USUARIO,10304,FALTA DE OPORTUNIDAD EN LA AUTORIZACIÓN DE OTROS SERVICIOS DE SALUD,1030409,PROCEDIMIENTOS QUIRÚRGICOS,1030409003,OTROS PROCEDIMIENTOS QUIRÚRGICOS,ENFERMEDADES OSTEOARTICULARES,OTROS,"OTRAS GONARTROSIS SECUNDARIAS, BILATERALES",No aplica,SIMPLE
101,2024,6,Personalizado,66,66170,US- 000003606290,A nombre propio,MUJER,59,DE 50 A 62 AÑOS,Secundaria,Subsidiado,No Aplica,No Aplica,66,66170,SOS -SERVICIO OCCIDENTAL DE SALUD,RÉGIMEN CONTRIBUTIVO,EPS018,SERVICIO OCCIDENTAL DE SALUD (SOS),66,66001,1,BARRERAS EN EL ACCESO A TECNOLOGÍAS Y SERVICIOS DE SALUD; Y OTROS ELEMENTOS COMPLEMENTARIOS PARA LA ATENCIÓN DEL USUARIO,102,NEGACIÓN DE TECNOLOGÍAS EN SALUD Y OTROS ELEMENTOS COMPLEMENTARIOS PARA LA ATENCIÓN DEL USUARIO,10201,NEGACIÓN EN LA ASIGNACIÓN DE CITAS O CONSULTAS,1020103,ESPECIALIDADES MÉDICAS ,1020103072,NEUROLOGÍA,PROBLEMAS RELACIONADOS CON FACILIDADES DE ATENCIÓN MÉDICA U OTROS SERVICIOS DE SALUD,PROBLEMAS RELACIONADOS CON FACILIDADES DE ATENCIÓN MÉDICA U OTROS SERVICIOS DE SALUD,CEFALEA,No aplica,SIMPLE
102,2024,6,Web,11,11001,US- 000003606291,Otro,MUJER,7,DE 6 A 12 AÑOS,No Aplica,Contributivo,No Aplica,No Aplica,11,11001,FAMISANAR,RÉGIMEN CONTRIBUTIVO,EPS017,FAMISANAR,11,11001,1,BARRERAS EN EL ACCESO A TECNOLOGÍAS Y SERVICIOS DE SALUD; Y OTROS ELEMENTOS COMPLEMENTARIOS PARA LA ATENCIÓN DEL USUARIO,101,FALTA DE OPORTUNIDAD EN LA PRESTACIÓN DE TECNOLOGÍAS EN SALUD Y OTROS ELEMENTOS COMPLEMENTARIOS PARA LA ATENCIÓN DEL USUARIO,10101,FALTA DE OPORTUNIDAD EN LAS CITAS O CONSULTAS,1010103,ESPECIALIDADES MÉDICAS ,1010103040,ENDOCRINOLOGÍA PEDIÁTRICA,PROBLEMAS RELACIONADOS CON FACILIDADES DE ATENCIÓN MÉDICA U OTROS SERVICIOS DE SALUD,PROBLEMAS RELACIONADOS CON FACILIDADES DE ATENCIÓN MÉDICA U OTROS SERVICIOS DE SALUD,CONTROL DE SALUD DE RUTINA DEL NIÑO,No aplica,SIMPLE
103,2024,5,Web,41,41206,US- 000003606292,A nombre propio,HOMBRE,59,DE 50 A 62 AÑOS,No Aplica,Subsidiado,No Aplica,No Aplica,41,41206,SANITAS,RÉGIMEN CONTRIBUTIVO,EPS005,SANITAS,41,41206,1,BARRERAS EN EL ACCESO A TECNOLOGÍAS Y SERVICIOS DE SALUD; Y OTROS ELEMENTOS COMPLEMENTARIOS PARA LA ATENCIÓN DEL USUARIO,101,FALTA DE OPORTUNIDAD EN LA PRESTACIÓN DE TECNOLOGÍAS EN SALUD Y OTROS ELEMENTOS COMPLEMENTARIOS PARA LA ATENCIÓN DEL USUARIO,10103,FALTA DE OPORTUNIDAD EN LA ATENCIÓN EN OTROS SERVICIOS DE SALUD,1010309,PROCEDIMIENTOS QUIRÚRGICOS,1010309003,OTROS PROCEDIMIENTOS QUIRÚRGICOS,CÁNCER ,OTROS,TUMOR MALIGNO DE SITIOS NO ESPECIFICADOS,No aplica,PRIORIZADO
104,2024,6,Escrito,54,54001,US- 000003606293,A nombre propio,MUJER,67,MAYOR DE 63 AÑOS ,No Aplica,Contributivo,No Aplica,No Aplica,54,54001,COOSALUD,RÉGIMEN SUBSIDIADO,ESS024,COOSALUD,54,54498,1,BARRERAS EN EL ACCESO A TECNOLOGÍAS Y SERVICIOS DE SALUD; Y OTROS ELEMENTOS COMPLEMENTARIOS PARA LA ATENCIÓN DEL USUARIO,101,FALTA DE OPORTUNIDAD EN LA PRESTACIÓN DE TECNOLOGÍAS EN SALUD Y OTROS ELEMENTOS COMPLEMENTARIOS PARA LA ATENCIÓN DEL USUARIO,10104,FALTA DE OPORTUNIDAD EN LA ENTREGA O ENTREGA INCOMPLETA DE TECNOLOGÍAS EN SALUD Y/O PRESTACIÓN DE OTROS SERVICIOS,1010408,"TRANSPORTE, ALOJAMIENTO O ALIMENTACIÓN",,,PROBLEMAS RELACIONADOS CON FACILIDADES DE ATENCIÓN MÉDICA U OTROS SERVICIOS DE SALUD,PROBLEMAS RELACIONADOS CON FACILIDADES DE ATENCIÓN MÉDICA U OTROS SERVICIOS DE SALUD,"CATARATA, NO ESPECIFICADA",No aplica,SIMPLE
105,2024,5,Personalizado,68,68001,US- 000002942079,A nombre propio,HOMBRE,52,DE 50 A 62 AÑOS,Secundaria,Contributivo,No Aplica,No Aplica,68,68001,FAMISANAR,RÉGIMEN CONTRIBUTIVO,EPS017,FAMISANAR,68,68001,1,BARRERAS EN EL ACCESO A TECNOLOGÍAS Y SERVICIOS DE SALUD; Y OTROS ELEMENTOS COMPLEMENTARIOS PARA LA ATENCIÓN DEL USUARIO,103,FALTA DE OPORTUNIDAD EN LA AUTORIZACIÓN DE TECNOLOGÍAS EN SALUD Y OTROS ELEMENTOS COMPLEMENTARIOS PARA LA ATENCIÓN DEL USUARIO,10303,FALTA DE OPORTUNIDAD EN LA AUTORIZACIÓN PARA SERVICIOS DE COMPLEMENTACIÓN TERAPÉUTICA,1030301,TERAPIA FÍSICA,,,ENFERMEDADES OSTEOARTICULARES,OTROS,"ESCOLIOSIS, NO ESPECIFICADA",No aplica,SIMPLE
106,2024,6,Escrito,11,11001,US- 000001476633,A nombre propio,MUJER,87,MAYOR DE 63 AÑOS ,No Aplica,Contributivo,No Aplica,No Aplica,11,11001,NUEVA EPS,RÉGIMEN CONTRIBUTIVO,EPS037,NUEVA EPS,11,11001,1,BARRERAS EN EL ACCESO A TECNOLOGÍAS Y SERVICIOS DE SALUD; Y OTROS ELEMENTOS COMPLEMENTARIOS PARA LA ATENCIÓN DEL USUARIO,103,FALTA DE OPORTUNIDAD EN LA AUTORIZACIÓN DE TECNOLOGÍAS EN SALUD Y OTROS ELEMENTOS COMPLEMENTARIOS PARA LA ATENCIÓN DEL USUARIO,10304,FALTA DE OPORTUNIDAD EN LA AUTORIZACIÓN DE OTROS SERVICIOS DE SALUD,1030408,PROCEDIMIENTOS NO QUIRÚRGICOS,1030408006,OTROS PROCEDIMIENTOS NO QUIRÚRGICOS,PROBLEMAS RELACIONADOS CON FACILIDADES DE ATENCIÓN MÉDICA U OTROS SERVICIOS DE SALUD,PROBLEMAS RELACIONADOS CON FACILIDADES DE ATENCIÓN MÉDICA U OTROS SERVICIOS DE SALUD,"HIPOACUSIA NEUROSENSORIAL, SIN OTRA ESPECIFICACIÓN",No aplica,SIMPLE
107,2024,5,Web,25,25754,US- 000001136138,A nombre propio,MUJER,66,MAYOR DE 63 AÑOS ,No Aplica,Subsidiado,No Aplica,No Aplica,25,25754,FAMISANAR,RÉGIMEN CONTRIBUTIVO,EPS017,FAMISANAR,25,25754,1,BARRERAS EN EL ACCESO A TECNOLOGÍAS Y SERVICIOS DE SALUD; Y OTROS ELEMENTOS COMPLEMENTARIOS PARA LA ATENCIÓN DEL USUARIO,103,FALTA DE OPORTUNIDAD EN LA AUTORIZACIÓN DE TECNOLOGÍAS EN SALUD Y OTROS ELEMENTOS COMPLEMENTARIOS PARA LA ATENCIÓN DEL USUARIO,10304,FALTA DE OPORTUNIDAD EN LA AUTORIZACIÓN DE OTROS SERVICIOS DE SALUD,1030409,PROCEDIMIENTOS QUIRÚRGICOS,1030409003,OTROS PROCEDIMIENTOS QUIRÚRGICOS,PROBLEMAS RELACIONADOS CON FACILIDADES DE ATENCIÓN MÉDICA U OTROS SERVICIOS DE SALUD,PROBLEMAS RELACIONADOS CON FACILIDADES DE ATENCIÓN MÉDICA U OTROS SERVICIOS DE SALUD,"TRASTORNO MENOPAÚSICO Y PERIMENOPAUSICO, NO ESPECIFICADO",No aplica,SIMPLE
108,2024,5,Web,41,41551,US- 000003122552,A nombre propio,MUJER,80,MAYOR DE 63 AÑOS ,No Aplica,Subsidiado,No Aplica,No Aplica,41,41551,MALLAMAS -EPSI,RÉGIMEN SUBSIDIADO,EPSI05,MALLAMAS (EPS-I),41,41551,1,BARRERAS EN EL ACCESO A TECNOLOGÍAS Y SERVICIOS DE SALUD; Y OTROS ELEMENTOS COMPLEMENTARIOS PARA LA ATENCIÓN DEL USUARIO,103,FALTA DE OPORTUNIDAD EN LA AUTORIZACIÓN DE TECNOLOGÍAS EN SALUD Y OTROS ELEMENTOS COMPLEMENTARIOS PARA LA ATENCIÓN DEL USUARIO,10302,FALTA DE OPORTUNIDAD EN LA AUTORIZACIÓN DE CITAS DE CONSULTA,1030206,NUTRICIÓN,,,PROBLEMAS RELACIONADOS CON FACILIDADES DE ATENCIÓN MÉDICA U OTROS SERVICIOS DE SALUD,PROBLEMAS RELACIONADOS CON FACILIDADES DE ATENCIÓN MÉDICA U OTROS SERVICIOS DE SALUD,OTROS PROBLEMAS RELACIONADOS CON SERVICIOS MÉDICOS Y DE SALUD,No aplica,PRIORIZADO
109,2024,6,Web,11,11001,US- 000003606294,A nombre propio,HOMBRE,8,DE 6 A 12 AÑOS,No Aplica,Contributivo,No Aplica,No Aplica,11,11001,FAMISANAR,RÉGIMEN CONTRIBUTIVO,EPS017,FAMISANAR,11,11001,1,BARRERAS EN EL ACCESO A TECNOLOGÍAS Y SERVICIOS DE SALUD; Y OTROS ELEMENTOS COMPLEMENTARIOS PARA LA ATENCIÓN DEL USUARIO,102,NEGACIÓN DE TECNOLOGÍAS EN SALUD Y OTROS ELEMENTOS COMPLEMENTARIOS PARA LA ATENCIÓN DEL USUARIO,10203,NEGACIÓN EN LA ATENCIÓN EN OTROS SERVICIOS DE SALUD,1020308,PROCEDIMIENTOS NO QUIRÚRGICOS,1020308006,OTROS PROCEDIMIENTOS NO QUIRÚRGICOS,ENFERMEDADES OSTEOARTICULARES,NEUROLÓGICAS,MIGRAÑA SIN AURA [MIGRAÑA COMÚN],No aplica,SIMPLE
110,2024,5,Web,66,66001,US- 000000180417,A nombre propio,MUJER,72,MAYOR DE 63 AÑOS ,No Aplica,Régimen Especial,No Aplica,No Aplica,66,66001,MAGISTERIO,REGÍMENES DE EXCEPCIÓN Y ESPECIALES,REMG01,MAGISTERIO,66,66001,1,BARRERAS EN EL ACCESO A TECNOLOGÍAS Y SERVICIOS DE SALUD; Y OTROS ELEMENTOS COMPLEMENTARIOS PARA LA ATENCIÓN DEL USUARIO,102,NEGACIÓN DE TECNOLOGÍAS EN SALUD Y OTROS ELEMENTOS COMPLEMENTARIOS PARA LA ATENCIÓN DEL USUARIO,10203,NEGACIÓN EN LA ATENCIÓN EN OTROS SERVICIOS DE SALUD,1020308,PROCEDIMIENTOS NO QUIRÚRGICOS,1020308001,IMAGENOLOGÍA,PROBLEMAS RELACIONADOS CON FACILIDADES DE ATENCIÓN MÉDICA U OTROS SERVICIOS DE SALUD,PROBLEMAS RELACIONADOS CON FACILIDADES DE ATENCIÓN MÉDICA U OTROS SERVICIOS DE SALUD,ACROMEGALIA Y GIGANTISMO HIPOFISARIO,No aplica,SIMPLE
111,2024,6,Telefónico,17,17873,US- 000003606295,Hijo (A),HOMBRE,79,MAYOR DE 63 AÑOS ,No Aplica,Régimen Especial,No Aplica,Desplazado,17,17873,MAGISTERIO,REGÍMENES DE EXCEPCIÓN Y ESPECIALES,REMG01,MAGISTERIO,17,17001,1,BARRERAS EN EL ACCESO A TECNOLOGÍAS Y SERVICIOS DE SALUD; Y OTROS ELEMENTOS COMPLEMENTARIOS PARA LA ATENCIÓN DEL USUARIO,103,FALTA DE OPORTUNIDAD EN LA AUTORIZACIÓN DE TECNOLOGÍAS EN SALUD Y OTROS ELEMENTOS COMPLEMENTARIOS PARA LA ATENCIÓN DEL USUARIO,10304,FALTA DE OPORTUNIDAD EN LA AUTORIZACIÓN DE OTROS SERVICIOS DE SALUD,1030408,PROCEDIMIENTOS NO QUIRÚRGICOS,1030408003,QUIMIOTERAPIA,CÁNCER ,OTROS,"TUMOR MALIGNO DEL COLON, PARTE NO ESPECIFICADA",Quimioterapia y radioterapia para el cáncer,PRIORIZADO
112,2024,6,Telefónico,11,11001,US- 000003606296,Madre,HOMBRE,2,DE 0 A 5 AÑOS,No Aplica,Contributivo,No Aplica,No Aplica,11,11001,NUEVA EPS,RÉGIMEN CONTRIBUTIVO,EPS037,NUEVA EPS,11,11001,1,BARRERAS EN EL ACCESO A TECNOLOGÍAS Y SERVICIOS DE SALUD; Y OTROS ELEMENTOS COMPLEMENTARIOS PARA LA ATENCIÓN DEL USUARIO,101,FALTA DE OPORTUNIDAD EN LA PRESTACIÓN DE TECNOLOGÍAS EN SALUD Y OTROS ELEMENTOS COMPLEMENTARIOS PARA LA ATENCIÓN DEL USUARIO,10101,FALTA DE OPORTUNIDAD EN LAS CITAS O CONSULTAS,1010103,ESPECIALIDADES MÉDICAS ,1010103082,PEDIATRÍA,MATERNO INFANTIL,ATENCIÓN NIÑOS MENORES DE 5 AÑOS,"NEUMONÍA, NO ESPECIFICADA",No aplica,PRIORIZADO
113,2024,4,Web,50,50001,US- 000001609314,A nombre propio,MUJER,67,MAYOR DE 63 AÑOS ,No Aplica,Contributivo,No Aplica,No Aplica,50,50001,COMPENSAR,RÉGIMEN CONTRIBUTIVO,EPS008,COMPENSAR,11,11001,1,BARRERAS EN EL ACCESO A TECNOLOGÍAS Y SERVICIOS DE SALUD; Y OTROS ELEMENTOS COMPLEMENTARIOS PARA LA ATENCIÓN DEL USUARIO,102,NEGACIÓN DE TECNOLOGÍAS EN SALUD Y OTROS ELEMENTOS COMPLEMENTARIOS PARA LA ATENCIÓN DEL USUARIO,10204,NEGACIÓN PARA LA ENTREGA DE TECNOLOGÍAS EN SALUD Y/O DE OTROS SERVICIOS AUTORIZADOS,1020401,MEDICAMENTOS UPC,,,PROBLEMAS RELACIONADOS CON FACILIDADES DE ATENCIÓN MÉDICA U OTROS SERVICIOS DE SALUD,PROBLEMAS RELACIONADOS CON FACILIDADES DE ATENCIÓN MÉDICA U OTROS SERVICIOS DE SALUD,ENFERMEDAD DEL REFLUJO GASTROESOFÁGICO CON ESOFAGITIS,No aplica,SIMPLE
114,2024,5,Personalizado,68,68276,US- 000003606297,Hijo (A),HOMBRE,80,MAYOR DE 63 AÑOS ,Primaria,Contributivo,No Aplica,No Aplica,68,68276,FAMISANAR,RÉGIMEN CONTRIBUTIVO,EPS017,FAMISANAR,68,68547,1,BARRERAS EN EL ACCESO A TECNOLOGÍAS Y SERVICIOS DE SALUD; Y OTROS ELEMENTOS COMPLEMENTARIOS PARA LA ATENCIÓN DEL USUARIO,101,FALTA DE OPORTUNIDAD EN LA PRESTACIÓN DE TECNOLOGÍAS EN SALUD Y OTROS ELEMENTOS COMPLEMENTARIOS PARA LA ATENCIÓN DEL USUARIO,10103,FALTA DE OPORTUNIDAD EN LA ATENCIÓN EN OTROS SERVICIOS DE SALUD,1010308,PROCEDIMIENTOS NO QUIRÚRGICOS,1010308001,IMAGENOLOGÍA,ENFERMEDADES CRÓNICAS NO TRASMISIBLES CARDIOVASCULARES,ACV (ACCIDENTE CEREBRO VASCULAR),DESNUTRICIÓN PROTEICOCALORICA MODERADA,No aplica,PRIORIZADO
115,2024,6,Web,66,66001,US- 000000196674,A nombre propio,MUJER,63,MAYOR DE 63 AÑOS ,No Aplica,Contributivo,No Aplica,No Aplica,66,66001,SANITAS,RÉGIMEN CONTRIBUTIVO,EPS005,SANITAS,66,66001,1,BARRERAS EN EL ACCESO A TECNOLOGÍAS Y SERVICIOS DE SALUD; Y OTROS ELEMENTOS COMPLEMENTARIOS PARA LA ATENCIÓN DEL USUARIO,102,NEGACIÓN DE TECNOLOGÍAS EN SALUD Y OTROS ELEMENTOS COMPLEMENTARIOS PARA LA ATENCIÓN DEL USUARIO,10201,NEGACIÓN EN LA ASIGNACIÓN DE CITAS O CONSULTAS,1020103,ESPECIALIDADES MÉDICAS ,1020103078,ORTOPEDIA Y TRAUMATOLOGÍA,PROBLEMAS RELACIONADOS CON FACILIDADES DE ATENCIÓN MÉDICA U OTROS SERVICIOS DE SALUD,PROBLEMAS RELACIONADOS CON FACILIDADES DE ATENCIÓN MÉDICA U OTROS SERVICIOS DE SALUD,OTROS PROBLEMAS RELACIONADOS CON SERVICIOS MÉDICOS Y DE SALUD,No aplica,SIMPLE
116,2024,6,Personalizado,88,88001,US- 000003606298,Madre,MUJER,29,DE 25 A 29 AÑOS,Universitario Incompleto,Contributivo,No Aplica,No Aplica,88,88001,NUEVA EPS,RÉGIMEN CONTRIBUTIVO,EPS037,NUEVA EPS,88,88001,1,BARRERAS EN EL ACCESO A TECNOLOGÍAS Y SERVICIOS DE SALUD; Y OTROS ELEMENTOS COMPLEMENTARIOS PARA LA ATENCIÓN DEL USUARIO,102,NEGACIÓN DE TECNOLOGÍAS EN SALUD Y OTROS ELEMENTOS COMPLEMENTARIOS PARA LA ATENCIÓN DEL USUARIO,10204,NEGACIÓN PARA LA ENTREGA DE TECNOLOGÍAS EN SALUD Y/O DE OTROS SERVICIOS AUTORIZADOS,1020401,MEDICAMENTOS UPC,,,ENFERMEDADES OSTEOARTICULARES,ARTRITIS REUMATOIDEA,"ARTRITIS REUMATOIDE SEROPOSITIVA, SIN OTRA ESPECIFICACIÓN",No aplica,SIMPLE
117,2024,6,Web,19,19300,US- 000003606299,A nombre propio,MUJER,76,MAYOR DE 63 AÑOS ,Ninguno,Contributivo,Afrocolombiano o Afrodescendiente,No Aplica,19,19300,SOS -SERVICIO OCCIDENTAL DE SALUD,RÉGIMEN CONTRIBUTIVO,EPS018,SERVICIO OCCIDENTAL DE SALUD (SOS),19,19300,1,BARRERAS EN EL ACCESO A TECNOLOGÍAS Y SERVICIOS DE SALUD; Y OTROS ELEMENTOS COMPLEMENTARIOS PARA LA ATENCIÓN DEL USUARIO,102,NEGACIÓN DE TECNOLOGÍAS EN SALUD Y OTROS ELEMENTOS COMPLEMENTARIOS PARA LA ATENCIÓN DEL USUARIO,10203,NEGACIÓN EN LA ATENCIÓN EN OTROS SERVICIOS DE SALUD,1020309,PROCEDIMIENTOS QUIRÚRGICOS,1020309003,OTROS PROCEDIMIENTOS QUIRÚRGICOS,PROBLEMAS RELACIONADOS CON FACILIDADES DE ATENCIÓN MÉDICA U OTROS SERVICIOS DE SALUD,PROBLEMAS RELACIONADOS CON FACILIDADES DE ATENCIÓN MÉDICA U OTROS SERVICIOS DE SALUD,OTROS PROBLEMAS RELACIONADOS CON SERVICIOS MÉDICOS Y DE SALUD,No aplica,SIMPLE
118,2024,6,Personalizado,76,76243,US- 000003606300,A nombre propio,MUJER,29,DE 25 A 29 AÑOS,Secundaria,Subsidiado,No Aplica,Mujer en estado de gestación,76,76243,COOSALUD,RÉGIMEN SUBSIDIADO,ESS024,COOSALUD,76,76243,1,BARRERAS EN EL ACCESO A TECNOLOGÍAS Y SERVICIOS DE SALUD; Y OTROS ELEMENTOS COMPLEMENTARIOS PARA LA ATENCIÓN DEL USUARIO,102,NEGACIÓN DE TECNOLOGÍAS EN SALUD Y OTROS ELEMENTOS COMPLEMENTARIOS PARA LA ATENCIÓN DEL USUARIO,10201,NEGACIÓN EN LA ASIGNACIÓN DE CITAS O CONSULTAS,1020103,ESPECIALIDADES MÉDICAS ,1020103047,GINECOLOGÍA Y OBSTETRICIA,MATERNO INFANTIL,ATENCIÓN EN EL EMBARAZO,"SUPERVISIÓN DE EMBARAZO DE ALTO RIESGO, SIN OTRA ESPECIFICACIÓN",No aplica,PRIORIZADO
119,2024,6,Telefónico,52,52835,US- 000003606301,Madre,HOMBRE,24,DE 18 A 24 AÑOS,Secundaria,Contributivo,Afrocolombiano o Afrodescendiente,Desplazado,52,52835,FAMISANAR,RÉGIMEN CONTRIBUTIVO,EPS017,FAMISANAR,25,25799,1,BARRERAS EN EL ACCESO A TECNOLOGÍAS Y SERVICIOS DE SALUD; Y OTROS ELEMENTOS COMPLEMENTARIOS PARA LA ATENCIÓN DEL USUARIO,101,FALTA DE OPORTUNIDAD EN LA PRESTACIÓN DE TECNOLOGÍAS EN SALUD Y OTROS ELEMENTOS COMPLEMENTARIOS PARA LA ATENCIÓN DEL USUARIO,10105,FALTA DE OPORTUNIDAD EN EL PROCESO DE REFERENCIA Y CONTRARREFERENCIA,,,,,PROBLEMAS RELACIONADOS CON FACILIDADES DE ATENCIÓN MÉDICA U OTROS SERVICIOS DE SALUD,PROBLEMAS RELACIONADOS CON FACILIDADES DE ATENCIÓN MÉDICA U OTROS SERVICIOS DE SALUD,EMBOLIA PULMONAR,No aplica,RIESGO VITAL
120,2024,6,Web,19,19001,US- 000000337015,A nombre propio,HOMBRE,56,DE 50 A 62 AÑOS,No Aplica,Contributivo,No Aplica,Persona con discapacidad,19,19001,NUEVA EPS,RÉGIMEN CONTRIBUTIVO,EPS037,NUEVA EPS,19,19001,1,BARRERAS EN EL ACCESO A TECNOLOGÍAS Y SERVICIOS DE SALUD; Y OTROS ELEMENTOS COMPLEMENTARIOS PARA LA ATENCIÓN DEL USUARIO,102,NEGACIÓN DE TECNOLOGÍAS EN SALUD Y OTROS ELEMENTOS COMPLEMENTARIOS PARA LA ATENCIÓN DEL USUARIO,10204,NEGACIÓN PARA LA ENTREGA DE TECNOLOGÍAS EN SALUD Y/O DE OTROS SERVICIOS AUTORIZADOS,1020401,MEDICAMENTOS UPC,,,ENFERMEDADES CRÓNICAS NO TRANSMISIBLES –RENALES,IRC-TRASPLANTE,TRASPLANTE DE RIÑÓN,TRASPLANTE RENAL,PRIORIZADO
121,2024,6,Escrito,85,85001,US- 000003606302,A nombre propio,HOMBRE,61,DE 50 A 62 AÑOS,No Aplica,Contributivo,No Aplica,No Aplica,85,85001,SANITAS,RÉGIMEN CONTRIBUTIVO,EPS005,SANITAS,85,85001,1,BARRERAS EN EL ACCESO A TECNOLOGÍAS Y SERVICIOS DE SALUD; Y OTROS ELEMENTOS COMPLEMENTARIOS PARA LA ATENCIÓN DEL USUARIO,101,FALTA DE OPORTUNIDAD EN LA PRESTACIÓN DE TECNOLOGÍAS EN SALUD Y OTROS ELEMENTOS COMPLEMENTARIOS PARA LA ATENCIÓN DEL USUARIO,10103,FALTA DE OPORTUNIDAD EN LA ATENCIÓN EN OTROS SERVICIOS DE SALUD,1010308,PROCEDIMIENTOS NO QUIRÚRGICOS,1010308003,QUIMIOTERAPIA,CÁNCER ,CÁNCER GÁSTRICO,TUMOR MALIGNO DEL TERCIO INFERIOR DEL ESÓFAGO,Quimioterapia y radioterapia para el cáncer,PRIORIZADO
122,2024,5,Web,5,5615,US- 000002610280,A nombre propio,MUJER,23,DE 18 A 24 AÑOS,Secundaria,Régimen Especial,No Aplica,Persona con discapacidad,5,5615,MAGISTERIO,REGÍMENES DE EXCEPCIÓN Y ESPECIALES,REMG01,MAGISTERIO,5,5697,1,BARRERAS EN EL ACCESO A TECNOLOGÍAS Y SERVICIOS DE SALUD; Y OTROS ELEMENTOS COMPLEMENTARIOS PARA LA ATENCIÓN DEL USUARIO,101,FALTA DE OPORTUNIDAD EN LA PRESTACIÓN DE TECNOLOGÍAS EN SALUD Y OTROS ELEMENTOS COMPLEMENTARIOS PARA LA ATENCIÓN DEL USUARIO,10101,FALTA DE OPORTUNIDAD EN LAS CITAS O CONSULTAS,1010101,MEDICINA GENERAL,,,PROBLEMAS RELACIONADOS CON FACILIDADES DE ATENCIÓN MÉDICA U OTROS SERVICIOS DE SALUD,PROBLEMAS RELACIONADOS CON FACILIDADES DE ATENCIÓN MÉDICA U OTROS SERVICIOS DE SALUD,PROBLEMAS RELACIONADOS CON FACILIDADES DE ATENCIÓN MEDICA U OTROS SERVICIOS DE SALUD,No aplica,SIMPLE
123,2024,2,Personalizado,52,52699,US- 000003073824,Hijo (A),HOMBRE,50,DE 50 A 62 AÑOS,Primaria Incompleta,Subsidiado,Indígena,No Aplica,52,52699,EMSSANAR EPS,RÉGIMEN SUBSIDIADO,ESS118,EMSSANAR,52,52699,1,BARRERAS EN EL ACCESO A TECNOLOGÍAS Y SERVICIOS DE SALUD; Y OTROS ELEMENTOS COMPLEMENTARIOS PARA LA ATENCIÓN DEL USUARIO,102,NEGACIÓN DE TECNOLOGÍAS EN SALUD Y OTROS ELEMENTOS COMPLEMENTARIOS PARA LA ATENCIÓN DEL USUARIO,10201,NEGACIÓN EN LA ASIGNACIÓN DE CITAS O CONSULTAS,1020103,ESPECIALIDADES MÉDICAS ,1020103080,OTORRINOLARINGOLOGÍA,CÁNCER ,OTROS,OTRAS LINFADENITIS INESPECÍFICAS,No aplica,PRIORIZADO
124,2024,6,Personalizado,68,68001,US- 000003606303,A nombre propio,HOMBRE,60,DE 50 A 62 AÑOS,Universitario Incompleto,Contributivo,No Aplica,No Aplica,68,68001,NUEVA EPS,RÉGIMEN CONTRIBUTIVO,EPS037,NUEVA EPS,68,68001,1,BARRERAS EN EL ACCESO A TECNOLOGÍAS Y SERVICIOS DE SALUD; Y OTROS ELEMENTOS COMPLEMENTARIOS PARA LA ATENCIÓN DEL USUARIO,102,NEGACIÓN DE TECNOLOGÍAS EN SALUD Y OTROS ELEMENTOS COMPLEMENTARIOS PARA LA ATENCIÓN DEL USUARIO,10204,NEGACIÓN PARA LA ENTREGA DE TECNOLOGÍAS EN SALUD Y/O DE OTROS SERVICIOS AUTORIZADOS,1020401,MEDICAMENTOS UPC,,,ENFERMEDADES CRÓNICAS NO TRASMISIBLES CARDIOVASCULARES,OTROS,FIBRILACIÓN Y ALETEO AURICULAR,No aplica,PRIORIZADO
125,2024,6,Escrito,11,11001,US- 000003606304,Otro,MUJER,68,MAYOR DE 63 AÑOS ,No Aplica,Subsidiado,No Aplica,No Aplica,11,11001,COMPENSAR,RÉGIMEN CONTRIBUTIVO,EPS008,COMPENSAR,25,25286,1,BARRERAS EN EL ACCESO A TECNOLOGÍAS Y SERVICIOS DE SALUD; Y OTROS ELEMENTOS COMPLEMENTARIOS PARA LA ATENCIÓN DEL USUARIO,102,NEGACIÓN DE TECNOLOGÍAS EN SALUD Y OTROS ELEMENTOS COMPLEMENTARIOS PARA LA ATENCIÓN DEL USUARIO,10201,NEGACIÓN EN LA ASIGNACIÓN DE CITAS O CONSULTAS,1020103,ESPECIALIDADES MÉDICAS ,1020103078,ORTOPEDIA Y TRAUMATOLOGÍA,ENFERMEDADES OSTEOARTICULARES,ARTRITIS REUMATOIDEA,GONARTROSIS,No aplica,SIMPLE
126,2024,5,Telefónico,11,11001,US- 000003606305,Otro,MUJER,70,MAYOR DE 63 AÑOS ,Primaria,Contributivo,No Aplica,No Aplica,11,11001,COMPENSAR,RÉGIMEN CONTRIBUTIVO,EPS008,COMPENSAR,11,11001,1,BARRERAS EN EL ACCESO A TECNOLOGÍAS Y SERVICIOS DE SALUD; Y OTROS ELEMENTOS COMPLEMENTARIOS PARA LA ATENCIÓN DEL USUARIO,103,FALTA DE OPORTUNIDAD EN LA AUTORIZACIÓN DE TECNOLOGÍAS EN SALUD Y OTROS ELEMENTOS COMPLEMENTARIOS PARA LA ATENCIÓN DEL USUARIO,10304,FALTA DE OPORTUNIDAD EN LA AUTORIZACIÓN DE OTROS SERVICIOS DE SALUD,1030408,PROCEDIMIENTOS NO QUIRÚRGICOS,1030408006,OTROS PROCEDIMIENTOS NO QUIRÚRGICOS,ENFERMEDADES CRÓNICAS NO TRANSMISIBLES- FACTORES DE RIESGO,MEDICIÓN DE FACTORES DE RIESGO,OTROS ANEURISMAS,No aplica,PRIORIZADO
127,2024,6,Telefónico,5,5001,US- 000000650014,A nombre propio,MUJER,57,DE 50 A 62 AÑOS,Universitario,Contributivo,No Aplica,Persona con discapacidad,5,5001,SALUD TOTAL,RÉGIMEN CONTRIBUTIVO,EPS002,SALUD TOTAL,5,5001,1,BARRERAS EN EL ACCESO A TECNOLOGÍAS Y SERVICIOS DE SALUD; Y OTROS ELEMENTOS COMPLEMENTARIOS PARA LA ATENCIÓN DEL USUARIO,103,FALTA DE OPORTUNIDAD EN LA AUTORIZACIÓN DE TECNOLOGÍAS EN SALUD Y OTROS ELEMENTOS COMPLEMENTARIOS PARA LA ATENCIÓN DEL USUARIO,10301,FALTA DE OPORTUNIDAD EN LA AUTORIZACIÓN DE TECNOLOGÍAS EN SALUD Y/O DE OTROS SERVICIOS,1030101,MEDICAMENTOS UPC,,,PROBLEMAS RELACIONADOS CON FACILIDADES DE ATENCIÓN MÉDICA U OTROS SERVICIOS DE SALUD,PROBLEMAS RELACIONADOS CON FACILIDADES DE ATENCIÓN MÉDICA U OTROS SERVICIOS DE SALUD,PROBLEMAS RELACIONADOS CON FACILIDADES DE ATENCIÓN MEDICA U OTROS SERVICIOS DE SALUD,Trasplante de médula ósea,PRIORIZADO
128,2024,5,Web,11,11001,US- 000000225845,A nombre propio,HOMBRE,81,MAYOR DE 63 AÑOS ,No Aplica,Contributivo,No Aplica,No Aplica,11,11001,COMPENSAR,RÉGIMEN CONTRIBUTIVO,EPS008,COMPENSAR,11,11001,1,BARRERAS EN EL ACCESO A TECNOLOGÍAS Y SERVICIOS DE SALUD; Y OTROS ELEMENTOS COMPLEMENTARIOS PARA LA ATENCIÓN DEL USUARIO,102,NEGACIÓN DE TECNOLOGÍAS EN SALUD Y OTROS ELEMENTOS COMPLEMENTARIOS PARA LA ATENCIÓN DEL USUARIO,10202,NEGACIÓN DE SERVICIOS DE COMPLEMENTACIÓN TERAPÉUTICA,1020209,OTRAS TERAPIAS,,,PROBLEMAS RELACIONADOS CON FACILIDADES DE ATENCIÓN MÉDICA U OTROS SERVICIOS DE SALUD,PROBLEMAS RELACIONADOS CON FACILIDADES DE ATENCIÓN MÉDICA U OTROS SERVICIOS DE SALUD,"DEMENCIA , NO ESPECIFICADA",No aplica,SIMPLE
129,2024,6,Personalizado,25,25175,US- 000003606306,A nombre propio,MUJER,74,MAYOR DE 63 AÑOS ,Secundaria,Contributivo,No Aplica,No Aplica,25,25175,COMPENSAR,RÉGIMEN CONTRIBUTIVO,EPS008,COMPENSAR,25,25175,1,BARRERAS EN EL ACCESO A TECNOLOGÍAS Y SERVICIOS DE SALUD; Y OTROS ELEMENTOS COMPLEMENTARIOS PARA LA ATENCIÓN DEL USUARIO,102,NEGACIÓN DE TECNOLOGÍAS EN SALUD Y OTROS ELEMENTOS COMPLEMENTARIOS PARA LA ATENCIÓN DEL USUARIO,10201,NEGACIÓN EN LA ASIGNACIÓN DE CITAS O CONSULTAS,1020103,ESPECIALIDADES MÉDICAS ,1020103078,ORTOPEDIA Y TRAUMATOLOGÍA,ENFERMEDADES OSTEOARTICULARES,OTROS,FRACTURA DE LA EPÍFISIS SUPERIOR DEL HUMERO,No aplica,SIMPLE
130,2024,5,Web,66,66001,US- 000003606307,A nombre propio,MUJER,43,DE 38 A 49 AÑOS,No Aplica,Contributivo,No Aplica,No Aplica,66,66001,NUEVA EPS,RÉGIMEN CONTRIBUTIVO,EPS037,NUEVA EPS,76,76111,1,BARRERAS EN EL ACCESO A TECNOLOGÍAS Y SERVICIOS DE SALUD; Y OTROS ELEMENTOS COMPLEMENTARIOS PARA LA ATENCIÓN DEL USUARIO,102,NEGACIÓN DE TECNOLOGÍAS EN SALUD Y OTROS ELEMENTOS COMPLEMENTARIOS PARA LA ATENCIÓN DEL USUARIO,10202,NEGACIÓN DE SERVICIOS DE COMPLEMENTACIÓN TERAPÉUTICA,1020201,TERAPIA FÍSICA,,,PROBLEMAS RELACIONADOS CON FACILIDADES DE ATENCIÓN MÉDICA U OTROS SERVICIOS DE SALUD,PROBLEMAS RELACIONADOS CON FACILIDADES DE ATENCIÓN MÉDICA U OTROS SERVICIOS DE SALUD,OTROS PROBLEMAS RELACIONADOS CON SERVICIOS MÉDICOS Y DE SALUD,No aplica,SIMPLE
131,2024,6,Telefónico,76,76001,US- 000003606308,Hijo (A),HOMBRE,61,DE 50 A 62 AÑOS,Primaria,Contributivo,No Aplica,No Aplica,76,76001,SURAMERICANA EPS,RÉGIMEN CONTRIBUTIVO,EPS010,EPS SURA,76,76001,1,BARRERAS EN EL ACCESO A TECNOLOGÍAS Y SERVICIOS DE SALUD; Y OTROS ELEMENTOS COMPLEMENTARIOS PARA LA ATENCIÓN DEL USUARIO,103,FALTA DE OPORTUNIDAD EN LA AUTORIZACIÓN DE TECNOLOGÍAS EN SALUD Y OTROS ELEMENTOS COMPLEMENTARIOS PARA LA ATENCIÓN DEL USUARIO,10304,FALTA DE OPORTUNIDAD EN LA AUTORIZACIÓN DE OTROS SERVICIOS DE SALUD,1030409,PROCEDIMIENTOS QUIRÚRGICOS,1030409003,OTROS PROCEDIMIENTOS QUIRÚRGICOS,ENFERMEDADES OSTEOARTICULARES,NEUROLÓGICAS,"ANEURISMA CEREBRAL, SIN RUPTURA",No aplica,PRIORIZADO
132,2024,5,Personalizado,11,11001,US- 000000252722,A nombre propio,MUJER,53,DE 50 A 62 AÑOS,Secundaria,Contributivo,No Aplica,No Aplica,11,11001,COMPENSAR,RÉGIMEN CONTRIBUTIVO,EPS008,COMPENSAR,11,11001,1,BARRERAS EN EL ACCESO A TECNOLOGÍAS Y SERVICIOS DE SALUD; Y OTROS ELEMENTOS COMPLEMENTARIOS PARA LA ATENCIÓN DEL USUARIO,103,FALTA DE OPORTUNIDAD EN LA AUTORIZACIÓN DE TECNOLOGÍAS EN SALUD Y OTROS ELEMENTOS COMPLEMENTARIOS PARA LA ATENCIÓN DEL USUARIO,10302,FALTA DE OPORTUNIDAD EN LA AUTORIZACIÓN DE CITAS DE CONSULTA,1030203,ESPECIALIDADES MÉDICAS ,1030203076,ONCOLOGÍA,CÁNCER ,CÁNCER DE MAMA,TUMOR MALIGNO DE LA MAMA,Quimioterapia y radioterapia para el cáncer,PRIORIZADO
133,2024,6,Chat,76,76001,US- 000001429147,A nombre propio,MUJER,34,DE 30 A 37 AÑOS,Universitario Incompleto,Contributivo,No Aplica,No Aplica,76,76001,SURAMERICANA EPS,RÉGIMEN CONTRIBUTIVO,EPS010,EPS SURA,76,76001,1,BARRERAS EN EL ACCESO A TECNOLOGÍAS Y SERVICIOS DE SALUD; Y OTROS ELEMENTOS COMPLEMENTARIOS PARA LA ATENCIÓN DEL USUARIO,103,FALTA DE OPORTUNIDAD EN LA AUTORIZACIÓN DE TECNOLOGÍAS EN SALUD Y OTROS ELEMENTOS COMPLEMENTARIOS PARA LA ATENCIÓN DEL USUARIO,10304,FALTA DE OPORTUNIDAD EN LA AUTORIZACIÓN DE OTROS SERVICIOS DE SALUD,1030408,PROCEDIMIENTOS NO QUIRÚRGICOS,1030408001,IMAGENOLOGÍA,PROBLEMAS RELACIONADOS CON FACILIDADES DE ATENCIÓN MÉDICA U OTROS SERVICIOS DE SALUD,PROBLEMAS RELACIONADOS CON FACILIDADES DE ATENCIÓN MÉDICA U OTROS SERVICIOS DE SALUD,CEFALEA,No aplica,SIMPLE
134,2024,6,Web,76,76130,US- 000002971954,A nombre propio,MUJER,39,DE 38 A 49 AÑOS,No Aplica,Contributivo,No Aplica,No Aplica,76,76130,NUEVA EPS,RÉGIMEN CONTRIBUTIVO,EPS037,NUEVA EPS,76,76520,1,BARRERAS EN EL ACCESO A TECNOLOGÍAS Y SERVICIOS DE SALUD; Y OTROS ELEMENTOS COMPLEMENTARIOS PARA LA ATENCIÓN DEL USUARIO,102,NEGACIÓN DE TECNOLOGÍAS EN SALUD Y OTROS ELEMENTOS COMPLEMENTARIOS PARA LA ATENCIÓN DEL USUARIO,10201,NEGACIÓN EN LA ASIGNACIÓN DE CITAS O CONSULTAS,1020103,ESPECIALIDADES MÉDICAS ,1020103078,ORTOPEDIA Y TRAUMATOLOGÍA,ENFERMEDADES OSTEOARTICULARES,OTROS,OTRAS BURSITIS DE LA RODILLA,No aplica,SIMPLE
135,2024,6,Escrito,11,11001,US- 000003606309,A nombre propio,MUJER,24,DE 18 A 24 AÑOS,No Aplica,Subsidiado,No Aplica,No Aplica,11,11001,CAPITAL SALUD,RÉGIMEN SUBSIDIADO,EPSS34,CAPITAL SALUD,11,11001,1,BARRERAS EN EL ACCESO A TECNOLOGÍAS Y SERVICIOS DE SALUD; Y OTROS ELEMENTOS COMPLEMENTARIOS PARA LA ATENCIÓN DEL USUARIO,103,FALTA DE OPORTUNIDAD EN LA AUTORIZACIÓN DE TECNOLOGÍAS EN SALUD Y OTROS ELEMENTOS COMPLEMENTARIOS PARA LA ATENCIÓN DEL USUARIO,10304,FALTA DE OPORTUNIDAD EN LA AUTORIZACIÓN DE OTROS SERVICIOS DE SALUD,1030402,HOSPITALIZACIÓN,,,SALUD MENTAL,OTROS TRASTORNOS MENTALES,DEMENCIA EN LA ENFERMEDAD DE HUNTINGTON (G10†),No aplica,PRIORIZADO
136,2024,6,Web,76,76520,US- 000000286729,A nombre propio,MUJER,64,MAYOR DE 63 AÑOS ,No Aplica,Contributivo,No Aplica,No Aplica,76,76520,SURAMERICANA EPS,RÉGIMEN CONTRIBUTIVO,EPS010,EPS SURA,76,76520,1,BARRERAS EN EL ACCESO A TECNOLOGÍAS Y SERVICIOS DE SALUD; Y OTROS ELEMENTOS COMPLEMENTARIOS PARA LA ATENCIÓN DEL USUARIO,102,NEGACIÓN DE TECNOLOGÍAS EN SALUD Y OTROS ELEMENTOS COMPLEMENTARIOS PARA LA ATENCIÓN DEL USUARIO,10201,NEGACIÓN EN LA ASIGNACIÓN DE CITAS O CONSULTAS,1020103,ESPECIALIDADES MÉDICAS ,1020103069,NEUMOLOGÍA,PROBLEMAS RELACIONADOS CON FACILIDADES DE ATENCIÓN MÉDICA U OTROS SERVICIOS DE SALUD,PROBLEMAS RELACIONADOS CON FACILIDADES DE ATENCIÓN MÉDICA U OTROS SERVICIOS DE SALUD,APNEA DEL SUEÑO,No aplica,SIMPLE
137,2024,6,Web,5,5147,US- 000003606310,A nombre propio,MUJER,29,DE 25 A 29 AÑOS,No Aplica,Contributivo,No Aplica,Desplazado,5,5147,SURAMERICANA EPS,RÉGIMEN CONTRIBUTIVO,EPS010,EPS SURA,5,5147,1,BARRERAS EN EL ACCESO A TECNOLOGÍAS Y SERVICIOS DE SALUD; Y OTROS ELEMENTOS COMPLEMENTARIOS PARA LA ATENCIÓN DEL USUARIO,103,FALTA DE OPORTUNIDAD EN LA AUTORIZACIÓN DE TECNOLOGÍAS EN SALUD Y OTROS ELEMENTOS COMPLEMENTARIOS PARA LA ATENCIÓN DEL USUARIO,10304,FALTA DE OPORTUNIDAD EN LA AUTORIZACIÓN DE OTROS SERVICIOS DE SALUD,1030409,PROCEDIMIENTOS QUIRÚRGICOS,1030409003,OTROS PROCEDIMIENTOS QUIRÚRGICOS,ENFERMEDADES OSTEOARTICULARES,OTROS,ESGUINCES Y TORCEDURAS QUE COMPROMETEN EL LIGAMENTO CRUZADO (ANTERIOR) (POSTERIOR) DE LA RODILLA,No aplica,SIMPLE
138,2024,6,Web,11,11001,US- 000001357383,A nombre propio,HOMBRE,24,DE 18 A 24 AÑOS,Secundaria,Subsidiado,No Aplica,Persona con discapacidad,11,11001,SANITAS,RÉGIMEN CONTRIBUTIVO,EPS005,SANITAS,11,11001,1,BARRERAS EN EL ACCESO A TECNOLOGÍAS Y SERVICIOS DE SALUD; Y OTROS ELEMENTOS COMPLEMENTARIOS PARA LA ATENCIÓN DEL USUARIO,103,FALTA DE OPORTUNIDAD EN LA AUTORIZACIÓN DE TECNOLOGÍAS EN SALUD Y OTROS ELEMENTOS COMPLEMENTARIOS PARA LA ATENCIÓN DEL USUARIO,10304,FALTA DE OPORTUNIDAD EN LA AUTORIZACIÓN DE OTROS SERVICIOS DE SALUD,1030408,PROCEDIMIENTOS NO QUIRÚRGICOS,1030408001,IMAGENOLOGÍA,ENFERMEDADES OSTEOARTICULARES,OTROS,OTRAS DEFORMIDADES VARUS CONGÉNITAS DE LOS PIES,No aplica,SIMPLE
139,2024,5,Web,76,76130,US- 000000886420,A nombre propio,MUJER,12,DE 6 A 12 AÑOS,No Aplica,Contributivo,No Aplica,No Aplica,76,76130,NUEVA EPS,RÉGIMEN CONTRIBUTIVO,EPS037,NUEVA EPS,76,76130,1,BARRERAS EN EL ACCESO A TECNOLOGÍAS Y SERVICIOS DE SALUD; Y OTROS ELEMENTOS COMPLEMENTARIOS PARA LA ATENCIÓN DEL USUARIO,101,FALTA DE OPORTUNIDAD EN LA PRESTACIÓN DE TECNOLOGÍAS EN SALUD Y OTROS ELEMENTOS COMPLEMENTARIOS PARA LA ATENCIÓN DEL USUARIO,10101,FALTA DE OPORTUNIDAD EN LAS CITAS O CONSULTAS,1010103,ESPECIALIDADES MÉDICAS ,1010103040,ENDOCRINOLOGÍA PEDIÁTRICA,PROBLEMAS RELACIONADOS CON FACILIDADES DE ATENCIÓN MÉDICA U OTROS SERVICIOS DE SALUD,PROBLEMAS RELACIONADOS CON FACILIDADES DE ATENCIÓN MÉDICA U OTROS SERVICIOS DE SALUD,DETENCIÓN DEL CRECIMIENTO EPIFISARIO,No aplica,SIMPLE
140,2024,6,Web,5,5631,US- 000003606311,Madre,MUJER,15,DE 13 A 17 AÑOS,No Aplica,Contributivo,No Aplica,No Aplica,5,5631,NUEVA EPS,RÉGIMEN CONTRIBUTIVO,EPS037,NUEVA EPS,5,5631,1,BARRERAS EN EL ACCESO A TECNOLOGÍAS Y SERVICIOS DE SALUD; Y OTROS ELEMENTOS COMPLEMENTARIOS PARA LA ATENCIÓN DEL USUARIO,102,NEGACIÓN DE TECNOLOGÍAS EN SALUD Y OTROS ELEMENTOS COMPLEMENTARIOS PARA LA ATENCIÓN DEL USUARIO,10201,NEGACIÓN EN LA ASIGNACIÓN DE CITAS O CONSULTAS,1020103,ESPECIALIDADES MÉDICAS ,1020103082,PEDIATRÍA,SALUD SEXUAL Y REPRODUCTIVA,ATENCIÓN ADOLESCENTES,OTROS PROBLEMAS RELACIONADOS CON SERVICIOS MÉDICOS Y DE SALUD,No aplica,SIMPLE
141,2024,6,Personalizado,11,11001,US- 000003606312,A nombre propio,MUJER,79,MAYOR DE 63 AÑOS ,Primaria,Contributivo,No Aplica,No Aplica,11,11001,NUEVA EPS,RÉGIMEN CONTRIBUTIVO,EPS037,NUEVA EPS,11,11001,1,BARRERAS EN EL ACCESO A TECNOLOGÍAS Y SERVICIOS DE SALUD; Y OTROS ELEMENTOS COMPLEMENTARIOS PARA LA ATENCIÓN DEL USUARIO,102,NEGACIÓN DE TECNOLOGÍAS EN SALUD Y OTROS ELEMENTOS COMPLEMENTARIOS PARA LA ATENCIÓN DEL USUARIO,10201,NEGACIÓN EN LA ASIGNACIÓN DE CITAS O CONSULTAS,1020103,ESPECIALIDADES MÉDICAS ,1020103039,ENDOCRINOLOGÍA,ENFERMEDADES CRÓNICAS NO TRANSMISIBLES- FACTORES DE RIESGO,OBESIDAD,HIPERTENSIÓN ESENCIAL (PRIMARIA),No aplica,SIMPLE
142,2024,3,Web,52,52258,US- 000000571380,A nombre propio,MUJER,76,MAYOR DE 63 AÑOS ,No Aplica,Subsidiado,No Aplica,Persona con discapacidad,52,52258,EMSSANAR EPS,RÉGIMEN SUBSIDIADO,ESS118,EMSSANAR,52,52258,1,BARRERAS EN EL ACCESO A TECNOLOGÍAS Y SERVICIOS DE SALUD; Y OTROS ELEMENTOS COMPLEMENTARIOS PARA LA ATENCIÓN DEL USUARIO,103,FALTA DE OPORTUNIDAD EN LA AUTORIZACIÓN DE TECNOLOGÍAS EN SALUD Y OTROS ELEMENTOS COMPLEMENTARIOS PARA LA ATENCIÓN DEL USUARIO,10304,FALTA DE OPORTUNIDAD EN LA AUTORIZACIÓN DE OTROS SERVICIOS DE SALUD,1030409,PROCEDIMIENTOS QUIRÚRGICOS,1030409003,OTROS PROCEDIMIENTOS QUIRÚRGICOS,ENFERMEDADES OSTEOARTICULARES,OTROS,INFECCIÓN Y REACCIÓN INFLAMATORIA DEBIDAS A PRÓTESIS ARTICULAR INTERNA,No aplica,SIMPLE
143,2024,6,Web,11,11001,US- 000003606313,A nombre propio,MUJER,20,DE 18 A 24 AÑOS,No Aplica,Régimen Especial,No Aplica,No Aplica,11,11001,FUERZAS MILITARES,REGÍMENES DE EXCEPCIÓN Y ESPECIALES,REFM01,FUERZAS MILITARES,11,11001,1,BARRERAS EN EL ACCESO A TECNOLOGÍAS Y SERVICIOS DE SALUD; Y OTROS ELEMENTOS COMPLEMENTARIOS PARA LA ATENCIÓN DEL USUARIO,102,NEGACIÓN DE TECNOLOGÍAS EN SALUD Y OTROS ELEMENTOS COMPLEMENTARIOS PARA LA ATENCIÓN DEL USUARIO,10201,NEGACIÓN EN LA ASIGNACIÓN DE CITAS O CONSULTAS,1020103,ESPECIALIDADES MÉDICAS ,1020103080,OTORRINOLARINGOLOGÍA,PROBLEMAS RELACIONADOS CON FACILIDADES DE ATENCIÓN MÉDICA U OTROS SERVICIOS DE SALUD,PROBLEMAS RELACIONADOS CON FACILIDADES DE ATENCIÓN MÉDICA U OTROS SERVICIOS DE SALUD,HIPERTROFIA DE LOS CORNETES NASALES,No aplica,SIMPLE
144,2024,6,Web,50,50001,US- 000001164441,A nombre propio,MUJER,49,DE 38 A 49 AÑOS,No Aplica,Subsidiado,No Aplica,No Aplica,50,50001,CAJACOPI EPS,RÉGIMEN SUBSIDIADO,CCF055,CAJACOPI EPS,50,50001,1,BARRERAS EN EL ACCESO A TECNOLOGÍAS Y SERVICIOS DE SALUD; Y OTROS ELEMENTOS COMPLEMENTARIOS PARA LA ATENCIÓN DEL USUARIO,103,FALTA DE OPORTUNIDAD EN LA AUTORIZACIÓN DE TECNOLOGÍAS EN SALUD Y OTROS ELEMENTOS COMPLEMENTARIOS PARA LA ATENCIÓN DEL USUARIO,10302,FALTA DE OPORTUNIDAD EN LA AUTORIZACIÓN DE CITAS DE CONSULTA,1030203,ESPECIALIDADES MÉDICAS ,1030203047,GINECOLOGÍA Y OBSTETRICIA,PROBLEMAS RELACIONADOS CON FACILIDADES DE ATENCIÓN MÉDICA U OTROS SERVICIOS DE SALUD,PROBLEMAS RELACIONADOS CON FACILIDADES DE ATENCIÓN MÉDICA U OTROS SERVICIOS DE SALUD,PROBLEMAS RELACIONADOS CON FACILIDADES DE ATENCIÓN MEDICA U OTROS SERVICIOS DE SALUD,No aplica,SIMPLE
145,2024,6,Web,76,76001,US- 000003606314,A nombre propio,HOMBRE,14,DE 13 A 17 AÑOS,No Aplica,Contributivo,Afrocolombiano o Afrodescendiente,Persona con discapacidad,76,76001,NUEVA EPS,RÉGIMEN CONTRIBUTIVO,EPS037,NUEVA EPS,76,76001,4,INSATISFACCIÓN DEL USUARIO CON EL PROCESO ADMINISTRATIVO,404,INSATISFACCIÓN RELACIONADA CON TRÁMITES ADMINISTRATIVOS,40401,RESTRICCIÓN EN LA LIBRE ESCOGENCIA,4040102,PRESTADOR DE SERVICIO DE SALUD,,,PROBLEMAS RELACIONADOS CON FACILIDADES DE ATENCIÓN MÉDICA U OTROS SERVICIOS DE SALUD,PROBLEMAS RELACIONADOS CON FACILIDADES DE ATENCIÓN MÉDICA U OTROS SERVICIOS DE SALUD,ASMA,No aplica,SIMPLE
146,2024,6,Telefónico,5,5001,US- 000003606315,A nombre propio,MUJER,75,MAYOR DE 63 AÑOS ,Secundaria,Contributivo,No Aplica,Persona con discapacidad,5,5001,SURAMERICANA EPS,RÉGIMEN CONTRIBUTIVO,EPS010,EPS SURA,5,5001,1,BARRERAS EN EL ACCESO A TECNOLOGÍAS Y SERVICIOS DE SALUD; Y OTROS ELEMENTOS COMPLEMENTARIOS PARA LA ATENCIÓN DEL USUARIO,102,NEGACIÓN DE TECNOLOGÍAS EN SALUD Y OTROS ELEMENTOS COMPLEMENTARIOS PARA LA ATENCIÓN DEL USUARIO,10204,NEGACIÓN PARA LA ENTREGA DE TECNOLOGÍAS EN SALUD Y/O DE OTROS SERVICIOS AUTORIZADOS,1020401,MEDICAMENTOS UPC,,,ENFERMEDADES CRÓNICAS NO TRASMISIBLES CARDIOVASCULARES,HTA (HIPERTENSIÓN ARTERIAL),OTROS HIPOTIROIDISMOS,No aplica,SIMPLE
147,2024,6,Telefónico,11,11001,US- 000002966912,Otro,HOMBRE,8,DE 6 A 12 AÑOS,Primaria Incompleta,Subsidiado,No Aplica,No Aplica,11,11001,COMPENSAR,RÉGIMEN CONTRIBUTIVO,EPS008,COMPENSAR,11,11001,1,BARRERAS EN EL ACCESO A TECNOLOGÍAS Y SERVICIOS DE SALUD; Y OTROS ELEMENTOS COMPLEMENTARIOS PARA LA ATENCIÓN DEL USUARIO,102,NEGACIÓN DE TECNOLOGÍAS EN SALUD Y OTROS ELEMENTOS COMPLEMENTARIOS PARA LA ATENCIÓN DEL USUARIO,10204,NEGACIÓN PARA LA ENTREGA DE TECNOLOGÍAS EN SALUD Y/O DE OTROS SERVICIOS AUTORIZADOS,1020403,DISPOSITIVOS MÉDICOS UPC,,,PROBLEMAS RELACIONADOS CON FACILIDADES DE ATENCIÓN MÉDICA U OTROS SERVICIOS DE SALUD,PROBLEMAS RELACIONADOS CON FACILIDADES DE ATENCIÓN MÉDICA U OTROS SERVICIOS DE SALUD,"HIPOACUSIA NEUROSENSORIAL, BILATERAL",No aplica,SIMPLE
148,2024,5,Web,11,11001,US- 000003606316,A nombre propio,HOMBRE,59,DE 50 A 62 AÑOS,No Aplica,Contributivo,No Aplica,No Aplica,11,11001,COMPENSAR,RÉGIMEN CONTRIBUTIVO,EPS008,COMPENSAR,11,11001,1,BARRERAS EN EL ACCESO A TECNOLOGÍAS Y SERVICIOS DE SALUD; Y OTROS ELEMENTOS COMPLEMENTARIOS PARA LA ATENCIÓN DEL USUARIO,103,FALTA DE OPORTUNIDAD EN LA AUTORIZACIÓN DE TECNOLOGÍAS EN SALUD Y OTROS ELEMENTOS COMPLEMENTARIOS PARA LA ATENCIÓN DEL USUARIO,10304,FALTA DE OPORTUNIDAD EN LA AUTORIZACIÓN DE OTROS SERVICIOS DE SALUD,1030409,PROCEDIMIENTOS QUIRÚRGICOS,1030409003,OTROS PROCEDIMIENTOS QUIRÚRGICOS,PROBLEMAS RELACIONADOS CON FACILIDADES DE ATENCIÓN MÉDICA U OTROS SERVICIOS DE SALUD,PROBLEMAS RELACIONADOS CON FACILIDADES DE ATENCIÓN MÉDICA U OTROS SERVICIOS DE SALUD,PROBLEMAS RELACIONADOS CON FACILIDADES DE ATENCIÓN MEDICA U OTROS SERVICIOS DE SALUD,No aplica,SIMPLE
149,2024,5,Web,17,17001,US- 000000708585,A nombre propio,HOMBRE,52,DE 50 A 62 AÑOS,No Aplica,Contributivo,No Aplica,No Aplica,17,17001,NUEVA EPS,RÉGIMEN CONTRIBUTIVO,EPS037,NUEVA EPS,17,17001,1,BARRERAS EN EL ACCESO A TECNOLOGÍAS Y SERVICIOS DE SALUD; Y OTROS ELEMENTOS COMPLEMENTARIOS PARA LA ATENCIÓN DEL USUARIO,102,NEGACIÓN DE TECNOLOGÍAS EN SALUD Y OTROS ELEMENTOS COMPLEMENTARIOS PARA LA ATENCIÓN DEL USUARIO,10201,NEGACIÓN EN LA ASIGNACIÓN DE CITAS O CONSULTAS,1020103,ESPECIALIDADES MÉDICAS ,1020103022,CIRUGÍA GENERAL,PROBLEMAS RELACIONADOS CON FACILIDADES DE ATENCIÓN MÉDICA U OTROS SERVICIOS DE SALUD,PROBLEMAS RELACIONADOS CON FACILIDADES DE ATENCIÓN MÉDICA U OTROS SERVICIOS DE SALUD,PROBLEMAS RELACIONADOS CON FACILIDADES DE ATENCIÓN MEDICA U OTROS SERVICIOS DE SALUD,No aplica,SIMPLE
150,2024,2,Telefónico,76,76001,US- 000003606317,A nombre propio,MUJER,29,DE 25 A 29 AÑOS,Universitario,Subsidiado,No Aplica,No Aplica,76,76001,EMSSANAR EPS,RÉGIMEN SUBSIDIADO,ESS118,EMSSANAR,76,76001,1,BARRERAS EN EL ACCESO A TECNOLOGÍAS Y SERVICIOS DE SALUD; Y OTROS ELEMENTOS COMPLEMENTARIOS PARA LA ATENCIÓN DEL USUARIO,102,NEGACIÓN DE TECNOLOGÍAS EN SALUD Y OTROS ELEMENTOS COMPLEMENTARIOS PARA LA ATENCIÓN DEL USUARIO,10201,NEGACIÓN EN LA ASIGNACIÓN DE CITAS O CONSULTAS,1020103,ESPECIALIDADES MÉDICAS ,1020103009,CIRUGÍA CABEZA Y CUELLO - OTORRINOLARINGOLOGÍA,PROBLEMAS RELACIONADOS CON FACILIDADES DE ATENCIÓN MÉDICA U OTROS SERVICIOS DE SALUD,PROBLEMAS RELACIONADOS CON FACILIDADES DE ATENCIÓN MÉDICA U OTROS SERVICIOS DE SALUD,PROBLEMAS RELACIONADOS CON FACILIDADES DE ATENCIÓN MEDICA U OTROS SERVICIOS DE SALUD,No aplica,SIMPLE
151,2024,6,Escrito,5,5615,US- 000003606318,A nombre propio,MUJER,33,DE 30 A 37 AÑOS,No Aplica,Contributivo,No Aplica,No Aplica,5,5615,SURAMERICANA EPS,RÉGIMEN CONTRIBUTIVO,EPS010,EPS SURA,5,5615,1,BARRERAS EN EL ACCESO A TECNOLOGÍAS Y SERVICIOS DE SALUD; Y OTROS ELEMENTOS COMPLEMENTARIOS PARA LA ATENCIÓN DEL USUARIO,103,FALTA DE OPORTUNIDAD EN LA AUTORIZACIÓN DE TECNOLOGÍAS EN SALUD Y OTROS ELEMENTOS COMPLEMENTARIOS PARA LA ATENCIÓN DEL USUARIO,10304,FALTA DE OPORTUNIDAD EN LA AUTORIZACIÓN DE OTROS SERVICIOS DE SALUD,1030409,PROCEDIMIENTOS QUIRÚRGICOS,1030409003,OTROS PROCEDIMIENTOS QUIRÚRGICOS,PROBLEMAS RELACIONADOS CON FACILIDADES DE ATENCIÓN MÉDICA U OTROS SERVICIOS DE SALUD,PROBLEMAS RELACIONADOS CON FACILIDADES DE ATENCIÓN MÉDICA U OTROS SERVICIOS DE SALUD,DOLOR Y OTRAS AFECCIONES RELACIONADAS CON LOS ÓRGANOS GENITALES FEMENINOS Y CON EL CICLO MENSTRUAL,No aplica,SIMPLE
152,2024,5,Web,19,19001,US- 000000232065,A nombre propio,MUJER,54,DE 50 A 62 AÑOS,No Aplica,Contributivo,No Aplica,No Aplica,19,19001,SOS -SERVICIO OCCIDENTAL DE SALUD,RÉGIMEN CONTRIBUTIVO,EPS018,SERVICIO OCCIDENTAL DE SALUD (SOS),19,19001,1,BARRERAS EN EL ACCESO A TECNOLOGÍAS Y SERVICIOS DE SALUD; Y OTROS ELEMENTOS COMPLEMENTARIOS PARA LA ATENCIÓN DEL USUARIO,101,FALTA DE OPORTUNIDAD EN LA PRESTACIÓN DE TECNOLOGÍAS EN SALUD Y OTROS ELEMENTOS COMPLEMENTARIOS PARA LA ATENCIÓN DEL USUARIO,10103,FALTA DE OPORTUNIDAD EN LA ATENCIÓN EN OTROS SERVICIOS DE SALUD,1010308,PROCEDIMIENTOS NO QUIRÚRGICOS,1010308006,OTROS PROCEDIMIENTOS NO QUIRÚRGICOS,SALUD MENTAL,OTROS TRASTORNOS MENTALES,TRASTORNO DE ANSIEDAD GENERALIZADA,No aplica,PRIORIZADO
153,2024,6,Personalizado,11,11001,US- 000003606319,Madre,MUJER,0,DE 0 A 5 AÑOS,No Aplica,PPNA,No Aplica,No Aplica,11,11001,SECRETARÍA DISTRITAL DE SALUD  DE BOGOTA,ENTIDADES TERRITORIALES,999998,SECRETARIA DISTRITAL DE SALUD  DE BOGOTA,11,11001,2,INSATISFACCIÓN RELACIONADA CON LA ATENCIÓN EN SALUD,202,INSATISFACCIÓN RELACIONADA CON LA ATENCIÓN DEL PERSONAL EN SALUD,20201,INSATISFACCIÓN RELACIONADA CON LA ATENCIÓN DEL PERSONAL EN SALUD,2020104,INSUFICIENTE INFORMACIÓN SOBRE LA ATENCIÓN EN SALUD,,,MATERNO INFANTIL,ATENCIÓN NIÑOS MENORES DE 5 AÑOS,ICTERICIA NEONATAL POR OTRAS CAUSAS Y POR LAS NO ESPECIFICADAS,No aplica,SIMPLE
154,2024,6,Web,5,5380,US- 000002995451,A nombre propio,MUJER,37,DE 30 A 37 AÑOS,No Aplica,Subsidiado,No Aplica,No Aplica,5,5380,SAVIA SALUD,RÉGIMEN SUBSIDIADO,EPSS40,SAVIA SALUD EPS,5,5380,1,BARRERAS EN EL ACCESO A TECNOLOGÍAS Y SERVICIOS DE SALUD; Y OTROS ELEMENTOS COMPLEMENTARIOS PARA LA ATENCIÓN DEL USUARIO,103,FALTA DE OPORTUNIDAD EN LA AUTORIZACIÓN DE TECNOLOGÍAS EN SALUD Y OTROS ELEMENTOS COMPLEMENTARIOS PARA LA ATENCIÓN DEL USUARIO,10301,FALTA DE OPORTUNIDAD EN LA AUTORIZACIÓN DE TECNOLOGÍAS EN SALUD Y/O DE OTROS SERVICIOS,1030102,MEDICAMENTOS NO UPC,,,PROBLEMAS RELACIONADOS CON FACILIDADES DE ATENCIÓN MÉDICA U OTROS SERVICIOS DE SALUD,PROBLEMAS RELACIONADOS CON FACILIDADES DE ATENCIÓN MÉDICA U OTROS SERVICIOS DE SALUD,CANDIDIASIS DE LA VULVA Y DE LA VAGINA (N77.1*),No aplica,SIMPLE
155,2024,6,Web,76,76001,US- 000003606320,Madre,HOMBRE,0,DE 0 A 5 AÑOS,No Aplica,Contributivo,No Aplica,No Aplica,76,76001,SANITAS,RÉGIMEN CONTRIBUTIVO,EPS005,SANITAS,76,76001,1,BARRERAS EN EL ACCESO A TECNOLOGÍAS Y SERVICIOS DE SALUD; Y OTROS ELEMENTOS COMPLEMENTARIOS PARA LA ATENCIÓN DEL USUARIO,101,FALTA DE OPORTUNIDAD EN LA PRESTACIÓN DE TECNOLOGÍAS EN SALUD Y OTROS ELEMENTOS COMPLEMENTARIOS PARA LA ATENCIÓN DEL USUARIO,10101,FALTA DE OPORTUNIDAD EN LAS CITAS O CONSULTAS,1010103,ESPECIALIDADES MÉDICAS ,1010103072,NEUROLOGÍA,ENFERMEDADES HUÉRFANAS,OTROS,MICROCEFALIA,No aplica,PRIORIZADO
156,2024,6,Web,11,11001,US- 000003606321,A nombre propio,MUJER,53,DE 50 A 62 AÑOS,No Aplica,Subsidiado,No Aplica,No Aplica,11,11001,CAPITAL SALUD,RÉGIMEN SUBSIDIADO,EPSS34,CAPITAL SALUD,11,11001,4,INSATISFACCIÓN DEL USUARIO CON EL PROCESO ADMINISTRATIVO,404,INSATISFACCIÓN RELACIONADA CON TRÁMITES ADMINISTRATIVOS,40404,INCONSISTENCIA RELACIONADA CON COBROS Y/O APORTES,4040403,COBRO COPAGO,,,ENFERMEDADES OSTEOARTICULARES,OTROS,"HIPOTIROIDISMO, NO ESPECIFICADO",No aplica,SIMPLE
157,2024,6,Telefónico,25,25290,US- 000003606322,A nombre propio,MUJER,41,DE 38 A 49 AÑOS,Universitario,Contributivo,No Aplica,No Aplica,25,25290,COMPENSAR,RÉGIMEN CONTRIBUTIVO,EPS008,COMPENSAR,25,25290,2,INSATISFACCIÓN RELACIONADA CON LA ATENCIÓN EN SALUD,201,INSATISFACCIÓN RELACIONADA CON LA ATENCIÓN EN SALUD POR FALTA DE OPORTUNIDAD,20101,INSATISFACCIÓN POR FALTA DE OPORTUNIDAD EN LA ATENCIÓN POR PARTE DEL PERSONAL DE SALUD,2010105,SERVICIO FARMACÉUTICO,,,PROBLEMAS RELACIONADOS CON FACILIDADES DE ATENCIÓN MÉDICA U OTROS SERVICIOS DE SALUD,PROBLEMAS RELACIONADOS CON FACILIDADES DE ATENCIÓN MÉDICA U OTROS SERVICIOS DE SALUD,"MIGRAÑA, NO ESPECIFICADA",No aplica,SIMPLE
158,2024,5,Web,76,76001,US- 000003606323,A nombre propio,MUJER,45,DE 38 A 49 AÑOS,No Aplica,Contributivo,No Aplica,No Aplica,76,76001,SURAMERICANA EPS,RÉGIMEN CONTRIBUTIVO,EPS010,EPS SURA,76,76001,1,BARRERAS EN EL ACCESO A TECNOLOGÍAS Y SERVICIOS DE SALUD; Y OTROS ELEMENTOS COMPLEMENTARIOS PARA LA ATENCIÓN DEL USUARIO,101,FALTA DE OPORTUNIDAD EN LA PRESTACIÓN DE TECNOLOGÍAS EN SALUD Y OTROS ELEMENTOS COMPLEMENTARIOS PARA LA ATENCIÓN DEL USUARIO,10103,FALTA DE OPORTUNIDAD EN LA ATENCIÓN EN OTROS SERVICIOS DE SALUD,1010308,PROCEDIMIENTOS NO QUIRÚRGICOS,1010308006,OTROS PROCEDIMIENTOS NO QUIRÚRGICOS,PROBLEMAS RELACIONADOS CON FACILIDADES DE ATENCIÓN MÉDICA U OTROS SERVICIOS DE SALUD,PROBLEMAS RELACIONADOS CON FACILIDADES DE ATENCIÓN MÉDICA U OTROS SERVICIOS DE SALUD,PROBLEMAS RELACIONADOS CON FACILIDADES DE ATENCIÓN MEDICA U OTROS SERVICIOS DE SALUD,No aplica,SIMPLE
159,2024,6,Evento,5,5001,US- 000003606324,Tío (A),HOMBRE,1,DE 0 A 5 AÑOS,No Aplica,Contributivo,No Aplica,No Aplica,27,27001,SANITAS,RÉGIMEN CONTRIBUTIVO,EPS005,SANITAS,27,27001,1,BARRERAS EN EL ACCESO A TECNOLOGÍAS Y SERVICIOS DE SALUD; Y OTROS ELEMENTOS COMPLEMENTARIOS PARA LA ATENCIÓN DEL USUARIO,103,FALTA DE OPORTUNIDAD EN LA AUTORIZACIÓN DE TECNOLOGÍAS EN SALUD Y OTROS ELEMENTOS COMPLEMENTARIOS PARA LA ATENCIÓN DEL USUARIO,10304,FALTA DE OPORTUNIDAD EN LA AUTORIZACIÓN DE OTROS SERVICIOS DE SALUD,1030408,PROCEDIMIENTOS NO QUIRÚRGICOS,1030408002,LABORATORIO CLÍNICO Y ANATOMOPATOLÓGICO,MATERNO INFANTIL,ATENCIÓN NIÑOS MENORES DE 5 AÑOS,"TUBERCULOSIS RESPIRATORIA NO ESPECIFICADA, CONFIRMADA BACTERIOLÓGICAMENTE E HISTOLÓGICAMENTE",No aplica,PRIORIZADO
160,2024,6,Telefónico,11,11001,US- 000002850214,A nombre propio,MUJER,59,DE 50 A 62 AÑOS,Primaria,Subsidiado,No Aplica,No Aplica,11,11001,CAPITAL SALUD,RÉGIMEN SUBSIDIADO,EPSS34,CAPITAL SALUD,11,11001,1,BARRERAS EN EL ACCESO A TECNOLOGÍAS Y SERVICIOS DE SALUD; Y OTROS ELEMENTOS COMPLEMENTARIOS PARA LA ATENCIÓN DEL USUARIO,102,NEGACIÓN DE TECNOLOGÍAS EN SALUD Y OTROS ELEMENTOS COMPLEMENTARIOS PARA LA ATENCIÓN DEL USUARIO,10203,NEGACIÓN EN LA ATENCIÓN EN OTROS SERVICIOS DE SALUD,1020309,PROCEDIMIENTOS QUIRÚRGICOS,1020309003,OTROS PROCEDIMIENTOS QUIRÚRGICOS,ENFERMEDADES OSTEOARTICULARES,ARTRITIS REUMATOIDEA,HERNIA DIAFRAGMÁTICA,No aplica,SIMPLE
161,2024,6,Personalizado,11,11001,US- 000003606325,A nombre propio,MUJER,68,MAYOR DE 63 AÑOS ,Primaria,Subsidiado,No Aplica,Desplazado,11,11001,CAPITAL SALUD,RÉGIMEN SUBSIDIADO,EPSS34,CAPITAL SALUD,11,11001,1,BARRERAS EN EL ACCESO A TECNOLOGÍAS Y SERVICIOS DE SALUD; Y OTROS ELEMENTOS COMPLEMENTARIOS PARA LA ATENCIÓN DEL USUARIO,102,NEGACIÓN DE TECNOLOGÍAS EN SALUD Y OTROS ELEMENTOS COMPLEMENTARIOS PARA LA ATENCIÓN DEL USUARIO,10201,NEGACIÓN EN LA ASIGNACIÓN DE CITAS O CONSULTAS,1020103,ESPECIALIDADES MÉDICAS ,1020103063,MEDICINA INTERNA,ENFERMEDADES CRÓNICAS NO TRANSMISIBLES –DIABETES,DIABETES,DIABETES MELLITUS NO INSULINODEPENDIENTE,No aplica,SIMPLE
162,2024,5,Telefónico,5,5001,US- 000000645959,A nombre propio,MUJER,64,MAYOR DE 63 AÑOS ,Universitario Incompleto,Contributivo,No Aplica,No Aplica,5,5001,SURAMERICANA EPS,RÉGIMEN CONTRIBUTIVO,EPS010,EPS SURA,5,5001,1,BARRERAS EN EL ACCESO A TECNOLOGÍAS Y SERVICIOS DE SALUD; Y OTROS ELEMENTOS COMPLEMENTARIOS PARA LA ATENCIÓN DEL USUARIO,103,FALTA DE OPORTUNIDAD EN LA AUTORIZACIÓN DE TECNOLOGÍAS EN SALUD Y OTROS ELEMENTOS COMPLEMENTARIOS PARA LA ATENCIÓN DEL USUARIO,10302,FALTA DE OPORTUNIDAD EN LA AUTORIZACIÓN DE CITAS DE CONSULTA,1030203,ESPECIALIDADES MÉDICAS ,1030203056,MEDICINA ALTERNATIVA,ENFERMEDADES OSTEOARTICULARES,OTROS,"ARTROSIS, NO ESPECIFICADA",No aplica,SIMPLE
163,2024,4,Telefónico,68,68547,US- 000003253431,Cónyuge,HOMBRE,67,MAYOR DE 63 AÑOS ,Primaria Incompleta,Subsidiado,No Aplica,No Aplica,68,68547,NUEVA EPS,RÉGIMEN SUBSIDIADO,EPSS41,NUEVA EPS,68,68547,1,BARRERAS EN EL ACCESO A TECNOLOGÍAS Y SERVICIOS DE SALUD; Y OTROS ELEMENTOS COMPLEMENTARIOS PARA LA ATENCIÓN DEL USUARIO,102,NEGACIÓN DE TECNOLOGÍAS EN SALUD Y OTROS ELEMENTOS COMPLEMENTARIOS PARA LA ATENCIÓN DEL USUARIO,10204,NEGACIÓN PARA LA ENTREGA DE TECNOLOGÍAS EN SALUD Y/O DE OTROS SERVICIOS AUTORIZADOS,1020401,MEDICAMENTOS UPC,,,ENFERMEDADES CRÓNICAS NO TRANSMISIBLES –DIABETES,DIABETES,HIPERTENSIÓN ESENCIAL (PRIMARIA),No aplica,SIMPLE
164,2024,6,Web,47,47189,US- 000001199307,A nombre propio,MUJER,52,DE 50 A 62 AÑOS,No Aplica,Subsidiado,No Aplica,No Aplica,47,47189,MUTUAL SER,RÉGIMEN SUBSIDIADO,ESS207,MUTUAL SER,47,47189,1,BARRERAS EN EL ACCESO A TECNOLOGÍAS Y SERVICIOS DE SALUD; Y OTROS ELEMENTOS COMPLEMENTARIOS PARA LA ATENCIÓN DEL USUARIO,102,NEGACIÓN DE TECNOLOGÍAS EN SALUD Y OTROS ELEMENTOS COMPLEMENTARIOS PARA LA ATENCIÓN DEL USUARIO,10204,NEGACIÓN PARA LA ENTREGA DE TECNOLOGÍAS EN SALUD Y/O DE OTROS SERVICIOS AUTORIZADOS,1020401,MEDICAMENTOS UPC,,,ENFERMEDADES NEUROLÓGICAS,EPILEPSIA,EPILEPSIA Y SÍNDROMES EPILÉPTICOS SINTOMÁTICOS RELACIONADOS CON LOCALIZACIONES (FOCALES) (PARCIALES) Y CON ATAQUES PARCIALES SIMPLES,No aplica,PRIORIZADO
165,2024,6,Telefónico,68,68464,US- 000000872672,A nombre propio,MUJER,33,DE 30 A 37 AÑOS,Primaria,Subsidiado,No Aplica,No Aplica,68,68464,NUEVA EPS,RÉGIMEN SUBSIDIADO,EPSS41,NUEVA EPS,68,68464,1,BARRERAS EN EL ACCESO A TECNOLOGÍAS Y SERVICIOS DE SALUD; Y OTROS ELEMENTOS COMPLEMENTARIOS PARA LA ATENCIÓN DEL USUARIO,103,FALTA DE OPORTUNIDAD EN LA AUTORIZACIÓN DE TECNOLOGÍAS EN SALUD Y OTROS ELEMENTOS COMPLEMENTARIOS PARA LA ATENCIÓN DEL USUARIO,10301,FALTA DE OPORTUNIDAD EN LA AUTORIZACIÓN DE TECNOLOGÍAS EN SALUD Y/O DE OTROS SERVICIOS,1030108,"TRANSPORTE, ALOJAMIENTO O ALIMENTACIÓN",,,ENFERMEDADES CRÓNICAS NO TRANSMISIBLES –RENALES,IRC-TRASPLANTE,TRASPLANTE DE RIÑÓN,TRASPLANTE RENAL,SIMPLE
166,2024,6,Web,73,73349,US- 000000935486,A nombre propio,HOMBRE,60,DE 50 A 62 AÑOS,No Aplica,Subsidiado,No Aplica,No Aplica,73,73349,SANITAS,RÉGIMEN CONTRIBUTIVO,EPS005,SANITAS,73,73349,1,BARRERAS EN EL ACCESO A TECNOLOGÍAS Y SERVICIOS DE SALUD; Y OTROS ELEMENTOS COMPLEMENTARIOS PARA LA ATENCIÓN DEL USUARIO,101,FALTA DE OPORTUNIDAD EN LA PRESTACIÓN DE TECNOLOGÍAS EN SALUD Y OTROS ELEMENTOS COMPLEMENTARIOS PARA LA ATENCIÓN DEL USUARIO,10104,FALTA DE OPORTUNIDAD EN LA ENTREGA O ENTREGA INCOMPLETA DE TECNOLOGÍAS EN SALUD Y/O PRESTACIÓN DE OTROS SERVICIOS,1010406,SOPORTE NUTRICIONAL,,,VIH SIDA Y OTRAS ET SEXUAL,VIH SIDA,"ENFERMEDAD POR VIRUS DE LA INMUNODEFICIENCIA HUMANA (VIH), SIN OTRA ESPECIFICACIÓN",Diagnóstico y manejo del paciente infectado por VIH,PRIORIZADO
167,2024,6,Web,52,52083,US- 000001452999,A nombre propio,HOMBRE,51,DE 50 A 62 AÑOS,No Aplica,Contributivo,No Aplica,Persona con discapacidad,52,52083,NUEVA EPS,RÉGIMEN CONTRIBUTIVO,EPS037,NUEVA EPS,52,52399,1,BARRERAS EN EL ACCESO A TECNOLOGÍAS Y SERVICIOS DE SALUD; Y OTROS ELEMENTOS COMPLEMENTARIOS PARA LA ATENCIÓN DEL USUARIO,101,FALTA DE OPORTUNIDAD EN LA PRESTACIÓN DE TECNOLOGÍAS EN SALUD Y OTROS ELEMENTOS COMPLEMENTARIOS PARA LA ATENCIÓN DEL USUARIO,10104,FALTA DE OPORTUNIDAD EN LA ENTREGA O ENTREGA INCOMPLETA DE TECNOLOGÍAS EN SALUD Y/O PRESTACIÓN DE OTROS SERVICIOS,1010407,"ELEMENTOS COMPLEMENTARIOS PARA LA ATENCIÓN DEL USUARIO (PAÑALES, PAÑITOS, ETC.)",,,PROBLEMAS RELACIONADOS CON FACILIDADES DE ATENCIÓN MÉDICA U OTROS SERVICIOS DE SALUD,PROBLEMAS RELACIONADOS CON FACILIDADES DE ATENCIÓN MÉDICA U OTROS SERVICIOS DE SALUD,OTROS PROBLEMAS RELACIONADOS CON SERVICIOS MÉDICOS Y DE SALUD,No aplica,SIMPLE
168,2024,5,Telefónico,76,76001,US- 000003081541,Hijo (A),HOMBRE,56,DE 50 A 62 AÑOS,Secundaria Incompleta,Contributivo,No Aplica,Persona con discapacidad,76,76248,NUEVA EPS,RÉGIMEN CONTRIBUTIVO,EPS037,NUEVA EPS,76,76248,1,BARRERAS EN EL ACCESO A TECNOLOGÍAS Y SERVICIOS DE SALUD; Y OTROS ELEMENTOS COMPLEMENTARIOS PARA LA ATENCIÓN DEL USUARIO,102,NEGACIÓN DE TECNOLOGÍAS EN SALUD Y OTROS ELEMENTOS COMPLEMENTARIOS PARA LA ATENCIÓN DEL USUARIO,10201,NEGACIÓN EN LA ASIGNACIÓN DE CITAS O CONSULTAS,1020103,ESPECIALIDADES MÉDICAS ,1020103072,NEUROLOGÍA,ENFERMEDADES OSTEOARTICULARES,NEUROLÓGICAS,OTRAS CONVULSIONES Y LAS NO ESPECIFICADAS,No aplica,SIMPLE
169,2024,5,Web,41,41551,US- 000003606326,A nombre propio,MUJER,42,DE 38 A 49 AÑOS,No Aplica,Contributivo,No Aplica,No Aplica,41,41551,NUEVA EPS,RÉGIMEN CONTRIBUTIVO,EPS037,NUEVA EPS,41,41551,1,BARRERAS EN EL ACCESO A TECNOLOGÍAS Y SERVICIOS DE SALUD; Y OTROS ELEMENTOS COMPLEMENTARIOS PARA LA ATENCIÓN DEL USUARIO,101,FALTA DE OPORTUNIDAD EN LA PRESTACIÓN DE TECNOLOGÍAS EN SALUD Y OTROS ELEMENTOS COMPLEMENTARIOS PARA LA ATENCIÓN DEL USUARIO,10104,FALTA DE OPORTUNIDAD EN LA ENTREGA O ENTREGA INCOMPLETA DE TECNOLOGÍAS EN SALUD Y/O PRESTACIÓN DE OTROS SERVICIOS,1010403,DISPOSITIVOS MÉDICOS UPC,,,PROBLEMAS RELACIONADOS CON FACILIDADES DE ATENCIÓN MÉDICA U OTROS SERVICIOS DE SALUD,PROBLEMAS RELACIONADOS CON FACILIDADES DE ATENCIÓN MÉDICA U OTROS SERVICIOS DE SALUD,OTRAS ENFERMEDADES INFLAMATORIAS PÉLVICAS FEMENINAS,No aplica,SIMPLE
170,2024,6,Web,25,25151,US- 000003606327,Otro,MUJER,59,DE 50 A 62 AÑOS,No Aplica,Subsidiado,No Aplica,No Aplica,25,25845,FAMISANAR,RÉGIMEN CONTRIBUTIVO,EPS017,FAMISANAR,25,25845,1,BARRERAS EN EL ACCESO A TECNOLOGÍAS Y SERVICIOS DE SALUD; Y OTROS ELEMENTOS COMPLEMENTARIOS PARA LA ATENCIÓN DEL USUARIO,101,FALTA DE OPORTUNIDAD EN LA PRESTACIÓN DE TECNOLOGÍAS EN SALUD Y OTROS ELEMENTOS COMPLEMENTARIOS PARA LA ATENCIÓN DEL USUARIO,10105,FALTA DE OPORTUNIDAD EN EL PROCESO DE REFERENCIA Y CONTRARREFERENCIA,,,,,CÁNCER ,OTROS,PROBLEMAS RELACIONADOS CON FACILIDADES DE ATENCIÓN MEDICA U OTROS SERVICIOS DE SALUD,No aplica,RIESGO VITAL
171,2024,6,Web,66,66170,US- 000003606328,A nombre propio,HOMBRE,65,MAYOR DE 63 AÑOS ,No Aplica,Contributivo,No Aplica,No Aplica,66,66170,SURAMERICANA EPS,RÉGIMEN CONTRIBUTIVO,EPS010,EPS SURA,66,66170,1,BARRERAS EN EL ACCESO A TECNOLOGÍAS Y SERVICIOS DE SALUD; Y OTROS ELEMENTOS COMPLEMENTARIOS PARA LA ATENCIÓN DEL USUARIO,102,NEGACIÓN DE TECNOLOGÍAS EN SALUD Y OTROS ELEMENTOS COMPLEMENTARIOS PARA LA ATENCIÓN DEL USUARIO,10203,NEGACIÓN EN LA ATENCIÓN EN OTROS SERVICIOS DE SALUD,1020308,PROCEDIMIENTOS NO QUIRÚRGICOS,1020308001,IMAGENOLOGÍA,ENFERMEDADES OSTEOARTICULARES,OTROS,LUMBAGO NO ESPECIFICADO,No aplica,SIMPLE
172,2024,5,Telefónico,11,11001,US- 000003606329,Abuelo (A),HOMBRE,6,DE 6 A 12 AÑOS,Primaria Incompleta,Contributivo,No Aplica,No Aplica,11,11001,SALUD TOTAL,RÉGIMEN CONTRIBUTIVO,EPS002,SALUD TOTAL,11,11001,1,BARRERAS EN EL ACCESO A TECNOLOGÍAS Y SERVICIOS DE SALUD; Y OTROS ELEMENTOS COMPLEMENTARIOS PARA LA ATENCIÓN DEL USUARIO,102,NEGACIÓN DE TECNOLOGÍAS EN SALUD Y OTROS ELEMENTOS COMPLEMENTARIOS PARA LA ATENCIÓN DEL USUARIO,10201,NEGACIÓN EN LA ASIGNACIÓN DE CITAS O CONSULTAS,1020103,ESPECIALIDADES MÉDICAS ,1020103001,ALERGOLOGÍA,PROBLEMAS RELACIONADOS CON FACILIDADES DE ATENCIÓN MÉDICA U OTROS SERVICIOS DE SALUD,PROBLEMAS RELACIONADOS CON FACILIDADES DE ATENCIÓN MÉDICA U OTROS SERVICIOS DE SALUD,HIPERTROFIA DE LAS ADENOIDES,No aplica,SIMPLE
173,2024,5,Web,11,11001,US- 000000235106,A nombre propio,MUJER,68,MAYOR DE 63 AÑOS ,No Aplica,Contributivo,No Aplica,No Aplica,11,11001,COMPENSAR,RÉGIMEN CONTRIBUTIVO,EPS008,COMPENSAR,11,11001,1,BARRERAS EN EL ACCESO A TECNOLOGÍAS Y SERVICIOS DE SALUD; Y OTROS ELEMENTOS COMPLEMENTARIOS PARA LA ATENCIÓN DEL USUARIO,102,NEGACIÓN DE TECNOLOGÍAS EN SALUD Y OTROS ELEMENTOS COMPLEMENTARIOS PARA LA ATENCIÓN DEL USUARIO,10201,NEGACIÓN EN LA ASIGNACIÓN DE CITAS O CONSULTAS,1020103,ESPECIALIDADES MÉDICAS ,1020103061,MEDICINA FÍSICA Y REHABILITACIÓN - FISIATRÍA,ENFERMEDADES OSTEOARTICULARES,OTROS,LUMBAGO NO ESPECIFICADO,No aplica,SIMPLE
174,2024,4,Telefónico,76,76275,US- 000001408651,Madre,MUJER,20,DE 18 A 24 AÑOS,Secundaria,Contributivo,No Aplica,No Aplica,76,76275,NUEVA EPS,RÉGIMEN SUBSIDIADO,EPSS41,NUEVA EPS,76,76275,4,INSATISFACCIÓN DEL USUARIO CON EL PROCESO ADMINISTRATIVO,404,INSATISFACCIÓN RELACIONADA CON TRÁMITES ADMINISTRATIVOS,40403,INCONSISTENCIAS EN LA AFILIACIÓN,4040301,RETIRADO,,,SALUD MENTAL,OTROS TRASTORNOS MENTALES,TRASTORNO MIXTO DE ANSIEDAD Y DEPRESIÓN,No aplica,SIMPLE
175,2024,6,Web,11,11001,US- 000002629935,A nombre propio,HOMBRE,17,DE 13 A 17 AÑOS,No Aplica,Subsidiado,No Aplica,Persona con discapacidad,11,11001,CAPITAL SALUD,RÉGIMEN SUBSIDIADO,EPSS34,CAPITAL SALUD,11,11001,1,BARRERAS EN EL ACCESO A TECNOLOGÍAS Y SERVICIOS DE SALUD; Y OTROS ELEMENTOS COMPLEMENTARIOS PARA LA ATENCIÓN DEL USUARIO,101,FALTA DE OPORTUNIDAD EN LA PRESTACIÓN DE TECNOLOGÍAS EN SALUD Y OTROS ELEMENTOS COMPLEMENTARIOS PARA LA ATENCIÓN DEL USUARIO,10101,FALTA DE OPORTUNIDAD EN LAS CITAS O CONSULTAS,1010103,ESPECIALIDADES MÉDICAS ,1010103039,ENDOCRINOLOGÍA,SALUD MENTAL,OTROS TRASTORNOS MENTALES,OTRAS RINITIS ALÉRGICAS,No aplica,PRIORIZADO
176,2024,6,Telefónico,76,76109,US- 000003606330,Madre,HOMBRE,8,DE 6 A 12 AÑOS,Ninguno,Subsidiado,No Aplica,Persona con discapacidad,76,76109,EMSSANAR EPS,RÉGIMEN SUBSIDIADO,ESS118,EMSSANAR,76,76109,1,BARRERAS EN EL ACCESO A TECNOLOGÍAS Y SERVICIOS DE SALUD; Y OTROS ELEMENTOS COMPLEMENTARIOS PARA LA ATENCIÓN DEL USUARIO,101,FALTA DE OPORTUNIDAD EN LA PRESTACIÓN DE TECNOLOGÍAS EN SALUD Y OTROS ELEMENTOS COMPLEMENTARIOS PARA LA ATENCIÓN DEL USUARIO,10104,FALTA DE OPORTUNIDAD EN LA ENTREGA O ENTREGA INCOMPLETA DE TECNOLOGÍAS EN SALUD Y/O PRESTACIÓN DE OTROS SERVICIOS,1010407,"ELEMENTOS COMPLEMENTARIOS PARA LA ATENCIÓN DEL USUARIO (PAÑALES, PAÑITOS, ETC.)",,,PROBLEMAS RELACIONADOS CON FACILIDADES DE ATENCIÓN MÉDICA U OTROS SERVICIOS DE SALUD,PROBLEMAS RELACIONADOS CON FACILIDADES DE ATENCIÓN MÉDICA U OTROS SERVICIOS DE SALUD,MICROCEFALIA,No aplica,SIMPLE
177,2024,6,Web,68,68001,US- 000003606331,Madre,HOMBRE,6,DE 6 A 12 AÑOS,No Aplica,Subsidiado,No Aplica,No Aplica,68,68276,SALUD TOTAL,RÉGIMEN CONTRIBUTIVO,EPS002,SALUD TOTAL,68,68276,1,BARRERAS EN EL ACCESO A TECNOLOGÍAS Y SERVICIOS DE SALUD; Y OTROS ELEMENTOS COMPLEMENTARIOS PARA LA ATENCIÓN DEL USUARIO,101,FALTA DE OPORTUNIDAD EN LA PRESTACIÓN DE TECNOLOGÍAS EN SALUD Y OTROS ELEMENTOS COMPLEMENTARIOS PARA LA ATENCIÓN DEL USUARIO,10101,FALTA DE OPORTUNIDAD EN LAS CITAS O CONSULTAS,1010103,ESPECIALIDADES MÉDICAS ,1010103079,ORTOPEDIA Y TRAUMATOLOGÍA PEDIÁTRICA,PROBLEMAS RELACIONADOS CON FACILIDADES DE ATENCIÓN MÉDICA U OTROS SERVICIOS DE SALUD,PROBLEMAS RELACIONADOS CON FACILIDADES DE ATENCIÓN MÉDICA U OTROS SERVICIOS DE SALUD,OTROS PROBLEMAS RELACIONADOS CON SERVICIOS MÉDICOS Y DE SALUD,No aplica,SIMPLE
178,2024,6,Personalizado,76,76001,US- 000003606332,Otro,MUJER,79,MAYOR DE 63 AÑOS ,Primaria,Contributivo,No Aplica,Persona con discapacidad,76,76001,NUEVA EPS,RÉGIMEN CONTRIBUTIVO,EPS037,NUEVA EPS,76,76001,1,BARRERAS EN EL ACCESO A TECNOLOGÍAS Y SERVICIOS DE SALUD; Y OTROS ELEMENTOS COMPLEMENTARIOS PARA LA ATENCIÓN DEL USUARIO,101,FALTA DE OPORTUNIDAD EN LA PRESTACIÓN DE TECNOLOGÍAS EN SALUD Y OTROS ELEMENTOS COMPLEMENTARIOS PARA LA ATENCIÓN DEL USUARIO,10101,FALTA DE OPORTUNIDAD EN LAS CITAS O CONSULTAS,1010103,ESPECIALIDADES MÉDICAS ,1010103080,OTORRINOLARINGOLOGÍA,PROBLEMAS RELACIONADOS CON FACILIDADES DE ATENCIÓN MÉDICA U OTROS SERVICIOS DE SALUD,PROBLEMAS RELACIONADOS CON FACILIDADES DE ATENCIÓN MÉDICA U OTROS SERVICIOS DE SALUD,"HIPOACUSIA, NO ESPECIFICADA",No aplica,SIMPLE
179,2024,1,Escrito,11,11001,US- 000003606333,Otro,HOMBRE,69,MAYOR DE 63 AÑOS ,No Aplica,Subsidiado,No Aplica,No Aplica,50,50450,CAJACOPI EPS,RÉGIMEN SUBSIDIADO,CCF055,CAJACOPI EPS,50,50450,4,INSATISFACCIÓN DEL USUARIO CON EL PROCESO ADMINISTRATIVO,405,PROBLEMAS EN EL RECONOCIMIENTO Y/O PAGO DE PRESTACIONES ECONÓMICAS,40502,NEGACIÓN Y/O FALTA DE OPORTUNIDAD EN EL RECONOCIMIENTO DE REEMBOLSOS,4050203,SERVICIOS HOSPITALARIOS,,,PROBLEMAS RELACIONADOS CON FACILIDADES DE ATENCIÓN MÉDICA U OTROS SERVICIOS DE SALUD,PROBLEMAS RELACIONADOS CON FACILIDADES DE ATENCIÓN MÉDICA U OTROS SERVICIOS DE SALUD,PROBLEMAS RELACIONADOS CON FACILIDADES DE ATENCIÓN MEDICA U OTROS SERVICIOS DE SALUD,No aplica,SIMPLE
180,2024,6,Redes Sociales,11,11001,US- 000003606334,Cónyuge,HOMBRE,70,MAYOR DE 63 AÑOS ,Primaria,Subsidiado,Indígena,Desplazado,11,11001,CAPITAL SALUD,RÉGIMEN SUBSIDIADO,EPSS34,CAPITAL SALUD,11,11001,1,BARRERAS EN EL ACCESO A TECNOLOGÍAS Y SERVICIOS DE SALUD; Y OTROS ELEMENTOS COMPLEMENTARIOS PARA LA ATENCIÓN DEL USUARIO,102,NEGACIÓN DE TECNOLOGÍAS EN SALUD Y OTROS ELEMENTOS COMPLEMENTARIOS PARA LA ATENCIÓN DEL USUARIO,10201,NEGACIÓN EN LA ASIGNACIÓN DE CITAS O CONSULTAS,1020103,ESPECIALIDADES MÉDICAS ,1020103075,OFTALMOLOGÍA,ENFERMEDADES CRÓNICAS NO TRANSMISIBLES –DIABETES,DIABETES,OTRAS ALTERACIONES VISUALES,No aplica,PRIORIZADO
181,2024,6,Web,11,11001,US- 000003606335,A nombre propio,MUJER,53,DE 50 A 62 AÑOS,No Aplica,Contributivo,No Aplica,No Aplica,11,11001,NUEVA EPS,RÉGIMEN CONTRIBUTIVO,EPS037,NUEVA EPS,11,11001,1,BARRERAS EN EL ACCESO A TECNOLOGÍAS Y SERVICIOS DE SALUD; Y OTROS ELEMENTOS COMPLEMENTARIOS PARA LA ATENCIÓN DEL USUARIO,101,FALTA DE OPORTUNIDAD EN LA PRESTACIÓN DE TECNOLOGÍAS EN SALUD Y OTROS ELEMENTOS COMPLEMENTARIOS PARA LA ATENCIÓN DEL USUARIO,10101,FALTA DE OPORTUNIDAD EN LAS CITAS O CONSULTAS,1010103,ESPECIALIDADES MÉDICAS ,1010103063,MEDICINA INTERNA,PROBLEMAS RELACIONADOS CON FACILIDADES DE ATENCIÓN MÉDICA U OTROS SERVICIOS DE SALUD,PROBLEMAS RELACIONADOS CON FACILIDADES DE ATENCIÓN MÉDICA U OTROS SERVICIOS DE SALUD,OTROS PROBLEMAS RELACIONADOS CON SERVICIOS MÉDICOS Y DE SALUD,No aplica,SIMPLE
182,2024,6,Web,5,5001,US- 000003606336,A nombre propio,MUJER,59,DE 50 A 62 AÑOS,No Aplica,Contributivo,No Aplica,No Aplica,5,5001,SURAMERICANA EPS,RÉGIMEN CONTRIBUTIVO,EPS010,EPS SURA,5,5001,1,BARRERAS EN EL ACCESO A TECNOLOGÍAS Y SERVICIOS DE SALUD; Y OTROS ELEMENTOS COMPLEMENTARIOS PARA LA ATENCIÓN DEL USUARIO,101,FALTA DE OPORTUNIDAD EN LA PRESTACIÓN DE TECNOLOGÍAS EN SALUD Y OTROS ELEMENTOS COMPLEMENTARIOS PARA LA ATENCIÓN DEL USUARIO,10103,FALTA DE OPORTUNIDAD EN LA ATENCIÓN EN OTROS SERVICIOS DE SALUD,1010308,PROCEDIMIENTOS NO QUIRÚRGICOS,1010308006,OTROS PROCEDIMIENTOS NO QUIRÚRGICOS,PROBLEMAS RELACIONADOS CON FACILIDADES DE ATENCIÓN MÉDICA U OTROS SERVICIOS DE SALUD,PROBLEMAS RELACIONADOS CON FACILIDADES DE ATENCIÓN MÉDICA U OTROS SERVICIOS DE SALUD,INSUFICIENCIA VENOSA (CRÓNICA) (PERIFÉRICA),No aplica,SIMPLE
183,2024,6,Telefónico,5,5001,US- 000000597762,A nombre propio,MUJER,41,DE 38 A 49 AÑOS,Universitario Incompleto,Contributivo,No Aplica,No Aplica,5,5001,SURAMERICANA EPS,RÉGIMEN CONTRIBUTIVO,EPS010,EPS SURA,5,5001,1,BARRERAS EN EL ACCESO A TECNOLOGÍAS Y SERVICIOS DE SALUD; Y OTROS ELEMENTOS COMPLEMENTARIOS PARA LA ATENCIÓN DEL USUARIO,101,FALTA DE OPORTUNIDAD EN LA PRESTACIÓN DE TECNOLOGÍAS EN SALUD Y OTROS ELEMENTOS COMPLEMENTARIOS PARA LA ATENCIÓN DEL USUARIO,10103,FALTA DE OPORTUNIDAD EN LA ATENCIÓN EN OTROS SERVICIOS DE SALUD,1010309,PROCEDIMIENTOS QUIRÚRGICOS,1010309003,OTROS PROCEDIMIENTOS QUIRÚRGICOS,ENFERMEDADES CRÓNICAS NO TRANSMISIBLES- FACTORES DE RIESGO,OBESIDAD,HIPERTENSIÓN ESENCIAL (PRIMARIA),No aplica,SIMPLE
184,2024,6,Web,73,73001,US- 000000157029,A nombre propio,MUJER,92,MAYOR DE 63 AÑOS ,No Aplica,Contributivo,No Aplica,Persona con discapacidad,73,73001,COMPENSAR,RÉGIMEN CONTRIBUTIVO,EPS008,COMPENSAR,73,73001,1,BARRERAS EN EL ACCESO A TECNOLOGÍAS Y SERVICIOS DE SALUD; Y OTROS ELEMENTOS COMPLEMENTARIOS PARA LA ATENCIÓN DEL USUARIO,101,FALTA DE OPORTUNIDAD EN LA PRESTACIÓN DE TECNOLOGÍAS EN SALUD Y OTROS ELEMENTOS COMPLEMENTARIOS PARA LA ATENCIÓN DEL USUARIO,10104,FALTA DE OPORTUNIDAD EN LA ENTREGA O ENTREGA INCOMPLETA DE TECNOLOGÍAS EN SALUD Y/O PRESTACIÓN DE OTROS SERVICIOS,1010401,MEDICAMENTOS UPC,,,ENFERMEDADES CRÓNICAS NO TRANSMISIBLES RESPIRATORIAS,"EPOC (ENFERMEDAD PULMONAR OBSTRUCTIVA CRÓNICA, BRONQUITIS CRÓNICA O ENFISEMA)","ENFERMEDAD PULMONAR OBSTRUCTIVA CRÓNICA, NO ESPECIFICADA",No aplica,SIMPLE
185,2024,6,Escrito,54,54498,US- 000003606337,A nombre propio,MUJER,19,DE 18 A 24 AÑOS,Ninguno,Subsidiado,No Aplica,No Aplica,54,54498,NUEVA EPS,RÉGIMEN SUBSIDIADO,EPSS41,NUEVA EPS,54,54498,1,BARRERAS EN EL ACCESO A TECNOLOGÍAS Y SERVICIOS DE SALUD; Y OTROS ELEMENTOS COMPLEMENTARIOS PARA LA ATENCIÓN DEL USUARIO,101,FALTA DE OPORTUNIDAD EN LA PRESTACIÓN DE TECNOLOGÍAS EN SALUD Y OTROS ELEMENTOS COMPLEMENTARIOS PARA LA ATENCIÓN DEL USUARIO,10101,FALTA DE OPORTUNIDAD EN LAS CITAS O CONSULTAS,1010103,ESPECIALIDADES MÉDICAS ,1010103078,ORTOPEDIA Y TRAUMATOLOGÍA,ENFERMEDADES OSTEOARTICULARES,OTROS,OTROS SÍNDROMES PARALÍTICOS ESPECIFICADOS,No aplica,SIMPLE
186,2024,5,Escrito,47,47001,US- 000003606338,Otro,MUJER,16,DE 13 A 17 AÑOS,No Aplica,Subsidiado,No Aplica,No Aplica,47,47001,NUEVA EPS,RÉGIMEN SUBSIDIADO,EPSS41,NUEVA EPS,47,47001,1,BARRERAS EN EL ACCESO A TECNOLOGÍAS Y SERVICIOS DE SALUD; Y OTROS ELEMENTOS COMPLEMENTARIOS PARA LA ATENCIÓN DEL USUARIO,101,FALTA DE OPORTUNIDAD EN LA PRESTACIÓN DE TECNOLOGÍAS EN SALUD Y OTROS ELEMENTOS COMPLEMENTARIOS PARA LA ATENCIÓN DEL USUARIO,10104,FALTA DE OPORTUNIDAD EN LA ENTREGA O ENTREGA INCOMPLETA DE TECNOLOGÍAS EN SALUD Y/O PRESTACIÓN DE OTROS SERVICIOS,1010401,MEDICAMENTOS UPC,,,SALUD MENTAL,OTROS TRASTORNOS MENTALES,TRASTORNO MIXTO DE ANSIEDAD Y DEPRESIÓN,No aplica,PRIORIZADO
187,2024,5,Personalizado,11,11001,US- 000000772472,Padre,MUJER,27,DE 25 A 29 AÑOS,Primaria,Contributivo,No Aplica,Persona con discapacidad,11,11001,SURAMERICANA EPS,RÉGIMEN CONTRIBUTIVO,EPS010,EPS SURA,11,11001,1,BARRERAS EN EL ACCESO A TECNOLOGÍAS Y SERVICIOS DE SALUD; Y OTROS ELEMENTOS COMPLEMENTARIOS PARA LA ATENCIÓN DEL USUARIO,102,NEGACIÓN DE TECNOLOGÍAS EN SALUD Y OTROS ELEMENTOS COMPLEMENTARIOS PARA LA ATENCIÓN DEL USUARIO,10204,NEGACIÓN PARA LA ENTREGA DE TECNOLOGÍAS EN SALUD Y/O DE OTROS SERVICIOS AUTORIZADOS,1020403,DISPOSITIVOS MÉDICOS UPC,,,PROBLEMAS RELACIONADOS CON FACILIDADES DE ATENCIÓN MÉDICA U OTROS SERVICIOS DE SALUD,PROBLEMAS RELACIONADOS CON FACILIDADES DE ATENCIÓN MÉDICA U OTROS SERVICIOS DE SALUD,PARÁLISIS CEREBRAL ESPÁSTICA,No aplica,SIMPLE
188,2024,6,Web,11,11001,US- 000003148970,A nombre propio,HOMBRE,61,DE 50 A 62 AÑOS,No Aplica,Subsidiado,No Aplica,No Aplica,11,11001,CAPITAL SALUD,RÉGIMEN SUBSIDIADO,EPSS34,CAPITAL SALUD,11,11001,1,BARRERAS EN EL ACCESO A TECNOLOGÍAS Y SERVICIOS DE SALUD; Y OTROS ELEMENTOS COMPLEMENTARIOS PARA LA ATENCIÓN DEL USUARIO,101,FALTA DE OPORTUNIDAD EN LA PRESTACIÓN DE TECNOLOGÍAS EN SALUD Y OTROS ELEMENTOS COMPLEMENTARIOS PARA LA ATENCIÓN DEL USUARIO,10103,FALTA DE OPORTUNIDAD EN LA ATENCIÓN EN OTROS SERVICIOS DE SALUD,1010308,PROCEDIMIENTOS NO QUIRÚRGICOS,1010308001,IMAGENOLOGÍA,PROBLEMAS RELACIONADOS CON FACILIDADES DE ATENCIÓN MÉDICA U OTROS SERVICIOS DE SALUD,PROBLEMAS RELACIONADOS CON FACILIDADES DE ATENCIÓN MÉDICA U OTROS SERVICIOS DE SALUD,"CATARATA, NO ESPECIFICADA",No aplica,SIMPLE
189,2024,6,Personalizado,68,68001,US- 000003606339,A nombre propio,HOMBRE,69,MAYOR DE 63 AÑOS ,Secundaria Incompleta,Contributivo,No Aplica,No Aplica,68,68001,SALUD TOTAL,RÉGIMEN CONTRIBUTIVO,EPS002,SALUD TOTAL,68,68276,1,BARRERAS EN EL ACCESO A TECNOLOGÍAS Y SERVICIOS DE SALUD; Y OTROS ELEMENTOS COMPLEMENTARIOS PARA LA ATENCIÓN DEL USUARIO,102,NEGACIÓN DE TECNOLOGÍAS EN SALUD Y OTROS ELEMENTOS COMPLEMENTARIOS PARA LA ATENCIÓN DEL USUARIO,10204,NEGACIÓN PARA LA ENTREGA DE TECNOLOGÍAS EN SALUD Y/O DE OTROS SERVICIOS AUTORIZADOS,1020401,MEDICAMENTOS UPC,,,ENFERMEDADES CRÓNICAS NO TRANSMISIBLES –DIABETES,DIABETES,DIABETES MELLITUS NO INSULINODEPENDIENTE SIN MENCIÓN DE COMPLICACIÓN,No aplica,SIMPLE
190,2024,5,Web,76,76001,US- 000001068107,A nombre propio,MUJER,43,DE 38 A 49 AÑOS,No Aplica,Contributivo,No Aplica,Persona con discapacidad,76,76001,COMFENALCO VALLE,RÉGIMEN CONTRIBUTIVO,EPS012,COMFENALCO  VALLE,76,76001,1,BARRERAS EN EL ACCESO A TECNOLOGÍAS Y SERVICIOS DE SALUD; Y OTROS ELEMENTOS COMPLEMENTARIOS PARA LA ATENCIÓN DEL USUARIO,102,NEGACIÓN DE TECNOLOGÍAS EN SALUD Y OTROS ELEMENTOS COMPLEMENTARIOS PARA LA ATENCIÓN DEL USUARIO,10204,NEGACIÓN PARA LA ENTREGA DE TECNOLOGÍAS EN SALUD Y/O DE OTROS SERVICIOS AUTORIZADOS,1020401,MEDICAMENTOS UPC,,,ENFERMEDADES CRÓNICAS NO TRANSMISIBLES –DIABETES,DIABETES,DIABETES MELLITUS INSULINODEPENDIENTE,No aplica,PRIORIZADO
191,2024,6,Web,11,11001,US- 000000037025,Otro,MUJER,13,DE 13 A 17 AÑOS,No Aplica,Contributivo,No Aplica,No Aplica,11,11001,COMPENSAR,RÉGIMEN CONTRIBUTIVO,EPS008,COMPENSAR,11,11001,1,BARRERAS EN EL ACCESO A TECNOLOGÍAS Y SERVICIOS DE SALUD; Y OTROS ELEMENTOS COMPLEMENTARIOS PARA LA ATENCIÓN DEL USUARIO,101,FALTA DE OPORTUNIDAD EN LA PRESTACIÓN DE TECNOLOGÍAS EN SALUD Y OTROS ELEMENTOS COMPLEMENTARIOS PARA LA ATENCIÓN DEL USUARIO,10101,FALTA DE OPORTUNIDAD EN LAS CITAS O CONSULTAS,1010103,ESPECIALIDADES MÉDICAS ,1010103066,NEFROLOGÍA,PROBLEMAS RELACIONADOS CON FACILIDADES DE ATENCIÓN MÉDICA U OTROS SERVICIOS DE SALUD,PROBLEMAS RELACIONADOS CON FACILIDADES DE ATENCIÓN MÉDICA U OTROS SERVICIOS DE SALUD,OTRAS HIDRONEFROSIS Y LAS NO ESPECIFICADAS,No aplica,SIMPLE
192,2024,6,Web,25,25843,US- 000002682764,A nombre propio,MUJER,12,DE 6 A 12 AÑOS,No Aplica,Subsidiado,No Aplica,No Aplica,25,25843,SALUD TOTAL,RÉGIMEN CONTRIBUTIVO,EPS002,SALUD TOTAL,25,25843,1,BARRERAS EN EL ACCESO A TECNOLOGÍAS Y SERVICIOS DE SALUD; Y OTROS ELEMENTOS COMPLEMENTARIOS PARA LA ATENCIÓN DEL USUARIO,101,FALTA DE OPORTUNIDAD EN LA PRESTACIÓN DE TECNOLOGÍAS EN SALUD Y OTROS ELEMENTOS COMPLEMENTARIOS PARA LA ATENCIÓN DEL USUARIO,10101,FALTA DE OPORTUNIDAD EN LAS CITAS O CONSULTAS,1010103,ESPECIALIDADES MÉDICAS ,1010103084,PSIQUIATRÍA PEDIÁTRICA,SALUD MENTAL,OTROS TRASTORNOS MENTALES,PROBLEMAS RELACIONADOS CON FACILIDADES DE ATENCIÓN MEDICA U OTROS SERVICIOS DE SALUD,No aplica,SIMPLE
193,2024,6,Personalizado,66,66001,US- 000003606340,Madre,HOMBRE,0,DE 0 A 5 AÑOS,Ninguno,Subsidiado,No Aplica,No Aplica,66,66001,SALUD TOTAL,RÉGIMEN CONTRIBUTIVO,EPS002,SALUD TOTAL,66,66001,1,BARRERAS EN EL ACCESO A TECNOLOGÍAS Y SERVICIOS DE SALUD; Y OTROS ELEMENTOS COMPLEMENTARIOS PARA LA ATENCIÓN DEL USUARIO,102,NEGACIÓN DE TECNOLOGÍAS EN SALUD Y OTROS ELEMENTOS COMPLEMENTARIOS PARA LA ATENCIÓN DEL USUARIO,10201,NEGACIÓN EN LA ASIGNACIÓN DE CITAS O CONSULTAS,1020103,ESPECIALIDADES MÉDICAS ,1020103073,NEUROLOGÍA PEDIÁTRICA - NEUROPEDIATRÍA,MATERNO INFANTIL,ATENCIÓN NIÑOS MENORES DE 5 AÑOS,OTROS TRASTORNOS ESPECIFICADOS DEL SISTEMA NERVIOSO CENTRAL,No aplica,SIMPLE
194,2024,6,Web,5,5001,US- 000002825975,A nombre propio,MUJER,55,DE 50 A 62 AÑOS,No Aplica,Contributivo,No Aplica,No Aplica,5,5001,SURAMERICANA EPS,RÉGIMEN CONTRIBUTIVO,EPS010,EPS SURA,5,5001,1,BARRERAS EN EL ACCESO A TECNOLOGÍAS Y SERVICIOS DE SALUD; Y OTROS ELEMENTOS COMPLEMENTARIOS PARA LA ATENCIÓN DEL USUARIO,103,FALTA DE OPORTUNIDAD EN LA AUTORIZACIÓN DE TECNOLOGÍAS EN SALUD Y OTROS ELEMENTOS COMPLEMENTARIOS PARA LA ATENCIÓN DEL USUARIO,10304,FALTA DE OPORTUNIDAD EN LA AUTORIZACIÓN DE OTROS SERVICIOS DE SALUD,1030408,PROCEDIMIENTOS NO QUIRÚRGICOS,1030408006,OTROS PROCEDIMIENTOS NO QUIRÚRGICOS,PROBLEMAS RELACIONADOS CON FACILIDADES DE ATENCIÓN MÉDICA U OTROS SERVICIOS DE SALUD,PROBLEMAS RELACIONADOS CON FACILIDADES DE ATENCIÓN MÉDICA U OTROS SERVICIOS DE SALUD,OTROS TRASTORNOS ESPECIFICADOS DE LA NARIZ Y DE LOS SENOS PARANASALES,No aplica,SIMPLE
195,2024,5,Personalizado,41,41001,US- 000003606341,Hijo (A),MUJER,60,DE 50 A 62 AÑOS,Primaria,Subsidiado,No Aplica,No Aplica,41,41001,NUEVA EPS,RÉGIMEN SUBSIDIADO,EPSS41,NUEVA EPS,41,41001,1,BARRERAS EN EL ACCESO A TECNOLOGÍAS Y SERVICIOS DE SALUD; Y OTROS ELEMENTOS COMPLEMENTARIOS PARA LA ATENCIÓN DEL USUARIO,101,FALTA DE OPORTUNIDAD EN LA PRESTACIÓN DE TECNOLOGÍAS EN SALUD Y OTROS ELEMENTOS COMPLEMENTARIOS PARA LA ATENCIÓN DEL USUARIO,10103,FALTA DE OPORTUNIDAD EN LA ATENCIÓN EN OTROS SERVICIOS DE SALUD,1010308,PROCEDIMIENTOS NO QUIRÚRGICOS,1010308006,OTROS PROCEDIMIENTOS NO QUIRÚRGICOS,SALUD ORAL,SALUD ORAL,"PERDIDA DE DIENTES DEBIDA A ACCIDENTE, EXTRACCIÓN O ENFERMEDAD PERIODONTAL LOCAL",No aplica,SIMPLE
196,2024,5,Escrito,18,18001,US- 000003606342,A nombre propio,MUJER,30,DE 30 A 37 AÑOS,No Aplica,Subsidiado,No Aplica,No Aplica,18,18001,ASMET SALUD EPS,RÉGIMEN SUBSIDIADO,ESS062,ASMET SALUD,18,18001,1,BARRERAS EN EL ACCESO A TECNOLOGÍAS Y SERVICIOS DE SALUD; Y OTROS ELEMENTOS COMPLEMENTARIOS PARA LA ATENCIÓN DEL USUARIO,101,FALTA DE OPORTUNIDAD EN LA PRESTACIÓN DE TECNOLOGÍAS EN SALUD Y OTROS ELEMENTOS COMPLEMENTARIOS PARA LA ATENCIÓN DEL USUARIO,10101,FALTA DE OPORTUNIDAD EN LAS CITAS O CONSULTAS,1010103,ESPECIALIDADES MÉDICAS ,1010103044,GENÉTICA MÉDICA,PROBLEMAS RELACIONADOS CON FACILIDADES DE ATENCIÓN MÉDICA U OTROS SERVICIOS DE SALUD,PROBLEMAS RELACIONADOS CON FACILIDADES DE ATENCIÓN MÉDICA U OTROS SERVICIOS DE SALUD,"HIPOACUSIA NEUROSENSORIAL, BILATERAL",No aplica,SIMPLE
197,2024,6,Web,11,11001,US- 000003606343,A nombre propio,MUJER,66,MAYOR DE 63 AÑOS ,No Aplica,Contributivo,No Aplica,No Aplica,11,11001,FAMISANAR,RÉGIMEN CONTRIBUTIVO,EPS017,FAMISANAR,11,11001,1,BARRERAS EN EL ACCESO A TECNOLOGÍAS Y SERVICIOS DE SALUD; Y OTROS ELEMENTOS COMPLEMENTARIOS PARA LA ATENCIÓN DEL USUARIO,101,FALTA DE OPORTUNIDAD EN LA PRESTACIÓN DE TECNOLOGÍAS EN SALUD Y OTROS ELEMENTOS COMPLEMENTARIOS PARA LA ATENCIÓN DEL USUARIO,10101,FALTA DE OPORTUNIDAD EN LAS CITAS O CONSULTAS,1010103,ESPECIALIDADES MÉDICAS ,1010103063,MEDICINA INTERNA,PROBLEMAS RELACIONADOS CON FACILIDADES DE ATENCIÓN MÉDICA U OTROS SERVICIOS DE SALUD,PROBLEMAS RELACIONADOS CON FACILIDADES DE ATENCIÓN MÉDICA U OTROS SERVICIOS DE SALUD,OTROS PROBLEMAS RELACIONADOS CON SERVICIOS MÉDICOS Y DE SALUD,No aplica,SIMPLE
198,2024,6,Web,25,25035,US- 000002151396,A nombre propio,MUJER,73,MAYOR DE 63 AÑOS ,Ninguno,Contributivo,No Aplica,No Aplica,25,25035,FAMISANAR,RÉGIMEN CONTRIBUTIVO,EPS017,FAMISANAR,25,25386,1,BARRERAS EN EL ACCESO A TECNOLOGÍAS Y SERVICIOS DE SALUD; Y OTROS ELEMENTOS COMPLEMENTARIOS PARA LA ATENCIÓN DEL USUARIO,101,FALTA DE OPORTUNIDAD EN LA PRESTACIÓN DE TECNOLOGÍAS EN SALUD Y OTROS ELEMENTOS COMPLEMENTARIOS PARA LA ATENCIÓN DEL USUARIO,10101,FALTA DE OPORTUNIDAD EN LAS CITAS O CONSULTAS,1010103,ESPECIALIDADES MÉDICAS ,1010103061,MEDICINA FÍSICA Y REHABILITACIÓN - FISIATRÍA,PROBLEMAS RELACIONADOS CON FACILIDADES DE ATENCIÓN MÉDICA U OTROS SERVICIOS DE SALUD,PROBLEMAS RELACIONADOS CON FACILIDADES DE ATENCIÓN MÉDICA U OTROS SERVICIOS DE SALUD,DOLOR CRÓNICO INTRATABLE,No aplica,SIMPLE
199,2024,6,Web,68,68276,US- 000000378592,Madre,HOMBRE,21,DE 18 A 24 AÑOS,No Aplica,Contributivo,No Aplica,Persona con discapacidad,68,68276,SANITAS,RÉGIMEN CONTRIBUTIVO,EPS005,SANITAS,68,68276,1,BARRERAS EN EL ACCESO A TECNOLOGÍAS Y SERVICIOS DE SALUD; Y OTROS ELEMENTOS COMPLEMENTARIOS PARA LA ATENCIÓN DEL USUARIO,101,FALTA DE OPORTUNIDAD EN LA PRESTACIÓN DE TECNOLOGÍAS EN SALUD Y OTROS ELEMENTOS COMPLEMENTARIOS PARA LA ATENCIÓN DEL USUARIO,10104,FALTA DE OPORTUNIDAD EN LA ENTREGA O ENTREGA INCOMPLETA DE TECNOLOGÍAS EN SALUD Y/O PRESTACIÓN DE OTROS SERVICIOS,1010406,SOPORTE NUTRICIONAL,,,ENFERMEDADES OSTEOARTICULARES,NEUROLÓGICAS,EPILEPSIA Y SÍNDROMES EPILÉPTICOS SINTOMÁTICOS RELACIONADOS CON LOCALIZACIONES (FOCALES) (PARCIALES) Y CON ATAQUES PARCIALES COMPLEJOS,No aplica,PRIORIZADO
200,2024,6,Web,5,5088,US- 000002948678,A nombre propio,HOMBRE,47,DE 38 A 49 AÑOS,No Aplica,Contributivo,No Aplica,No Aplica,5,5088,SURAMERICANA EPS,RÉGIMEN CONTRIBUTIVO,EPS010,EPS SURA,5,5088,1,BARRERAS EN EL ACCESO A TECNOLOGÍAS Y SERVICIOS DE SALUD; Y OTROS ELEMENTOS COMPLEMENTARIOS PARA LA ATENCIÓN DEL USUARIO,101,FALTA DE OPORTUNIDAD EN LA PRESTACIÓN DE TECNOLOGÍAS EN SALUD Y OTROS ELEMENTOS COMPLEMENTARIOS PARA LA ATENCIÓN DEL USUARIO,10101,FALTA DE OPORTUNIDAD EN LAS CITAS O CONSULTAS,1010103,ESPECIALIDADES MÉDICAS ,1010103035,DOLOR Y CUIDADOS PALIATIVOS,ENFERMEDADES OSTEOARTICULARES,OTROS,LUMBAGO NO ESPECIFICADO,No aplica,SIMPLE
201,2024,5,Web,76,76828,US- 000003606344,A nombre propio,HOMBRE,73,MAYOR DE 63 AÑOS ,No Aplica,Subsidiado,Mulato ,No Aplica,76,76828,NUEVA EPS,RÉGIMEN SUBSIDIADO,EPSS41,NUEVA EPS,76,76828,1,BARRERAS EN EL ACCESO A TECNOLOGÍAS Y SERVICIOS DE SALUD; Y OTROS ELEMENTOS COMPLEMENTARIOS PARA LA ATENCIÓN DEL USUARIO,102,NEGACIÓN DE TECNOLOGÍAS EN SALUD Y OTROS ELEMENTOS COMPLEMENTARIOS PARA LA ATENCIÓN DEL USUARIO,10203,NEGACIÓN EN LA ATENCIÓN EN OTROS SERVICIOS DE SALUD,1020308,PROCEDIMIENTOS NO QUIRÚRGICOS,1020308002,LABORATORIO CLÍNICO Y ANATOMOPATOLÓGICO,CÁNCER ,OTROS,HIPERPLASIA DE LA PRÓSTATA,No aplica,PRIORIZADO
202,2024,6,Web,19,19532,US- 000003606345,A nombre propio,MUJER,38,DE 38 A 49 AÑOS,No Aplica,Contributivo,No Aplica,No Aplica,19,19532,ASMET SALUD EPS,RÉGIMEN SUBSIDIADO,ESS062,ASMET SALUD,19,19532,1,BARRERAS EN EL ACCESO A TECNOLOGÍAS Y SERVICIOS DE SALUD; Y OTROS ELEMENTOS COMPLEMENTARIOS PARA LA ATENCIÓN DEL USUARIO,103,FALTA DE OPORTUNIDAD EN LA AUTORIZACIÓN DE TECNOLOGÍAS EN SALUD Y OTROS ELEMENTOS COMPLEMENTARIOS PARA LA ATENCIÓN DEL USUARIO,10304,FALTA DE OPORTUNIDAD EN LA AUTORIZACIÓN DE OTROS SERVICIOS DE SALUD,1030409,PROCEDIMIENTOS QUIRÚRGICOS,1030409003,OTROS PROCEDIMIENTOS QUIRÚRGICOS,CÁNCER ,CÁNCER DE MAMA,TUMOR MALIGNO DE LA MAMA,No aplica,PRIORIZADO
203,2024,6,Escrito,11,11001,US- 000000598152,A nombre propio,HOMBRE,67,MAYOR DE 63 AÑOS ,No Aplica,Contributivo,No Aplica,No Aplica,11,11001,FAMISANAR,RÉGIMEN CONTRIBUTIVO,EPS017,FAMISANAR,11,11001,1,BARRERAS EN EL ACCESO A TECNOLOGÍAS Y SERVICIOS DE SALUD; Y OTROS ELEMENTOS COMPLEMENTARIOS PARA LA ATENCIÓN DEL USUARIO,103,FALTA DE OPORTUNIDAD EN LA AUTORIZACIÓN DE TECNOLOGÍAS EN SALUD Y OTROS ELEMENTOS COMPLEMENTARIOS PARA LA ATENCIÓN DEL USUARIO,10304,FALTA DE OPORTUNIDAD EN LA AUTORIZACIÓN DE OTROS SERVICIOS DE SALUD,1030408,PROCEDIMIENTOS NO QUIRÚRGICOS,1030408006,OTROS PROCEDIMIENTOS NO QUIRÚRGICOS,ENFERMEDADES CRÓNICAS NO TRASMISIBLES CARDIOVASCULARES,OTROS,INFARTO ANTIGUO DEL MIOCARDIO,No aplica,SIMPLE
204,2024,6,Web,11,11001,US- 000003606346,A nombre propio,HOMBRE,26,DE 25 A 29 AÑOS,No Aplica,Subsidiado,No Aplica,No Aplica,11,11001,FAMISANAR,RÉGIMEN CONTRIBUTIVO,EPS017,FAMISANAR,11,11001,1,BARRERAS EN EL ACCESO A TECNOLOGÍAS Y SERVICIOS DE SALUD; Y OTROS ELEMENTOS COMPLEMENTARIOS PARA LA ATENCIÓN DEL USUARIO,101,FALTA DE OPORTUNIDAD EN LA PRESTACIÓN DE TECNOLOGÍAS EN SALUD Y OTROS ELEMENTOS COMPLEMENTARIOS PARA LA ATENCIÓN DEL USUARIO,10101,FALTA DE OPORTUNIDAD EN LAS CITAS O CONSULTAS,1010103,ESPECIALIDADES MÉDICAS ,1010103094,UROLOGÍA,PROBLEMAS RELACIONADOS CON FACILIDADES DE ATENCIÓN MÉDICA U OTROS SERVICIOS DE SALUD,PROBLEMAS RELACIONADOS CON FACILIDADES DE ATENCIÓN MÉDICA U OTROS SERVICIOS DE SALUD,OTRAS CONSULTAS ESPECIFICADAS,No aplica,SIMPLE
205,2024,6,Redes Sociales,73,73001,US- 000000692788,A nombre propio,MUJER,47,DE 38 A 49 AÑOS,No Aplica,Contributivo,No Aplica,No Aplica,73,73001,FAMISANAR,RÉGIMEN CONTRIBUTIVO,EPS017,FAMISANAR,73,73001,1,BARRERAS EN EL ACCESO A TECNOLOGÍAS Y SERVICIOS DE SALUD; Y OTROS ELEMENTOS COMPLEMENTARIOS PARA LA ATENCIÓN DEL USUARIO,101,FALTA DE OPORTUNIDAD EN LA PRESTACIÓN DE TECNOLOGÍAS EN SALUD Y OTROS ELEMENTOS COMPLEMENTARIOS PARA LA ATENCIÓN DEL USUARIO,10101,FALTA DE OPORTUNIDAD EN LAS CITAS O CONSULTAS,1010103,ESPECIALIDADES MÉDICAS ,1010103060,MEDICINA FAMILIAR,ENFERMEDADES CRÓNICAS NO TRANSMISIBLES- FACTORES DE RIESGO,MEDICIÓN DE FACTORES DE RIESGO,TIROTOXICOSIS [HIPERTIROIDISMO],No aplica,PRIORIZADO
206,2024,6,Web,47,47001,US- 000003606347,A nombre propio,MUJER,35,DE 30 A 37 AÑOS,No Aplica,Subsidiado,No Aplica,No Aplica,47,47001,COOSALUD,RÉGIMEN SUBSIDIADO,ESS024,COOSALUD,47,47001,1,BARRERAS EN EL ACCESO A TECNOLOGÍAS Y SERVICIOS DE SALUD; Y OTROS ELEMENTOS COMPLEMENTARIOS PARA LA ATENCIÓN DEL USUARIO,101,FALTA DE OPORTUNIDAD EN LA PRESTACIÓN DE TECNOLOGÍAS EN SALUD Y OTROS ELEMENTOS COMPLEMENTARIOS PARA LA ATENCIÓN DEL USUARIO,10101,FALTA DE OPORTUNIDAD EN LAS CITAS O CONSULTAS,1010101,MEDICINA GENERAL,,,PROBLEMAS RELACIONADOS CON FACILIDADES DE ATENCIÓN MÉDICA U OTROS SERVICIOS DE SALUD,PROBLEMAS RELACIONADOS CON FACILIDADES DE ATENCIÓN MÉDICA U OTROS SERVICIOS DE SALUD,TINNITUS,No aplica,SIMPLE
207,2024,6,Personalizado,15,15001,US- 000003606348,Cónyuge,HOMBRE,45,DE 38 A 49 AÑOS,Secundaria,Contributivo,No Aplica,No Aplica,15,15001,FAMISANAR,RÉGIMEN CONTRIBUTIVO,EPS017,FAMISANAR,15,15001,1,BARRERAS EN EL ACCESO A TECNOLOGÍAS Y SERVICIOS DE SALUD; Y OTROS ELEMENTOS COMPLEMENTARIOS PARA LA ATENCIÓN DEL USUARIO,103,FALTA DE OPORTUNIDAD EN LA AUTORIZACIÓN DE TECNOLOGÍAS EN SALUD Y OTROS ELEMENTOS COMPLEMENTARIOS PARA LA ATENCIÓN DEL USUARIO,10304,FALTA DE OPORTUNIDAD EN LA AUTORIZACIÓN DE OTROS SERVICIOS DE SALUD,1030409,PROCEDIMIENTOS QUIRÚRGICOS,1030409003,OTROS PROCEDIMIENTOS QUIRÚRGICOS,ENFERMEDADES CRÓNICAS NO TRASMISIBLES CARDIOVASCULARES,ENFERMEDAD CARDIOVASCULAR QUE REQUIERA CIRUGÍA,PROBLEMAS RELACIONADOS CON FACILIDADES DE ATENCIÓN MEDICA U OTROS SERVICIOS DE SALUD,Manejo quirúrgico para enfermedades del corazón,PRIORIZADO
208,2024,6,Telefónico,73,73504,US- 000000382451,A nombre propio,HOMBRE,22,DE 18 A 24 AÑOS,Secundaria,Contributivo,Indígena,No Aplica,73,73504,NUEVA EPS,RÉGIMEN CONTRIBUTIVO,EPS037,NUEVA EPS,73,73504,4,INSATISFACCIÓN DEL USUARIO CON EL PROCESO ADMINISTRATIVO,404,INSATISFACCIÓN RELACIONADA CON TRÁMITES ADMINISTRATIVOS,40401,RESTRICCIÓN EN LA LIBRE ESCOGENCIA,4040101,EPS,,,PROBLEMAS RELACIONADOS CON FACILIDADES DE ATENCIÓN MÉDICA U OTROS SERVICIOS DE SALUD,PROBLEMAS RELACIONADOS CON FACILIDADES DE ATENCIÓN MÉDICA U OTROS SERVICIOS DE SALUD,OTROS PROBLEMAS RELACIONADOS CON SERVICIOS MÉDICOS Y DE SALUD,No aplica,SIMPLE
209,2024,5,Web,25,25754,US- 000003606349,Madre,MUJER,10,DE 6 A 12 AÑOS,No Aplica,Contributivo,No Aplica,No Aplica,25,25754,FAMISANAR,RÉGIMEN CONTRIBUTIVO,EPS017,FAMISANAR,25,25754,1,BARRERAS EN EL ACCESO A TECNOLOGÍAS Y SERVICIOS DE SALUD; Y OTROS ELEMENTOS COMPLEMENTARIOS PARA LA ATENCIÓN DEL USUARIO,101,FALTA DE OPORTUNIDAD EN LA PRESTACIÓN DE TECNOLOGÍAS EN SALUD Y OTROS ELEMENTOS COMPLEMENTARIOS PARA LA ATENCIÓN DEL USUARIO,10101,FALTA DE OPORTUNIDAD EN LAS CITAS O CONSULTAS,1010103,ESPECIALIDADES MÉDICAS ,1010103001,ALERGOLOGÍA,ENFERMEDADES CRÓNICAS NO TRASMISIBLES CARDIOVASCULARES,OTROS,"ENFERMEDAD CARDIOVASCULAR, NO ESPECIFICADA",No aplica,SIMPLE
210,2024,6,Web,5,5266,US- 000001338392,A nombre propio,MUJER,12,DE 6 A 12 AÑOS,No Aplica,Contributivo,No Aplica,No Aplica,5,5266,SURAMERICANA EPS,RÉGIMEN CONTRIBUTIVO,EPS010,EPS SURA,5,5266,1,BARRERAS EN EL ACCESO A TECNOLOGÍAS Y SERVICIOS DE SALUD; Y OTROS ELEMENTOS COMPLEMENTARIOS PARA LA ATENCIÓN DEL USUARIO,101,FALTA DE OPORTUNIDAD EN LA PRESTACIÓN DE TECNOLOGÍAS EN SALUD Y OTROS ELEMENTOS COMPLEMENTARIOS PARA LA ATENCIÓN DEL USUARIO,10101,FALTA DE OPORTUNIDAD EN LAS CITAS O CONSULTAS,1010103,ESPECIALIDADES MÉDICAS ,1010103047,GINECOLOGÍA Y OBSTETRICIA,ENFERMEDADES HUÉRFANAS,DISAUTONOMÍA FAMILIAR,DISAUTONOMÍA FAMILIAR [SÍNDROME DE RILEY-DAY],No aplica,PRIORIZADO
211,2024,6,Web,5,5088,US- 000003606350,A nombre propio,MUJER,14,DE 13 A 17 AÑOS,No Aplica,Contributivo,Afrocolombiano o Afrodescendiente,No Aplica,5,5088,SURAMERICANA EPS,RÉGIMEN CONTRIBUTIVO,EPS010,EPS SURA,5,5088,1,BARRERAS EN EL ACCESO A TECNOLOGÍAS Y SERVICIOS DE SALUD; Y OTROS ELEMENTOS COMPLEMENTARIOS PARA LA ATENCIÓN DEL USUARIO,103,FALTA DE OPORTUNIDAD EN LA AUTORIZACIÓN DE TECNOLOGÍAS EN SALUD Y OTROS ELEMENTOS COMPLEMENTARIOS PARA LA ATENCIÓN DEL USUARIO,10302,FALTA DE OPORTUNIDAD EN LA AUTORIZACIÓN DE CITAS DE CONSULTA,1030203,ESPECIALIDADES MÉDICAS ,1030203083,PSIQUIATRÍA,PROBLEMAS RELACIONADOS CON FACILIDADES DE ATENCIÓN MÉDICA U OTROS SERVICIOS DE SALUD,PROBLEMAS RELACIONADOS CON FACILIDADES DE ATENCIÓN MÉDICA U OTROS SERVICIOS DE SALUD,OTROS PROBLEMAS RELACIONADOS CON SERVICIOS MÉDICOS Y DE SALUD,No aplica,PRIORIZADO
212,2024,6,Personalizado,11,11001,US- 000003606351,A nombre propio,HOMBRE,68,MAYOR DE 63 AÑOS ,Primaria,Contributivo,No Aplica,No Aplica,11,11001,COMPENSAR,RÉGIMEN CONTRIBUTIVO,EPS008,COMPENSAR,11,11001,1,BARRERAS EN EL ACCESO A TECNOLOGÍAS Y SERVICIOS DE SALUD; Y OTROS ELEMENTOS COMPLEMENTARIOS PARA LA ATENCIÓN DEL USUARIO,102,NEGACIÓN DE TECNOLOGÍAS EN SALUD Y OTROS ELEMENTOS COMPLEMENTARIOS PARA LA ATENCIÓN DEL USUARIO,10201,NEGACIÓN EN LA ASIGNACIÓN DE CITAS O CONSULTAS,1020103,ESPECIALIDADES MÉDICAS ,1020103002,ANESTESIOLOGÍA,REEMPLAZOS ARTICULARES PROSTÉTICOS DE CADERA O DE RODILLA,REEMPLAZOS ARTICULARES PROSTÉTICOS DE CADERA O DE RODILLA,"COXARTROSIS, NO ESPECIFICADA",Reemplazos articulares,PRIORIZADO
213,2024,6,Web,5,5001,US- 000003606352,A nombre propio,MUJER,66,MAYOR DE 63 AÑOS ,No Aplica,Contributivo,No Aplica,No Aplica,5,5001,SURAMERICANA EPS,RÉGIMEN CONTRIBUTIVO,EPS010,EPS SURA,5,5001,1,BARRERAS EN EL ACCESO A TECNOLOGÍAS Y SERVICIOS DE SALUD; Y OTROS ELEMENTOS COMPLEMENTARIOS PARA LA ATENCIÓN DEL USUARIO,101,FALTA DE OPORTUNIDAD EN LA PRESTACIÓN DE TECNOLOGÍAS EN SALUD Y OTROS ELEMENTOS COMPLEMENTARIOS PARA LA ATENCIÓN DEL USUARIO,10103,FALTA DE OPORTUNIDAD EN LA ATENCIÓN EN OTROS SERVICIOS DE SALUD,1010309,PROCEDIMIENTOS QUIRÚRGICOS,1010309003,OTROS PROCEDIMIENTOS QUIRÚRGICOS,PROBLEMAS RELACIONADOS CON FACILIDADES DE ATENCIÓN MÉDICA U OTROS SERVICIOS DE SALUD,PROBLEMAS RELACIONADOS CON FACILIDADES DE ATENCIÓN MÉDICA U OTROS SERVICIOS DE SALUD,HERNIA UMBILICAL,No aplica,SIMPLE
214,2024,6,Web,5,5088,US- 000001156682,A nombre propio,MUJER,51,DE 50 A 62 AÑOS,No Aplica,Contributivo,No Aplica,No Aplica,5,5088,SURAMERICANA EPS,RÉGIMEN CONTRIBUTIVO,EPS010,EPS SURA,5,5088,1,BARRERAS EN EL ACCESO A TECNOLOGÍAS Y SERVICIOS DE SALUD; Y OTROS ELEMENTOS COMPLEMENTARIOS PARA LA ATENCIÓN DEL USUARIO,102,NEGACIÓN DE TECNOLOGÍAS EN SALUD Y OTROS ELEMENTOS COMPLEMENTARIOS PARA LA ATENCIÓN DEL USUARIO,10201,NEGACIÓN EN LA ASIGNACIÓN DE CITAS O CONSULTAS,1020103,ESPECIALIDADES MÉDICAS ,1020103053,HEPATOLOGÍA,PROBLEMAS RELACIONADOS CON FACILIDADES DE ATENCIÓN MÉDICA U OTROS SERVICIOS DE SALUD,PROBLEMAS RELACIONADOS CON FACILIDADES DE ATENCIÓN MÉDICA U OTROS SERVICIOS DE SALUD,HEPATITIS AUTOINMUNE,No aplica,SIMPLE
215,2024,6,Telefónico,41,41524,US- 000003248819,Hermano (A),HOMBRE,53,DE 50 A 62 AÑOS,Primaria Incompleta,Subsidiado,No Aplica,No Aplica,41,41524,NUEVA EPS,RÉGIMEN CONTRIBUTIVO,EPS037,NUEVA EPS,41,41001,1,BARRERAS EN EL ACCESO A TECNOLOGÍAS Y SERVICIOS DE SALUD; Y OTROS ELEMENTOS COMPLEMENTARIOS PARA LA ATENCIÓN DEL USUARIO,101,FALTA DE OPORTUNIDAD EN LA PRESTACIÓN DE TECNOLOGÍAS EN SALUD Y OTROS ELEMENTOS COMPLEMENTARIOS PARA LA ATENCIÓN DEL USUARIO,10103,FALTA DE OPORTUNIDAD EN LA ATENCIÓN EN OTROS SERVICIOS DE SALUD,1010308,PROCEDIMIENTOS NO QUIRÚRGICOS,1010308006,OTROS PROCEDIMIENTOS NO QUIRÚRGICOS,ENFERMEDADES OSTEOARTICULARES,OTROS,LUMBAGO CON CIÁTICA,No aplica,SIMPLE
216,2024,6,Web,66,66001,US- 000003606353,A nombre propio,HOMBRE,30,DE 30 A 37 AÑOS,No Aplica,Contributivo,No Aplica,No Aplica,66,66001,SURAMERICANA EPS,RÉGIMEN CONTRIBUTIVO,EPS010,EPS SURA,66,66001,1,BARRERAS EN EL ACCESO A TECNOLOGÍAS Y SERVICIOS DE SALUD; Y OTROS ELEMENTOS COMPLEMENTARIOS PARA LA ATENCIÓN DEL USUARIO,101,FALTA DE OPORTUNIDAD EN LA PRESTACIÓN DE TECNOLOGÍAS EN SALUD Y OTROS ELEMENTOS COMPLEMENTARIOS PARA LA ATENCIÓN DEL USUARIO,10101,FALTA DE OPORTUNIDAD EN LAS CITAS O CONSULTAS,1010101,MEDICINA GENERAL,,,PROBLEMAS RELACIONADOS CON FACILIDADES DE ATENCIÓN MÉDICA U OTROS SERVICIOS DE SALUD,PROBLEMAS RELACIONADOS CON FACILIDADES DE ATENCIÓN MÉDICA U OTROS SERVICIOS DE SALUD,PROBLEMAS RELACIONADOS CON ATENCIÓN DE SALUD NO DISPONIBLE O INACCESIBLE,No aplica,SIMPLE
217,2024,6,Telefónico,76,76001,US- 000003606354,A nombre propio,MUJER,49,DE 38 A 49 AÑOS,Primaria,Subsidiado,Indígena,Persona con discapacidad,76,76001,COOSALUD,RÉGIMEN SUBSIDIADO,ESS024,COOSALUD,76,76001,1,BARRERAS EN EL ACCESO A TECNOLOGÍAS Y SERVICIOS DE SALUD; Y OTROS ELEMENTOS COMPLEMENTARIOS PARA LA ATENCIÓN DEL USUARIO,101,FALTA DE OPORTUNIDAD EN LA PRESTACIÓN DE TECNOLOGÍAS EN SALUD Y OTROS ELEMENTOS COMPLEMENTARIOS PARA LA ATENCIÓN DEL USUARIO,10101,FALTA DE OPORTUNIDAD EN LAS CITAS O CONSULTAS,1010103,ESPECIALIDADES MÉDICAS ,1010103042,GASTROENTEROLOGÍA,ENFERMEDADES CRÓNICAS NO TRASMISIBLES CARDIOVASCULARES,HTA (HIPERTENSIÓN ARTERIAL),OTRAS INFECCIONES INTESTINALES BACTERIANAS ESPECIFICADAS,No aplica,SIMPLE
218,2024,6,Web,5,5045,US- 000003606355,A nombre propio,MUJER,19,DE 18 A 24 AÑOS,No Aplica,Subsidiado,No Aplica,Mujer en estado de gestación,5,5045,SURAMERICANA EPS,RÉGIMEN CONTRIBUTIVO,EPS010,EPS SURA,5,5045,1,BARRERAS EN EL ACCESO A TECNOLOGÍAS Y SERVICIOS DE SALUD; Y OTROS ELEMENTOS COMPLEMENTARIOS PARA LA ATENCIÓN DEL USUARIO,101,FALTA DE OPORTUNIDAD EN LA PRESTACIÓN DE TECNOLOGÍAS EN SALUD Y OTROS ELEMENTOS COMPLEMENTARIOS PARA LA ATENCIÓN DEL USUARIO,10103,FALTA DE OPORTUNIDAD EN LA ATENCIÓN EN OTROS SERVICIOS DE SALUD,1010308,PROCEDIMIENTOS NO QUIRÚRGICOS,1010308001,IMAGENOLOGÍA,MATERNO INFANTIL,ATENCIÓN EN EL EMBARAZO,EMBARAZO CONFIRMADO,No aplica,PRIORIZADO
219,2024,4,Personalizado,11,11001,US- 000003606356,A nombre propio,MUJER,71,MAYOR DE 63 AÑOS ,Primaria,Subsidiado,No Aplica,No Aplica,11,11001,CAPITAL SALUD,RÉGIMEN SUBSIDIADO,EPSS34,CAPITAL SALUD,11,11001,1,BARRERAS EN EL ACCESO A TECNOLOGÍAS Y SERVICIOS DE SALUD; Y OTROS ELEMENTOS COMPLEMENTARIOS PARA LA ATENCIÓN DEL USUARIO,102,NEGACIÓN DE TECNOLOGÍAS EN SALUD Y OTROS ELEMENTOS COMPLEMENTARIOS PARA LA ATENCIÓN DEL USUARIO,10201,NEGACIÓN EN LA ASIGNACIÓN DE CITAS O CONSULTAS,1020104,ESPECIALIDADES ODONTOLÓGICAS,1020104002,CIRUGÍA MAXILOFACIAL - CIRUGÍA ORAL,ENFERMEDADES CRÓNICAS NO TRASMISIBLES CARDIOVASCULARES,HTA (HIPERTENSIÓN ARTERIAL),TRASTORNOS DE LA ARTICULACIÓN TEMPOROMAXILAR,No aplica,SIMPLE
220,2024,6,Web,11,11001,US- 000003606357,Hijo (A),HOMBRE,95,MAYOR DE 63 AÑOS ,No Aplica,Contributivo,No Aplica,No Aplica,11,11001,NUEVA EPS,RÉGIMEN CONTRIBUTIVO,EPS037,NUEVA EPS,11,11001,1,BARRERAS EN EL ACCESO A TECNOLOGÍAS Y SERVICIOS DE SALUD; Y OTROS ELEMENTOS COMPLEMENTARIOS PARA LA ATENCIÓN DEL USUARIO,101,FALTA DE OPORTUNIDAD EN LA PRESTACIÓN DE TECNOLOGÍAS EN SALUD Y OTROS ELEMENTOS COMPLEMENTARIOS PARA LA ATENCIÓN DEL USUARIO,10103,FALTA DE OPORTUNIDAD EN LA ATENCIÓN EN OTROS SERVICIOS DE SALUD,1010309,PROCEDIMIENTOS QUIRÚRGICOS,1010309003,OTROS PROCEDIMIENTOS QUIRÚRGICOS,PROBLEMAS RELACIONADOS CON FACILIDADES DE ATENCIÓN MÉDICA U OTROS SERVICIOS DE SALUD,PROBLEMAS RELACIONADOS CON FACILIDADES DE ATENCIÓN MÉDICA U OTROS SERVICIOS DE SALUD,"CATARATA SENIL, NO ESPECIFICADA",No aplica,SIMPLE
221,2024,6,Telefónico,5,5001,US- 000003606358,Madre,HOMBRE,22,DE 18 A 24 AÑOS,Secundaria Incompleta,Contributivo,No Aplica,No Aplica,5,5001,SURAMERICANA EPS,RÉGIMEN CONTRIBUTIVO,EPS010,EPS SURA,5,5001,1,BARRERAS EN EL ACCESO A TECNOLOGÍAS Y SERVICIOS DE SALUD; Y OTROS ELEMENTOS COMPLEMENTARIOS PARA LA ATENCIÓN DEL USUARIO,102,NEGACIÓN DE TECNOLOGÍAS EN SALUD Y OTROS ELEMENTOS COMPLEMENTARIOS PARA LA ATENCIÓN DEL USUARIO,10201,NEGACIÓN EN LA ASIGNACIÓN DE CITAS O CONSULTAS,1020103,ESPECIALIDADES MÉDICAS ,1020103080,OTORRINOLARINGOLOGÍA,PROBLEMAS RELACIONADOS CON FACILIDADES DE ATENCIÓN MÉDICA U OTROS SERVICIOS DE SALUD,PROBLEMAS RELACIONADOS CON FACILIDADES DE ATENCIÓN MÉDICA U OTROS SERVICIOS DE SALUD,OTROS TRASTORNOS DE LA NARIZ Y DE LOS SENOS PARANASALES,No aplica,SIMPLE
222,2024,6,Web,25,25407,US- 000003606359,Otro,HOMBRE,33,DE 30 A 37 AÑOS,No Aplica,Subsidiado,No Aplica,No Aplica,25,25843,NUEVA EPS,RÉGIMEN CONTRIBUTIVO,EPS037,NUEVA EPS,25,25843,1,BARRERAS EN EL ACCESO A TECNOLOGÍAS Y SERVICIOS DE SALUD; Y OTROS ELEMENTOS COMPLEMENTARIOS PARA LA ATENCIÓN DEL USUARIO,101,FALTA DE OPORTUNIDAD EN LA PRESTACIÓN DE TECNOLOGÍAS EN SALUD Y OTROS ELEMENTOS COMPLEMENTARIOS PARA LA ATENCIÓN DEL USUARIO,10101,FALTA DE OPORTUNIDAD EN LAS CITAS O CONSULTAS,1010103,ESPECIALIDADES MÉDICAS ,1010103071,NEUROCIRUGÍA,PROBLEMAS RELACIONADOS CON FACILIDADES DE ATENCIÓN MÉDICA U OTROS SERVICIOS DE SALUD,PROBLEMAS RELACIONADOS CON FACILIDADES DE ATENCIÓN MÉDICA U OTROS SERVICIOS DE SALUD,"FRACTURA DEL CRÁNEO Y DE LOS HUESOS DE LA CARA, PARTE NO ESPECIFICADA",No aplica,PRIORIZADO
223,2024,1,Web,25,25214,US- 000003606360,Hijo (A),MUJER,70,MAYOR DE 63 AÑOS ,No Aplica,Contributivo,No Aplica,No Aplica,11,11001,COMPENSAR,RÉGIMEN CONTRIBUTIVO,EPS008,COMPENSAR,11,11001,1,BARRERAS EN EL ACCESO A TECNOLOGÍAS Y SERVICIOS DE SALUD; Y OTROS ELEMENTOS COMPLEMENTARIOS PARA LA ATENCIÓN DEL USUARIO,101,FALTA DE OPORTUNIDAD EN LA PRESTACIÓN DE TECNOLOGÍAS EN SALUD Y OTROS ELEMENTOS COMPLEMENTARIOS PARA LA ATENCIÓN DEL USUARIO,10103,FALTA DE OPORTUNIDAD EN LA ATENCIÓN EN OTROS SERVICIOS DE SALUD,1010302,HOSPITALIZACIÓN,,,CÁNCER ,OTROS,MIELOMA MÚLTIPLE,No aplica,PRIORIZADO
224,2024,6,Personalizado,5,5001,US- 000000248236,A nombre propio,MUJER,44,DE 38 A 49 AÑOS,Universitario Incompleto,Subsidiado,No Aplica,No Aplica,5,5001,SAVIA SALUD,RÉGIMEN SUBSIDIADO,EPSS40,SAVIA SALUD EPS,5,5001,1,BARRERAS EN EL ACCESO A TECNOLOGÍAS Y SERVICIOS DE SALUD; Y OTROS ELEMENTOS COMPLEMENTARIOS PARA LA ATENCIÓN DEL USUARIO,101,FALTA DE OPORTUNIDAD EN LA PRESTACIÓN DE TECNOLOGÍAS EN SALUD Y OTROS ELEMENTOS COMPLEMENTARIOS PARA LA ATENCIÓN DEL USUARIO,10104,FALTA DE OPORTUNIDAD EN LA ENTREGA O ENTREGA INCOMPLETA DE TECNOLOGÍAS EN SALUD Y/O PRESTACIÓN DE OTROS SERVICIOS,1010401,MEDICAMENTOS UPC,,,ENFERMEDADES CRÓNICAS NO TRANSMISIBLES –RENALES,IRC-ENFERMEDAD RENAL,"INSUFICIENCIA RENAL CRÓNICA, NO ESPECIFICADA",TRASPLANTE RENAL,PRIORIZADO
225,2024,6,Personalizado,11,11001,US- 000003606361,A nombre propio,HOMBRE,46,DE 38 A 49 AÑOS,Secundaria Incompleta,Subsidiado,No Aplica,No Aplica,11,11001,COMPENSAR,RÉGIMEN CONTRIBUTIVO,EPS008,COMPENSAR,11,11001,1,BARRERAS EN EL ACCESO A TECNOLOGÍAS Y SERVICIOS DE SALUD; Y OTROS ELEMENTOS COMPLEMENTARIOS PARA LA ATENCIÓN DEL USUARIO,103,FALTA DE OPORTUNIDAD EN LA AUTORIZACIÓN DE TECNOLOGÍAS EN SALUD Y OTROS ELEMENTOS COMPLEMENTARIOS PARA LA ATENCIÓN DEL USUARIO,10304,FALTA DE OPORTUNIDAD EN LA AUTORIZACIÓN DE OTROS SERVICIOS DE SALUD,1030409,PROCEDIMIENTOS QUIRÚRGICOS,1030409003,OTROS PROCEDIMIENTOS QUIRÚRGICOS,ENFERMEDADES OSTEOARTICULARES,OTROS,SECUELAS DE FRACTURA DE LA MUÑECA Y DE LA MANO,No aplica,SIMPLE
226,2024,6,Telefónico,11,11001,US- 000000150172,A nombre propio,HOMBRE,65,MAYOR DE 63 AÑOS ,Secundaria,Contributivo,No Aplica,No Aplica,11,11001,COMPENSAR,RÉGIMEN CONTRIBUTIVO,EPS008,COMPENSAR,11,11001,1,BARRERAS EN EL ACCESO A TECNOLOGÍAS Y SERVICIOS DE SALUD; Y OTROS ELEMENTOS COMPLEMENTARIOS PARA LA ATENCIÓN DEL USUARIO,102,NEGACIÓN DE TECNOLOGÍAS EN SALUD Y OTROS ELEMENTOS COMPLEMENTARIOS PARA LA ATENCIÓN DEL USUARIO,10204,NEGACIÓN PARA LA ENTREGA DE TECNOLOGÍAS EN SALUD Y/O DE OTROS SERVICIOS AUTORIZADOS,1020401,MEDICAMENTOS UPC,,,ENFERMEDADES CRÓNICAS NO TRASMISIBLES CARDIOVASCULARES,ICC (INSUFICIENCIA CARDIACA CONGESTIVA),"TAQUICARDIA PAROXÍSTICA, NO ESPECIFICADA",No aplica,PRIORIZADO
227,2024,4,Telefónico,25,25572,US- 000003606362,Otro,MUJER,67,MAYOR DE 63 AÑOS ,Primaria Incompleta,Subsidiado,No Aplica,No Aplica,25,25572,NUEVA EPS,RÉGIMEN SUBSIDIADO,EPSS41,NUEVA EPS,25,25572,1,BARRERAS EN EL ACCESO A TECNOLOGÍAS Y SERVICIOS DE SALUD; Y OTROS ELEMENTOS COMPLEMENTARIOS PARA LA ATENCIÓN DEL USUARIO,103,FALTA DE OPORTUNIDAD EN LA AUTORIZACIÓN DE TECNOLOGÍAS EN SALUD Y OTROS ELEMENTOS COMPLEMENTARIOS PARA LA ATENCIÓN DEL USUARIO,10301,FALTA DE OPORTUNIDAD EN LA AUTORIZACIÓN DE TECNOLOGÍAS EN SALUD Y/O DE OTROS SERVICIOS,1030108,"TRANSPORTE, ALOJAMIENTO O ALIMENTACIÓN",,,ENFERMEDADES CRÓNICAS NO TRANSMISIBLES –RENALES,IRC-ENFERMEDAD RENAL,INSUFICIENCIA RENAL CRÓNICA,Diálisis peritoneal,SIMPLE
228,2024,5,Personalizado,11,11001,US- 000003606363,Padre,MUJER,10,DE 6 A 12 AÑOS,Primaria Incompleta,Contributivo,No Aplica,No Aplica,11,11001,SURAMERICANA EPS,RÉGIMEN CONTRIBUTIVO,EPS010,EPS SURA,11,11001,1,BARRERAS EN EL ACCESO A TECNOLOGÍAS Y SERVICIOS DE SALUD; Y OTROS ELEMENTOS COMPLEMENTARIOS PARA LA ATENCIÓN DEL USUARIO,103,FALTA DE OPORTUNIDAD EN LA AUTORIZACIÓN DE TECNOLOGÍAS EN SALUD Y OTROS ELEMENTOS COMPLEMENTARIOS PARA LA ATENCIÓN DEL USUARIO,10304,FALTA DE OPORTUNIDAD EN LA AUTORIZACIÓN DE OTROS SERVICIOS DE SALUD,1030408,PROCEDIMIENTOS NO QUIRÚRGICOS,1030408001,IMAGENOLOGÍA,CÁNCER ,OTROS,LEUCEMIA LINFOBLÁSTICA AGUDA,No aplica,PRIORIZADO
229,2024,6,Telefónico,5,5761,US- 000001494178,Hijo (A),MUJER,91,MAYOR DE 63 AÑOS ,Primaria Incompleta,Régimen Especial,No Aplica,No Aplica,5,5761,MAGISTERIO,REGÍMENES DE EXCEPCIÓN Y ESPECIALES,REMG01,MAGISTERIO,5,5761,1,BARRERAS EN EL ACCESO A TECNOLOGÍAS Y SERVICIOS DE SALUD; Y OTROS ELEMENTOS COMPLEMENTARIOS PARA LA ATENCIÓN DEL USUARIO,101,FALTA DE OPORTUNIDAD EN LA PRESTACIÓN DE TECNOLOGÍAS EN SALUD Y OTROS ELEMENTOS COMPLEMENTARIOS PARA LA ATENCIÓN DEL USUARIO,10104,FALTA DE OPORTUNIDAD EN LA ENTREGA O ENTREGA INCOMPLETA DE TECNOLOGÍAS EN SALUD Y/O PRESTACIÓN DE OTROS SERVICIOS,1010401,MEDICAMENTOS UPC,,,PROBLEMAS RELACIONADOS CON FACILIDADES DE ATENCIÓN MÉDICA U OTROS SERVICIOS DE SALUD,PROBLEMAS RELACIONADOS CON FACILIDADES DE ATENCIÓN MÉDICA U OTROS SERVICIOS DE SALUD,OTROS TRASTORNOS DE LA CORNEA,No aplica,SIMPLE
230,2024,5,Personalizado,11,11001,US- 000003606364,Hijo (A),MUJER,86,MAYOR DE 63 AÑOS ,Primaria Incompleta,Subsidiado,No Aplica,Desplazado,25,25394,FAMISANAR,RÉGIMEN CONTRIBUTIVO,EPS017,FAMISANAR,25,25394,1,BARRERAS EN EL ACCESO A TECNOLOGÍAS Y SERVICIOS DE SALUD; Y OTROS ELEMENTOS COMPLEMENTARIOS PARA LA ATENCIÓN DEL USUARIO,103,FALTA DE OPORTUNIDAD EN LA AUTORIZACIÓN DE TECNOLOGÍAS EN SALUD Y OTROS ELEMENTOS COMPLEMENTARIOS PARA LA ATENCIÓN DEL USUARIO,10304,FALTA DE OPORTUNIDAD EN LA AUTORIZACIÓN DE OTROS SERVICIOS DE SALUD,1030409,PROCEDIMIENTOS QUIRÚRGICOS,1030409003,OTROS PROCEDIMIENTOS QUIRÚRGICOS,REEMPLAZOS ARTICULARES PROSTÉTICOS DE CADERA O DE RODILLA,REEMPLAZOS ARTICULARES PROSTÉTICOS DE CADERA O DE RODILLA,COXARTROSIS,Reemplazos articulares,PRIORIZADO
231,2024,6,Telefónico,44,44430,US- 000003606365,A nombre propio,MUJER,48,DE 38 A 49 AÑOS,Universitario,Subsidiado,Indígena,Víctima del conflicto armado,44,44430,NUEVA EPS,RÉGIMEN SUBSIDIADO,EPSS41,NUEVA EPS,44,44430,1,BARRERAS EN EL ACCESO A TECNOLOGÍAS Y SERVICIOS DE SALUD; Y OTROS ELEMENTOS COMPLEMENTARIOS PARA LA ATENCIÓN DEL USUARIO,103,FALTA DE OPORTUNIDAD EN LA AUTORIZACIÓN DE TECNOLOGÍAS EN SALUD Y OTROS ELEMENTOS COMPLEMENTARIOS PARA LA ATENCIÓN DEL USUARIO,10302,FALTA DE OPORTUNIDAD EN LA AUTORIZACIÓN DE CITAS DE CONSULTA,1030203,ESPECIALIDADES MÉDICAS ,1030203066,NEFROLOGÍA,ENFERMEDADES CRÓNICAS NO TRANSMISIBLES –RENALES,IRC-ENFERMEDAD RENAL,INSUFICIENCIA RENAL CRÓNICA,No aplica,PRIORIZADO
232,2024,5,Telefónico,13,13001,US- 000003606366,Hijo (A),HOMBRE,84,MAYOR DE 63 AÑOS ,Universitario,Contributivo,No Aplica,No Aplica,13,13001,NUEVA EPS,RÉGIMEN CONTRIBUTIVO,EPS037,NUEVA EPS,13,13001,1,BARRERAS EN EL ACCESO A TECNOLOGÍAS Y SERVICIOS DE SALUD; Y OTROS ELEMENTOS COMPLEMENTARIOS PARA LA ATENCIÓN DEL USUARIO,101,FALTA DE OPORTUNIDAD EN LA PRESTACIÓN DE TECNOLOGÍAS EN SALUD Y OTROS ELEMENTOS COMPLEMENTARIOS PARA LA ATENCIÓN DEL USUARIO,10101,FALTA DE OPORTUNIDAD EN LAS CITAS O CONSULTAS,1010101,MEDICINA GENERAL,,,ENFERMEDADES CRÓNICAS NO TRASMISIBLES CARDIOVASCULARES,HTA (HIPERTENSIÓN ARTERIAL),HIPERTENSIÓN ESENCIAL (PRIMARIA),No aplica,SIMPLE
233,2024,5,Personalizado,11,11001,US- 000001536140,A nombre propio,HOMBRE,83,MAYOR DE 63 AÑOS ,Primaria Incompleta,Subsidiado,No Aplica,No Aplica,11,11001,CAPITAL SALUD,RÉGIMEN SUBSIDIADO,EPSS34,CAPITAL SALUD,11,11001,1,BARRERAS EN EL ACCESO A TECNOLOGÍAS Y SERVICIOS DE SALUD; Y OTROS ELEMENTOS COMPLEMENTARIOS PARA LA ATENCIÓN DEL USUARIO,102,NEGACIÓN DE TECNOLOGÍAS EN SALUD Y OTROS ELEMENTOS COMPLEMENTARIOS PARA LA ATENCIÓN DEL USUARIO,10204,NEGACIÓN PARA LA ENTREGA DE TECNOLOGÍAS EN SALUD Y/O DE OTROS SERVICIOS AUTORIZADOS,1020401,MEDICAMENTOS UPC,,,PROBLEMAS RELACIONADOS CON FACILIDADES DE ATENCIÓN MÉDICA U OTROS SERVICIOS DE SALUD,PROBLEMAS RELACIONADOS CON FACILIDADES DE ATENCIÓN MÉDICA U OTROS SERVICIOS DE SALUD,HIPERPLASIA DE LA PRÓSTATA,No aplica,SIMPLE
234,2024,6,Web,19,19001,US- 000000448838,Madre,HOMBRE,10,DE 6 A 12 AÑOS,No Aplica,Contributivo,Mulato ,No Aplica,19,19001,SANITAS,RÉGIMEN CONTRIBUTIVO,EPS005,SANITAS,19,19001,1,BARRERAS EN EL ACCESO A TECNOLOGÍAS Y SERVICIOS DE SALUD; Y OTROS ELEMENTOS COMPLEMENTARIOS PARA LA ATENCIÓN DEL USUARIO,102,NEGACIÓN DE TECNOLOGÍAS EN SALUD Y OTROS ELEMENTOS COMPLEMENTARIOS PARA LA ATENCIÓN DEL USUARIO,10204,NEGACIÓN PARA LA ENTREGA DE TECNOLOGÍAS EN SALUD Y/O DE OTROS SERVICIOS AUTORIZADOS,1020406,SOPORTE NUTRICIONAL,,,PROBLEMAS RELACIONADOS CON FACILIDADES DE ATENCIÓN MÉDICA U OTROS SERVICIOS DE SALUD,PROBLEMAS RELACIONADOS CON FACILIDADES DE ATENCIÓN MÉDICA U OTROS SERVICIOS DE SALUD,GASTROSTOMÍA,No aplica,SIMPLE
235,2024,6,Personalizado,73,73585,US- 000001951903,A nombre propio,HOMBRE,62,DE 50 A 62 AÑOS,Secundaria,Contributivo,No Aplica,No Aplica,73,73585,NUEVA EPS,RÉGIMEN CONTRIBUTIVO,EPS037,NUEVA EPS,73,73585,1,BARRERAS EN EL ACCESO A TECNOLOGÍAS Y SERVICIOS DE SALUD; Y OTROS ELEMENTOS COMPLEMENTARIOS PARA LA ATENCIÓN DEL USUARIO,101,FALTA DE OPORTUNIDAD EN LA PRESTACIÓN DE TECNOLOGÍAS EN SALUD Y OTROS ELEMENTOS COMPLEMENTARIOS PARA LA ATENCIÓN DEL USUARIO,10104,FALTA DE OPORTUNIDAD EN LA ENTREGA O ENTREGA INCOMPLETA DE TECNOLOGÍAS EN SALUD Y/O PRESTACIÓN DE OTROS SERVICIOS,1010401,MEDICAMENTOS UPC,,,CÁNCER ,CÁNCER DE PRÓSTATA,TUMOR MALIGNO DE LA PRÓSTATA,Quimioterapia y radioterapia para el cáncer,PRIORIZADO
236,2024,6,Web,8,8001,US- 000003606367,Otro,MUJER,86,MAYOR DE 63 AÑOS ,No Aplica,Subsidiado,No Aplica,No Aplica,8,8001,SALUD TOTAL,RÉGIMEN CONTRIBUTIVO,EPS002,SALUD TOTAL,8,8001,2,INSATISFACCIÓN RELACIONADA CON LA ATENCIÓN EN SALUD,201,INSATISFACCIÓN RELACIONADA CON LA ATENCIÓN EN SALUD POR FALTA DE OPORTUNIDAD,20101,INSATISFACCIÓN POR FALTA DE OPORTUNIDAD EN LA ATENCIÓN POR PARTE DEL PERSONAL DE SALUD,2010103,SERVICIO DE IMAGENOLOGÍA ,,,PROBLEMAS RELACIONADOS CON FACILIDADES DE ATENCIÓN MÉDICA U OTROS SERVICIOS DE SALUD,PROBLEMAS RELACIONADOS CON FACILIDADES DE ATENCIÓN MÉDICA U OTROS SERVICIOS DE SALUD,OTROS PROBLEMAS RELACIONADOS CON SERVICIOS MÉDICOS Y DE SALUD,No aplica,SIMPLE
237,2024,6,Personalizado,52,52001,US- 000002684963,A nombre propio,MUJER,16,DE 13 A 17 AÑOS,Secundaria Incompleta,Subsidiado,No Aplica,No Aplica,52,52001,EMSSANAR EPS,RÉGIMEN SUBSIDIADO,ESS118,EMSSANAR,52,52001,1,BARRERAS EN EL ACCESO A TECNOLOGÍAS Y SERVICIOS DE SALUD; Y OTROS ELEMENTOS COMPLEMENTARIOS PARA LA ATENCIÓN DEL USUARIO,103,FALTA DE OPORTUNIDAD EN LA AUTORIZACIÓN DE TECNOLOGÍAS EN SALUD Y OTROS ELEMENTOS COMPLEMENTARIOS PARA LA ATENCIÓN DEL USUARIO,10301,FALTA DE OPORTUNIDAD EN LA AUTORIZACIÓN DE TECNOLOGÍAS EN SALUD Y/O DE OTROS SERVICIOS,1030101,MEDICAMENTOS UPC,,,PROBLEMAS RELACIONADOS CON FACILIDADES DE ATENCIÓN MÉDICA U OTROS SERVICIOS DE SALUD,PROBLEMAS RELACIONADOS CON FACILIDADES DE ATENCIÓN MÉDICA U OTROS SERVICIOS DE SALUD,DERMATITIS ATÓPICA,No aplica,SIMPLE
238,2024,6,Telefónico,73,73001,US- 000001042193,A nombre propio,MUJER,82,MAYOR DE 63 AÑOS ,Universitario Incompleto,Subsidiado,No Aplica,No Aplica,73,73001,NUEVA EPS,RÉGIMEN SUBSIDIADO,EPSS41,NUEVA EPS,73,73001,1,BARRERAS EN EL ACCESO A TECNOLOGÍAS Y SERVICIOS DE SALUD; Y OTROS ELEMENTOS COMPLEMENTARIOS PARA LA ATENCIÓN DEL USUARIO,101,FALTA DE OPORTUNIDAD EN LA PRESTACIÓN DE TECNOLOGÍAS EN SALUD Y OTROS ELEMENTOS COMPLEMENTARIOS PARA LA ATENCIÓN DEL USUARIO,10104,FALTA DE OPORTUNIDAD EN LA ENTREGA O ENTREGA INCOMPLETA DE TECNOLOGÍAS EN SALUD Y/O PRESTACIÓN DE OTROS SERVICIOS,1010401,MEDICAMENTOS UPC,,,PROBLEMAS RELACIONADOS CON FACILIDADES DE ATENCIÓN MÉDICA U OTROS SERVICIOS DE SALUD,PROBLEMAS RELACIONADOS CON FACILIDADES DE ATENCIÓN MÉDICA U OTROS SERVICIOS DE SALUD,"DESNUTRICIÓN PROTEICOCALORICA SEVERA, NO ESPECIFICADA",No aplica,SIMPLE
239,2024,6,Web,23,23660,US- 000002676450,A nombre propio,MUJER,37,DE 30 A 37 AÑOS,No Aplica,Contributivo,No Aplica,No Aplica,23,23660,NUEVA EPS,RÉGIMEN CONTRIBUTIVO,EPS037,NUEVA EPS,23,23660,1,BARRERAS EN EL ACCESO A TECNOLOGÍAS Y SERVICIOS DE SALUD; Y OTROS ELEMENTOS COMPLEMENTARIOS PARA LA ATENCIÓN DEL USUARIO,102,NEGACIÓN DE TECNOLOGÍAS EN SALUD Y OTROS ELEMENTOS COMPLEMENTARIOS PARA LA ATENCIÓN DEL USUARIO,10203,NEGACIÓN EN LA ATENCIÓN EN OTROS SERVICIOS DE SALUD,1020309,PROCEDIMIENTOS QUIRÚRGICOS,1020309003,OTROS PROCEDIMIENTOS QUIRÚRGICOS,PROBLEMAS RELACIONADOS CON FACILIDADES DE ATENCIÓN MÉDICA U OTROS SERVICIOS DE SALUD,PROBLEMAS RELACIONADOS CON FACILIDADES DE ATENCIÓN MÉDICA U OTROS SERVICIOS DE SALUD,HEMORRAGIA RETINIANA,No aplica,SIMPLE
240,2024,6,Web,,,US- 000002965271,Otro,HOMBRE,3,DE 0 A 5 AÑOS,No Aplica,Subsidiado,No Aplica,No Aplica,5,5001,SAVIA SALUD,RÉGIMEN SUBSIDIADO,EPSS40,SAVIA SALUD EPS,5,5001,1,BARRERAS EN EL ACCESO A TECNOLOGÍAS Y SERVICIOS DE SALUD; Y OTROS ELEMENTOS COMPLEMENTARIOS PARA LA ATENCIÓN DEL USUARIO,101,FALTA DE OPORTUNIDAD EN LA PRESTACIÓN DE TECNOLOGÍAS EN SALUD Y OTROS ELEMENTOS COMPLEMENTARIOS PARA LA ATENCIÓN DEL USUARIO,10101,FALTA DE OPORTUNIDAD EN LAS CITAS O CONSULTAS,1010103,ESPECIALIDADES MÉDICAS ,1010103070,NEUMOLOGÍA PEDIÁTRICA,MATERNO INFANTIL,ATENCIÓN NIÑOS MENORES DE 5 AÑOS,"RINITIS ALÉRGICA, NO ESPECIFICADA",No aplica,SIMPLE
241,2024,6,Web,11,11001,US- 000003606368,A nombre propio,HOMBRE,70,MAYOR DE 63 AÑOS ,Secundaria,Contributivo,No Aplica,No Aplica,11,11001,NUEVA EPS,RÉGIMEN CONTRIBUTIVO,EPS037,NUEVA EPS,11,11001,1,BARRERAS EN EL ACCESO A TECNOLOGÍAS Y SERVICIOS DE SALUD; Y OTROS ELEMENTOS COMPLEMENTARIOS PARA LA ATENCIÓN DEL USUARIO,102,NEGACIÓN DE TECNOLOGÍAS EN SALUD Y OTROS ELEMENTOS COMPLEMENTARIOS PARA LA ATENCIÓN DEL USUARIO,10201,NEGACIÓN EN LA ASIGNACIÓN DE CITAS O CONSULTAS,1020103,ESPECIALIDADES MÉDICAS ,1020103069,NEUMOLOGÍA,ENFERMEDADES CRÓNICAS NO TRASMISIBLES CARDIOVASCULARES,HTA (HIPERTENSIÓN ARTERIAL),APNEA DEL SUEÑO,No aplica,SIMPLE
242,2024,6,Web,5,5001,US- 000003606369,Madre,HOMBRE,1,DE 0 A 5 AÑOS,No Aplica,Subsidiado,No Aplica,No Aplica,5,5001,NUEVA EPS,RÉGIMEN SUBSIDIADO,EPSS41,NUEVA EPS,41,41770,1,BARRERAS EN EL ACCESO A TECNOLOGÍAS Y SERVICIOS DE SALUD; Y OTROS ELEMENTOS COMPLEMENTARIOS PARA LA ATENCIÓN DEL USUARIO,102,NEGACIÓN DE TECNOLOGÍAS EN SALUD Y OTROS ELEMENTOS COMPLEMENTARIOS PARA LA ATENCIÓN DEL USUARIO,10201,NEGACIÓN EN LA ASIGNACIÓN DE CITAS O CONSULTAS,1020103,ESPECIALIDADES MÉDICAS ,1020103044,GENÉTICA MÉDICA,MATERNO INFANTIL,ATENCIÓN NIÑOS MENORES DE 5 AÑOS,"OBESIDAD, NO ESPECIFICADA",No aplica,PRIORIZADO
243,2024,6,Evento,27,27001,US- 000003606370,Padre,HOMBRE,12,DE 6 A 12 AÑOS,Secundaria Incompleta,Subsidiado,No Aplica,No Aplica,27,27001,SANITAS,RÉGIMEN CONTRIBUTIVO,EPS005,SANITAS,27,27001,1,BARRERAS EN EL ACCESO A TECNOLOGÍAS Y SERVICIOS DE SALUD; Y OTROS ELEMENTOS COMPLEMENTARIOS PARA LA ATENCIÓN DEL USUARIO,103,FALTA DE OPORTUNIDAD EN LA AUTORIZACIÓN DE TECNOLOGÍAS EN SALUD Y OTROS ELEMENTOS COMPLEMENTARIOS PARA LA ATENCIÓN DEL USUARIO,10302,FALTA DE OPORTUNIDAD EN LA AUTORIZACIÓN DE CITAS DE CONSULTA,1030203,ESPECIALIDADES MÉDICAS ,1030203040,ENDOCRINOLOGÍA PEDIÁTRICA,PROBLEMAS RELACIONADOS CON FACILIDADES DE ATENCIÓN MÉDICA U OTROS SERVICIOS DE SALUD,PROBLEMAS RELACIONADOS CON FACILIDADES DE ATENCIÓN MÉDICA U OTROS SERVICIOS DE SALUD,OTROS TRASTORNOS DEL DESARROLLO Y CRECIMIENTO ÓSEO,No aplica,PRIORIZADO
244,2024,6,Web,76,76111,US- 000003008726,Cónyuge,MUJER,25,DE 25 A 29 AÑOS,Universitario Incompleto,Contributivo,No Aplica,No Aplica,76,76111,NUEVA EPS,RÉGIMEN CONTRIBUTIVO,EPS037,NUEVA EPS,76,76111,1,BARRERAS EN EL ACCESO A TECNOLOGÍAS Y SERVICIOS DE SALUD; Y OTROS ELEMENTOS COMPLEMENTARIOS PARA LA ATENCIÓN DEL USUARIO,103,FALTA DE OPORTUNIDAD EN LA AUTORIZACIÓN DE TECNOLOGÍAS EN SALUD Y OTROS ELEMENTOS COMPLEMENTARIOS PARA LA ATENCIÓN DEL USUARIO,10304,FALTA DE OPORTUNIDAD EN LA AUTORIZACIÓN DE OTROS SERVICIOS DE SALUD,1030408,PROCEDIMIENTOS NO QUIRÚRGICOS,1030408001,IMAGENOLOGÍA,CÁNCER ,CÁNCER DE MAMA,OTROS SÍNDROMES DE CEFALEA ESPECIFICADOS,No aplica,PRIORIZADO
245,2024,4,Web,19,19455,US- 000003194295,A nombre propio,HOMBRE,69,MAYOR DE 63 AÑOS ,No Aplica,Subsidiado,No Aplica,No Aplica,19,19455,SOS -SERVICIO OCCIDENTAL DE SALUD,RÉGIMEN CONTRIBUTIVO,EPS018,SERVICIO OCCIDENTAL DE SALUD (SOS),19,19455,1,BARRERAS EN EL ACCESO A TECNOLOGÍAS Y SERVICIOS DE SALUD; Y OTROS ELEMENTOS COMPLEMENTARIOS PARA LA ATENCIÓN DEL USUARIO,103,FALTA DE OPORTUNIDAD EN LA AUTORIZACIÓN DE TECNOLOGÍAS EN SALUD Y OTROS ELEMENTOS COMPLEMENTARIOS PARA LA ATENCIÓN DEL USUARIO,10302,FALTA DE OPORTUNIDAD EN LA AUTORIZACIÓN DE CITAS DE CONSULTA,1030203,ESPECIALIDADES MÉDICAS ,1030203066,NEFROLOGÍA,PROBLEMAS RELACIONADOS CON FACILIDADES DE ATENCIÓN MÉDICA U OTROS SERVICIOS DE SALUD,PROBLEMAS RELACIONADOS CON FACILIDADES DE ATENCIÓN MÉDICA U OTROS SERVICIOS DE SALUD,OTRAS ATENCIONES MEDICAS ESPECIFICADAS,No aplica,SIMPLE
246,2024,6,Personalizado,41,41551,US- 000003606371,A nombre propio,HOMBRE,25,DE 25 A 29 AÑOS,Secundaria,Subsidiado,No Aplica,Persona con discapacidad,41,41551,NUEVA EPS,RÉGIMEN CONTRIBUTIVO,EPS037,NUEVA EPS,41,41551,1,BARRERAS EN EL ACCESO A TECNOLOGÍAS Y SERVICIOS DE SALUD; Y OTROS ELEMENTOS COMPLEMENTARIOS PARA LA ATENCIÓN DEL USUARIO,101,FALTA DE OPORTUNIDAD EN LA PRESTACIÓN DE TECNOLOGÍAS EN SALUD Y OTROS ELEMENTOS COMPLEMENTARIOS PARA LA ATENCIÓN DEL USUARIO,10101,FALTA DE OPORTUNIDAD EN LAS CITAS O CONSULTAS,1010103,ESPECIALIDADES MÉDICAS ,1010103080,OTORRINOLARINGOLOGÍA,PROBLEMAS RELACIONADOS CON FACILIDADES DE ATENCIÓN MÉDICA U OTROS SERVICIOS DE SALUD,PROBLEMAS RELACIONADOS CON FACILIDADES DE ATENCIÓN MÉDICA U OTROS SERVICIOS DE SALUD,OTITIS EXTERNA EN MICOSIS,No aplica,SIMPLE
247,2024,6,Web,52,52612,US- 000003606372,Otro,MUJER,74,MAYOR DE 63 AÑOS ,No Aplica,Contributivo,No Aplica,No Aplica,52,52612,NUEVA EPS,RÉGIMEN CONTRIBUTIVO,EPS037,NUEVA EPS,52,52612,1,BARRERAS EN EL ACCESO A TECNOLOGÍAS Y SERVICIOS DE SALUD; Y OTROS ELEMENTOS COMPLEMENTARIOS PARA LA ATENCIÓN DEL USUARIO,101,FALTA DE OPORTUNIDAD EN LA PRESTACIÓN DE TECNOLOGÍAS EN SALUD Y OTROS ELEMENTOS COMPLEMENTARIOS PARA LA ATENCIÓN DEL USUARIO,10104,FALTA DE OPORTUNIDAD EN LA ENTREGA O ENTREGA INCOMPLETA DE TECNOLOGÍAS EN SALUD Y/O PRESTACIÓN DE OTROS SERVICIOS,1010401,MEDICAMENTOS UPC,,,PROBLEMAS RELACIONADOS CON FACILIDADES DE ATENCIÓN MÉDICA U OTROS SERVICIOS DE SALUD,PROBLEMAS RELACIONADOS CON FACILIDADES DE ATENCIÓN MÉDICA U OTROS SERVICIOS DE SALUD,"ASMA, NO ESPECIFICADA",No aplica,SIMPLE
248,2024,6,Personalizado,11,11001,US- 000000044379,A nombre propio,MUJER,27,DE 25 A 29 AÑOS,No Aplica,Subsidiado,No Aplica,Persona con discapacidad,11,11001,CAPITAL SALUD,RÉGIMEN SUBSIDIADO,EPSS34,CAPITAL SALUD,11,11001,1,BARRERAS EN EL ACCESO A TECNOLOGÍAS Y SERVICIOS DE SALUD; Y OTROS ELEMENTOS COMPLEMENTARIOS PARA LA ATENCIÓN DEL USUARIO,101,FALTA DE OPORTUNIDAD EN LA PRESTACIÓN DE TECNOLOGÍAS EN SALUD Y OTROS ELEMENTOS COMPLEMENTARIOS PARA LA ATENCIÓN DEL USUARIO,10104,FALTA DE OPORTUNIDAD EN LA ENTREGA O ENTREGA INCOMPLETA DE TECNOLOGÍAS EN SALUD Y/O PRESTACIÓN DE OTROS SERVICIOS,1010401,MEDICAMENTOS UPC,,,ENFERMEDADES NEUROLÓGICAS,EPILEPSIA,EPILEPSIA,No aplica,PRIORIZADO
249,2024,6,Telefónico,11,11001,US- 000003606373,Tío (A),HOMBRE,19,DE 18 A 24 AÑOS,Universitario Incompleto,Subsidiado,No Aplica,No Aplica,11,11001,SURAMERICANA EPS,RÉGIMEN CONTRIBUTIVO,EPS010,EPS SURA,25,25899,1,BARRERAS EN EL ACCESO A TECNOLOGÍAS Y SERVICIOS DE SALUD; Y OTROS ELEMENTOS COMPLEMENTARIOS PARA LA ATENCIÓN DEL USUARIO,101,FALTA DE OPORTUNIDAD EN LA PRESTACIÓN DE TECNOLOGÍAS EN SALUD Y OTROS ELEMENTOS COMPLEMENTARIOS PARA LA ATENCIÓN DEL USUARIO,10106,FALTA DE OPORTUNIDAD EN EL TRASLADO EN AMBULANCIA,1010602,BÁSICA AMBULATORIA,,,SALUD MENTAL,OTROS TRASTORNOS MENTALES,TRASTORNO MIXTO DE ANSIEDAD Y DEPRESIÓN,No aplica,PRIORIZADO
250,2024,6,Telefónico,11,11001,US- 000003206048,A nombre propio,MUJER,51,DE 50 A 62 AÑOS,No Aplica,Subsidiado,No Aplica,No Aplica,11,11001,CAPITAL SALUD,RÉGIMEN SUBSIDIADO,EPSS34,CAPITAL SALUD,11,11001,1,BARRERAS EN EL ACCESO A TECNOLOGÍAS Y SERVICIOS DE SALUD; Y OTROS ELEMENTOS COMPLEMENTARIOS PARA LA ATENCIÓN DEL USUARIO,101,FALTA DE OPORTUNIDAD EN LA PRESTACIÓN DE TECNOLOGÍAS EN SALUD Y OTROS ELEMENTOS COMPLEMENTARIOS PARA LA ATENCIÓN DEL USUARIO,10102,FALTA DE OPORTUNIDAD PARA SERVICIOS DE COMPLEMENTACIÓN TERAPÉUTICA,1010209,OTRAS TERAPIAS,,,ENFERMEDADES CRÓNICAS NO TRASMISIBLES CARDIOVASCULARES,ACV (ACCIDENTE CEREBRO VASCULAR),INSUFICIENCIA CARDIACA,Manejo quirúrgico para enfermedades del corazón,SIMPLE
251,2024,6,Escrito,76,76001,US- 000003606374,Madre,HOMBRE,6,DE 6 A 12 AÑOS,No Aplica,Subsidiado,No Aplica,Persona con discapacidad,76,76001,COOSALUD,RÉGIMEN SUBSIDIADO,ESS024,COOSALUD,76,76001,1,BARRERAS EN EL ACCESO A TECNOLOGÍAS Y SERVICIOS DE SALUD; Y OTROS ELEMENTOS COMPLEMENTARIOS PARA LA ATENCIÓN DEL USUARIO,101,FALTA DE OPORTUNIDAD EN LA PRESTACIÓN DE TECNOLOGÍAS EN SALUD Y OTROS ELEMENTOS COMPLEMENTARIOS PARA LA ATENCIÓN DEL USUARIO,10101,FALTA DE OPORTUNIDAD EN LAS CITAS O CONSULTAS,1010103,ESPECIALIDADES MÉDICAS ,1010103042,GASTROENTEROLOGÍA,ENFERMEDADES OSTEOARTICULARES,NEUROLÓGICAS,"INCONTINENCIA URINARIA, NO ESPECIFICADA",No aplica,PRIORIZADO
252,2024,6,Correo,11,11001,US- 000003606375,Otro,HOMBRE,40,DE 38 A 49 AÑOS,No Aplica,Subsidiado,No Aplica,No Aplica,11,11001,CAPITAL SALUD,RÉGIMEN SUBSIDIADO,EPSS34,CAPITAL SALUD,11,11001,1,BARRERAS EN EL ACCESO A TECNOLOGÍAS Y SERVICIOS DE SALUD; Y OTROS ELEMENTOS COMPLEMENTARIOS PARA LA ATENCIÓN DEL USUARIO,103,FALTA DE OPORTUNIDAD EN LA AUTORIZACIÓN DE TECNOLOGÍAS EN SALUD Y OTROS ELEMENTOS COMPLEMENTARIOS PARA LA ATENCIÓN DEL USUARIO,10304,FALTA DE OPORTUNIDAD EN LA AUTORIZACIÓN DE OTROS SERVICIOS DE SALUD,1030402,HOSPITALIZACIÓN,,,SALUD MENTAL,OTROS TRASTORNOS MENTALES,TRASTORNOS MENTALES Y DEL COMPORTAMIENTO DEBIDOS AL USO DE OPIÁCEOS: SÍNDROME DE DEPENDENCIA,No aplica,SIMPLE
253,2024,6,Web,11,11001,US- 000003606376,A nombre propio,MUJER,83,MAYOR DE 63 AÑOS ,No Aplica,Subsidiado,No Aplica,Persona con discapacidad,11,11001,CAPITAL SALUD,RÉGIMEN SUBSIDIADO,EPSS34,CAPITAL SALUD,11,11001,1,BARRERAS EN EL ACCESO A TECNOLOGÍAS Y SERVICIOS DE SALUD; Y OTROS ELEMENTOS COMPLEMENTARIOS PARA LA ATENCIÓN DEL USUARIO,101,FALTA DE OPORTUNIDAD EN LA PRESTACIÓN DE TECNOLOGÍAS EN SALUD Y OTROS ELEMENTOS COMPLEMENTARIOS PARA LA ATENCIÓN DEL USUARIO,10103,FALTA DE OPORTUNIDAD EN LA ATENCIÓN EN OTROS SERVICIOS DE SALUD,1010309,PROCEDIMIENTOS QUIRÚRGICOS,1010309003,OTROS PROCEDIMIENTOS QUIRÚRGICOS,PROBLEMAS RELACIONADOS CON FACILIDADES DE ATENCIÓN MÉDICA U OTROS SERVICIOS DE SALUD,PROBLEMAS RELACIONADOS CON FACILIDADES DE ATENCIÓN MÉDICA U OTROS SERVICIOS DE SALUD,"CATARATA, NO ESPECIFICADA",No aplica,SIMPLE
254,2024,6,Redes Sociales,76,76001,US- 000003256780,Cónyuge,HOMBRE,41,DE 38 A 49 AÑOS,Universitario Incompleto,Subsidiado,No Aplica,Persona con discapacidad,76,76001,EMSSANAR EPS,RÉGIMEN SUBSIDIADO,ESS118,EMSSANAR,76,76001,1,BARRERAS EN EL ACCESO A TECNOLOGÍAS Y SERVICIOS DE SALUD; Y OTROS ELEMENTOS COMPLEMENTARIOS PARA LA ATENCIÓN DEL USUARIO,103,FALTA DE OPORTUNIDAD EN LA AUTORIZACIÓN DE TECNOLOGÍAS EN SALUD Y OTROS ELEMENTOS COMPLEMENTARIOS PARA LA ATENCIÓN DEL USUARIO,10301,FALTA DE OPORTUNIDAD EN LA AUTORIZACIÓN DE TECNOLOGÍAS EN SALUD Y/O DE OTROS SERVICIOS,1030108,"TRANSPORTE, ALOJAMIENTO O ALIMENTACIÓN",,,ENFERMEDADES CRÓNICAS NO TRANSMISIBLES –RENALES,IRC-ENFERMEDAD RENAL,INSUFICIENCIA RENAL NO ESPECIFICADA,No aplica,PRIORIZADO
255,2024,5,Personalizado,86,86568,US- 000003606377,A nombre propio,MUJER,65,MAYOR DE 63 AÑOS ,Secundaria Incompleta,Subsidiado,No Aplica,No Aplica,86,86568,EMSSANAR EPS,RÉGIMEN SUBSIDIADO,ESS118,EMSSANAR,86,86568,1,BARRERAS EN EL ACCESO A TECNOLOGÍAS Y SERVICIOS DE SALUD; Y OTROS ELEMENTOS COMPLEMENTARIOS PARA LA ATENCIÓN DEL USUARIO,102,NEGACIÓN DE TECNOLOGÍAS EN SALUD Y OTROS ELEMENTOS COMPLEMENTARIOS PARA LA ATENCIÓN DEL USUARIO,10204,NEGACIÓN PARA LA ENTREGA DE TECNOLOGÍAS EN SALUD Y/O DE OTROS SERVICIOS AUTORIZADOS,1020401,MEDICAMENTOS UPC,,,CÁNCER ,OTROS,TUMOR MALIGNO DE LA GLÁNDULA TIROIDES,Quimioterapia y radioterapia para el cáncer,PRIORIZADO
256,2024,6,Telefónico,68,68276,US- 000003606378,A nombre propio,HOMBRE,66,MAYOR DE 63 AÑOS ,Primaria,Contributivo,No Aplica,No Aplica,68,68276,NUEVA EPS,RÉGIMEN CONTRIBUTIVO,EPS037,NUEVA EPS,68,68276,1,BARRERAS EN EL ACCESO A TECNOLOGÍAS Y SERVICIOS DE SALUD; Y OTROS ELEMENTOS COMPLEMENTARIOS PARA LA ATENCIÓN DEL USUARIO,102,NEGACIÓN DE TECNOLOGÍAS EN SALUD Y OTROS ELEMENTOS COMPLEMENTARIOS PARA LA ATENCIÓN DEL USUARIO,10204,NEGACIÓN PARA LA ENTREGA DE TECNOLOGÍAS EN SALUD Y/O DE OTROS SERVICIOS AUTORIZADOS,1020402,MEDICAMENTOS NO UPC,,,PROBLEMAS RELACIONADOS CON FACILIDADES DE ATENCIÓN MÉDICA U OTROS SERVICIOS DE SALUD,PROBLEMAS RELACIONADOS CON FACILIDADES DE ATENCIÓN MÉDICA U OTROS SERVICIOS DE SALUD,HIPERPLASIA DE LA PRÓSTATA,No aplica,SIMPLE
257,2024,6,Web,11,11001,US- 000003606379,A nombre propio,HOMBRE,45,DE 38 A 49 AÑOS,Secundaria,Contributivo,No Aplica,Persona con discapacidad,11,11001,SALUD TOTAL,RÉGIMEN CONTRIBUTIVO,EPS002,SALUD TOTAL,11,11001,1,BARRERAS EN EL ACCESO A TECNOLOGÍAS Y SERVICIOS DE SALUD; Y OTROS ELEMENTOS COMPLEMENTARIOS PARA LA ATENCIÓN DEL USUARIO,102,NEGACIÓN DE TECNOLOGÍAS EN SALUD Y OTROS ELEMENTOS COMPLEMENTARIOS PARA LA ATENCIÓN DEL USUARIO,10201,NEGACIÓN EN LA ASIGNACIÓN DE CITAS O CONSULTAS,1020103,ESPECIALIDADES MÉDICAS ,1020103072,NEUROLOGÍA,PROBLEMAS RELACIONADOS CON FACILIDADES DE ATENCIÓN MÉDICA U OTROS SERVICIOS DE SALUD,PROBLEMAS RELACIONADOS CON FACILIDADES DE ATENCIÓN MÉDICA U OTROS SERVICIOS DE SALUD,OTRAS ATENCIONES MEDICAS ESPECIFICADAS,No aplica,SIMPLE
258,2024,5,Telefónico,13,13650,US- 000002828341,Hijo (A),MUJER,79,MAYOR DE 63 AÑOS ,Primaria,Subsidiado,Afrocolombiano o Afrodescendiente,No Aplica,13,13650,NUEVA EPS,RÉGIMEN SUBSIDIADO,EPSS41,NUEVA EPS,13,13650,2,INSATISFACCIÓN RELACIONADA CON LA ATENCIÓN EN SALUD,201,INSATISFACCIÓN RELACIONADA CON LA ATENCIÓN EN SALUD POR FALTA DE OPORTUNIDAD,20102,INSATISFACCIÓN POR FALTA DE OPORTUNIDAD EN LA ENTREGA DE RESULTADOS DE AYUDAS DIAGNÓSTICAS,,,,,CÁNCER ,CÁNCER DE MAMA,HIPERTENSIÓN ESENCIAL (PRIMARIA),Quimioterapia y radioterapia para el cáncer,PRIORIZADO
259,2024,5,Web,20,20011,US- 000003606380,Otro,MUJER,87,MAYOR DE 63 AÑOS ,No Aplica,Subsidiado,No Aplica,Persona con discapacidad,20,20011,NUEVA EPS,RÉGIMEN SUBSIDIADO,EPSS41,NUEVA EPS,20,20011,1,BARRERAS EN EL ACCESO A TECNOLOGÍAS Y SERVICIOS DE SALUD; Y OTROS ELEMENTOS COMPLEMENTARIOS PARA LA ATENCIÓN DEL USUARIO,101,FALTA DE OPORTUNIDAD EN LA PRESTACIÓN DE TECNOLOGÍAS EN SALUD Y OTROS ELEMENTOS COMPLEMENTARIOS PARA LA ATENCIÓN DEL USUARIO,10104,FALTA DE OPORTUNIDAD EN LA ENTREGA O ENTREGA INCOMPLETA DE TECNOLOGÍAS EN SALUD Y/O PRESTACIÓN DE OTROS SERVICIOS,1010406,SOPORTE NUTRICIONAL,,,ENFERMEDADES NEUROLÓGICAS,EPILEPSIA,"DESNUTRICIÓN PROTEICOCALORICA SEVERA, NO ESPECIFICADA",No aplica,PRIORIZADO
260,2024,6,Personalizado,11,11001,US- 000001324564,A nombre propio,HOMBRE,19,DE 18 A 24 AÑOS,Secundaria Incompleta,Subsidiado,No Aplica,Persona con discapacidad,11,11001,CAPITAL SALUD,RÉGIMEN SUBSIDIADO,EPSS34,CAPITAL SALUD,11,11001,1,BARRERAS EN EL ACCESO A TECNOLOGÍAS Y SERVICIOS DE SALUD; Y OTROS ELEMENTOS COMPLEMENTARIOS PARA LA ATENCIÓN DEL USUARIO,101,FALTA DE OPORTUNIDAD EN LA PRESTACIÓN DE TECNOLOGÍAS EN SALUD Y OTROS ELEMENTOS COMPLEMENTARIOS PARA LA ATENCIÓN DEL USUARIO,10103,FALTA DE OPORTUNIDAD EN LA ATENCIÓN EN OTROS SERVICIOS DE SALUD,1010308,PROCEDIMIENTOS NO QUIRÚRGICOS,1010308006,OTROS PROCEDIMIENTOS NO QUIRÚRGICOS,SALUD MENTAL,OTROS TRASTORNOS MENTALES,RETRASO MENTAL LEVE: DETERIORO DEL COMPORTAMIENTO NULO O MÍNIMO,No aplica,SIMPLE
261,2024,6,Telefónico,11,11001,US- 000003606381,Madre,MUJER,5,DE 0 A 5 AÑOS,Ninguno,Subsidiado,No Aplica,No Aplica,11,11001,SANITAS,RÉGIMEN CONTRIBUTIVO,EPS005,SANITAS,11,11001,1,BARRERAS EN EL ACCESO A TECNOLOGÍAS Y SERVICIOS DE SALUD; Y OTROS ELEMENTOS COMPLEMENTARIOS PARA LA ATENCIÓN DEL USUARIO,101,FALTA DE OPORTUNIDAD EN LA PRESTACIÓN DE TECNOLOGÍAS EN SALUD Y OTROS ELEMENTOS COMPLEMENTARIOS PARA LA ATENCIÓN DEL USUARIO,10101,FALTA DE OPORTUNIDAD EN LAS CITAS O CONSULTAS,1010103,ESPECIALIDADES MÉDICAS ,1010103082,PEDIATRÍA,PROBLEMAS RELACIONADOS CON FACILIDADES DE ATENCIÓN MÉDICA U OTROS SERVICIOS DE SALUD,PROBLEMAS RELACIONADOS CON FACILIDADES DE ATENCIÓN MÉDICA U OTROS SERVICIOS DE SALUD,"DERMATITIS ATÓPICA, NO ESPECIFICADA",No aplica,SIMPLE
262,2024,6,Personalizado,5,5001,US- 000003606382,A nombre propio,HOMBRE,57,DE 50 A 62 AÑOS,Secundaria,Contributivo,No Aplica,No Aplica,5,5001,SALUD TOTAL,RÉGIMEN CONTRIBUTIVO,EPS002,SALUD TOTAL,5,5001,1,BARRERAS EN EL ACCESO A TECNOLOGÍAS Y SERVICIOS DE SALUD; Y OTROS ELEMENTOS COMPLEMENTARIOS PARA LA ATENCIÓN DEL USUARIO,102,NEGACIÓN DE TECNOLOGÍAS EN SALUD Y OTROS ELEMENTOS COMPLEMENTARIOS PARA LA ATENCIÓN DEL USUARIO,10204,NEGACIÓN PARA LA ENTREGA DE TECNOLOGÍAS EN SALUD Y/O DE OTROS SERVICIOS AUTORIZADOS,1020401,MEDICAMENTOS UPC,,,ENFERMEDADES CRÓNICAS NO TRASMISIBLES CARDIOVASCULARES,HTA (HIPERTENSIÓN ARTERIAL),HIPERTENSIÓN ESENCIAL (PRIMARIA),No aplica,SIMPLE
263,2024,6,Personalizado,19,19001,US- 000003606383,A nombre propio,MUJER,65,MAYOR DE 63 AÑOS ,Secundaria Incompleta,Subsidiado,No Aplica,Desplazado,19,19001,EMSSANAR EPS,RÉGIMEN SUBSIDIADO,ESS118,EMSSANAR,19,19001,1,BARRERAS EN EL ACCESO A TECNOLOGÍAS Y SERVICIOS DE SALUD; Y OTROS ELEMENTOS COMPLEMENTARIOS PARA LA ATENCIÓN DEL USUARIO,102,NEGACIÓN DE TECNOLOGÍAS EN SALUD Y OTROS ELEMENTOS COMPLEMENTARIOS PARA LA ATENCIÓN DEL USUARIO,10203,NEGACIÓN EN LA ATENCIÓN EN OTROS SERVICIOS DE SALUD,1020308,PROCEDIMIENTOS NO QUIRÚRGICOS,1020308006,OTROS PROCEDIMIENTOS NO QUIRÚRGICOS,ENFERMEDADES CRÓNICAS NO TRANSMISIBLES –DIABETES,DIABETES,QUERATOSIS SEBORREICA,No aplica,SIMPLE
264,2024,6,Web,47,47001,US- 000003606384,A nombre propio,MUJER,22,DE 18 A 24 AÑOS,No Aplica,Subsidiado,No Aplica,No Aplica,47,47001,NUEVA EPS,RÉGIMEN SUBSIDIADO,EPSS41,NUEVA EPS,47,47001,1,BARRERAS EN EL ACCESO A TECNOLOGÍAS Y SERVICIOS DE SALUD; Y OTROS ELEMENTOS COMPLEMENTARIOS PARA LA ATENCIÓN DEL USUARIO,101,FALTA DE OPORTUNIDAD EN LA PRESTACIÓN DE TECNOLOGÍAS EN SALUD Y OTROS ELEMENTOS COMPLEMENTARIOS PARA LA ATENCIÓN DEL USUARIO,10103,FALTA DE OPORTUNIDAD EN LA ATENCIÓN EN OTROS SERVICIOS DE SALUD,1010308,PROCEDIMIENTOS NO QUIRÚRGICOS,1010308006,OTROS PROCEDIMIENTOS NO QUIRÚRGICOS,PROBLEMAS RELACIONADOS CON FACILIDADES DE ATENCIÓN MÉDICA U OTROS SERVICIOS DE SALUD,PROBLEMAS RELACIONADOS CON FACILIDADES DE ATENCIÓN MÉDICA U OTROS SERVICIOS DE SALUD,PROBLEMAS RELACIONADOS CON FACILIDADES DE ATENCIÓN MEDICA U OTROS SERVICIOS DE SALUD,No aplica,SIMPLE
265,2024,3,Web,11,11001,US- 000001600406,A nombre propio,MUJER,78,MAYOR DE 63 AÑOS ,No Aplica,Subsidiado,No Aplica,No Aplica,11,11001,CAPITAL SALUD,RÉGIMEN SUBSIDIADO,EPSS34,CAPITAL SALUD,11,11001,1,BARRERAS EN EL ACCESO A TECNOLOGÍAS Y SERVICIOS DE SALUD; Y OTROS ELEMENTOS COMPLEMENTARIOS PARA LA ATENCIÓN DEL USUARIO,101,FALTA DE OPORTUNIDAD EN LA PRESTACIÓN DE TECNOLOGÍAS EN SALUD Y OTROS ELEMENTOS COMPLEMENTARIOS PARA LA ATENCIÓN DEL USUARIO,10101,FALTA DE OPORTUNIDAD EN LAS CITAS O CONSULTAS,1010104,ESPECIALIDADES ODONTOLÓGICAS,1010104017,REHABILITACIÓN ORAL,SALUD ORAL,SALUD ORAL,OTRAS CONSULTAS ESPECIFICADAS,No aplica,SIMPLE
266,2024,6,Web,68,68001,US- 000000586162,A nombre propio,MUJER,81,MAYOR DE 63 AÑOS ,No Aplica,Subsidiado,No Aplica,No Aplica,68,68001,NUEVA EPS,RÉGIMEN SUBSIDIADO,EPSS41,NUEVA EPS,68,68276,1,BARRERAS EN EL ACCESO A TECNOLOGÍAS Y SERVICIOS DE SALUD; Y OTROS ELEMENTOS COMPLEMENTARIOS PARA LA ATENCIÓN DEL USUARIO,102,NEGACIÓN DE TECNOLOGÍAS EN SALUD Y OTROS ELEMENTOS COMPLEMENTARIOS PARA LA ATENCIÓN DEL USUARIO,10207,NEGACIÓN EN LA AUTORIZACIÓN DE TECNOLOGÍAS EN SALUD Y/O DE OTROS SERVICIOS,1020701,MEDICAMENTOS UPC,,,PROBLEMAS RELACIONADOS CON FACILIDADES DE ATENCIÓN MÉDICA U OTROS SERVICIOS DE SALUD,PROBLEMAS RELACIONADOS CON FACILIDADES DE ATENCIÓN MÉDICA U OTROS SERVICIOS DE SALUD,INSUFICIENCIA VENOSA (CRÓNICA) (PERIFÉRICA),No aplica,SIMPLE
267,2024,6,Web,66,66594,US- 000003606385,A nombre propio,MUJER,36,DE 30 A 37 AÑOS,No Aplica,Subsidiado,No Aplica,Desplazado,66,66594,COOSALUD,RÉGIMEN SUBSIDIADO,ESS024,COOSALUD,66,66594,1,BARRERAS EN EL ACCESO A TECNOLOGÍAS Y SERVICIOS DE SALUD; Y OTROS ELEMENTOS COMPLEMENTARIOS PARA LA ATENCIÓN DEL USUARIO,102,NEGACIÓN DE TECNOLOGÍAS EN SALUD Y OTROS ELEMENTOS COMPLEMENTARIOS PARA LA ATENCIÓN DEL USUARIO,10203,NEGACIÓN EN LA ATENCIÓN EN OTROS SERVICIOS DE SALUD,1020308,PROCEDIMIENTOS NO QUIRÚRGICOS,1020308006,OTROS PROCEDIMIENTOS NO QUIRÚRGICOS,ENFERMEDADES CRÓNICAS NO TRANSMISIBLES –DIABETES,DIABETES,"DIABETES MELLITUS, NO ESPECIFICADA SIN MENCIÓN DE COMPLICACIÓN",No aplica,SIMPLE
268,2024,6,Personalizado,47,47001,US- 000003606386,Cónyuge,MUJER,34,DE 30 A 37 AÑOS,Primaria,Subsidiado,Mulato ,No Aplica,47,47001,COOSALUD,RÉGIMEN SUBSIDIADO,ESS024,COOSALUD,54,54344,4,INSATISFACCIÓN DEL USUARIO CON EL PROCESO ADMINISTRATIVO,403,INSATISFACCIÓN RELACIONADA CON LA ATENCIÓN DEL PERSONAL ADMINISTRATIVO,40301,INSATISFACCIÓN RELACIONADA CON LA ATENCIÓN DEL PERSONAL ADMINISTRATIVO,,,,,PROBLEMAS RELACIONADOS CON FACILIDADES DE ATENCIÓN MÉDICA U OTROS SERVICIOS DE SALUD,PROBLEMAS RELACIONADOS CON FACILIDADES DE ATENCIÓN MÉDICA U OTROS SERVICIOS DE SALUD,DOLOR ABDOMINAL Y PÉLVICO,No aplica,SIMPLE
269,2024,5,Web,52,52001,US- 000000927816,A nombre propio,HOMBRE,65,MAYOR DE 63 AÑOS ,No Aplica,Contributivo,No Aplica,No Aplica,52,52001,NUEVA EPS,RÉGIMEN CONTRIBUTIVO,EPS037,NUEVA EPS,52,52001,1,BARRERAS EN EL ACCESO A TECNOLOGÍAS Y SERVICIOS DE SALUD; Y OTROS ELEMENTOS COMPLEMENTARIOS PARA LA ATENCIÓN DEL USUARIO,102,NEGACIÓN DE TECNOLOGÍAS EN SALUD Y OTROS ELEMENTOS COMPLEMENTARIOS PARA LA ATENCIÓN DEL USUARIO,10204,NEGACIÓN PARA LA ENTREGA DE TECNOLOGÍAS EN SALUD Y/O DE OTROS SERVICIOS AUTORIZADOS,1020401,MEDICAMENTOS UPC,,,ENFERMEDADES CRÓNICAS NO TRASMISIBLES CARDIOVASCULARES,HTA (HIPERTENSIÓN ARTERIAL),HIPERTENSIÓN ESENCIAL (PRIMARIA),No aplica,SIMPLE
270,2024,6,Web,11,11001,US- 000003606387,A nombre propio,MUJER,33,DE 30 A 37 AÑOS,No Aplica,Contributivo,No Aplica,No Aplica,11,11001,SANITAS,RÉGIMEN CONTRIBUTIVO,EPS005,SANITAS,11,11001,1,BARRERAS EN EL ACCESO A TECNOLOGÍAS Y SERVICIOS DE SALUD; Y OTROS ELEMENTOS COMPLEMENTARIOS PARA LA ATENCIÓN DEL USUARIO,102,NEGACIÓN DE TECNOLOGÍAS EN SALUD Y OTROS ELEMENTOS COMPLEMENTARIOS PARA LA ATENCIÓN DEL USUARIO,10201,NEGACIÓN EN LA ASIGNACIÓN DE CITAS O CONSULTAS,1020103,ESPECIALIDADES MÉDICAS ,1020103015,CIRUGÍA DE PIE Y TOBILLO - ORTOPEDIA,PROBLEMAS RELACIONADOS CON FACILIDADES DE ATENCIÓN MÉDICA U OTROS SERVICIOS DE SALUD,PROBLEMAS RELACIONADOS CON FACILIDADES DE ATENCIÓN MÉDICA U OTROS SERVICIOS DE SALUD,CONTUSIÓN DEL TOBILLO,No aplica,SIMPLE
271,2024,6,Escrito,8,8001,US- 000002720958,A nombre propio,MUJER,37,DE 30 A 37 AÑOS,No Aplica,Contributivo,No Aplica,No Aplica,8,8001,SANITAS,RÉGIMEN CONTRIBUTIVO,EPS005,SANITAS,8,8001,1,BARRERAS EN EL ACCESO A TECNOLOGÍAS Y SERVICIOS DE SALUD; Y OTROS ELEMENTOS COMPLEMENTARIOS PARA LA ATENCIÓN DEL USUARIO,101,FALTA DE OPORTUNIDAD EN LA PRESTACIÓN DE TECNOLOGÍAS EN SALUD Y OTROS ELEMENTOS COMPLEMENTARIOS PARA LA ATENCIÓN DEL USUARIO,10104,FALTA DE OPORTUNIDAD EN LA ENTREGA O ENTREGA INCOMPLETA DE TECNOLOGÍAS EN SALUD Y/O PRESTACIÓN DE OTROS SERVICIOS,1010401,MEDICAMENTOS UPC,,,PROBLEMAS RELACIONADOS CON FACILIDADES DE ATENCIÓN MÉDICA U OTROS SERVICIOS DE SALUD,PROBLEMAS RELACIONADOS CON FACILIDADES DE ATENCIÓN MÉDICA U OTROS SERVICIOS DE SALUD,"ENFERMEDAD DE CROHN, NO ESPECIFICADA",No aplica,PRIORIZADO
272,2024,6,Web,11,11001,US- 000003606388,A nombre propio,HOMBRE,3,DE 0 A 5 AÑOS,No Aplica,Contributivo,No Aplica,No Aplica,11,11001,SALUD TOTAL,RÉGIMEN CONTRIBUTIVO,EPS002,SALUD TOTAL,11,11001,1,BARRERAS EN EL ACCESO A TECNOLOGÍAS Y SERVICIOS DE SALUD; Y OTROS ELEMENTOS COMPLEMENTARIOS PARA LA ATENCIÓN DEL USUARIO,101,FALTA DE OPORTUNIDAD EN LA PRESTACIÓN DE TECNOLOGÍAS EN SALUD Y OTROS ELEMENTOS COMPLEMENTARIOS PARA LA ATENCIÓN DEL USUARIO,10101,FALTA DE OPORTUNIDAD EN LAS CITAS O CONSULTAS,1010103,ESPECIALIDADES MÉDICAS ,1010103080,OTORRINOLARINGOLOGÍA,MATERNO INFANTIL,ATENCIÓN NIÑOS MENORES DE 5 AÑOS,EPISTAXIS,No aplica,SIMPLE
273,2024,6,Telefónico,11,11001,US- 000003606389,Otro,MUJER,63,MAYOR DE 63 AÑOS ,Primaria,Contributivo,No Aplica,No Aplica,11,11001,SALUD TOTAL,RÉGIMEN CONTRIBUTIVO,EPS002,SALUD TOTAL,11,11001,1,BARRERAS EN EL ACCESO A TECNOLOGÍAS Y SERVICIOS DE SALUD; Y OTROS ELEMENTOS COMPLEMENTARIOS PARA LA ATENCIÓN DEL USUARIO,101,FALTA DE OPORTUNIDAD EN LA PRESTACIÓN DE TECNOLOGÍAS EN SALUD Y OTROS ELEMENTOS COMPLEMENTARIOS PARA LA ATENCIÓN DEL USUARIO,10104,FALTA DE OPORTUNIDAD EN LA ENTREGA O ENTREGA INCOMPLETA DE TECNOLOGÍAS EN SALUD Y/O PRESTACIÓN DE OTROS SERVICIOS,1010401,MEDICAMENTOS UPC,,,CÁNCER ,LEUCEMIA MIELOIDE AGUDA,LEUCEMIA MIELOIDE AGUDA,Quimioterapia y radioterapia para el cáncer,PRIORIZADO
274,2024,5,Correo,19,19001,US- 000000738196,A nombre propio,HOMBRE,46,DE 38 A 49 AÑOS,No Aplica,Contributivo,No Aplica,No Aplica,19,19001,SOS -SERVICIO OCCIDENTAL DE SALUD,RÉGIMEN CONTRIBUTIVO,EPS018,SERVICIO OCCIDENTAL DE SALUD (SOS),19,19001,1,BARRERAS EN EL ACCESO A TECNOLOGÍAS Y SERVICIOS DE SALUD; Y OTROS ELEMENTOS COMPLEMENTARIOS PARA LA ATENCIÓN DEL USUARIO,102,NEGACIÓN DE TECNOLOGÍAS EN SALUD Y OTROS ELEMENTOS COMPLEMENTARIOS PARA LA ATENCIÓN DEL USUARIO,10204,NEGACIÓN PARA LA ENTREGA DE TECNOLOGÍAS EN SALUD Y/O DE OTROS SERVICIOS AUTORIZADOS,1020407,"ELEMENTOS COMPLEMENTARIOS PARA LA ATENCIÓN DEL USUARIO (PAÑALES, PAÑITOS, ETC.)",,,SALUD MENTAL,OTROS TRASTORNOS MENTALES,INCONTINENCIA FECAL,No aplica,SIMPLE
275,2024,6,Personalizado,76,76834,US- 000003606390,Tío (A),MUJER,68,MAYOR DE 63 AÑOS ,Primaria,Subsidiado,No Aplica,Persona con discapacidad,76,76834,EMSSANAR EPS,RÉGIMEN SUBSIDIADO,ESS118,EMSSANAR,76,76834,1,BARRERAS EN EL ACCESO A TECNOLOGÍAS Y SERVICIOS DE SALUD; Y OTROS ELEMENTOS COMPLEMENTARIOS PARA LA ATENCIÓN DEL USUARIO,101,FALTA DE OPORTUNIDAD EN LA PRESTACIÓN DE TECNOLOGÍAS EN SALUD Y OTROS ELEMENTOS COMPLEMENTARIOS PARA LA ATENCIÓN DEL USUARIO,10103,FALTA DE OPORTUNIDAD EN LA ATENCIÓN EN OTROS SERVICIOS DE SALUD,1010309,PROCEDIMIENTOS QUIRÚRGICOS,1010309003,OTROS PROCEDIMIENTOS QUIRÚRGICOS,ENFERMEDADES CRÓNICAS NO TRASMISIBLES CARDIOVASCULARES,HTA (HIPERTENSIÓN ARTERIAL),OTROS GLAUCOMAS,No aplica,PRIORIZADO
276,2024,4,Telefónico,5,5079,US- 000002990996,A nombre propio,MUJER,33,DE 30 A 37 AÑOS,Secundaria Incompleta,Subsidiado,No Aplica,No Aplica,5,5079,SAVIA SALUD,RÉGIMEN SUBSIDIADO,EPSS40,SAVIA SALUD EPS,5,5079,1,BARRERAS EN EL ACCESO A TECNOLOGÍAS Y SERVICIOS DE SALUD; Y OTROS ELEMENTOS COMPLEMENTARIOS PARA LA ATENCIÓN DEL USUARIO,102,NEGACIÓN DE TECNOLOGÍAS EN SALUD Y OTROS ELEMENTOS COMPLEMENTARIOS PARA LA ATENCIÓN DEL USUARIO,10201,NEGACIÓN EN LA ASIGNACIÓN DE CITAS O CONSULTAS,1020103,ESPECIALIDADES MÉDICAS ,1020103080,OTORRINOLARINGOLOGÍA,PROBLEMAS RELACIONADOS CON FACILIDADES DE ATENCIÓN MÉDICA U OTROS SERVICIOS DE SALUD,PROBLEMAS RELACIONADOS CON FACILIDADES DE ATENCIÓN MÉDICA U OTROS SERVICIOS DE SALUD,PERFORACIÓN CONGÉNITA DEL TABIQUE NASAL,No aplica,SIMPLE
277,2024,6,Web,68,68872,US- 000002699903,Otro,MUJER,6,DE 6 A 12 AÑOS,No Aplica,Contributivo,No Aplica,No Aplica,68,68872,NUEVA EPS,RÉGIMEN CONTRIBUTIVO,EPS037,NUEVA EPS,68,68872,1,BARRERAS EN EL ACCESO A TECNOLOGÍAS Y SERVICIOS DE SALUD; Y OTROS ELEMENTOS COMPLEMENTARIOS PARA LA ATENCIÓN DEL USUARIO,102,NEGACIÓN DE TECNOLOGÍAS EN SALUD Y OTROS ELEMENTOS COMPLEMENTARIOS PARA LA ATENCIÓN DEL USUARIO,10204,NEGACIÓN PARA LA ENTREGA DE TECNOLOGÍAS EN SALUD Y/O DE OTROS SERVICIOS AUTORIZADOS,1020401,MEDICAMENTOS UPC,,,ENFERMEDADES NEUROLÓGICAS,EPILEPSIA,EPILEPSIA,No aplica,PRIORIZADO
278,2024,5,Personalizado,70,70001,US- 000003606391,A nombre propio,HOMBRE,63,MAYOR DE 63 AÑOS ,Universitario,Contributivo,No Aplica,No Aplica,70,70001,NUEVA EPS,RÉGIMEN CONTRIBUTIVO,EPS037,NUEVA EPS,70,70001,1,BARRERAS EN EL ACCESO A TECNOLOGÍAS Y SERVICIOS DE SALUD; Y OTROS ELEMENTOS COMPLEMENTARIOS PARA LA ATENCIÓN DEL USUARIO,103,FALTA DE OPORTUNIDAD EN LA AUTORIZACIÓN DE TECNOLOGÍAS EN SALUD Y OTROS ELEMENTOS COMPLEMENTARIOS PARA LA ATENCIÓN DEL USUARIO,10304,FALTA DE OPORTUNIDAD EN LA AUTORIZACIÓN DE OTROS SERVICIOS DE SALUD,1030409,PROCEDIMIENTOS QUIRÚRGICOS,1030409003,OTROS PROCEDIMIENTOS QUIRÚRGICOS,PROBLEMAS RELACIONADOS CON FACILIDADES DE ATENCIÓN MÉDICA U OTROS SERVICIOS DE SALUD,PROBLEMAS RELACIONADOS CON FACILIDADES DE ATENCIÓN MÉDICA U OTROS SERVICIOS DE SALUD,HIPERPLASIA DE LA PRÓSTATA,No aplica,SIMPLE
279,2024,6,Web,25,25473,US- 000003606392,A nombre propio,MUJER,48,DE 38 A 49 AÑOS,No Aplica,Contributivo,No Aplica,No Aplica,25,25473,SALUD TOTAL,RÉGIMEN CONTRIBUTIVO,EPS002,SALUD TOTAL,11,11001,1,BARRERAS EN EL ACCESO A TECNOLOGÍAS Y SERVICIOS DE SALUD; Y OTROS ELEMENTOS COMPLEMENTARIOS PARA LA ATENCIÓN DEL USUARIO,101,FALTA DE OPORTUNIDAD EN LA PRESTACIÓN DE TECNOLOGÍAS EN SALUD Y OTROS ELEMENTOS COMPLEMENTARIOS PARA LA ATENCIÓN DEL USUARIO,10103,FALTA DE OPORTUNIDAD EN LA ATENCIÓN EN OTROS SERVICIOS DE SALUD,1010308,PROCEDIMIENTOS NO QUIRÚRGICOS,1010308006,OTROS PROCEDIMIENTOS NO QUIRÚRGICOS,PROBLEMAS RELACIONADOS CON FACILIDADES DE ATENCIÓN MÉDICA U OTROS SERVICIOS DE SALUD,PROBLEMAS RELACIONADOS CON FACILIDADES DE ATENCIÓN MÉDICA U OTROS SERVICIOS DE SALUD,QUEMADURA DE REGIÓN DEL CUERPO Y GRADO NO ESPECIFICADOS,No aplica,SIMPLE
280,2024,6,Web,25,25754,US- 000002881977,A nombre propio,MUJER,65,MAYOR DE 63 AÑOS ,No Aplica,Contributivo,No Aplica,No Aplica,25,25754,SALUD TOTAL,RÉGIMEN CONTRIBUTIVO,EPS002,SALUD TOTAL,25,25754,1,BARRERAS EN EL ACCESO A TECNOLOGÍAS Y SERVICIOS DE SALUD; Y OTROS ELEMENTOS COMPLEMENTARIOS PARA LA ATENCIÓN DEL USUARIO,102,NEGACIÓN DE TECNOLOGÍAS EN SALUD Y OTROS ELEMENTOS COMPLEMENTARIOS PARA LA ATENCIÓN DEL USUARIO,10201,NEGACIÓN EN LA ASIGNACIÓN DE CITAS O CONSULTAS,1020103,ESPECIALIDADES MÉDICAS ,1020103078,ORTOPEDIA Y TRAUMATOLOGÍA,ENFERMEDADES OSTEOARTICULARES,OTROS,OTRAS ATENCIONES MEDICAS ESPECIFICADAS,No aplica,SIMPLE
281,2024,6,Escrito,76,76563,US- 000003606393,A nombre propio,MUJER,33,DE 30 A 37 AÑOS,No Aplica,Contributivo,No Aplica,No Aplica,76,76563,SANITAS,RÉGIMEN CONTRIBUTIVO,EPS005,SANITAS,76,76520,1,BARRERAS EN EL ACCESO A TECNOLOGÍAS Y SERVICIOS DE SALUD; Y OTROS ELEMENTOS COMPLEMENTARIOS PARA LA ATENCIÓN DEL USUARIO,101,FALTA DE OPORTUNIDAD EN LA PRESTACIÓN DE TECNOLOGÍAS EN SALUD Y OTROS ELEMENTOS COMPLEMENTARIOS PARA LA ATENCIÓN DEL USUARIO,10103,FALTA DE OPORTUNIDAD EN LA ATENCIÓN EN OTROS SERVICIOS DE SALUD,1010308,PROCEDIMIENTOS NO QUIRÚRGICOS,1010308001,IMAGENOLOGÍA,SALUD MENTAL,OTROS TRASTORNOS MENTALES,TRASTORNO MIXTO DE ANSIEDAD Y DEPRESIÓN,No aplica,SIMPLE
282,2024,6,Web,68,68001,US- 000003606394,A nombre propio,HOMBRE,86,MAYOR DE 63 AÑOS ,No Aplica,Contributivo,No Aplica,No Aplica,68,68001,NUEVA EPS,RÉGIMEN CONTRIBUTIVO,EPS037,NUEVA EPS,68,68001,1,BARRERAS EN EL ACCESO A TECNOLOGÍAS Y SERVICIOS DE SALUD; Y OTROS ELEMENTOS COMPLEMENTARIOS PARA LA ATENCIÓN DEL USUARIO,102,NEGACIÓN DE TECNOLOGÍAS EN SALUD Y OTROS ELEMENTOS COMPLEMENTARIOS PARA LA ATENCIÓN DEL USUARIO,10204,NEGACIÓN PARA LA ENTREGA DE TECNOLOGÍAS EN SALUD Y/O DE OTROS SERVICIOS AUTORIZADOS,1020402,MEDICAMENTOS NO UPC,,,PROBLEMAS RELACIONADOS CON FACILIDADES DE ATENCIÓN MÉDICA U OTROS SERVICIOS DE SALUD,PROBLEMAS RELACIONADOS CON FACILIDADES DE ATENCIÓN MÉDICA U OTROS SERVICIOS DE SALUD,HIPERPLASIA DE LA PRÓSTATA,No aplica,SIMPLE
283,2024,6,Telefónico,11,11001,US- 000001795045,Madre,HOMBRE,14,DE 13 A 17 AÑOS,Secundaria Incompleta,Subsidiado,No Aplica,No Aplica,11,11001,CAPITAL SALUD,RÉGIMEN SUBSIDIADO,EPSS34,CAPITAL SALUD,11,11001,1,BARRERAS EN EL ACCESO A TECNOLOGÍAS Y SERVICIOS DE SALUD; Y OTROS ELEMENTOS COMPLEMENTARIOS PARA LA ATENCIÓN DEL USUARIO,102,NEGACIÓN DE TECNOLOGÍAS EN SALUD Y OTROS ELEMENTOS COMPLEMENTARIOS PARA LA ATENCIÓN DEL USUARIO,10201,NEGACIÓN EN LA ASIGNACIÓN DE CITAS O CONSULTAS,1020103,ESPECIALIDADES MÉDICAS ,1020103080,OTORRINOLARINGOLOGÍA,PROBLEMAS RELACIONADOS CON FACILIDADES DE ATENCIÓN MÉDICA U OTROS SERVICIOS DE SALUD,PROBLEMAS RELACIONADOS CON FACILIDADES DE ATENCIÓN MÉDICA U OTROS SERVICIOS DE SALUD,EPISTAXIS,No aplica,SIMPLE
284,2024,6,Personalizado,5,5045,US- 000002261072,A nombre propio,HOMBRE,48,DE 38 A 49 AÑOS,Secundaria Incompleta,Contributivo,No Aplica,No Aplica,5,5045,SURAMERICANA EPS,RÉGIMEN CONTRIBUTIVO,EPS010,EPS SURA,5,5045,4,INSATISFACCIÓN DEL USUARIO CON EL PROCESO ADMINISTRATIVO,405,PROBLEMAS EN EL RECONOCIMIENTO Y/O PAGO DE PRESTACIONES ECONÓMICAS,40501,NO RECONOCIMIENTO Y/O PAGO DE LAS PRESTACIONES ECONÓMICAS,4050107,INCAPACIDAD DE ENFERMEDAD GENERAL,,,ENFERMEDADES OSTEOARTICULARES,OTROS,TENDINITIS CALCIFICANTE DEL HOMBRO,No aplica,SIMPLE
285,2024,5,Web,25,25754,US- 000003606395,Otro,HOMBRE,55,DE 50 A 62 AÑOS,No Aplica,Subsidiado,No Aplica,No Aplica,11,11001,FAMISANAR,RÉGIMEN CONTRIBUTIVO,EPS017,FAMISANAR,11,11001,1,BARRERAS EN EL ACCESO A TECNOLOGÍAS Y SERVICIOS DE SALUD; Y OTROS ELEMENTOS COMPLEMENTARIOS PARA LA ATENCIÓN DEL USUARIO,101,FALTA DE OPORTUNIDAD EN LA PRESTACIÓN DE TECNOLOGÍAS EN SALUD Y OTROS ELEMENTOS COMPLEMENTARIOS PARA LA ATENCIÓN DEL USUARIO,10101,FALTA DE OPORTUNIDAD EN LAS CITAS O CONSULTAS,1010103,ESPECIALIDADES MÉDICAS ,1010103078,ORTOPEDIA Y TRAUMATOLOGÍA,PROBLEMAS RELACIONADOS CON FACILIDADES DE ATENCIÓN MÉDICA U OTROS SERVICIOS DE SALUD,PROBLEMAS RELACIONADOS CON FACILIDADES DE ATENCIÓN MÉDICA U OTROS SERVICIOS DE SALUD,HERIDAS MÚLTIPLES DE LA MUÑECA Y DE LA MANO,No aplica,PRIORIZADO
286,2024,5,Personalizado,11,11001,US- 000003606396,Madre,HOMBRE,6,DE 6 A 12 AÑOS,Primaria Incompleta,Contributivo,No Aplica,No Aplica,11,11001,NUEVA EPS,RÉGIMEN CONTRIBUTIVO,EPS037,NUEVA EPS,11,11001,1,BARRERAS EN EL ACCESO A TECNOLOGÍAS Y SERVICIOS DE SALUD; Y OTROS ELEMENTOS COMPLEMENTARIOS PARA LA ATENCIÓN DEL USUARIO,102,NEGACIÓN DE TECNOLOGÍAS EN SALUD Y OTROS ELEMENTOS COMPLEMENTARIOS PARA LA ATENCIÓN DEL USUARIO,10201,NEGACIÓN EN LA ASIGNACIÓN DE CITAS O CONSULTAS,1020103,ESPECIALIDADES MÉDICAS ,1020103080,OTORRINOLARINGOLOGÍA,PROBLEMAS RELACIONADOS CON FACILIDADES DE ATENCIÓN MÉDICA U OTROS SERVICIOS DE SALUD,PROBLEMAS RELACIONADOS CON FACILIDADES DE ATENCIÓN MÉDICA U OTROS SERVICIOS DE SALUD,CONTROL DE SALUD DE RUTINA DEL NIÑO,No aplica,SIMPLE
287,2024,5,Telefónico,44,44430,US- 000003606397,Madre,HOMBRE,4,DE 0 A 5 AÑOS,Ninguno,Contributivo,No Aplica,No Aplica,44,44430,NUEVA EPS,RÉGIMEN CONTRIBUTIVO,EPS037,NUEVA EPS,44,44430,1,BARRERAS EN EL ACCESO A TECNOLOGÍAS Y SERVICIOS DE SALUD; Y OTROS ELEMENTOS COMPLEMENTARIOS PARA LA ATENCIÓN DEL USUARIO,102,NEGACIÓN DE TECNOLOGÍAS EN SALUD Y OTROS ELEMENTOS COMPLEMENTARIOS PARA LA ATENCIÓN DEL USUARIO,10203,NEGACIÓN EN LA ATENCIÓN EN OTROS SERVICIOS DE SALUD,1020308,PROCEDIMIENTOS NO QUIRÚRGICOS,1020308002,LABORATORIO CLÍNICO Y ANATOMOPATOLÓGICO,MATERNO INFANTIL,ATENCIÓN NIÑOS MENORES DE 5 AÑOS,AUTISMO ATÍPICO,No aplica,SIMPLE
288,2024,5,Web,13,13062,US- 000003606398,A nombre propio,MUJER,24,DE 18 A 24 AÑOS,No Aplica,Subsidiado,No Aplica,Mujer en estado de gestación,13,13062,MUTUAL SER,RÉGIMEN SUBSIDIADO,ESS207,MUTUAL SER,13,13062,1,BARRERAS EN EL ACCESO A TECNOLOGÍAS Y SERVICIOS DE SALUD; Y OTROS ELEMENTOS COMPLEMENTARIOS PARA LA ATENCIÓN DEL USUARIO,102,NEGACIÓN DE TECNOLOGÍAS EN SALUD Y OTROS ELEMENTOS COMPLEMENTARIOS PARA LA ATENCIÓN DEL USUARIO,10204,NEGACIÓN PARA LA ENTREGA DE TECNOLOGÍAS EN SALUD Y/O DE OTROS SERVICIOS AUTORIZADOS,1020406,SOPORTE NUTRICIONAL,,,MATERNO INFANTIL,ATENCIÓN EN EL EMBARAZO,EMBARAZO CONFIRMADO,No aplica,PRIORIZADO
289,2024,6,Web,68,68001,US- 000003606399,A nombre propio,MUJER,43,DE 38 A 49 AÑOS,No Aplica,Contributivo,No Aplica,No Aplica,68,68001,SALUD TOTAL,RÉGIMEN CONTRIBUTIVO,EPS002,SALUD TOTAL,68,68001,1,BARRERAS EN EL ACCESO A TECNOLOGÍAS Y SERVICIOS DE SALUD; Y OTROS ELEMENTOS COMPLEMENTARIOS PARA LA ATENCIÓN DEL USUARIO,102,NEGACIÓN DE TECNOLOGÍAS EN SALUD Y OTROS ELEMENTOS COMPLEMENTARIOS PARA LA ATENCIÓN DEL USUARIO,10204,NEGACIÓN PARA LA ENTREGA DE TECNOLOGÍAS EN SALUD Y/O DE OTROS SERVICIOS AUTORIZADOS,1020402,MEDICAMENTOS NO UPC,,,PROBLEMAS RELACIONADOS CON FACILIDADES DE ATENCIÓN MÉDICA U OTROS SERVICIOS DE SALUD,PROBLEMAS RELACIONADOS CON FACILIDADES DE ATENCIÓN MÉDICA U OTROS SERVICIOS DE SALUD,OTROS PROBLEMAS RELACIONADOS CON SERVICIOS MÉDICOS Y DE SALUD,No aplica,SIMPLE
290,2024,6,Web,8,8549,US- 000003606400,A nombre propio,MUJER,36,DE 30 A 37 AÑOS,No Aplica,Régimen Especial,Afrocolombiano o Afrodescendiente,No Aplica,8,8549,MAGISTERIO,REGÍMENES DE EXCEPCIÓN Y ESPECIALES,REMG01,MAGISTERIO,8,8549,1,BARRERAS EN EL ACCESO A TECNOLOGÍAS Y SERVICIOS DE SALUD; Y OTROS ELEMENTOS COMPLEMENTARIOS PARA LA ATENCIÓN DEL USUARIO,102,NEGACIÓN DE TECNOLOGÍAS EN SALUD Y OTROS ELEMENTOS COMPLEMENTARIOS PARA LA ATENCIÓN DEL USUARIO,10204,NEGACIÓN PARA LA ENTREGA DE TECNOLOGÍAS EN SALUD Y/O DE OTROS SERVICIOS AUTORIZADOS,1020401,MEDICAMENTOS UPC,,,PROBLEMAS RELACIONADOS CON FACILIDADES DE ATENCIÓN MÉDICA U OTROS SERVICIOS DE SALUD,PROBLEMAS RELACIONADOS CON FACILIDADES DE ATENCIÓN MÉDICA U OTROS SERVICIOS DE SALUD,SÍNDROME DEL COLON IRRITABLE SIN DIARREA,No aplica,SIMPLE
291,2024,5,Personalizado,70,70001,US- 000003606401,A nombre propio,MUJER,36,DE 30 A 37 AÑOS,Secundaria,Subsidiado,No Aplica,Desplazado,70,70001,NUEVA EPS,RÉGIMEN SUBSIDIADO,EPSS41,NUEVA EPS,70,70001,1,BARRERAS EN EL ACCESO A TECNOLOGÍAS Y SERVICIOS DE SALUD; Y OTROS ELEMENTOS COMPLEMENTARIOS PARA LA ATENCIÓN DEL USUARIO,103,FALTA DE OPORTUNIDAD EN LA AUTORIZACIÓN DE TECNOLOGÍAS EN SALUD Y OTROS ELEMENTOS COMPLEMENTARIOS PARA LA ATENCIÓN DEL USUARIO,10304,FALTA DE OPORTUNIDAD EN LA AUTORIZACIÓN DE OTROS SERVICIOS DE SALUD,1030408,PROCEDIMIENTOS NO QUIRÚRGICOS,1030408002,LABORATORIO CLÍNICO Y ANATOMOPATOLÓGICO,PROBLEMAS RELACIONADOS CON FACILIDADES DE ATENCIÓN MÉDICA U OTROS SERVICIOS DE SALUD,PROBLEMAS RELACIONADOS CON FACILIDADES DE ATENCIÓN MÉDICA U OTROS SERVICIOS DE SALUD,EXAMEN GINECOLÓGICO (GENERAL) (DE RUTINA),No aplica,SIMPLE
292,2024,6,Web,11,11001,US- 000002931289,A nombre propio,HOMBRE,48,DE 38 A 49 AÑOS,No Aplica,Contributivo,No Aplica,No Aplica,11,11001,SALUD TOTAL,RÉGIMEN CONTRIBUTIVO,EPS002,SALUD TOTAL,11,11001,1,BARRERAS EN EL ACCESO A TECNOLOGÍAS Y SERVICIOS DE SALUD; Y OTROS ELEMENTOS COMPLEMENTARIOS PARA LA ATENCIÓN DEL USUARIO,103,FALTA DE OPORTUNIDAD EN LA AUTORIZACIÓN DE TECNOLOGÍAS EN SALUD Y OTROS ELEMENTOS COMPLEMENTARIOS PARA LA ATENCIÓN DEL USUARIO,10304,FALTA DE OPORTUNIDAD EN LA AUTORIZACIÓN DE OTROS SERVICIOS DE SALUD,1030408,PROCEDIMIENTOS NO QUIRÚRGICOS,1030408001,IMAGENOLOGÍA,CÁNCER ,OTROS,TUMOR DE COMPORTAMIENTO INCIERTO O DESCONOCIDO DEL CUERPO CAROTIDEO,No aplica,PRIORIZADO
293,2024,6,Escrito,13,13647,US- 000003606402,A nombre propio,MUJER,48,DE 38 A 49 AÑOS,No Aplica,Contributivo,No Aplica,No Aplica,13,13647,NUEVA EPS,RÉGIMEN CONTRIBUTIVO,EPS037,NUEVA EPS,20,20001,4,INSATISFACCIÓN DEL USUARIO CON EL PROCESO ADMINISTRATIVO,404,INSATISFACCIÓN RELACIONADA CON TRÁMITES ADMINISTRATIVOS,40404,INCONSISTENCIA RELACIONADA CON COBROS Y/O APORTES,4040401,COTIZACIONES AL SGSSS,,,PROBLEMAS RELACIONADOS CON FACILIDADES DE ATENCIÓN MÉDICA U OTROS SERVICIOS DE SALUD,PROBLEMAS RELACIONADOS CON FACILIDADES DE ATENCIÓN MÉDICA U OTROS SERVICIOS DE SALUD,OTROS PROBLEMAS RELACIONADOS CON SERVICIOS MÉDICOS Y DE SALUD,No aplica,SIMPLE
294,2024,6,Web,50,50313,US- 000000629967,A nombre propio,MUJER,48,DE 38 A 49 AÑOS,No Aplica,Régimen Especial,No Aplica,No Aplica,50,50313,MAGISTERIO,REGÍMENES DE EXCEPCIÓN Y ESPECIALES,REMG01,MAGISTERIO,50,50313,1,BARRERAS EN EL ACCESO A TECNOLOGÍAS Y SERVICIOS DE SALUD; Y OTROS ELEMENTOS COMPLEMENTARIOS PARA LA ATENCIÓN DEL USUARIO,101,FALTA DE OPORTUNIDAD EN LA PRESTACIÓN DE TECNOLOGÍAS EN SALUD Y OTROS ELEMENTOS COMPLEMENTARIOS PARA LA ATENCIÓN DEL USUARIO,10101,FALTA DE OPORTUNIDAD EN LAS CITAS O CONSULTAS,1010103,ESPECIALIDADES MÉDICAS ,1010103039,ENDOCRINOLOGÍA,PROBLEMAS RELACIONADOS CON FACILIDADES DE ATENCIÓN MÉDICA U OTROS SERVICIOS DE SALUD,PROBLEMAS RELACIONADOS CON FACILIDADES DE ATENCIÓN MÉDICA U OTROS SERVICIOS DE SALUD,OTROS PROBLEMAS RELACIONADOS CON SERVICIOS MÉDICOS Y DE SALUD,No aplica,SIMPLE
295,2024,6,Web,41,41551,US- 000003069925,A nombre propio,HOMBRE,43,DE 38 A 49 AÑOS,No Aplica,Subsidiado,No Aplica,No Aplica,41,41551,SANITAS,RÉGIMEN CONTRIBUTIVO,EPS005,SANITAS,41,41551,1,BARRERAS EN EL ACCESO A TECNOLOGÍAS Y SERVICIOS DE SALUD; Y OTROS ELEMENTOS COMPLEMENTARIOS PARA LA ATENCIÓN DEL USUARIO,102,NEGACIÓN DE TECNOLOGÍAS EN SALUD Y OTROS ELEMENTOS COMPLEMENTARIOS PARA LA ATENCIÓN DEL USUARIO,10204,NEGACIÓN PARA LA ENTREGA DE TECNOLOGÍAS EN SALUD Y/O DE OTROS SERVICIOS AUTORIZADOS,1020407,"ELEMENTOS COMPLEMENTARIOS PARA LA ATENCIÓN DEL USUARIO (PAÑALES, PAÑITOS, ETC.)",,,PROBLEMAS RELACIONADOS CON FACILIDADES DE ATENCIÓN MÉDICA U OTROS SERVICIOS DE SALUD,PROBLEMAS RELACIONADOS CON FACILIDADES DE ATENCIÓN MÉDICA U OTROS SERVICIOS DE SALUD,"INCONTINENCIA URINARIA, NO ESPECIFICADA",No aplica,SIMPLE
296,2024,5,Redes Sociales,5,5134,US- 000003606403,Hijo (A),MUJER,70,MAYOR DE 63 AÑOS ,Primaria,Subsidiado,No Aplica,No Aplica,5,5134,SAVIA SALUD,RÉGIMEN SUBSIDIADO,EPSS40,SAVIA SALUD EPS,5,5134,1,BARRERAS EN EL ACCESO A TECNOLOGÍAS Y SERVICIOS DE SALUD; Y OTROS ELEMENTOS COMPLEMENTARIOS PARA LA ATENCIÓN DEL USUARIO,102,NEGACIÓN DE TECNOLOGÍAS EN SALUD Y OTROS ELEMENTOS COMPLEMENTARIOS PARA LA ATENCIÓN DEL USUARIO,10203,NEGACIÓN EN LA ATENCIÓN EN OTROS SERVICIOS DE SALUD,1020308,PROCEDIMIENTOS NO QUIRÚRGICOS,1020308006,OTROS PROCEDIMIENTOS NO QUIRÚRGICOS,PROBLEMAS RELACIONADOS CON FACILIDADES DE ATENCIÓN MÉDICA U OTROS SERVICIOS DE SALUD,PROBLEMAS RELACIONADOS CON FACILIDADES DE ATENCIÓN MÉDICA U OTROS SERVICIOS DE SALUD,HERNIA UMBILICAL,No aplica,PRIORIZADO
297,2024,5,Web,11,11001,US- 000003606404,Otro,HOMBRE,1,DE 0 A 5 AÑOS,No Aplica,Subsidiado,No Aplica,No Aplica,20,20001,MUTUAL SER,RÉGIMEN SUBSIDIADO,ESS207,MUTUAL SER,20,20001,1,BARRERAS EN EL ACCESO A TECNOLOGÍAS Y SERVICIOS DE SALUD; Y OTROS ELEMENTOS COMPLEMENTARIOS PARA LA ATENCIÓN DEL USUARIO,101,FALTA DE OPORTUNIDAD EN LA PRESTACIÓN DE TECNOLOGÍAS EN SALUD Y OTROS ELEMENTOS COMPLEMENTARIOS PARA LA ATENCIÓN DEL USUARIO,10104,FALTA DE OPORTUNIDAD EN LA ENTREGA O ENTREGA INCOMPLETA DE TECNOLOGÍAS EN SALUD Y/O PRESTACIÓN DE OTROS SERVICIOS,1010406,SOPORTE NUTRICIONAL,,,MATERNO INFANTIL,ATENCIÓN NIÑOS MENORES DE 5 AÑOS,DESNUTRICIÓN PROTEICOCALORICA LEVE,No aplica,PRIORIZADO
298,2024,5,Web,76,76520,US- 000000321330,A nombre propio,MUJER,50,DE 50 A 62 AÑOS,No Aplica,Contributivo,No Aplica,No Aplica,76,76520,NUEVA EPS,RÉGIMEN CONTRIBUTIVO,EPS037,NUEVA EPS,76,76520,2,INSATISFACCIÓN RELACIONADA CON LA ATENCIÓN EN SALUD,201,INSATISFACCIÓN RELACIONADA CON LA ATENCIÓN EN SALUD POR FALTA DE OPORTUNIDAD,20101,INSATISFACCIÓN POR FALTA DE OPORTUNIDAD EN LA ATENCIÓN POR PARTE DEL PERSONAL DE SALUD,2010107,SERVICIO QUIRÚRGICO,,,PROBLEMAS RELACIONADOS CON FACILIDADES DE ATENCIÓN MÉDICA U OTROS SERVICIOS DE SALUD,PROBLEMAS RELACIONADOS CON FACILIDADES DE ATENCIÓN MÉDICA U OTROS SERVICIOS DE SALUD,CONVALECENCIA CONSECUTIVA A CIRUGÍA,No aplica,SIMPLE
299,2024,6,Web,52,52001,US- 000003125447,A nombre propio,MUJER,57,DE 50 A 62 AÑOS,No Aplica,Contributivo,No Aplica,No Aplica,52,52001,NUEVA EPS,RÉGIMEN CONTRIBUTIVO,EPS037,NUEVA EPS,52,52001,1,BARRERAS EN EL ACCESO A TECNOLOGÍAS Y SERVICIOS DE SALUD; Y OTROS ELEMENTOS COMPLEMENTARIOS PARA LA ATENCIÓN DEL USUARIO,102,NEGACIÓN DE TECNOLOGÍAS EN SALUD Y OTROS ELEMENTOS COMPLEMENTARIOS PARA LA ATENCIÓN DEL USUARIO,10204,NEGACIÓN PARA LA ENTREGA DE TECNOLOGÍAS EN SALUD Y/O DE OTROS SERVICIOS AUTORIZADOS,1020401,MEDICAMENTOS UPC,,,ENFERMEDADES NEUROLÓGICAS,EPILEPSIA,EPILEPSIA,No aplica,PRIORIZADO
300,2024,5,Correo,54,54405,US- 000003606405,A nombre propio,HOMBRE,78,MAYOR DE 63 AÑOS ,No Aplica,Contributivo,No Aplica,No Aplica,54,54405,NUEVA EPS,RÉGIMEN CONTRIBUTIVO,EPS037,NUEVA EPS,54,54405,1,BARRERAS EN EL ACCESO A TECNOLOGÍAS Y SERVICIOS DE SALUD; Y OTROS ELEMENTOS COMPLEMENTARIOS PARA LA ATENCIÓN DEL USUARIO,102,NEGACIÓN DE TECNOLOGÍAS EN SALUD Y OTROS ELEMENTOS COMPLEMENTARIOS PARA LA ATENCIÓN DEL USUARIO,10204,NEGACIÓN PARA LA ENTREGA DE TECNOLOGÍAS EN SALUD Y/O DE OTROS SERVICIOS AUTORIZADOS,1020401,MEDICAMENTOS UPC,,,PROBLEMAS RELACIONADOS CON FACILIDADES DE ATENCIÓN MÉDICA U OTROS SERVICIOS DE SALUD,PROBLEMAS RELACIONADOS CON FACILIDADES DE ATENCIÓN MÉDICA U OTROS SERVICIOS DE SALUD,PROBLEMAS RELACIONADOS CON FACILIDADES DE ATENCIÓN MEDICA U OTROS SERVICIOS DE SALUD,No aplica,SIMPLE
301,2024,6,Personalizado,5,5001,US- 000003606406,Otro,MUJER,59,DE 50 A 62 AÑOS,Primaria,Subsidiado,No Aplica,No Aplica,5,5679,SAVIA SALUD,RÉGIMEN SUBSIDIADO,EPSS40,SAVIA SALUD EPS,5,5679,1,BARRERAS EN EL ACCESO A TECNOLOGÍAS Y SERVICIOS DE SALUD; Y OTROS ELEMENTOS COMPLEMENTARIOS PARA LA ATENCIÓN DEL USUARIO,102,NEGACIÓN DE TECNOLOGÍAS EN SALUD Y OTROS ELEMENTOS COMPLEMENTARIOS PARA LA ATENCIÓN DEL USUARIO,10203,NEGACIÓN EN LA ATENCIÓN EN OTROS SERVICIOS DE SALUD,1020309,PROCEDIMIENTOS QUIRÚRGICOS,1020309003,OTROS PROCEDIMIENTOS QUIRÚRGICOS,REEMPLAZOS ARTICULARES PROSTÉTICOS DE CADERA O DE RODILLA,REEMPLAZOS ARTICULARES PROSTÉTICOS DE CADERA O DE RODILLA,"ARTROSIS, NO ESPECIFICADA",Reemplazos articulares,SIMPLE
302,2024,6,Web,68,68547,US- 000002698434,A nombre propio,HOMBRE,31,DE 30 A 37 AÑOS,No Aplica,Contributivo,No Aplica,No Aplica,68,68547,NUEVA EPS,RÉGIMEN SUBSIDIADO,EPSS41,NUEVA EPS,68,68547,4,INSATISFACCIÓN DEL USUARIO CON EL PROCESO ADMINISTRATIVO,404,INSATISFACCIÓN RELACIONADA CON TRÁMITES ADMINISTRATIVOS,40403,INCONSISTENCIAS EN LA AFILIACIÓN,4040301,RETIRADO,,,PROBLEMAS RELACIONADOS CON FACILIDADES DE ATENCIÓN MÉDICA U OTROS SERVICIOS DE SALUD,PROBLEMAS RELACIONADOS CON FACILIDADES DE ATENCIÓN MÉDICA U OTROS SERVICIOS DE SALUD,OTROS PROBLEMAS RELACIONADOS CON SERVICIOS MÉDICOS Y DE SALUD,No aplica,SIMPLE
303,2024,5,Web,63,63001,US- 000002317738,Otro,HOMBRE,46,DE 38 A 49 AÑOS,No Aplica,Subsidiado,No Aplica,Persona con discapacidad,63,63001,ASMET SALUD EPS,RÉGIMEN SUBSIDIADO,ESS062,ASMET SALUD,63,63001,1,BARRERAS EN EL ACCESO A TECNOLOGÍAS Y SERVICIOS DE SALUD; Y OTROS ELEMENTOS COMPLEMENTARIOS PARA LA ATENCIÓN DEL USUARIO,101,FALTA DE OPORTUNIDAD EN LA PRESTACIÓN DE TECNOLOGÍAS EN SALUD Y OTROS ELEMENTOS COMPLEMENTARIOS PARA LA ATENCIÓN DEL USUARIO,10104,FALTA DE OPORTUNIDAD EN LA ENTREGA O ENTREGA INCOMPLETA DE TECNOLOGÍAS EN SALUD Y/O PRESTACIÓN DE OTROS SERVICIOS,1010401,MEDICAMENTOS UPC,,,ENFERMEDADES NEUROLÓGICAS,EPILEPSIA,EPILEPSIA,No aplica,PRIORIZADO
304,2024,6,Web,17,17042,US- 000003606407,A nombre propio,MUJER,59,DE 50 A 62 AÑOS,No Aplica,Subsidiado,No Aplica,No Aplica,17,17042,SURAMERICANA EPS,RÉGIMEN CONTRIBUTIVO,EPS010,EPS SURA,17,17042,1,BARRERAS EN EL ACCESO A TECNOLOGÍAS Y SERVICIOS DE SALUD; Y OTROS ELEMENTOS COMPLEMENTARIOS PARA LA ATENCIÓN DEL USUARIO,101,FALTA DE OPORTUNIDAD EN LA PRESTACIÓN DE TECNOLOGÍAS EN SALUD Y OTROS ELEMENTOS COMPLEMENTARIOS PARA LA ATENCIÓN DEL USUARIO,10101,FALTA DE OPORTUNIDAD EN LAS CITAS O CONSULTAS,1010103,ESPECIALIDADES MÉDICAS ,1010103063,MEDICINA INTERNA,PROBLEMAS RELACIONADOS CON FACILIDADES DE ATENCIÓN MÉDICA U OTROS SERVICIOS DE SALUD,PROBLEMAS RELACIONADOS CON FACILIDADES DE ATENCIÓN MÉDICA U OTROS SERVICIOS DE SALUD,"TUMEFACCIÓN, MASA O PROMINENCIA LOCALIZADA EN PARTE NO ESPECIFICADA",No aplica,SIMPLE
305,2024,6,Web,47,47001,US- 000000451677,A nombre propio,MUJER,36,DE 30 A 37 AÑOS,No Aplica,Contributivo,No Aplica,Persona con discapacidad,47,47001,MUTUAL SER,RÉGIMEN CONTRIBUTIVO,EPS048,MUTUAL SER,47,47001,1,BARRERAS EN EL ACCESO A TECNOLOGÍAS Y SERVICIOS DE SALUD; Y OTROS ELEMENTOS COMPLEMENTARIOS PARA LA ATENCIÓN DEL USUARIO,101,FALTA DE OPORTUNIDAD EN LA PRESTACIÓN DE TECNOLOGÍAS EN SALUD Y OTROS ELEMENTOS COMPLEMENTARIOS PARA LA ATENCIÓN DEL USUARIO,10103,FALTA DE OPORTUNIDAD EN LA ATENCIÓN EN OTROS SERVICIOS DE SALUD,1010305,ATENCIÓN DOMICILIARIA,,,SALUD MENTAL,OTROS TRASTORNOS MENTALES,PARÁLISIS CEREBRAL ESPÁSTICA,No aplica,SIMPLE
306,2024,6,Web,47,47189,US- 000003606408,A nombre propio,MUJER,81,MAYOR DE 63 AÑOS ,No Aplica,Contributivo,No Aplica,Desplazado,47,47189,NUEVA EPS,RÉGIMEN CONTRIBUTIVO,EPS037,NUEVA EPS,47,47001,3,INSATISFACCIÓN RELACIONADA CON INFRAESTRUCTURA Y LOGÍSTICA,301,INSATISFACCIÓN RELACIONADA CON CONDICIONES INSUFICIENTES O INADECUADAS DEL RECURSO FÍSICO,30101,"INSATISFACCIÓN RELACIONADA CON LA PLANTA FÍSICA, ESPACIOS, MUEBLES Y DOTACIÓN INAPROPIADA",3010110,SERVICIO DE TRANSPORTE ASISTENCIAL,,,PROBLEMAS RELACIONADOS CON FACILIDADES DE ATENCIÓN MÉDICA U OTROS SERVICIOS DE SALUD,PROBLEMAS RELACIONADOS CON FACILIDADES DE ATENCIÓN MÉDICA U OTROS SERVICIOS DE SALUD,OTROS PROBLEMAS RELACIONADOS CON SERVICIOS MÉDICOS Y DE SALUD,No aplica,SIMPLE
307,2024,4,Escrito,11,11001,US- 000003606409,A nombre propio,HOMBRE,2,DE 0 A 5 AÑOS,No Aplica,Subsidiado,No Aplica,No Aplica,11,11001,CAPITAL SALUD,RÉGIMEN SUBSIDIADO,EPSS34,CAPITAL SALUD,11,11001,1,BARRERAS EN EL ACCESO A TECNOLOGÍAS Y SERVICIOS DE SALUD; Y OTROS ELEMENTOS COMPLEMENTARIOS PARA LA ATENCIÓN DEL USUARIO,102,NEGACIÓN DE TECNOLOGÍAS EN SALUD Y OTROS ELEMENTOS COMPLEMENTARIOS PARA LA ATENCIÓN DEL USUARIO,10201,NEGACIÓN EN LA ASIGNACIÓN DE CITAS O CONSULTAS,1020104,ESPECIALIDADES ODONTOLÓGICAS,1020104010,ODONTOPEDIATRÍA,MATERNO INFANTIL,ATENCIÓN NIÑOS MENORES DE 5 AÑOS,EXAMEN ODONTOLÓGICO,No aplica,SIMPLE
308,2024,6,Web,68,68001,US- 000003606410,A nombre propio,MUJER,28,DE 25 A 29 AÑOS,No Aplica,Contributivo,No Aplica,No Aplica,68,68001,SALUD TOTAL,RÉGIMEN CONTRIBUTIVO,EPS002,SALUD TOTAL,68,68001,1,BARRERAS EN EL ACCESO A TECNOLOGÍAS Y SERVICIOS DE SALUD; Y OTROS ELEMENTOS COMPLEMENTARIOS PARA LA ATENCIÓN DEL USUARIO,101,FALTA DE OPORTUNIDAD EN LA PRESTACIÓN DE TECNOLOGÍAS EN SALUD Y OTROS ELEMENTOS COMPLEMENTARIOS PARA LA ATENCIÓN DEL USUARIO,10104,FALTA DE OPORTUNIDAD EN LA ENTREGA O ENTREGA INCOMPLETA DE TECNOLOGÍAS EN SALUD Y/O PRESTACIÓN DE OTROS SERVICIOS,1010403,DISPOSITIVOS MÉDICOS UPC,,,ENFERMEDADES OSTEOARTICULARES,OTROS,OTROS PROBLEMAS RELACIONADOS CON SERVICIOS MÉDICOS Y DE SALUD,No aplica,SIMPLE
309,2024,6,Web,66,66088,US- 000002036541,A nombre propio,MUJER,52,DE 50 A 62 AÑOS,No Aplica,Contributivo,No Aplica,No Aplica,66,66088,NUEVA EPS,RÉGIMEN CONTRIBUTIVO,EPS037,NUEVA EPS,66,66088,1,BARRERAS EN EL ACCESO A TECNOLOGÍAS Y SERVICIOS DE SALUD; Y OTROS ELEMENTOS COMPLEMENTARIOS PARA LA ATENCIÓN DEL USUARIO,102,NEGACIÓN DE TECNOLOGÍAS EN SALUD Y OTROS ELEMENTOS COMPLEMENTARIOS PARA LA ATENCIÓN DEL USUARIO,10204,NEGACIÓN PARA LA ENTREGA DE TECNOLOGÍAS EN SALUD Y/O DE OTROS SERVICIOS AUTORIZADOS,1020401,MEDICAMENTOS UPC,,,ENFERMEDADES OSTEOARTICULARES,NEUROLÓGICAS,ENFERMEDAD DE PARKINSON,No aplica,SIMPLE
310,2024,6,Web,76,76001,US- 000000096386,A nombre propio,MUJER,16,DE 13 A 17 AÑOS,No Aplica,Contributivo,No Aplica,No Aplica,76,76001,SURAMERICANA EPS,RÉGIMEN CONTRIBUTIVO,EPS010,EPS SURA,76,76001,1,BARRERAS EN EL ACCESO A TECNOLOGÍAS Y SERVICIOS DE SALUD; Y OTROS ELEMENTOS COMPLEMENTARIOS PARA LA ATENCIÓN DEL USUARIO,103,FALTA DE OPORTUNIDAD EN LA AUTORIZACIÓN DE TECNOLOGÍAS EN SALUD Y OTROS ELEMENTOS COMPLEMENTARIOS PARA LA ATENCIÓN DEL USUARIO,10301,FALTA DE OPORTUNIDAD EN LA AUTORIZACIÓN DE TECNOLOGÍAS EN SALUD Y/O DE OTROS SERVICIOS,1030103,DISPOSITIVOS MÉDICOS UPC,,,ENFERMEDADES OSTEOARTICULARES,OTROS,ESCOLIOSIS IDIOPÁTICA INFANTIL,No aplica,SIMPLE
311,2024,5,Personalizado,19,19001,US- 000000122817,A nombre propio,HOMBRE,48,DE 38 A 49 AÑOS,Secundaria,Contributivo,No Aplica,No Aplica,19,19001,SANITAS,RÉGIMEN CONTRIBUTIVO,EPS005,SANITAS,19,19001,1,BARRERAS EN EL ACCESO A TECNOLOGÍAS Y SERVICIOS DE SALUD; Y OTROS ELEMENTOS COMPLEMENTARIOS PARA LA ATENCIÓN DEL USUARIO,102,NEGACIÓN DE TECNOLOGÍAS EN SALUD Y OTROS ELEMENTOS COMPLEMENTARIOS PARA LA ATENCIÓN DEL USUARIO,10207,NEGACIÓN EN LA AUTORIZACIÓN DE TECNOLOGÍAS EN SALUD Y/O DE OTROS SERVICIOS,1020701,MEDICAMENTOS UPC,,,ENFERMEDADES CRÓNICAS NO TRANSMISIBLES –RENALES,IRC-TRASPLANTE,TRASPLANTE DE RIÑÓN,TRASPLANTE RENAL,PRIORIZADO
312,2024,6,Chat,68,68001,US- 000001584130,A nombre propio,MUJER,76,MAYOR DE 63 AÑOS ,Universitario,Contributivo,No Aplica,No Aplica,68,68001,SALUD TOTAL,RÉGIMEN CONTRIBUTIVO,EPS002,SALUD TOTAL,68,68001,1,BARRERAS EN EL ACCESO A TECNOLOGÍAS Y SERVICIOS DE SALUD; Y OTROS ELEMENTOS COMPLEMENTARIOS PARA LA ATENCIÓN DEL USUARIO,102,NEGACIÓN DE TECNOLOGÍAS EN SALUD Y OTROS ELEMENTOS COMPLEMENTARIOS PARA LA ATENCIÓN DEL USUARIO,10204,NEGACIÓN PARA LA ENTREGA DE TECNOLOGÍAS EN SALUD Y/O DE OTROS SERVICIOS AUTORIZADOS,1020401,MEDICAMENTOS UPC,,,PROBLEMAS RELACIONADOS CON FACILIDADES DE ATENCIÓN MÉDICA U OTROS SERVICIOS DE SALUD,PROBLEMAS RELACIONADOS CON FACILIDADES DE ATENCIÓN MÉDICA U OTROS SERVICIOS DE SALUD,GLAUCOMA,No aplica,SIMPLE
313,2024,6,Web,25,25754,US- 000003606411,A nombre propio,MUJER,2,DE 0 A 5 AÑOS,No Aplica,Subsidiado,No Aplica,No Aplica,25,25754,SANITAS,RÉGIMEN CONTRIBUTIVO,EPS005,SANITAS,25,25754,1,BARRERAS EN EL ACCESO A TECNOLOGÍAS Y SERVICIOS DE SALUD; Y OTROS ELEMENTOS COMPLEMENTARIOS PARA LA ATENCIÓN DEL USUARIO,101,FALTA DE OPORTUNIDAD EN LA PRESTACIÓN DE TECNOLOGÍAS EN SALUD Y OTROS ELEMENTOS COMPLEMENTARIOS PARA LA ATENCIÓN DEL USUARIO,10101,FALTA DE OPORTUNIDAD EN LAS CITAS O CONSULTAS,1010109,FONOAUDIOLOGÍA,,,MATERNO INFANTIL,OTROS,TRASTORNO DE LA RECEPCIÓN DEL LENGUAJE,No aplica,SIMPLE
314,2024,6,Web,11,11001,US- 000003606412,A nombre propio,HOMBRE,72,MAYOR DE 63 AÑOS ,No Aplica,Subsidiado,No Aplica,No Aplica,11,11001,CAPITAL SALUD,RÉGIMEN SUBSIDIADO,EPSS34,CAPITAL SALUD,11,11001,1,BARRERAS EN EL ACCESO A TECNOLOGÍAS Y SERVICIOS DE SALUD; Y OTROS ELEMENTOS COMPLEMENTARIOS PARA LA ATENCIÓN DEL USUARIO,102,NEGACIÓN DE TECNOLOGÍAS EN SALUD Y OTROS ELEMENTOS COMPLEMENTARIOS PARA LA ATENCIÓN DEL USUARIO,10204,NEGACIÓN PARA LA ENTREGA DE TECNOLOGÍAS EN SALUD Y/O DE OTROS SERVICIOS AUTORIZADOS,1020406,SOPORTE NUTRICIONAL,,,ENFERMEDADES CRÓNICAS NO TRANSMISIBLES RESPIRATORIAS,"EPOC (ENFERMEDAD PULMONAR OBSTRUCTIVA CRÓNICA, BRONQUITIS CRÓNICA O ENFISEMA)","ENFERMEDAD PULMONAR OBSTRUCTIVA CRÓNICA, NO ESPECIFICADA",No aplica,SIMPLE
315,2024,6,Web,70,70001,US- 000003606413,A nombre propio,HOMBRE,40,DE 38 A 49 AÑOS,No Aplica,Subsidiado,No Aplica,No Aplica,70,70001,NUEVA EPS,RÉGIMEN SUBSIDIADO,EPSS41,NUEVA EPS,70,70001,1,BARRERAS EN EL ACCESO A TECNOLOGÍAS Y SERVICIOS DE SALUD; Y OTROS ELEMENTOS COMPLEMENTARIOS PARA LA ATENCIÓN DEL USUARIO,102,NEGACIÓN DE TECNOLOGÍAS EN SALUD Y OTROS ELEMENTOS COMPLEMENTARIOS PARA LA ATENCIÓN DEL USUARIO,10201,NEGACIÓN EN LA ASIGNACIÓN DE CITAS O CONSULTAS,1020103,ESPECIALIDADES MÉDICAS ,1020103080,OTORRINOLARINGOLOGÍA,PROBLEMAS RELACIONADOS CON FACILIDADES DE ATENCIÓN MÉDICA U OTROS SERVICIOS DE SALUD,PROBLEMAS RELACIONADOS CON FACILIDADES DE ATENCIÓN MÉDICA U OTROS SERVICIOS DE SALUD,ESTORNUDO,No aplica,SIMPLE
316,2024,5,Personalizado,50,50001,US- 000003606414,Hijo (A),HOMBRE,57,DE 50 A 62 AÑOS,Universitario Incompleto,Contributivo,No Aplica,No Aplica,50,50001,SANITAS,RÉGIMEN CONTRIBUTIVO,EPS005,SANITAS,50,50001,4,INSATISFACCIÓN DEL USUARIO CON EL PROCESO ADMINISTRATIVO,404,INSATISFACCIÓN RELACIONADA CON TRÁMITES ADMINISTRATIVOS,40403,INCONSISTENCIAS EN LA AFILIACIÓN,4040309,OTRAS INCONSISTENCIAS,,,PROBLEMAS RELACIONADOS CON FACILIDADES DE ATENCIÓN MÉDICA U OTROS SERVICIOS DE SALUD,PROBLEMAS RELACIONADOS CON FACILIDADES DE ATENCIÓN MÉDICA U OTROS SERVICIOS DE SALUD,ADHERENCIAS PERITONEALES,No aplica,PRIORIZADO
317,2024,6,Web,25,25290,US- 000002703460,A nombre propio,MUJER,2,DE 0 A 5 AÑOS,No Aplica,Subsidiado,No Aplica,No Aplica,25,25290,NUEVA EPS,RÉGIMEN SUBSIDIADO,EPSS41,NUEVA EPS,25,25290,1,BARRERAS EN EL ACCESO A TECNOLOGÍAS Y SERVICIOS DE SALUD; Y OTROS ELEMENTOS COMPLEMENTARIOS PARA LA ATENCIÓN DEL USUARIO,102,NEGACIÓN DE TECNOLOGÍAS EN SALUD Y OTROS ELEMENTOS COMPLEMENTARIOS PARA LA ATENCIÓN DEL USUARIO,10202,NEGACIÓN DE SERVICIOS DE COMPLEMENTACIÓN TERAPÉUTICA,1020203,TERAPIA OCUPACIONAL,,,ENFERMEDADES OSTEOARTICULARES,NEUROLÓGICAS,TRASTORNO DEL LENGUAJE EXPRESIVO,No aplica,SIMPLE
318,2024,6,Telefónico,76,76130,US- 000000886318,A nombre propio,HOMBRE,36,DE 30 A 37 AÑOS,Secundaria Incompleta,No aplica,No Aplica,Víctima del conflicto armado,76,76130,SURAMERICANA,ADMINISTRADORAS DE RIESGOS LABORALES,ARL011,ARL - SURAMERICANA,76,76130,1,BARRERAS EN EL ACCESO A TECNOLOGÍAS Y SERVICIOS DE SALUD; Y OTROS ELEMENTOS COMPLEMENTARIOS PARA LA ATENCIÓN DEL USUARIO,103,FALTA DE OPORTUNIDAD EN LA AUTORIZACIÓN DE TECNOLOGÍAS EN SALUD Y OTROS ELEMENTOS COMPLEMENTARIOS PARA LA ATENCIÓN DEL USUARIO,10303,FALTA DE OPORTUNIDAD EN LA AUTORIZACIÓN PARA SERVICIOS DE COMPLEMENTACIÓN TERAPÉUTICA,1030309,OTRAS TERAPIAS,,,ENFERMEDADES OSTEOARTICULARES,OTROS,OTROS TRASTORNOS INTERNOS DE LA RODILLA,No aplica,SIMPLE
319,2024,6,Web,41,41001,US- 000000898801,A nombre propio,HOMBRE,31,DE 30 A 37 AÑOS,No Aplica,Contributivo,No Aplica,Persona con discapacidad,41,41001,NUEVA EPS,RÉGIMEN CONTRIBUTIVO,EPS037,NUEVA EPS,41,41001,4,INSATISFACCIÓN DEL USUARIO CON EL PROCESO ADMINISTRATIVO,404,INSATISFACCIÓN RELACIONADA CON TRÁMITES ADMINISTRATIVOS,40403,INCONSISTENCIAS EN LA AFILIACIÓN,4040309,OTRAS INCONSISTENCIAS,,,VIH SIDA Y OTRAS ET SEXUAL,VIH SIDA,"ENFERMEDAD POR VIRUS DE LA INMUNODEFICIENCIA HUMANA (VIH), SIN OTRA ESPECIFICACIÓN",Diagnóstico y manejo del paciente infectado por VIH,SIMPLE
320,2024,6,Web,25,25899,US- 000001852936,Madre,MUJER,8,DE 6 A 12 AÑOS,No Aplica,Subsidiado,No Aplica,Persona con discapacidad,25,25899,SANITAS,RÉGIMEN CONTRIBUTIVO,EPS005,SANITAS,25,25899,1,BARRERAS EN EL ACCESO A TECNOLOGÍAS Y SERVICIOS DE SALUD; Y OTROS ELEMENTOS COMPLEMENTARIOS PARA LA ATENCIÓN DEL USUARIO,101,FALTA DE OPORTUNIDAD EN LA PRESTACIÓN DE TECNOLOGÍAS EN SALUD Y OTROS ELEMENTOS COMPLEMENTARIOS PARA LA ATENCIÓN DEL USUARIO,10101,FALTA DE OPORTUNIDAD EN LAS CITAS O CONSULTAS,1010105,PSICOLOGÍA,,,PROBLEMAS RELACIONADOS CON FACILIDADES DE ATENCIÓN MÉDICA U OTROS SERVICIOS DE SALUD,PROBLEMAS RELACIONADOS CON FACILIDADES DE ATENCIÓN MÉDICA U OTROS SERVICIOS DE SALUD,PROBLEMAS RELACIONADOS CON FACILIDADES DE ATENCIÓN MEDICA U OTROS SERVICIOS DE SALUD,No aplica,SIMPLE
321,2024,6,Web,5,5001,US- 000002176041,A nombre propio,MUJER,55,DE 50 A 62 AÑOS,No Aplica,Subsidiado,No Aplica,No Aplica,5,5001,SALUD TOTAL,RÉGIMEN CONTRIBUTIVO,EPS002,SALUD TOTAL,5,5001,1,BARRERAS EN EL ACCESO A TECNOLOGÍAS Y SERVICIOS DE SALUD; Y OTROS ELEMENTOS COMPLEMENTARIOS PARA LA ATENCIÓN DEL USUARIO,101,FALTA DE OPORTUNIDAD EN LA PRESTACIÓN DE TECNOLOGÍAS EN SALUD Y OTROS ELEMENTOS COMPLEMENTARIOS PARA LA ATENCIÓN DEL USUARIO,10101,FALTA DE OPORTUNIDAD EN LAS CITAS O CONSULTAS,1010103,ESPECIALIDADES MÉDICAS ,1010103042,GASTROENTEROLOGÍA,PROBLEMAS RELACIONADOS CON FACILIDADES DE ATENCIÓN MÉDICA U OTROS SERVICIOS DE SALUD,PROBLEMAS RELACIONADOS CON FACILIDADES DE ATENCIÓN MÉDICA U OTROS SERVICIOS DE SALUD,OTROS PROBLEMAS RELACIONADOS CON SERVICIOS MÉDICOS Y DE SALUD,No aplica,SIMPLE
322,2024,6,Telefónico,15,15001,US- 000000468885,A nombre propio,MUJER,28,DE 25 A 29 AÑOS,Universitario Incompleto,Régimen Especial,No Aplica,No Aplica,15,15001,POLICIA NACIONAL,REGÍMENES DE EXCEPCIÓN Y ESPECIALES,REPN01,POLICIA NACIONAL,15,15001,1,BARRERAS EN EL ACCESO A TECNOLOGÍAS Y SERVICIOS DE SALUD; Y OTROS ELEMENTOS COMPLEMENTARIOS PARA LA ATENCIÓN DEL USUARIO,101,FALTA DE OPORTUNIDAD EN LA PRESTACIÓN DE TECNOLOGÍAS EN SALUD Y OTROS ELEMENTOS COMPLEMENTARIOS PARA LA ATENCIÓN DEL USUARIO,10103,FALTA DE OPORTUNIDAD EN LA ATENCIÓN EN OTROS SERVICIOS DE SALUD,1010308,PROCEDIMIENTOS NO QUIRÚRGICOS,1010308002,LABORATORIO CLÍNICO Y ANATOMOPATOLÓGICO,ENFERMEDADES CRÓNICAS NO TRANSMISIBLES- FACTORES DE RIESGO,OBESIDAD,OBESIDAD,No aplica,SIMPLE
323,2024,6,Personalizado,76,76001,US- 000003606415,Hijo (A),MUJER,88,MAYOR DE 63 AÑOS ,Secundaria Incompleta,Subsidiado,No Aplica,Desplazado,76,76001,COOSALUD,RÉGIMEN SUBSIDIADO,ESS024,COOSALUD,76,76001,1,BARRERAS EN EL ACCESO A TECNOLOGÍAS Y SERVICIOS DE SALUD; Y OTROS ELEMENTOS COMPLEMENTARIOS PARA LA ATENCIÓN DEL USUARIO,102,NEGACIÓN DE TECNOLOGÍAS EN SALUD Y OTROS ELEMENTOS COMPLEMENTARIOS PARA LA ATENCIÓN DEL USUARIO,10201,NEGACIÓN EN LA ASIGNACIÓN DE CITAS O CONSULTAS,1020103,ESPECIALIDADES MÉDICAS ,1020103042,GASTROENTEROLOGÍA,CÁNCER ,OTROS,TUMOR MALIGNO DEL COLON,No aplica,PRIORIZADO
324,2024,6,Web,66,66456,US- 000003606416,A nombre propio,HOMBRE,37,DE 30 A 37 AÑOS,No Aplica,Subsidiado,No Aplica,Víctima del conflicto armado,66,66456,ASMET SALUD EPS,RÉGIMEN SUBSIDIADO,ESS062,ASMET SALUD,66,66456,1,BARRERAS EN EL ACCESO A TECNOLOGÍAS Y SERVICIOS DE SALUD; Y OTROS ELEMENTOS COMPLEMENTARIOS PARA LA ATENCIÓN DEL USUARIO,102,NEGACIÓN DE TECNOLOGÍAS EN SALUD Y OTROS ELEMENTOS COMPLEMENTARIOS PARA LA ATENCIÓN DEL USUARIO,10204,NEGACIÓN PARA LA ENTREGA DE TECNOLOGÍAS EN SALUD Y/O DE OTROS SERVICIOS AUTORIZADOS,1020401,MEDICAMENTOS UPC,,,PROBLEMAS RELACIONADOS CON FACILIDADES DE ATENCIÓN MÉDICA U OTROS SERVICIOS DE SALUD,PROBLEMAS RELACIONADOS CON FACILIDADES DE ATENCIÓN MÉDICA U OTROS SERVICIOS DE SALUD,"GASTRITIS CRÓNICA, NO ESPECIFICADA",No aplica,SIMPLE
325,2024,6,Web,11,11001,US- 000003606417,A nombre propio,MUJER,64,MAYOR DE 63 AÑOS ,No Aplica,Subsidiado,No Aplica,No Aplica,11,11001,CAPITAL SALUD,RÉGIMEN SUBSIDIADO,EPSS34,CAPITAL SALUD,11,11001,1,BARRERAS EN EL ACCESO A TECNOLOGÍAS Y SERVICIOS DE SALUD; Y OTROS ELEMENTOS COMPLEMENTARIOS PARA LA ATENCIÓN DEL USUARIO,102,NEGACIÓN DE TECNOLOGÍAS EN SALUD Y OTROS ELEMENTOS COMPLEMENTARIOS PARA LA ATENCIÓN DEL USUARIO,10201,NEGACIÓN EN LA ASIGNACIÓN DE CITAS O CONSULTAS,1020103,ESPECIALIDADES MÉDICAS ,1020103088,REUMATOLOGÍA,ENFERMEDADES HUÉRFANAS,ESCLEROSIS SISTÉMICA CUTÁNEA DIFUSA,ESCLEROSIS SISTÉMICA,No aplica,PRIORIZADO
326,2024,6,Telefónico,76,76001,US- 000003606418,Nieto (A),MUJER,71,MAYOR DE 63 AÑOS ,Secundaria,Contributivo,No Aplica,No Aplica,76,76001,SOS -SERVICIO OCCIDENTAL DE SALUD,RÉGIMEN CONTRIBUTIVO,EPS018,SERVICIO OCCIDENTAL DE SALUD (SOS),76,76001,1,BARRERAS EN EL ACCESO A TECNOLOGÍAS Y SERVICIOS DE SALUD; Y OTROS ELEMENTOS COMPLEMENTARIOS PARA LA ATENCIÓN DEL USUARIO,102,NEGACIÓN DE TECNOLOGÍAS EN SALUD Y OTROS ELEMENTOS COMPLEMENTARIOS PARA LA ATENCIÓN DEL USUARIO,10201,NEGACIÓN EN LA ASIGNACIÓN DE CITAS O CONSULTAS,1020101,MEDICINA GENERAL,,,PROBLEMAS RELACIONADOS CON FACILIDADES DE ATENCIÓN MÉDICA U OTROS SERVICIOS DE SALUD,PROBLEMAS RELACIONADOS CON FACILIDADES DE ATENCIÓN MÉDICA U OTROS SERVICIOS DE SALUD,OTROS PROBLEMAS RELACIONADOS CON SERVICIOS MÉDICOS Y DE SALUD,No aplica,SIMPLE
327,2024,6,Personalizado,19,19001,US- 000001364830,Madre,MUJER,26,DE 25 A 29 AÑOS,Ninguno,Contributivo,No Aplica,Persona con discapacidad,19,19001,SANITAS,RÉGIMEN CONTRIBUTIVO,EPS005,SANITAS,19,19001,1,BARRERAS EN EL ACCESO A TECNOLOGÍAS Y SERVICIOS DE SALUD; Y OTROS ELEMENTOS COMPLEMENTARIOS PARA LA ATENCIÓN DEL USUARIO,102,NEGACIÓN DE TECNOLOGÍAS EN SALUD Y OTROS ELEMENTOS COMPLEMENTARIOS PARA LA ATENCIÓN DEL USUARIO,10204,NEGACIÓN PARA LA ENTREGA DE TECNOLOGÍAS EN SALUD Y/O DE OTROS SERVICIOS AUTORIZADOS,1020406,SOPORTE NUTRICIONAL,,,ENFERMEDADES HUÉRFANAS,SÍNDROME DE RETT,OTROS TRASTORNOS MENTALES ESPECIFICADOS DEBIDOS A LESIÓN Y DISFUNCIÓN CEREBRAL Y A ENFERMEDAD FISICA,No aplica,PRIORIZADO
328,2024,6,Web,17,17001,US- 000003606419,A nombre propio,MUJER,41,DE 38 A 49 AÑOS,Ninguno,Contributivo,No Aplica,No Aplica,17,17001,SANITAS,RÉGIMEN CONTRIBUTIVO,EPS005,SANITAS,17,17001,1,BARRERAS EN EL ACCESO A TECNOLOGÍAS Y SERVICIOS DE SALUD; Y OTROS ELEMENTOS COMPLEMENTARIOS PARA LA ATENCIÓN DEL USUARIO,101,FALTA DE OPORTUNIDAD EN LA PRESTACIÓN DE TECNOLOGÍAS EN SALUD Y OTROS ELEMENTOS COMPLEMENTARIOS PARA LA ATENCIÓN DEL USUARIO,10103,FALTA DE OPORTUNIDAD EN LA ATENCIÓN EN OTROS SERVICIOS DE SALUD,1010308,PROCEDIMIENTOS NO QUIRÚRGICOS,1010308001,IMAGENOLOGÍA,PROBLEMAS RELACIONADOS CON FACILIDADES DE ATENCIÓN MÉDICA U OTROS SERVICIOS DE SALUD,PROBLEMAS RELACIONADOS CON FACILIDADES DE ATENCIÓN MÉDICA U OTROS SERVICIOS DE SALUD,OTROS PROBLEMAS RELACIONADOS CON SERVICIOS MÉDICOS Y DE SALUD,No aplica,SIMPLE
329,2024,6,Web,11,11001,US- 000001421301,A nombre propio,HOMBRE,58,DE 50 A 62 AÑOS,No Aplica,Contributivo,No Aplica,No Aplica,11,11001,SALUD TOTAL,RÉGIMEN CONTRIBUTIVO,EPS002,SALUD TOTAL,11,11001,1,BARRERAS EN EL ACCESO A TECNOLOGÍAS Y SERVICIOS DE SALUD; Y OTROS ELEMENTOS COMPLEMENTARIOS PARA LA ATENCIÓN DEL USUARIO,101,FALTA DE OPORTUNIDAD EN LA PRESTACIÓN DE TECNOLOGÍAS EN SALUD Y OTROS ELEMENTOS COMPLEMENTARIOS PARA LA ATENCIÓN DEL USUARIO,10104,FALTA DE OPORTUNIDAD EN LA ENTREGA O ENTREGA INCOMPLETA DE TECNOLOGÍAS EN SALUD Y/O PRESTACIÓN DE OTROS SERVICIOS,1010401,MEDICAMENTOS UPC,,,PROBLEMAS RELACIONADOS CON FACILIDADES DE ATENCIÓN MÉDICA U OTROS SERVICIOS DE SALUD,PROBLEMAS RELACIONADOS CON FACILIDADES DE ATENCIÓN MÉDICA U OTROS SERVICIOS DE SALUD,HIPERLIPIDEMIA MIXTA,No aplica,SIMPLE
330,2024,6,Personalizado,11,11001,US- 000003606420,A nombre propio,HOMBRE,57,DE 50 A 62 AÑOS,Primaria,Contributivo,No Aplica,Persona con discapacidad,11,11001,CAPITAL SALUD,RÉGIMEN SUBSIDIADO,EPSS34,CAPITAL SALUD,11,11001,1,BARRERAS EN EL ACCESO A TECNOLOGÍAS Y SERVICIOS DE SALUD; Y OTROS ELEMENTOS COMPLEMENTARIOS PARA LA ATENCIÓN DEL USUARIO,102,NEGACIÓN DE TECNOLOGÍAS EN SALUD Y OTROS ELEMENTOS COMPLEMENTARIOS PARA LA ATENCIÓN DEL USUARIO,10201,NEGACIÓN EN LA ASIGNACIÓN DE CITAS O CONSULTAS,1020103,ESPECIALIDADES MÉDICAS ,1020103094,UROLOGÍA,PROBLEMAS RELACIONADOS CON FACILIDADES DE ATENCIÓN MÉDICA U OTROS SERVICIOS DE SALUD,PROBLEMAS RELACIONADOS CON FACILIDADES DE ATENCIÓN MÉDICA U OTROS SERVICIOS DE SALUD,"DISFUNCIÓN NEUROMUSCULAR DE LA VEJIGA, NO ESPECIFICADA",No aplica,SIMPLE
331,2024,6,Personalizado,11,11001,US- 000003606421,A nombre propio,HOMBRE,61,DE 50 A 62 AÑOS,Primaria,Contributivo,No Aplica,Persona con discapacidad,11,11001,NUEVA EPS,RÉGIMEN CONTRIBUTIVO,EPS037,NUEVA EPS,11,11001,1,BARRERAS EN EL ACCESO A TECNOLOGÍAS Y SERVICIOS DE SALUD; Y OTROS ELEMENTOS COMPLEMENTARIOS PARA LA ATENCIÓN DEL USUARIO,102,NEGACIÓN DE TECNOLOGÍAS EN SALUD Y OTROS ELEMENTOS COMPLEMENTARIOS PARA LA ATENCIÓN DEL USUARIO,10201,NEGACIÓN EN LA ASIGNACIÓN DE CITAS O CONSULTAS,1020103,ESPECIALIDADES MÉDICAS ,1020103080,OTORRINOLARINGOLOGÍA,PROBLEMAS RELACIONADOS CON FACILIDADES DE ATENCIÓN MÉDICA U OTROS SERVICIOS DE SALUD,PROBLEMAS RELACIONADOS CON FACILIDADES DE ATENCIÓN MÉDICA U OTROS SERVICIOS DE SALUD,HIPOACUSIA CONDUCTIVA BILATERAL,Implante coclear,PRIORIZADO
332,2024,5,Web,76,76020,US- 000003606422,A nombre propio,MUJER,71,MAYOR DE 63 AÑOS ,No Aplica,Subsidiado,No Aplica,No Aplica,76,76020,NUEVA EPS,RÉGIMEN SUBSIDIADO,EPSS41,NUEVA EPS,76,76020,1,BARRERAS EN EL ACCESO A TECNOLOGÍAS Y SERVICIOS DE SALUD; Y OTROS ELEMENTOS COMPLEMENTARIOS PARA LA ATENCIÓN DEL USUARIO,101,FALTA DE OPORTUNIDAD EN LA PRESTACIÓN DE TECNOLOGÍAS EN SALUD Y OTROS ELEMENTOS COMPLEMENTARIOS PARA LA ATENCIÓN DEL USUARIO,10101,FALTA DE OPORTUNIDAD EN LAS CITAS O CONSULTAS,1010103,ESPECIALIDADES MÉDICAS ,1010103042,GASTROENTEROLOGÍA,PROBLEMAS RELACIONADOS CON FACILIDADES DE ATENCIÓN MÉDICA U OTROS SERVICIOS DE SALUD,PROBLEMAS RELACIONADOS CON FACILIDADES DE ATENCIÓN MÉDICA U OTROS SERVICIOS DE SALUD,CONSTIPACIÓN,No aplica,SIMPLE
333,2024,6,Telefónico,76,76001,US- 000003606423,Madre,HOMBRE,45,DE 38 A 49 AÑOS,Ninguno,Contributivo,No Aplica,Persona con discapacidad,76,76001,NUEVA EPS,RÉGIMEN CONTRIBUTIVO,EPS037,NUEVA EPS,76,76001,1,BARRERAS EN EL ACCESO A TECNOLOGÍAS Y SERVICIOS DE SALUD; Y OTROS ELEMENTOS COMPLEMENTARIOS PARA LA ATENCIÓN DEL USUARIO,102,NEGACIÓN DE TECNOLOGÍAS EN SALUD Y OTROS ELEMENTOS COMPLEMENTARIOS PARA LA ATENCIÓN DEL USUARIO,10204,NEGACIÓN PARA LA ENTREGA DE TECNOLOGÍAS EN SALUD Y/O DE OTROS SERVICIOS AUTORIZADOS,1020401,MEDICAMENTOS UPC,,,ENFERMEDADES NEUROLÓGICAS,EPILEPSIA,EPILEPSIA Y SÍNDROMES EPILÉPTICOS SINTOMÁTICOS RELACIONADOS CON LOCALIZACIONES (FOCALES) (PARCIALES) Y CON ATAQUES PARCIALES SIMPLES,No aplica,PRIORIZADO
334,2024,6,Redes Sociales,11,11001,US- 000003606424,A nombre propio,HOMBRE,67,MAYOR DE 63 AÑOS ,No Aplica,Contributivo,No Aplica,No Aplica,11,11001,SURAMERICANA EPS,RÉGIMEN CONTRIBUTIVO,EPS010,EPS SURA,11,11001,1,BARRERAS EN EL ACCESO A TECNOLOGÍAS Y SERVICIOS DE SALUD; Y OTROS ELEMENTOS COMPLEMENTARIOS PARA LA ATENCIÓN DEL USUARIO,101,FALTA DE OPORTUNIDAD EN LA PRESTACIÓN DE TECNOLOGÍAS EN SALUD Y OTROS ELEMENTOS COMPLEMENTARIOS PARA LA ATENCIÓN DEL USUARIO,10104,FALTA DE OPORTUNIDAD EN LA ENTREGA O ENTREGA INCOMPLETA DE TECNOLOGÍAS EN SALUD Y/O PRESTACIÓN DE OTROS SERVICIOS,1010401,MEDICAMENTOS UPC,,,ENFERMEDADES OSTEOARTICULARES,NEUROLÓGICAS,ENFERMEDAD DE PARKINSON,No aplica,PRIORIZADO
335,2024,6,Escrito,50,50001,US- 000003606425,A nombre propio,MUJER,29,DE 25 A 29 AÑOS,No Aplica,Contributivo,No Aplica,No Aplica,50,50001,SANITAS,RÉGIMEN CONTRIBUTIVO,EPS005,SANITAS,50,50001,1,BARRERAS EN EL ACCESO A TECNOLOGÍAS Y SERVICIOS DE SALUD; Y OTROS ELEMENTOS COMPLEMENTARIOS PARA LA ATENCIÓN DEL USUARIO,102,NEGACIÓN DE TECNOLOGÍAS EN SALUD Y OTROS ELEMENTOS COMPLEMENTARIOS PARA LA ATENCIÓN DEL USUARIO,10201,NEGACIÓN EN LA ASIGNACIÓN DE CITAS O CONSULTAS,1020103,ESPECIALIDADES MÉDICAS ,1020103039,ENDOCRINOLOGÍA,PROBLEMAS RELACIONADOS CON FACILIDADES DE ATENCIÓN MÉDICA U OTROS SERVICIOS DE SALUD,PROBLEMAS RELACIONADOS CON FACILIDADES DE ATENCIÓN MÉDICA U OTROS SERVICIOS DE SALUD,DISFONÍA,No aplica,SIMPLE
336,2024,6,Web,44,44279,US- 000003606426,A nombre propio,HOMBRE,66,MAYOR DE 63 AÑOS ,Primaria,Contributivo,No Aplica,No Aplica,44,44279,NUEVA EPS,RÉGIMEN CONTRIBUTIVO,EPS037,NUEVA EPS,44,44279,1,BARRERAS EN EL ACCESO A TECNOLOGÍAS Y SERVICIOS DE SALUD; Y OTROS ELEMENTOS COMPLEMENTARIOS PARA LA ATENCIÓN DEL USUARIO,101,FALTA DE OPORTUNIDAD EN LA PRESTACIÓN DE TECNOLOGÍAS EN SALUD Y OTROS ELEMENTOS COMPLEMENTARIOS PARA LA ATENCIÓN DEL USUARIO,10104,FALTA DE OPORTUNIDAD EN LA ENTREGA O ENTREGA INCOMPLETA DE TECNOLOGÍAS EN SALUD Y/O PRESTACIÓN DE OTROS SERVICIOS,1010401,MEDICAMENTOS UPC,,,CÁNCER ,OTROS,MICOSIS FUNGOIDE,No aplica,PRIORIZADO
337,2024,6,Web,19,19698,US- 000003606427,A nombre propio,MUJER,50,DE 50 A 62 AÑOS,No Aplica,Contributivo,No Aplica,Víctima del conflicto armado,19,19698,NUEVA EPS,RÉGIMEN CONTRIBUTIVO,EPS037,NUEVA EPS,19,19698,4,INSATISFACCIÓN DEL USUARIO CON EL PROCESO ADMINISTRATIVO,404,INSATISFACCIÓN RELACIONADA CON TRÁMITES ADMINISTRATIVOS,40405,INCONSISTENCIA CON TRASLADOS DEL MUNICIPIO DE LA AFILIACIÓN Y SOLICITUDES DE MOVILIDAD O PORTABILIDAD,4040505,DEMORA EN LA MOVILIDAD ENTRE REGÍMENES,,,PROBLEMAS RELACIONADOS CON FACILIDADES DE ATENCIÓN MÉDICA U OTROS SERVICIOS DE SALUD,PROBLEMAS RELACIONADOS CON FACILIDADES DE ATENCIÓN MÉDICA U OTROS SERVICIOS DE SALUD,OTROS PROBLEMAS RELACIONADOS CON SERVICIOS MÉDICOS Y DE SALUD,No aplica,SIMPLE
338,2024,6,Telefónico,19,19845,US- 000002109560,Hijo (A),MUJER,46,DE 38 A 49 AÑOS,No Aplica,Subsidiado,No Aplica,No Aplica,19,19845,ASMET SALUD EPS,RÉGIMEN SUBSIDIADO,ESS062,ASMET SALUD,19,19845,1,BARRERAS EN EL ACCESO A TECNOLOGÍAS Y SERVICIOS DE SALUD; Y OTROS ELEMENTOS COMPLEMENTARIOS PARA LA ATENCIÓN DEL USUARIO,101,FALTA DE OPORTUNIDAD EN LA PRESTACIÓN DE TECNOLOGÍAS EN SALUD Y OTROS ELEMENTOS COMPLEMENTARIOS PARA LA ATENCIÓN DEL USUARIO,10101,FALTA DE OPORTUNIDAD EN LAS CITAS O CONSULTAS,1010103,ESPECIALIDADES MÉDICAS ,1010103047,GINECOLOGÍA Y OBSTETRICIA,PROBLEMAS RELACIONADOS CON FACILIDADES DE ATENCIÓN MÉDICA U OTROS SERVICIOS DE SALUD,PROBLEMAS RELACIONADOS CON FACILIDADES DE ATENCIÓN MÉDICA U OTROS SERVICIOS DE SALUD,PROBLEMAS RELACIONADOS CON FACILIDADES DE ATENCIÓN MEDICA U OTROS SERVICIOS DE SALUD,No aplica,SIMPLE
339,2024,5,Telefónico,44,44001,US- 000002852318,Hijo (A),MUJER,73,MAYOR DE 63 AÑOS ,Primaria,Contributivo,No Aplica,No Aplica,44,44001,NUEVA EPS,RÉGIMEN CONTRIBUTIVO,EPS037,NUEVA EPS,44,44001,1,BARRERAS EN EL ACCESO A TECNOLOGÍAS Y SERVICIOS DE SALUD; Y OTROS ELEMENTOS COMPLEMENTARIOS PARA LA ATENCIÓN DEL USUARIO,101,FALTA DE OPORTUNIDAD EN LA PRESTACIÓN DE TECNOLOGÍAS EN SALUD Y OTROS ELEMENTOS COMPLEMENTARIOS PARA LA ATENCIÓN DEL USUARIO,10101,FALTA DE OPORTUNIDAD EN LAS CITAS O CONSULTAS,1010103,ESPECIALIDADES MÉDICAS ,1010103063,MEDICINA INTERNA,ENFERMEDADES CRÓNICAS NO TRASMISIBLES CARDIOVASCULARES,HTA (HIPERTENSIÓN ARTERIAL),HIPERTENSIÓN ESENCIAL (PRIMARIA),No aplica,PRIORIZADO
340,2024,6,Web,41,41615,US- 000003606428,A nombre propio,MUJER,70,MAYOR DE 63 AÑOS ,No Aplica,Contributivo,No Aplica,No Aplica,41,41615,NUEVA EPS,RÉGIMEN CONTRIBUTIVO,EPS037,NUEVA EPS,41,41615,1,BARRERAS EN EL ACCESO A TECNOLOGÍAS Y SERVICIOS DE SALUD; Y OTROS ELEMENTOS COMPLEMENTARIOS PARA LA ATENCIÓN DEL USUARIO,102,NEGACIÓN DE TECNOLOGÍAS EN SALUD Y OTROS ELEMENTOS COMPLEMENTARIOS PARA LA ATENCIÓN DEL USUARIO,10201,NEGACIÓN EN LA ASIGNACIÓN DE CITAS O CONSULTAS,1020103,ESPECIALIDADES MÉDICAS ,1020103048,HEMATOLOGÍA,PROBLEMAS RELACIONADOS CON FACILIDADES DE ATENCIÓN MÉDICA U OTROS SERVICIOS DE SALUD,PROBLEMAS RELACIONADOS CON FACILIDADES DE ATENCIÓN MÉDICA U OTROS SERVICIOS DE SALUD,OTROS DEFECTOS ESPECIFICADOS DE LA COAGULACIÓN,No aplica,SIMPLE
341,2024,6,Personalizado,5,5045,US- 000003606429,A nombre propio,HOMBRE,30,DE 30 A 37 AÑOS,Secundaria Incompleta,Subsidiado,No Aplica,No Aplica,5,5045,NUEVA EPS,RÉGIMEN SUBSIDIADO,EPSS41,NUEVA EPS,5,5045,1,BARRERAS EN EL ACCESO A TECNOLOGÍAS Y SERVICIOS DE SALUD; Y OTROS ELEMENTOS COMPLEMENTARIOS PARA LA ATENCIÓN DEL USUARIO,102,NEGACIÓN DE TECNOLOGÍAS EN SALUD Y OTROS ELEMENTOS COMPLEMENTARIOS PARA LA ATENCIÓN DEL USUARIO,10201,NEGACIÓN EN LA ASIGNACIÓN DE CITAS O CONSULTAS,1020101,MEDICINA GENERAL,,,PROBLEMAS RELACIONADOS CON FACILIDADES DE ATENCIÓN MÉDICA U OTROS SERVICIOS DE SALUD,PROBLEMAS RELACIONADOS CON FACILIDADES DE ATENCIÓN MÉDICA U OTROS SERVICIOS DE SALUD,OTROS PROBLEMAS RELACIONADOS CON SERVICIOS MÉDICOS Y DE SALUD,No aplica,SIMPLE
342,2024,6,Web,5,5318,US- 000003606430,Hermano (A),MUJER,47,DE 38 A 49 AÑOS,No Aplica,Contributivo,No Aplica,No Aplica,5,5318,NUEVA EPS,RÉGIMEN CONTRIBUTIVO,EPS037,NUEVA EPS,5,5318,1,BARRERAS EN EL ACCESO A TECNOLOGÍAS Y SERVICIOS DE SALUD; Y OTROS ELEMENTOS COMPLEMENTARIOS PARA LA ATENCIÓN DEL USUARIO,101,FALTA DE OPORTUNIDAD EN LA PRESTACIÓN DE TECNOLOGÍAS EN SALUD Y OTROS ELEMENTOS COMPLEMENTARIOS PARA LA ATENCIÓN DEL USUARIO,10105,FALTA DE OPORTUNIDAD EN EL PROCESO DE REFERENCIA Y CONTRARREFERENCIA,,,,,SALUD MENTAL,OTROS TRASTORNOS MENTALES,"TRASTORNO DEPRESIVO RECURRENTE, NO ESPECIFICADO",No aplica,PRIORIZADO
343,2024,6,Personalizado,63,63001,US- 000002270475,A nombre propio,HOMBRE,72,MAYOR DE 63 AÑOS ,Secundaria Incompleta,Subsidiado,No Aplica,No Aplica,63,63001,ASMET SALUD EPS,RÉGIMEN SUBSIDIADO,ESS062,ASMET SALUD,63,63001,1,BARRERAS EN EL ACCESO A TECNOLOGÍAS Y SERVICIOS DE SALUD; Y OTROS ELEMENTOS COMPLEMENTARIOS PARA LA ATENCIÓN DEL USUARIO,102,NEGACIÓN DE TECNOLOGÍAS EN SALUD Y OTROS ELEMENTOS COMPLEMENTARIOS PARA LA ATENCIÓN DEL USUARIO,10204,NEGACIÓN PARA LA ENTREGA DE TECNOLOGÍAS EN SALUD Y/O DE OTROS SERVICIOS AUTORIZADOS,1020401,MEDICAMENTOS UPC,,,PROBLEMAS RELACIONADOS CON FACILIDADES DE ATENCIÓN MÉDICA U OTROS SERVICIOS DE SALUD,PROBLEMAS RELACIONADOS CON FACILIDADES DE ATENCIÓN MÉDICA U OTROS SERVICIOS DE SALUD,OTRAS OCLUSIONES VASCULARES RETINIANAS,No aplica,SIMPLE
344,2024,5,Personalizado,5,5001,US- 000003606431,A nombre propio,MUJER,44,DE 38 A 49 AÑOS,Secundaria Incompleta,Subsidiado,ROM- Gitano,No Aplica,5,5001,SAVIA SALUD,RÉGIMEN SUBSIDIADO,EPSS40,SAVIA SALUD EPS,5,5001,1,BARRERAS EN EL ACCESO A TECNOLOGÍAS Y SERVICIOS DE SALUD; Y OTROS ELEMENTOS COMPLEMENTARIOS PARA LA ATENCIÓN DEL USUARIO,102,NEGACIÓN DE TECNOLOGÍAS EN SALUD Y OTROS ELEMENTOS COMPLEMENTARIOS PARA LA ATENCIÓN DEL USUARIO,10201,NEGACIÓN EN LA ASIGNACIÓN DE CITAS O CONSULTAS,1020103,ESPECIALIDADES MÉDICAS ,1020103078,ORTOPEDIA Y TRAUMATOLOGÍA,ENFERMEDADES OSTEOARTICULARES,OTROS,FALTA DE CONSOLIDACIÓN DE FRACTURA [PSEUDOARTROSIS],No aplica,SIMPLE
345,2024,5,Web,15,15238,US- 000003606432,A nombre propio,HOMBRE,2,DE 0 A 5 AÑOS,No Aplica,Subsidiado,No Aplica,No Aplica,15,15238,NUEVA EPS,RÉGIMEN SUBSIDIADO,EPSS41,NUEVA EPS,15,15238,1,BARRERAS EN EL ACCESO A TECNOLOGÍAS Y SERVICIOS DE SALUD; Y OTROS ELEMENTOS COMPLEMENTARIOS PARA LA ATENCIÓN DEL USUARIO,101,FALTA DE OPORTUNIDAD EN LA PRESTACIÓN DE TECNOLOGÍAS EN SALUD Y OTROS ELEMENTOS COMPLEMENTARIOS PARA LA ATENCIÓN DEL USUARIO,10101,FALTA DE OPORTUNIDAD EN LAS CITAS O CONSULTAS,1010103,ESPECIALIDADES MÉDICAS ,1010103080,OTORRINOLARINGOLOGÍA,MATERNO INFANTIL,ATENCIÓN NIÑOS MENORES DE 5 AÑOS,EXAMEN DE OÍDOS Y DE LA AUDICIÓN,No aplica,SIMPLE
346,2024,6,Web,68,68745,US- 000003606433,A nombre propio,MUJER,75,MAYOR DE 63 AÑOS ,No Aplica,Régimen Especial,No Aplica,No Aplica,68,68745,MAGISTERIO,REGÍMENES DE EXCEPCIÓN Y ESPECIALES,REMG01,MAGISTERIO,68,68745,1,BARRERAS EN EL ACCESO A TECNOLOGÍAS Y SERVICIOS DE SALUD; Y OTROS ELEMENTOS COMPLEMENTARIOS PARA LA ATENCIÓN DEL USUARIO,101,FALTA DE OPORTUNIDAD EN LA PRESTACIÓN DE TECNOLOGÍAS EN SALUD Y OTROS ELEMENTOS COMPLEMENTARIOS PARA LA ATENCIÓN DEL USUARIO,10101,FALTA DE OPORTUNIDAD EN LAS CITAS O CONSULTAS,1010103,ESPECIALIDADES MÉDICAS ,1010103075,OFTALMOLOGÍA,PROBLEMAS RELACIONADOS CON FACILIDADES DE ATENCIÓN MÉDICA U OTROS SERVICIOS DE SALUD,PROBLEMAS RELACIONADOS CON FACILIDADES DE ATENCIÓN MÉDICA U OTROS SERVICIOS DE SALUD,GLAUCOMA,No aplica,SIMPLE
347,2024,6,Telefónico,54,54001,US- 000001655235,A nombre propio,HOMBRE,69,MAYOR DE 63 AÑOS ,Primaria,Subsidiado,No Aplica,Desplazado,54,54001,NUEVA EPS,RÉGIMEN SUBSIDIADO,EPSS41,NUEVA EPS,54,54001,1,BARRERAS EN EL ACCESO A TECNOLOGÍAS Y SERVICIOS DE SALUD; Y OTROS ELEMENTOS COMPLEMENTARIOS PARA LA ATENCIÓN DEL USUARIO,102,NEGACIÓN DE TECNOLOGÍAS EN SALUD Y OTROS ELEMENTOS COMPLEMENTARIOS PARA LA ATENCIÓN DEL USUARIO,10204,NEGACIÓN PARA LA ENTREGA DE TECNOLOGÍAS EN SALUD Y/O DE OTROS SERVICIOS AUTORIZADOS,1020401,MEDICAMENTOS UPC,,,ENFERMEDADES OSTEOARTICULARES,OTROS,HIPERPLASIA DE LA PRÓSTATA,No aplica,SIMPLE
348,2024,5,Telefónico,11,11001,US- 000003606434,Hijo (A),MUJER,59,DE 50 A 62 AÑOS,Secundaria Incompleta,Contributivo,No Aplica,No Aplica,11,11001,NUEVA EPS,RÉGIMEN CONTRIBUTIVO,EPS037,NUEVA EPS,73,73352,1,BARRERAS EN EL ACCESO A TECNOLOGÍAS Y SERVICIOS DE SALUD; Y OTROS ELEMENTOS COMPLEMENTARIOS PARA LA ATENCIÓN DEL USUARIO,101,FALTA DE OPORTUNIDAD EN LA PRESTACIÓN DE TECNOLOGÍAS EN SALUD Y OTROS ELEMENTOS COMPLEMENTARIOS PARA LA ATENCIÓN DEL USUARIO,10101,FALTA DE OPORTUNIDAD EN LAS CITAS O CONSULTAS,1010103,ESPECIALIDADES MÉDICAS ,1010103071,NEUROCIRUGÍA,ENFERMEDADES CRÓNICAS NO TRANSMISIBLES –DIABETES,DIABETES,OTROS DOLORES ABDOMINALES Y LOS NO ESPECIFICADOS,No aplica,PRIORIZADO
349,2024,5,Telefónico,76,76520,US- 000003606435,Nieto (A),MUJER,82,MAYOR DE 63 AÑOS ,Primaria,Contributivo,No Aplica,No Aplica,76,76520,NUEVA EPS,RÉGIMEN CONTRIBUTIVO,EPS037,NUEVA EPS,76,76520,1,BARRERAS EN EL ACCESO A TECNOLOGÍAS Y SERVICIOS DE SALUD; Y OTROS ELEMENTOS COMPLEMENTARIOS PARA LA ATENCIÓN DEL USUARIO,101,FALTA DE OPORTUNIDAD EN LA PRESTACIÓN DE TECNOLOGÍAS EN SALUD Y OTROS ELEMENTOS COMPLEMENTARIOS PARA LA ATENCIÓN DEL USUARIO,10101,FALTA DE OPORTUNIDAD EN LAS CITAS O CONSULTAS,1010103,ESPECIALIDADES MÉDICAS ,1010103063,MEDICINA INTERNA,ENFERMEDADES CRÓNICAS NO TRASMISIBLES CARDIOVASCULARES,HTA (HIPERTENSIÓN ARTERIAL),DIABETES MELLITUS NO INSULINODEPENDIENTE,No aplica,SIMPLE
350,2024,6,Web,70,70523,US- 000003606436,A nombre propio,MUJER,51,DE 50 A 62 AÑOS,No Aplica,Subsidiado,No Aplica,No Aplica,70,70523,NUEVA EPS,RÉGIMEN SUBSIDIADO,EPSS41,NUEVA EPS,70,70523,1,BARRERAS EN EL ACCESO A TECNOLOGÍAS Y SERVICIOS DE SALUD; Y OTROS ELEMENTOS COMPLEMENTARIOS PARA LA ATENCIÓN DEL USUARIO,101,FALTA DE OPORTUNIDAD EN LA PRESTACIÓN DE TECNOLOGÍAS EN SALUD Y OTROS ELEMENTOS COMPLEMENTARIOS PARA LA ATENCIÓN DEL USUARIO,10103,FALTA DE OPORTUNIDAD EN LA ATENCIÓN EN OTROS SERVICIOS DE SALUD,1010308,PROCEDIMIENTOS NO QUIRÚRGICOS,1010308001,IMAGENOLOGÍA,CÁNCER ,OTROS,FIBROADENOSIS DE LA MAMA,No aplica,PRIORIZADO
351,2024,6,Web,25,25473,US- 000003606437,A nombre propio,MUJER,54,DE 50 A 62 AÑOS,No Aplica,Contributivo,No Aplica,No Aplica,25,25473,NUEVA EPS,RÉGIMEN CONTRIBUTIVO,EPS037,NUEVA EPS,25,25473,1,BARRERAS EN EL ACCESO A TECNOLOGÍAS Y SERVICIOS DE SALUD; Y OTROS ELEMENTOS COMPLEMENTARIOS PARA LA ATENCIÓN DEL USUARIO,101,FALTA DE OPORTUNIDAD EN LA PRESTACIÓN DE TECNOLOGÍAS EN SALUD Y OTROS ELEMENTOS COMPLEMENTARIOS PARA LA ATENCIÓN DEL USUARIO,10103,FALTA DE OPORTUNIDAD EN LA ATENCIÓN EN OTROS SERVICIOS DE SALUD,1010308,PROCEDIMIENTOS NO QUIRÚRGICOS,1010308002,LABORATORIO CLÍNICO Y ANATOMOPATOLÓGICO,PROBLEMAS RELACIONADOS CON FACILIDADES DE ATENCIÓN MÉDICA U OTROS SERVICIOS DE SALUD,PROBLEMAS RELACIONADOS CON FACILIDADES DE ATENCIÓN MÉDICA U OTROS SERVICIOS DE SALUD,OTRAS ATENCIONES MEDICAS ESPECIFICADAS,No aplica,SIMPLE
352,2024,6,Web,11,11001,US- 000001697745,Otro,HOMBRE,66,MAYOR DE 63 AÑOS ,No Aplica,Contributivo,No Aplica,No Aplica,11,11001,NUEVA EPS,RÉGIMEN CONTRIBUTIVO,EPS037,NUEVA EPS,11,11001,1,BARRERAS EN EL ACCESO A TECNOLOGÍAS Y SERVICIOS DE SALUD; Y OTROS ELEMENTOS COMPLEMENTARIOS PARA LA ATENCIÓN DEL USUARIO,101,FALTA DE OPORTUNIDAD EN LA PRESTACIÓN DE TECNOLOGÍAS EN SALUD Y OTROS ELEMENTOS COMPLEMENTARIOS PARA LA ATENCIÓN DEL USUARIO,10101,FALTA DE OPORTUNIDAD EN LAS CITAS O CONSULTAS,1010103,ESPECIALIDADES MÉDICAS ,1010103002,ANESTESIOLOGÍA,PROBLEMAS RELACIONADOS CON FACILIDADES DE ATENCIÓN MÉDICA U OTROS SERVICIOS DE SALUD,PROBLEMAS RELACIONADOS CON FACILIDADES DE ATENCIÓN MÉDICA U OTROS SERVICIOS DE SALUD,HIPERPLASIA DE LA PRÓSTATA,No aplica,SIMPLE
353,2024,6,Web,8,8001,US- 000003606438,A nombre propio,HOMBRE,80,MAYOR DE 63 AÑOS ,No Aplica,Subsidiado,No Aplica,No Aplica,8,8001,NUEVA EPS,RÉGIMEN SUBSIDIADO,EPSS41,NUEVA EPS,8,8078,1,BARRERAS EN EL ACCESO A TECNOLOGÍAS Y SERVICIOS DE SALUD; Y OTROS ELEMENTOS COMPLEMENTARIOS PARA LA ATENCIÓN DEL USUARIO,103,FALTA DE OPORTUNIDAD EN LA AUTORIZACIÓN DE TECNOLOGÍAS EN SALUD Y OTROS ELEMENTOS COMPLEMENTARIOS PARA LA ATENCIÓN DEL USUARIO,10301,FALTA DE OPORTUNIDAD EN LA AUTORIZACIÓN DE TECNOLOGÍAS EN SALUD Y/O DE OTROS SERVICIOS,1030101,MEDICAMENTOS UPC,,,ENFERMEDADES CRÓNICAS NO TRASMISIBLES CARDIOVASCULARES,HTA (HIPERTENSIÓN ARTERIAL),"MIASIS, NO ESPECIFICADA",No aplica,SIMPLE
354,2024,2,Personalizado,5,5001,US- 000000353018,Cónyuge,HOMBRE,73,MAYOR DE 63 AÑOS ,Primaria,Contributivo,No Aplica,No Aplica,5,5001,NUEVA EPS,RÉGIMEN CONTRIBUTIVO,EPS037,NUEVA EPS,5,5001,1,BARRERAS EN EL ACCESO A TECNOLOGÍAS Y SERVICIOS DE SALUD; Y OTROS ELEMENTOS COMPLEMENTARIOS PARA LA ATENCIÓN DEL USUARIO,102,NEGACIÓN DE TECNOLOGÍAS EN SALUD Y OTROS ELEMENTOS COMPLEMENTARIOS PARA LA ATENCIÓN DEL USUARIO,10201,NEGACIÓN EN LA ASIGNACIÓN DE CITAS O CONSULTAS,1020103,ESPECIALIDADES MÉDICAS ,1020103072,NEUROLOGÍA,SALUD MENTAL,OTROS TRASTORNOS MENTALES,JUEGO PATOLÓGICO,No aplica,SIMPLE
355,2024,3,Web,17,17653,US- 000003606439,A nombre propio,HOMBRE,66,MAYOR DE 63 AÑOS ,Ninguno,Contributivo,No Aplica,No Aplica,17,17653,NUEVA EPS,RÉGIMEN CONTRIBUTIVO,EPS037,NUEVA EPS,17,17653,1,BARRERAS EN EL ACCESO A TECNOLOGÍAS Y SERVICIOS DE SALUD; Y OTROS ELEMENTOS COMPLEMENTARIOS PARA LA ATENCIÓN DEL USUARIO,102,NEGACIÓN DE TECNOLOGÍAS EN SALUD Y OTROS ELEMENTOS COMPLEMENTARIOS PARA LA ATENCIÓN DEL USUARIO,10204,NEGACIÓN PARA LA ENTREGA DE TECNOLOGÍAS EN SALUD Y/O DE OTROS SERVICIOS AUTORIZADOS,1020401,MEDICAMENTOS UPC,,,PROBLEMAS RELACIONADOS CON FACILIDADES DE ATENCIÓN MÉDICA U OTROS SERVICIOS DE SALUD,PROBLEMAS RELACIONADOS CON FACILIDADES DE ATENCIÓN MÉDICA U OTROS SERVICIOS DE SALUD,OTROS PROBLEMAS RELACIONADOS CON SERVICIOS MÉDICOS Y DE SALUD,No aplica,SIMPLE
356,2024,4,Web,25,25269,US- 000003606440,A nombre propio,MUJER,70,MAYOR DE 63 AÑOS ,No Aplica,Contributivo,No Aplica,No Aplica,25,25269,NUEVA EPS,RÉGIMEN CONTRIBUTIVO,EPS037,NUEVA EPS,25,25269,1,BARRERAS EN EL ACCESO A TECNOLOGÍAS Y SERVICIOS DE SALUD; Y OTROS ELEMENTOS COMPLEMENTARIOS PARA LA ATENCIÓN DEL USUARIO,103,FALTA DE OPORTUNIDAD EN LA AUTORIZACIÓN DE TECNOLOGÍAS EN SALUD Y OTROS ELEMENTOS COMPLEMENTARIOS PARA LA ATENCIÓN DEL USUARIO,10301,FALTA DE OPORTUNIDAD EN LA AUTORIZACIÓN DE TECNOLOGÍAS EN SALUD Y/O DE OTROS SERVICIOS,1030101,MEDICAMENTOS UPC,,,PROBLEMAS RELACIONADOS CON FACILIDADES DE ATENCIÓN MÉDICA U OTROS SERVICIOS DE SALUD,PROBLEMAS RELACIONADOS CON FACILIDADES DE ATENCIÓN MÉDICA U OTROS SERVICIOS DE SALUD,VENAS VARICOSAS DE LOS MIEMBROS INFERIORES CON ULCERA,No aplica,SIMPLE
357,2024,6,Personalizado,63,63001,US- 000003606441,A nombre propio,MUJER,78,MAYOR DE 63 AÑOS ,Primaria,Subsidiado,No Aplica,No Aplica,63,63001,NUEVA EPS,RÉGIMEN SUBSIDIADO,EPSS41,NUEVA EPS,63,63001,1,BARRERAS EN EL ACCESO A TECNOLOGÍAS Y SERVICIOS DE SALUD; Y OTROS ELEMENTOS COMPLEMENTARIOS PARA LA ATENCIÓN DEL USUARIO,102,NEGACIÓN DE TECNOLOGÍAS EN SALUD Y OTROS ELEMENTOS COMPLEMENTARIOS PARA LA ATENCIÓN DEL USUARIO,10204,NEGACIÓN PARA LA ENTREGA DE TECNOLOGÍAS EN SALUD Y/O DE OTROS SERVICIOS AUTORIZADOS,1020401,MEDICAMENTOS UPC,,,ENFERMEDADES CRÓNICAS NO TRANSMISIBLES –DIABETES,DIABETES,DIABETES MELLITUS INSULINODEPENDIENTE SIN MENCIÓN DE COMPLICACIÓN,No aplica,PRIORIZADO
358,2024,6,Web,68,68167,US- 000001037144,A nombre propio,MUJER,65,MAYOR DE 63 AÑOS ,No Aplica,Régimen Especial,No Aplica,No Aplica,68,68167,MAGISTERIO,REGÍMENES DE EXCEPCIÓN Y ESPECIALES,REMG01,MAGISTERIO,68,68001,1,BARRERAS EN EL ACCESO A TECNOLOGÍAS Y SERVICIOS DE SALUD; Y OTROS ELEMENTOS COMPLEMENTARIOS PARA LA ATENCIÓN DEL USUARIO,102,NEGACIÓN DE TECNOLOGÍAS EN SALUD Y OTROS ELEMENTOS COMPLEMENTARIOS PARA LA ATENCIÓN DEL USUARIO,10204,NEGACIÓN PARA LA ENTREGA DE TECNOLOGÍAS EN SALUD Y/O DE OTROS SERVICIOS AUTORIZADOS,1020401,MEDICAMENTOS UPC,,,ENFERMEDADES CRÓNICAS NO TRANSMISIBLES –DIABETES,DIABETES,DIABETES MELLITUS INSULINODEPENDIENTE,No aplica,PRIORIZADO
359,2024,6,Web,11,11001,US- 000003606442,A nombre propio,MUJER,46,DE 38 A 49 AÑOS,No Aplica,Subsidiado,No Aplica,No Aplica,11,11001,SANITAS,RÉGIMEN CONTRIBUTIVO,EPS005,SANITAS,11,11001,1,BARRERAS EN EL ACCESO A TECNOLOGÍAS Y SERVICIOS DE SALUD; Y OTROS ELEMENTOS COMPLEMENTARIOS PARA LA ATENCIÓN DEL USUARIO,103,FALTA DE OPORTUNIDAD EN LA AUTORIZACIÓN DE TECNOLOGÍAS EN SALUD Y OTROS ELEMENTOS COMPLEMENTARIOS PARA LA ATENCIÓN DEL USUARIO,10301,FALTA DE OPORTUNIDAD EN LA AUTORIZACIÓN DE TECNOLOGÍAS EN SALUD Y/O DE OTROS SERVICIOS,1030101,MEDICAMENTOS UPC,,,ENFERMEDADES OSTEOARTICULARES,ARTRITIS REUMATOIDEA,OTRAS ARTRITIS REUMATOIDES,No aplica,SIMPLE
360,2024,6,Web,5,5615,US- 000003606443,A nombre propio,HOMBRE,41,DE 38 A 49 AÑOS,No Aplica,Contributivo,No Aplica,No Aplica,5,5615,SURAMERICANA EPS,RÉGIMEN CONTRIBUTIVO,EPS010,EPS SURA,5,5615,1,BARRERAS EN EL ACCESO A TECNOLOGÍAS Y SERVICIOS DE SALUD; Y OTROS ELEMENTOS COMPLEMENTARIOS PARA LA ATENCIÓN DEL USUARIO,103,FALTA DE OPORTUNIDAD EN LA AUTORIZACIÓN DE TECNOLOGÍAS EN SALUD Y OTROS ELEMENTOS COMPLEMENTARIOS PARA LA ATENCIÓN DEL USUARIO,10304,FALTA DE OPORTUNIDAD EN LA AUTORIZACIÓN DE OTROS SERVICIOS DE SALUD,1030408,PROCEDIMIENTOS NO QUIRÚRGICOS,1030408002,LABORATORIO CLÍNICO Y ANATOMOPATOLÓGICO,CÁNCER ,OTROS,"TUMOR MALIGNO DEL LÓBULO INFERIOR, BRONQUIO O PULMÓN",No aplica,PRIORIZADO
361,2024,5,Telefónico,5,5266,US- 000000598759,A nombre propio,MUJER,67,MAYOR DE 63 AÑOS ,Primaria,Subsidiado,No Aplica,No Aplica,5,5266,SAVIA SALUD,RÉGIMEN SUBSIDIADO,EPSS40,SAVIA SALUD EPS,5,5266,1,BARRERAS EN EL ACCESO A TECNOLOGÍAS Y SERVICIOS DE SALUD; Y OTROS ELEMENTOS COMPLEMENTARIOS PARA LA ATENCIÓN DEL USUARIO,102,NEGACIÓN DE TECNOLOGÍAS EN SALUD Y OTROS ELEMENTOS COMPLEMENTARIOS PARA LA ATENCIÓN DEL USUARIO,10204,NEGACIÓN PARA LA ENTREGA DE TECNOLOGÍAS EN SALUD Y/O DE OTROS SERVICIOS AUTORIZADOS,1020401,MEDICAMENTOS UPC,,,ENFERMEDADES OSTEOARTICULARES,OTROS,"OSTEOPOROSIS NO ESPECIFICADA, SIN FRACTURA PATOLÓGICA",No aplica,SIMPLE
362,2024,6,Web,11,11001,US- 000003606444,A nombre propio,MUJER,27,DE 25 A 29 AÑOS,No Aplica,Contributivo,No Aplica,Mujer en estado de gestación,11,11001,SANITAS,RÉGIMEN CONTRIBUTIVO,EPS005,SANITAS,11,11001,1,BARRERAS EN EL ACCESO A TECNOLOGÍAS Y SERVICIOS DE SALUD; Y OTROS ELEMENTOS COMPLEMENTARIOS PARA LA ATENCIÓN DEL USUARIO,101,FALTA DE OPORTUNIDAD EN LA PRESTACIÓN DE TECNOLOGÍAS EN SALUD Y OTROS ELEMENTOS COMPLEMENTARIOS PARA LA ATENCIÓN DEL USUARIO,10101,FALTA DE OPORTUNIDAD EN LAS CITAS O CONSULTAS,1010103,ESPECIALIDADES MÉDICAS ,1010103047,GINECOLOGÍA Y OBSTETRICIA,MATERNO INFANTIL,ATENCIÓN EN EL EMBARAZO,"SUPERVISIÓN DE EMBARAZO DE ALTO RIESGO, SIN OTRA ESPECIFICACIÓN",No aplica,PRIORIZADO
363,2024,6,Telefónico,68,68679,US- 000003606445,Madre,MUJER,6,DE 6 A 12 AÑOS,Primaria Incompleta,Subsidiado,No Aplica,No Aplica,68,68679,NUEVA EPS,RÉGIMEN SUBSIDIADO,EPSS41,NUEVA EPS,68,68679,4,INSATISFACCIÓN DEL USUARIO CON EL PROCESO ADMINISTRATIVO,404,INSATISFACCIÓN RELACIONADA CON TRÁMITES ADMINISTRATIVOS,40403,INCONSISTENCIAS EN LA AFILIACIÓN,4040309,OTRAS INCONSISTENCIAS,,,PROBLEMAS RELACIONADOS CON FACILIDADES DE ATENCIÓN MÉDICA U OTROS SERVICIOS DE SALUD,PROBLEMAS RELACIONADOS CON FACILIDADES DE ATENCIÓN MÉDICA U OTROS SERVICIOS DE SALUD,OTROS PROBLEMAS RELACIONADOS CON SERVICIOS MÉDICOS Y DE SALUD,No aplica,SIMPLE
364,2024,6,Personalizado,52,52001,US- 000003606446,Madre,MUJER,0,DE 0 A 5 AÑOS,Ninguno,Subsidiado,No Aplica,No Aplica,52,52001,EMSSANAR EPS,RÉGIMEN SUBSIDIADO,ESS118,EMSSANAR,52,52001,1,BARRERAS EN EL ACCESO A TECNOLOGÍAS Y SERVICIOS DE SALUD; Y OTROS ELEMENTOS COMPLEMENTARIOS PARA LA ATENCIÓN DEL USUARIO,101,FALTA DE OPORTUNIDAD EN LA PRESTACIÓN DE TECNOLOGÍAS EN SALUD Y OTROS ELEMENTOS COMPLEMENTARIOS PARA LA ATENCIÓN DEL USUARIO,10103,FALTA DE OPORTUNIDAD EN LA ATENCIÓN EN OTROS SERVICIOS DE SALUD,1010308,PROCEDIMIENTOS NO QUIRÚRGICOS,1010308006,OTROS PROCEDIMIENTOS NO QUIRÚRGICOS,MATERNO INFANTIL,ATENCIÓN NIÑOS MENORES DE 5 AÑOS,CONTROL DE SALUD DE RUTINA DEL NIÑO,No aplica,SIMPLE
365,2024,6,Web,76,76001,US- 000003606447,Otro,MUJER,74,MAYOR DE 63 AÑOS ,Ninguno,Contributivo,Mulato ,Persona con discapacidad,76,76001,NUEVA EPS,RÉGIMEN CONTRIBUTIVO,EPS037,NUEVA EPS,76,76001,1,BARRERAS EN EL ACCESO A TECNOLOGÍAS Y SERVICIOS DE SALUD; Y OTROS ELEMENTOS COMPLEMENTARIOS PARA LA ATENCIÓN DEL USUARIO,101,FALTA DE OPORTUNIDAD EN LA PRESTACIÓN DE TECNOLOGÍAS EN SALUD Y OTROS ELEMENTOS COMPLEMENTARIOS PARA LA ATENCIÓN DEL USUARIO,10104,FALTA DE OPORTUNIDAD EN LA ENTREGA O ENTREGA INCOMPLETA DE TECNOLOGÍAS EN SALUD Y/O PRESTACIÓN DE OTROS SERVICIOS,1010401,MEDICAMENTOS UPC,,,SALUD MENTAL,OTROS TRASTORNOS MENTALES,TRASTORNO MIXTO DE ANSIEDAD Y DEPRESIÓN,No aplica,SIMPLE
366,2024,6,Telefónico,11,11001,US- 000003606448,Hijo (A),MUJER,57,DE 50 A 62 AÑOS,Ninguno,Contributivo,No Aplica,No Aplica,11,11001,FAMISANAR,RÉGIMEN CONTRIBUTIVO,EPS017,FAMISANAR,11,11001,1,BARRERAS EN EL ACCESO A TECNOLOGÍAS Y SERVICIOS DE SALUD; Y OTROS ELEMENTOS COMPLEMENTARIOS PARA LA ATENCIÓN DEL USUARIO,101,FALTA DE OPORTUNIDAD EN LA PRESTACIÓN DE TECNOLOGÍAS EN SALUD Y OTROS ELEMENTOS COMPLEMENTARIOS PARA LA ATENCIÓN DEL USUARIO,10103,FALTA DE OPORTUNIDAD EN LA ATENCIÓN EN OTROS SERVICIOS DE SALUD,1010308,PROCEDIMIENTOS NO QUIRÚRGICOS,1010308001,IMAGENOLOGÍA,CÁNCER ,OTROS,TUMOR MALIGNO DEL COLON,Quimioterapia y radioterapia para el cáncer,PRIORIZADO
367,2024,5,Web,73,73268,US- 000003606449,Madre,HOMBRE,0,DE 0 A 5 AÑOS,No Aplica,Contributivo,No Aplica,No Aplica,73,73268,FAMISANAR,RÉGIMEN CONTRIBUTIVO,EPS017,FAMISANAR,73,73268,1,BARRERAS EN EL ACCESO A TECNOLOGÍAS Y SERVICIOS DE SALUD; Y OTROS ELEMENTOS COMPLEMENTARIOS PARA LA ATENCIÓN DEL USUARIO,102,NEGACIÓN DE TECNOLOGÍAS EN SALUD Y OTROS ELEMENTOS COMPLEMENTARIOS PARA LA ATENCIÓN DEL USUARIO,10201,NEGACIÓN EN LA ASIGNACIÓN DE CITAS O CONSULTAS,1020103,ESPECIALIDADES MÉDICAS ,1020103037,ELECTROFISIOLOGÍA CARDÍACA,MATERNO INFANTIL,ATENCIÓN NIÑOS MENORES DE 5 AÑOS,TAQUICARDIA SUPRAVENTRICULAR,No aplica,PRIORIZADO
368,2024,6,Telefónico,76,76001,US- 000003606450,Cónyuge,HOMBRE,21,DE 18 A 24 AÑOS,Secundaria,No aplica,No Aplica,Víctima del conflicto armado,76,76001,SECRETARÍA DISTRITAL DE SALUD DE SANTIAGO DE CALI,ENTIDADES TERRITORIALES,999998,SECRETARIA DISTRITAL DE SALUD DE SANTIAGO DE CALI,76,76001,1,BARRERAS EN EL ACCESO A TECNOLOGÍAS Y SERVICIOS DE SALUD; Y OTROS ELEMENTOS COMPLEMENTARIOS PARA LA ATENCIÓN DEL USUARIO,102,NEGACIÓN DE TECNOLOGÍAS EN SALUD Y OTROS ELEMENTOS COMPLEMENTARIOS PARA LA ATENCIÓN DEL USUARIO,10204,NEGACIÓN PARA LA ENTREGA DE TECNOLOGÍAS EN SALUD Y/O DE OTROS SERVICIOS AUTORIZADOS,1020401,MEDICAMENTOS UPC,,,PROBLEMAS RELACIONADOS CON FACILIDADES DE ATENCIÓN MÉDICA U OTROS SERVICIOS DE SALUD,PROBLEMAS RELACIONADOS CON FACILIDADES DE ATENCIÓN MÉDICA U OTROS SERVICIOS DE SALUD,"LUXACIÓN, ESGUINCE Y TORCEDURA DE ARTICULACIONES Y LIGAMENTOS DE LA RODILLA",No aplica,SIMPLE
369,2024,6,Web,25,25126,US- 000003606451,A nombre propio,HOMBRE,70,MAYOR DE 63 AÑOS ,Ninguno,Subsidiado,No Aplica,No Aplica,25,25126,FAMISANAR,RÉGIMEN CONTRIBUTIVO,EPS017,FAMISANAR,25,25126,1,BARRERAS EN EL ACCESO A TECNOLOGÍAS Y SERVICIOS DE SALUD; Y OTROS ELEMENTOS COMPLEMENTARIOS PARA LA ATENCIÓN DEL USUARIO,101,FALTA DE OPORTUNIDAD EN LA PRESTACIÓN DE TECNOLOGÍAS EN SALUD Y OTROS ELEMENTOS COMPLEMENTARIOS PARA LA ATENCIÓN DEL USUARIO,10103,FALTA DE OPORTUNIDAD EN LA ATENCIÓN EN OTROS SERVICIOS DE SALUD,1010308,PROCEDIMIENTOS NO QUIRÚRGICOS,1010308001,IMAGENOLOGÍA,ENFERMEDADES CRÓNICAS NO TRASMISIBLES CARDIOVASCULARES,ACV (ACCIDENTE CEREBRO VASCULAR),"ENFERMEDAD CEREBROVASCULAR, NO ESPECIFICADA",No aplica,PRIORIZADO
370,2024,5,Personalizado,66,66170,US- 000003606452,A nombre propio,MUJER,72,MAYOR DE 63 AÑOS ,Primaria,Subsidiado,No Aplica,No Aplica,66,66170,ASMET SALUD EPS,RÉGIMEN SUBSIDIADO,ESS062,ASMET SALUD,66,66170,1,BARRERAS EN EL ACCESO A TECNOLOGÍAS Y SERVICIOS DE SALUD; Y OTROS ELEMENTOS COMPLEMENTARIOS PARA LA ATENCIÓN DEL USUARIO,102,NEGACIÓN DE TECNOLOGÍAS EN SALUD Y OTROS ELEMENTOS COMPLEMENTARIOS PARA LA ATENCIÓN DEL USUARIO,10204,NEGACIÓN PARA LA ENTREGA DE TECNOLOGÍAS EN SALUD Y/O DE OTROS SERVICIOS AUTORIZADOS,1020401,MEDICAMENTOS UPC,,,PROBLEMAS RELACIONADOS CON FACILIDADES DE ATENCIÓN MÉDICA U OTROS SERVICIOS DE SALUD,PROBLEMAS RELACIONADOS CON FACILIDADES DE ATENCIÓN MÉDICA U OTROS SERVICIOS DE SALUD,"ASMA, NO ESPECIFICADA",No aplica,SIMPLE
371,2024,6,Web,15,15835,US- 000003606453,A nombre propio,MUJER,23,DE 18 A 24 AÑOS,Ninguno,Subsidiado,No Aplica,No Aplica,15,15835,NUEVA EPS,RÉGIMEN CONTRIBUTIVO,EPS037,NUEVA EPS,15,15835,1,BARRERAS EN EL ACCESO A TECNOLOGÍAS Y SERVICIOS DE SALUD; Y OTROS ELEMENTOS COMPLEMENTARIOS PARA LA ATENCIÓN DEL USUARIO,102,NEGACIÓN DE TECNOLOGÍAS EN SALUD Y OTROS ELEMENTOS COMPLEMENTARIOS PARA LA ATENCIÓN DEL USUARIO,10204,NEGACIÓN PARA LA ENTREGA DE TECNOLOGÍAS EN SALUD Y/O DE OTROS SERVICIOS AUTORIZADOS,1020401,MEDICAMENTOS UPC,,,ENFERMEDADES HUÉRFANAS,SÍNDROME DE SEZARY,MICOSIS FUNGOIDE,No aplica,PRIORIZADO
372,2024,5,Telefónico,76,76001,US- 000001889540,A nombre propio,HOMBRE,14,DE 13 A 17 AÑOS,Secundaria Incompleta,Contributivo,No Aplica,Persona con discapacidad,76,76001,FAMISANAR,RÉGIMEN CONTRIBUTIVO,EPS017,FAMISANAR,76,76001,1,BARRERAS EN EL ACCESO A TECNOLOGÍAS Y SERVICIOS DE SALUD; Y OTROS ELEMENTOS COMPLEMENTARIOS PARA LA ATENCIÓN DEL USUARIO,102,NEGACIÓN DE TECNOLOGÍAS EN SALUD Y OTROS ELEMENTOS COMPLEMENTARIOS PARA LA ATENCIÓN DEL USUARIO,10201,NEGACIÓN EN LA ASIGNACIÓN DE CITAS O CONSULTAS,1020103,ESPECIALIDADES MÉDICAS ,1020103079,ORTOPEDIA Y TRAUMATOLOGÍA PEDIÁTRICA,ENFERMEDADES HUÉRFANAS,OTROS,SÍNDROMES DE MALFORMACIONES CONGÉNITAS ASOCIADAS PRINCIPALMENTE CON ESTATURA BAJA,No aplica,PRIORIZADO
373,2024,6,Web,11,11001,US- 000003606454,A nombre propio,MUJER,21,DE 18 A 24 AÑOS,No Aplica,Contributivo,No Aplica,No Aplica,11,11001,FAMISANAR,RÉGIMEN CONTRIBUTIVO,EPS017,FAMISANAR,11,11001,1,BARRERAS EN EL ACCESO A TECNOLOGÍAS Y SERVICIOS DE SALUD; Y OTROS ELEMENTOS COMPLEMENTARIOS PARA LA ATENCIÓN DEL USUARIO,101,FALTA DE OPORTUNIDAD EN LA PRESTACIÓN DE TECNOLOGÍAS EN SALUD Y OTROS ELEMENTOS COMPLEMENTARIOS PARA LA ATENCIÓN DEL USUARIO,10101,FALTA DE OPORTUNIDAD EN LAS CITAS O CONSULTAS,1010101,MEDICINA GENERAL,,,PROBLEMAS RELACIONADOS CON FACILIDADES DE ATENCIÓN MÉDICA U OTROS SERVICIOS DE SALUD,PROBLEMAS RELACIONADOS CON FACILIDADES DE ATENCIÓN MÉDICA U OTROS SERVICIOS DE SALUD,PROBLEMAS RELACIONADOS CON FACILIDADES DE ATENCIÓN MEDICA U OTROS SERVICIOS DE SALUD,No aplica,SIMPLE
374,2024,6,Web,76,76001,US- 000003606455,A nombre propio,MUJER,60,DE 50 A 62 AÑOS,No Aplica,Subsidiado,No Aplica,No Aplica,76,76001,COOSALUD,RÉGIMEN SUBSIDIADO,ESS024,COOSALUD,76,76001,1,BARRERAS EN EL ACCESO A TECNOLOGÍAS Y SERVICIOS DE SALUD; Y OTROS ELEMENTOS COMPLEMENTARIOS PARA LA ATENCIÓN DEL USUARIO,103,FALTA DE OPORTUNIDAD EN LA AUTORIZACIÓN DE TECNOLOGÍAS EN SALUD Y OTROS ELEMENTOS COMPLEMENTARIOS PARA LA ATENCIÓN DEL USUARIO,10302,FALTA DE OPORTUNIDAD EN LA AUTORIZACIÓN DE CITAS DE CONSULTA,1030203,ESPECIALIDADES MÉDICAS ,1030203053,HEPATOLOGÍA,ENFERMEDADES CRÓNICAS NO TRASMISIBLES CARDIOVASCULARES,HTA (HIPERTENSIÓN ARTERIAL),HEMATEMESIS,No aplica,SIMPLE
375,2024,6,Web,17,17524,US- 000003606456,Padre,MUJER,0,DE 0 A 5 AÑOS,No Aplica,Contributivo,No Aplica,No Aplica,17,17524,NUEVA EPS,RÉGIMEN CONTRIBUTIVO,EPS037,NUEVA EPS,17,17524,1,BARRERAS EN EL ACCESO A TECNOLOGÍAS Y SERVICIOS DE SALUD; Y OTROS ELEMENTOS COMPLEMENTARIOS PARA LA ATENCIÓN DEL USUARIO,102,NEGACIÓN DE TECNOLOGÍAS EN SALUD Y OTROS ELEMENTOS COMPLEMENTARIOS PARA LA ATENCIÓN DEL USUARIO,10204,NEGACIÓN PARA LA ENTREGA DE TECNOLOGÍAS EN SALUD Y/O DE OTROS SERVICIOS AUTORIZADOS,1020401,MEDICAMENTOS UPC,,,MATERNO INFANTIL,ATENCIÓN NIÑOS MENORES DE 5 AÑOS,PROBLEMAS RELACIONADOS CON FACILIDADES DE ATENCIÓN MEDICA U OTROS SERVICIOS DE SALUD,No aplica,SIMPLE
376,2024,6,Personalizado,19,19142,US- 000003606457,A nombre propio,MUJER,73,MAYOR DE 63 AÑOS ,Secundaria,Contributivo,No Aplica,No Aplica,19,19142,NUEVA EPS,RÉGIMEN CONTRIBUTIVO,EPS037,NUEVA EPS,19,19698,1,BARRERAS EN EL ACCESO A TECNOLOGÍAS Y SERVICIOS DE SALUD; Y OTROS ELEMENTOS COMPLEMENTARIOS PARA LA ATENCIÓN DEL USUARIO,102,NEGACIÓN DE TECNOLOGÍAS EN SALUD Y OTROS ELEMENTOS COMPLEMENTARIOS PARA LA ATENCIÓN DEL USUARIO,10204,NEGACIÓN PARA LA ENTREGA DE TECNOLOGÍAS EN SALUD Y/O DE OTROS SERVICIOS AUTORIZADOS,1020401,MEDICAMENTOS UPC,,,PROBLEMAS RELACIONADOS CON FACILIDADES DE ATENCIÓN MÉDICA U OTROS SERVICIOS DE SALUD,PROBLEMAS RELACIONADOS CON FACILIDADES DE ATENCIÓN MÉDICA U OTROS SERVICIOS DE SALUD,"GASTRITIS CRÓNICA, NO ESPECIFICADA",No aplica,SIMPLE
377,2024,6,Web,50,50313,US- 000003606458,A nombre propio,HOMBRE,38,DE 38 A 49 AÑOS,No Aplica,Contributivo,No Aplica,No Aplica,50,50313,NUEVA EPS,RÉGIMEN CONTRIBUTIVO,EPS037,NUEVA EPS,50,50313,1,BARRERAS EN EL ACCESO A TECNOLOGÍAS Y SERVICIOS DE SALUD; Y OTROS ELEMENTOS COMPLEMENTARIOS PARA LA ATENCIÓN DEL USUARIO,101,FALTA DE OPORTUNIDAD EN LA PRESTACIÓN DE TECNOLOGÍAS EN SALUD Y OTROS ELEMENTOS COMPLEMENTARIOS PARA LA ATENCIÓN DEL USUARIO,10103,FALTA DE OPORTUNIDAD EN LA ATENCIÓN EN OTROS SERVICIOS DE SALUD,1010308,PROCEDIMIENTOS NO QUIRÚRGICOS,1010308006,OTROS PROCEDIMIENTOS NO QUIRÚRGICOS,ENFERMEDADES CRÓNICAS NO TRANSMISIBLES- FACTORES DE RIESGO,OBESIDAD,HIPERTENSIÓN ESENCIAL (PRIMARIA),No aplica,SIMPLE
378,2024,6,Web,11,11001,US- 000002723803,Madre,HOMBRE,10,DE 6 A 12 AÑOS,No Aplica,Contributivo,No Aplica,No Aplica,11,11001,SALUD TOTAL,RÉGIMEN CONTRIBUTIVO,EPS002,SALUD TOTAL,11,11001,1,BARRERAS EN EL ACCESO A TECNOLOGÍAS Y SERVICIOS DE SALUD; Y OTROS ELEMENTOS COMPLEMENTARIOS PARA LA ATENCIÓN DEL USUARIO,102,NEGACIÓN DE TECNOLOGÍAS EN SALUD Y OTROS ELEMENTOS COMPLEMENTARIOS PARA LA ATENCIÓN DEL USUARIO,10204,NEGACIÓN PARA LA ENTREGA DE TECNOLOGÍAS EN SALUD Y/O DE OTROS SERVICIOS AUTORIZADOS,1020401,MEDICAMENTOS UPC,,,PROBLEMAS RELACIONADOS CON FACILIDADES DE ATENCIÓN MÉDICA U OTROS SERVICIOS DE SALUD,PROBLEMAS RELACIONADOS CON FACILIDADES DE ATENCIÓN MÉDICA U OTROS SERVICIOS DE SALUD,"OTITIS MEDIA, NO ESPECIFICADA",No aplica,SIMPLE
379,2024,6,Web,11,11001,US- 000000766619,A nombre propio,MUJER,38,DE 38 A 49 AÑOS,Ninguno,Contributivo,No Aplica,No Aplica,11,11001,FAMISANAR,RÉGIMEN CONTRIBUTIVO,EPS017,FAMISANAR,11,11001,1,BARRERAS EN EL ACCESO A TECNOLOGÍAS Y SERVICIOS DE SALUD; Y OTROS ELEMENTOS COMPLEMENTARIOS PARA LA ATENCIÓN DEL USUARIO,101,FALTA DE OPORTUNIDAD EN LA PRESTACIÓN DE TECNOLOGÍAS EN SALUD Y OTROS ELEMENTOS COMPLEMENTARIOS PARA LA ATENCIÓN DEL USUARIO,10104,FALTA DE OPORTUNIDAD EN LA ENTREGA O ENTREGA INCOMPLETA DE TECNOLOGÍAS EN SALUD Y/O PRESTACIÓN DE OTROS SERVICIOS,1010401,MEDICAMENTOS UPC,,,PROBLEMAS RELACIONADOS CON FACILIDADES DE ATENCIÓN MÉDICA U OTROS SERVICIOS DE SALUD,PROBLEMAS RELACIONADOS CON FACILIDADES DE ATENCIÓN MÉDICA U OTROS SERVICIOS DE SALUD,"TRASTORNO DE LA GLÁNDULA TIROIDES, NO ESPECIFICADO",No aplica,SIMPLE
380,2024,6,Escrito,54,54003,US- 000003606459,A nombre propio,HOMBRE,64,MAYOR DE 63 AÑOS ,Primaria Incompleta,Subsidiado,No Aplica,Desplazado,54,54003,COOSALUD,RÉGIMEN SUBSIDIADO,ESS024,COOSALUD,54,54003,1,BARRERAS EN EL ACCESO A TECNOLOGÍAS Y SERVICIOS DE SALUD; Y OTROS ELEMENTOS COMPLEMENTARIOS PARA LA ATENCIÓN DEL USUARIO,103,FALTA DE OPORTUNIDAD EN LA AUTORIZACIÓN DE TECNOLOGÍAS EN SALUD Y OTROS ELEMENTOS COMPLEMENTARIOS PARA LA ATENCIÓN DEL USUARIO,10301,FALTA DE OPORTUNIDAD EN LA AUTORIZACIÓN DE TECNOLOGÍAS EN SALUD Y/O DE OTROS SERVICIOS,1030108,"TRANSPORTE, ALOJAMIENTO O ALIMENTACIÓN",,,PROBLEMAS RELACIONADOS CON FACILIDADES DE ATENCIÓN MÉDICA U OTROS SERVICIOS DE SALUD,PROBLEMAS RELACIONADOS CON FACILIDADES DE ATENCIÓN MÉDICA U OTROS SERVICIOS DE SALUD,INSUFICIENCIA (DE LA VÁLVULA) MITRAL,No aplica,SIMPLE
381,2024,6,Web,11,11001,US- 000000533290,A nombre propio,MUJER,83,MAYOR DE 63 AÑOS ,No Aplica,Contributivo,No Aplica,No Aplica,11,11001,NUEVA EPS,RÉGIMEN CONTRIBUTIVO,EPS037,NUEVA EPS,11,11001,1,BARRERAS EN EL ACCESO A TECNOLOGÍAS Y SERVICIOS DE SALUD; Y OTROS ELEMENTOS COMPLEMENTARIOS PARA LA ATENCIÓN DEL USUARIO,101,FALTA DE OPORTUNIDAD EN LA PRESTACIÓN DE TECNOLOGÍAS EN SALUD Y OTROS ELEMENTOS COMPLEMENTARIOS PARA LA ATENCIÓN DEL USUARIO,10102,FALTA DE OPORTUNIDAD PARA SERVICIOS DE COMPLEMENTACIÓN TERAPÉUTICA,1010201,TERAPIA FÍSICA,,,CÁNCER ,LINFOMA NO HODGKING,"LINFOMA NO HODGKIN, NO ESPECIFICADO",No aplica,PRIORIZADO
382,2024,6,Web,66,66001,US- 000003606460,A nombre propio,MUJER,85,MAYOR DE 63 AÑOS ,No Aplica,Contributivo,No Aplica,No Aplica,66,66001,SOS -SERVICIO OCCIDENTAL DE SALUD,RÉGIMEN CONTRIBUTIVO,EPS018,SERVICIO OCCIDENTAL DE SALUD (SOS),66,66001,1,BARRERAS EN EL ACCESO A TECNOLOGÍAS Y SERVICIOS DE SALUD; Y OTROS ELEMENTOS COMPLEMENTARIOS PARA LA ATENCIÓN DEL USUARIO,102,NEGACIÓN DE TECNOLOGÍAS EN SALUD Y OTROS ELEMENTOS COMPLEMENTARIOS PARA LA ATENCIÓN DEL USUARIO,10204,NEGACIÓN PARA LA ENTREGA DE TECNOLOGÍAS EN SALUD Y/O DE OTROS SERVICIOS AUTORIZADOS,1020407,"ELEMENTOS COMPLEMENTARIOS PARA LA ATENCIÓN DEL USUARIO (PAÑALES, PAÑITOS, ETC.)",,,CÁNCER ,OTROS,PROBLEMAS RELACIONADOS CON FACILIDADES DE ATENCIÓN MEDICA U OTROS SERVICIOS DE SALUD,No aplica,SIMPLE
383,2024,6,Telefónico,76,76001,US- 000000246788,A nombre propio,MUJER,80,MAYOR DE 63 AÑOS ,Ninguno,Contributivo,No Aplica,No Aplica,76,76001,NUEVA EPS,RÉGIMEN CONTRIBUTIVO,EPS037,NUEVA EPS,76,76001,1,BARRERAS EN EL ACCESO A TECNOLOGÍAS Y SERVICIOS DE SALUD; Y OTROS ELEMENTOS COMPLEMENTARIOS PARA LA ATENCIÓN DEL USUARIO,102,NEGACIÓN DE TECNOLOGÍAS EN SALUD Y OTROS ELEMENTOS COMPLEMENTARIOS PARA LA ATENCIÓN DEL USUARIO,10204,NEGACIÓN PARA LA ENTREGA DE TECNOLOGÍAS EN SALUD Y/O DE OTROS SERVICIOS AUTORIZADOS,1020401,MEDICAMENTOS UPC,,,PROBLEMAS RELACIONADOS CON FACILIDADES DE ATENCIÓN MÉDICA U OTROS SERVICIOS DE SALUD,PROBLEMAS RELACIONADOS CON FACILIDADES DE ATENCIÓN MÉDICA U OTROS SERVICIOS DE SALUD,HIPERTENSIÓN ESENCIAL (PRIMARIA),No aplica,SIMPLE
384,2024,5,Web,11,11001,US- 000002760996,A nombre propio,HOMBRE,64,MAYOR DE 63 AÑOS ,No Aplica,Contributivo,No Aplica,Persona con discapacidad,11,11001,NUEVA EPS,RÉGIMEN CONTRIBUTIVO,EPS037,NUEVA EPS,11,11001,1,BARRERAS EN EL ACCESO A TECNOLOGÍAS Y SERVICIOS DE SALUD; Y OTROS ELEMENTOS COMPLEMENTARIOS PARA LA ATENCIÓN DEL USUARIO,101,FALTA DE OPORTUNIDAD EN LA PRESTACIÓN DE TECNOLOGÍAS EN SALUD Y OTROS ELEMENTOS COMPLEMENTARIOS PARA LA ATENCIÓN DEL USUARIO,10103,FALTA DE OPORTUNIDAD EN LA ATENCIÓN EN OTROS SERVICIOS DE SALUD,1010309,PROCEDIMIENTOS QUIRÚRGICOS,1010309003,OTROS PROCEDIMIENTOS QUIRÚRGICOS,ENFERMEDADES OSTEOARTICULARES,OTROS,OTRAS ATENCIONES MEDICAS ESPECIFICADAS,Reemplazos articulares,SIMPLE
385,2024,6,Web,5,5266,US- 000003606461,A nombre propio,HOMBRE,46,DE 38 A 49 AÑOS,No Aplica,Contributivo,No Aplica,No Aplica,5,5266,SALUD TOTAL,RÉGIMEN CONTRIBUTIVO,EPS002,SALUD TOTAL,17,17001,1,BARRERAS EN EL ACCESO A TECNOLOGÍAS Y SERVICIOS DE SALUD; Y OTROS ELEMENTOS COMPLEMENTARIOS PARA LA ATENCIÓN DEL USUARIO,103,FALTA DE OPORTUNIDAD EN LA AUTORIZACIÓN DE TECNOLOGÍAS EN SALUD Y OTROS ELEMENTOS COMPLEMENTARIOS PARA LA ATENCIÓN DEL USUARIO,10304,FALTA DE OPORTUNIDAD EN LA AUTORIZACIÓN DE OTROS SERVICIOS DE SALUD,1030405,ATENCIÓN DOMICILIARIA,,,PROBLEMAS RELACIONADOS CON FACILIDADES DE ATENCIÓN MÉDICA U OTROS SERVICIOS DE SALUD,PROBLEMAS RELACIONADOS CON FACILIDADES DE ATENCIÓN MÉDICA U OTROS SERVICIOS DE SALUD,EMBOLIA Y TROMBOSIS DE OTRAS VENAS ESPECIFICADAS,No aplica,SIMPLE
386,2024,6,Web,11,11001,US- 000003606462,A nombre propio,MUJER,56,DE 50 A 62 AÑOS,No Aplica,Contributivo,No Aplica,No Aplica,11,11001,FAMISANAR,RÉGIMEN CONTRIBUTIVO,EPS017,FAMISANAR,11,11001,1,BARRERAS EN EL ACCESO A TECNOLOGÍAS Y SERVICIOS DE SALUD; Y OTROS ELEMENTOS COMPLEMENTARIOS PARA LA ATENCIÓN DEL USUARIO,102,NEGACIÓN DE TECNOLOGÍAS EN SALUD Y OTROS ELEMENTOS COMPLEMENTARIOS PARA LA ATENCIÓN DEL USUARIO,10204,NEGACIÓN PARA LA ENTREGA DE TECNOLOGÍAS EN SALUD Y/O DE OTROS SERVICIOS AUTORIZADOS,1020401,MEDICAMENTOS UPC,,,PROBLEMAS RELACIONADOS CON FACILIDADES DE ATENCIÓN MÉDICA U OTROS SERVICIOS DE SALUD,PROBLEMAS RELACIONADOS CON FACILIDADES DE ATENCIÓN MÉDICA U OTROS SERVICIOS DE SALUD,TINNITUS,No aplica,SIMPLE
387,2024,6,Web,15,15759,US- 000003606463,A nombre propio,HOMBRE,66,MAYOR DE 63 AÑOS ,No Aplica,Subsidiado,No Aplica,No Aplica,15,15759,SANITAS,RÉGIMEN CONTRIBUTIVO,EPS005,SANITAS,15,15759,1,BARRERAS EN EL ACCESO A TECNOLOGÍAS Y SERVICIOS DE SALUD; Y OTROS ELEMENTOS COMPLEMENTARIOS PARA LA ATENCIÓN DEL USUARIO,101,FALTA DE OPORTUNIDAD EN LA PRESTACIÓN DE TECNOLOGÍAS EN SALUD Y OTROS ELEMENTOS COMPLEMENTARIOS PARA LA ATENCIÓN DEL USUARIO,10101,FALTA DE OPORTUNIDAD EN LAS CITAS O CONSULTAS,1010103,ESPECIALIDADES MÉDICAS ,1010103094,UROLOGÍA,CÁNCER ,CÁNCER DE PRÓSTATA,TUMOR MALIGNO DE LA PRÓSTATA,No aplica,PRIORIZADO
388,2024,6,Personalizado,73,73001,US- 000003606464,A nombre propio,HOMBRE,80,MAYOR DE 63 AÑOS ,Secundaria,Contributivo,No Aplica,No Aplica,73,73001,NUEVA EPS,RÉGIMEN CONTRIBUTIVO,EPS037,NUEVA EPS,73,73001,1,BARRERAS EN EL ACCESO A TECNOLOGÍAS Y SERVICIOS DE SALUD; Y OTROS ELEMENTOS COMPLEMENTARIOS PARA LA ATENCIÓN DEL USUARIO,101,FALTA DE OPORTUNIDAD EN LA PRESTACIÓN DE TECNOLOGÍAS EN SALUD Y OTROS ELEMENTOS COMPLEMENTARIOS PARA LA ATENCIÓN DEL USUARIO,10101,FALTA DE OPORTUNIDAD EN LAS CITAS O CONSULTAS,1010103,ESPECIALIDADES MÉDICAS ,1010103075,OFTALMOLOGÍA,ENFERMEDADES CRÓNICAS NO TRASMISIBLES CARDIOVASCULARES,HTA (HIPERTENSIÓN ARTERIAL),COMPLICACIÓN MECÁNICA DE LENTES INTRAOCULARES,No aplica,SIMPLE
389,2024,6,Escrito,23,23001,US- 000003606465,Otro,MUJER,68,MAYOR DE 63 AÑOS ,No Aplica,Contributivo,No Aplica,No Aplica,23,23001,SALUD TOTAL,RÉGIMEN CONTRIBUTIVO,EPS002,SALUD TOTAL,23,23001,4,INSATISFACCIÓN DEL USUARIO CON EL PROCESO ADMINISTRATIVO,405,PROBLEMAS EN EL RECONOCIMIENTO Y/O PAGO DE PRESTACIONES ECONÓMICAS,40502,NEGACIÓN Y/O FALTA DE OPORTUNIDAD EN EL RECONOCIMIENTO DE REEMBOLSOS,4050203,SERVICIOS HOSPITALARIOS,,,PROBLEMAS RELACIONADOS CON FACILIDADES DE ATENCIÓN MÉDICA U OTROS SERVICIOS DE SALUD,PROBLEMAS RELACIONADOS CON FACILIDADES DE ATENCIÓN MÉDICA U OTROS SERVICIOS DE SALUD,HEMOPTISIS,No aplica,SIMPLE
390,2024,6,Web,54,54001,US- 000003606466,A nombre propio,HOMBRE,65,MAYOR DE 63 AÑOS ,No Aplica,Contributivo,No Aplica,No Aplica,54,54001,NUEVA EPS,RÉGIMEN CONTRIBUTIVO,EPS037,NUEVA EPS,54,54001,1,BARRERAS EN EL ACCESO A TECNOLOGÍAS Y SERVICIOS DE SALUD; Y OTROS ELEMENTOS COMPLEMENTARIOS PARA LA ATENCIÓN DEL USUARIO,103,FALTA DE OPORTUNIDAD EN LA AUTORIZACIÓN DE TECNOLOGÍAS EN SALUD Y OTROS ELEMENTOS COMPLEMENTARIOS PARA LA ATENCIÓN DEL USUARIO,10304,FALTA DE OPORTUNIDAD EN LA AUTORIZACIÓN DE OTROS SERVICIOS DE SALUD,1030408,PROCEDIMIENTOS NO QUIRÚRGICOS,1030408002,LABORATORIO CLÍNICO Y ANATOMOPATOLÓGICO,ENFERMEDADES CRÓNICAS NO TRASMISIBLES CARDIOVASCULARES,HTA (HIPERTENSIÓN ARTERIAL),HIPERPLASIA DE LA PRÓSTATA,No aplica,SIMPLE
391,2024,6,Telefónico,5,5631,US- 000003606467,Madre,HOMBRE,7,DE 6 A 12 AÑOS,Primaria Incompleta,Subsidiado,No Aplica,No Aplica,5,5631,SAVIA SALUD,RÉGIMEN SUBSIDIADO,EPSS40,SAVIA SALUD EPS,5,5631,1,BARRERAS EN EL ACCESO A TECNOLOGÍAS Y SERVICIOS DE SALUD; Y OTROS ELEMENTOS COMPLEMENTARIOS PARA LA ATENCIÓN DEL USUARIO,101,FALTA DE OPORTUNIDAD EN LA PRESTACIÓN DE TECNOLOGÍAS EN SALUD Y OTROS ELEMENTOS COMPLEMENTARIOS PARA LA ATENCIÓN DEL USUARIO,10101,FALTA DE OPORTUNIDAD EN LAS CITAS O CONSULTAS,1010103,ESPECIALIDADES MÉDICAS ,1010103080,OTORRINOLARINGOLOGÍA,PROBLEMAS RELACIONADOS CON FACILIDADES DE ATENCIÓN MÉDICA U OTROS SERVICIOS DE SALUD,PROBLEMAS RELACIONADOS CON FACILIDADES DE ATENCIÓN MÉDICA U OTROS SERVICIOS DE SALUD,"RINITIS ALÉRGICA, NO ESPECIFICADA",No aplica,SIMPLE
392,2024,5,Web,5,5001,US- 000003606468,A nombre propio,HOMBRE,29,DE 25 A 29 AÑOS,No Aplica,Contributivo,No Aplica,No Aplica,5,5001,SURAMERICANA EPS,RÉGIMEN CONTRIBUTIVO,EPS010,EPS SURA,5,5001,1,BARRERAS EN EL ACCESO A TECNOLOGÍAS Y SERVICIOS DE SALUD; Y OTROS ELEMENTOS COMPLEMENTARIOS PARA LA ATENCIÓN DEL USUARIO,102,NEGACIÓN DE TECNOLOGÍAS EN SALUD Y OTROS ELEMENTOS COMPLEMENTARIOS PARA LA ATENCIÓN DEL USUARIO,10201,NEGACIÓN EN LA ASIGNACIÓN DE CITAS O CONSULTAS,1020103,ESPECIALIDADES MÉDICAS ,1020103053,HEPATOLOGÍA,PROBLEMAS RELACIONADOS CON FACILIDADES DE ATENCIÓN MÉDICA U OTROS SERVICIOS DE SALUD,PROBLEMAS RELACIONADOS CON FACILIDADES DE ATENCIÓN MÉDICA U OTROS SERVICIOS DE SALUD,OTROS PROBLEMAS RELACIONADOS CON SERVICIOS MÉDICOS Y DE SALUD,No aplica,SIMPLE
393,2024,6,Telefónico,76,76001,US- 000003606469,A nombre propio,MUJER,26,DE 25 A 29 AÑOS,Universitario Incompleto,Subsidiado,No Aplica,Víctima del conflicto armado,76,76001,NUEVA EPS,RÉGIMEN SUBSIDIADO,EPSS41,NUEVA EPS,76,76001,1,BARRERAS EN EL ACCESO A TECNOLOGÍAS Y SERVICIOS DE SALUD; Y OTROS ELEMENTOS COMPLEMENTARIOS PARA LA ATENCIÓN DEL USUARIO,102,NEGACIÓN DE TECNOLOGÍAS EN SALUD Y OTROS ELEMENTOS COMPLEMENTARIOS PARA LA ATENCIÓN DEL USUARIO,10201,NEGACIÓN EN LA ASIGNACIÓN DE CITAS O CONSULTAS,1020103,ESPECIALIDADES MÉDICAS ,1020103024,CIRUGÍA MAXILOFACIAL,SALUD ORAL,SALUD ORAL,MALOCLUSIÓN DE TIPO NO ESPECIFICADO,No aplica,SIMPLE
394,2024,5,Personalizado,63,63001,US- 000003606470,Madre,MUJER,9,DE 6 A 12 AÑOS,Ninguno,Régimen Especial,No Aplica,Persona con discapacidad,63,63001,FUERZAS MILITARES,REGÍMENES DE EXCEPCIÓN Y ESPECIALES,REFM01,FUERZAS MILITARES,63,63001,1,BARRERAS EN EL ACCESO A TECNOLOGÍAS Y SERVICIOS DE SALUD; Y OTROS ELEMENTOS COMPLEMENTARIOS PARA LA ATENCIÓN DEL USUARIO,102,NEGACIÓN DE TECNOLOGÍAS EN SALUD Y OTROS ELEMENTOS COMPLEMENTARIOS PARA LA ATENCIÓN DEL USUARIO,10204,NEGACIÓN PARA LA ENTREGA DE TECNOLOGÍAS EN SALUD Y/O DE OTROS SERVICIOS AUTORIZADOS,1020407,"ELEMENTOS COMPLEMENTARIOS PARA LA ATENCIÓN DEL USUARIO (PAÑALES, PAÑITOS, ETC.)",,,ENFERMEDADES HUÉRFANAS,OTROS,OTROS TIPOS DE PARÁLISIS CEREBRAL INFANTIL,No aplica,PRIORIZADO
395,2024,6,Personalizado,41,41001,US- 000002734576,A nombre propio,HOMBRE,64,MAYOR DE 63 AÑOS ,Universitario,Contributivo,No Aplica,No Aplica,41,41001,SANITAS,RÉGIMEN CONTRIBUTIVO,EPS005,SANITAS,41,41001,1,BARRERAS EN EL ACCESO A TECNOLOGÍAS Y SERVICIOS DE SALUD; Y OTROS ELEMENTOS COMPLEMENTARIOS PARA LA ATENCIÓN DEL USUARIO,102,NEGACIÓN DE TECNOLOGÍAS EN SALUD Y OTROS ELEMENTOS COMPLEMENTARIOS PARA LA ATENCIÓN DEL USUARIO,10201,NEGACIÓN EN LA ASIGNACIÓN DE CITAS O CONSULTAS,1020103,ESPECIALIDADES MÉDICAS ,1020103006,CARDIOLOGÍA,ENFERMEDADES CRÓNICAS NO TRASMISIBLES CARDIOVASCULARES,OTROS,HIPERTENSIÓN ESENCIAL (PRIMARIA),No aplica,SIMPLE
396,2024,5,Escrito,11,11001,US- 000003606471,A nombre propio,HOMBRE,11,DE 6 A 12 AÑOS,No Aplica,Contributivo,No Aplica,No Aplica,11,11001,FAMISANAR,RÉGIMEN CONTRIBUTIVO,EPS017,FAMISANAR,11,11001,1,BARRERAS EN EL ACCESO A TECNOLOGÍAS Y SERVICIOS DE SALUD; Y OTROS ELEMENTOS COMPLEMENTARIOS PARA LA ATENCIÓN DEL USUARIO,102,NEGACIÓN DE TECNOLOGÍAS EN SALUD Y OTROS ELEMENTOS COMPLEMENTARIOS PARA LA ATENCIÓN DEL USUARIO,10201,NEGACIÓN EN LA ASIGNACIÓN DE CITAS O CONSULTAS,1020103,ESPECIALIDADES MÉDICAS ,1020103043,GASTROENTEROLOGÍA PEDIÁTRICA,PROBLEMAS RELACIONADOS CON FACILIDADES DE ATENCIÓN MÉDICA U OTROS SERVICIOS DE SALUD,PROBLEMAS RELACIONADOS CON FACILIDADES DE ATENCIÓN MÉDICA U OTROS SERVICIOS DE SALUD,OTRAS HIDRONEFROSIS Y LAS NO ESPECIFICADAS,No aplica,SIMPLE
397,2024,6,Web,11,11001,US- 000001704583,A nombre propio,HOMBRE,46,DE 38 A 49 AÑOS,No Aplica,Contributivo,No Aplica,No Aplica,11,11001,FAMISANAR,RÉGIMEN CONTRIBUTIVO,EPS017,FAMISANAR,11,11001,1,BARRERAS EN EL ACCESO A TECNOLOGÍAS Y SERVICIOS DE SALUD; Y OTROS ELEMENTOS COMPLEMENTARIOS PARA LA ATENCIÓN DEL USUARIO,103,FALTA DE OPORTUNIDAD EN LA AUTORIZACIÓN DE TECNOLOGÍAS EN SALUD Y OTROS ELEMENTOS COMPLEMENTARIOS PARA LA ATENCIÓN DEL USUARIO,10304,FALTA DE OPORTUNIDAD EN LA AUTORIZACIÓN DE OTROS SERVICIOS DE SALUD,1030409,PROCEDIMIENTOS QUIRÚRGICOS,1030409003,OTROS PROCEDIMIENTOS QUIRÚRGICOS,CÁNCER ,OTROS,TUMOR MALIGNO DE LA GLÁNDULA TIROIDES,No aplica,PRIORIZADO
398,2024,6,Escrito,68,68001,US- 000003606472,Hijo (A),MUJER,67,MAYOR DE 63 AÑOS ,No Aplica,Subsidiado,No Aplica,No Aplica,68,68001,NUEVA EPS,RÉGIMEN SUBSIDIADO,EPSS41,NUEVA EPS,68,68001,1,BARRERAS EN EL ACCESO A TECNOLOGÍAS Y SERVICIOS DE SALUD; Y OTROS ELEMENTOS COMPLEMENTARIOS PARA LA ATENCIÓN DEL USUARIO,102,NEGACIÓN DE TECNOLOGÍAS EN SALUD Y OTROS ELEMENTOS COMPLEMENTARIOS PARA LA ATENCIÓN DEL USUARIO,10207,NEGACIÓN EN LA AUTORIZACIÓN DE TECNOLOGÍAS EN SALUD Y/O DE OTROS SERVICIOS,1020701,MEDICAMENTOS UPC,,,ENFERMEDADES CRÓNICAS NO TRANSMISIBLES –DIABETES,DIABETES,DIABETES MELLITUS INSULINODEPENDIENTE,No aplica,PRIORIZADO
399,2024,6,Web,5,5376,US- 000003606473,A nombre propio,MUJER,51,DE 50 A 62 AÑOS,Ninguno,Contributivo,No Aplica,No Aplica,5,5376,SURAMERICANA EPS,RÉGIMEN CONTRIBUTIVO,EPS010,EPS SURA,5,5376,1,BARRERAS EN EL ACCESO A TECNOLOGÍAS Y SERVICIOS DE SALUD; Y OTROS ELEMENTOS COMPLEMENTARIOS PARA LA ATENCIÓN DEL USUARIO,102,NEGACIÓN DE TECNOLOGÍAS EN SALUD Y OTROS ELEMENTOS COMPLEMENTARIOS PARA LA ATENCIÓN DEL USUARIO,10201,NEGACIÓN EN LA ASIGNACIÓN DE CITAS O CONSULTAS,1020103,ESPECIALIDADES MÉDICAS ,1020103047,GINECOLOGÍA Y OBSTETRICIA,PROBLEMAS RELACIONADOS CON FACILIDADES DE ATENCIÓN MÉDICA U OTROS SERVICIOS DE SALUD,PROBLEMAS RELACIONADOS CON FACILIDADES DE ATENCIÓN MÉDICA U OTROS SERVICIOS DE SALUD,OTROS PROBLEMAS RELACIONADOS CON SERVICIOS MÉDICOS Y DE SALUD,No aplica,SIMPLE
400,2024,6,Personalizado,68,68001,US- 000001879251,Padre,MUJER,28,DE 25 A 29 AÑOS,Primaria Incompleta,Contributivo,No Aplica,Persona con discapacidad,68,68001,SALUD TOTAL,RÉGIMEN CONTRIBUTIVO,EPS002,SALUD TOTAL,68,68001,1,BARRERAS EN EL ACCESO A TECNOLOGÍAS Y SERVICIOS DE SALUD; Y OTROS ELEMENTOS COMPLEMENTARIOS PARA LA ATENCIÓN DEL USUARIO,102,NEGACIÓN DE TECNOLOGÍAS EN SALUD Y OTROS ELEMENTOS COMPLEMENTARIOS PARA LA ATENCIÓN DEL USUARIO,10204,NEGACIÓN PARA LA ENTREGA DE TECNOLOGÍAS EN SALUD Y/O DE OTROS SERVICIOS AUTORIZADOS,1020401,MEDICAMENTOS UPC,,,ENFERMEDADES NEUROLÓGICAS,EPILEPSIA,"EPILEPSIA, TIPO NO ESPECIFICADO",No aplica,PRIORIZADO
401,2024,6,Web,76,76828,US- 000003606474,A nombre propio,HOMBRE,66,MAYOR DE 63 AÑOS ,No Aplica,Subsidiado,Afrocolombiano o Afrodescendiente,Desplazado,76,76828,NUEVA EPS,RÉGIMEN SUBSIDIADO,EPSS41,NUEVA EPS,76,76828,1,BARRERAS EN EL ACCESO A TECNOLOGÍAS Y SERVICIOS DE SALUD; Y OTROS ELEMENTOS COMPLEMENTARIOS PARA LA ATENCIÓN DEL USUARIO,101,FALTA DE OPORTUNIDAD EN LA PRESTACIÓN DE TECNOLOGÍAS EN SALUD Y OTROS ELEMENTOS COMPLEMENTARIOS PARA LA ATENCIÓN DEL USUARIO,10101,FALTA DE OPORTUNIDAD EN LAS CITAS O CONSULTAS,1010103,ESPECIALIDADES MÉDICAS ,1010103075,OFTALMOLOGÍA,PROBLEMAS RELACIONADOS CON FACILIDADES DE ATENCIÓN MÉDICA U OTROS SERVICIOS DE SALUD,PROBLEMAS RELACIONADOS CON FACILIDADES DE ATENCIÓN MÉDICA U OTROS SERVICIOS DE SALUD,OTROS PROBLEMAS RELACIONADOS CON SERVICIOS MÉDICOS Y DE SALUD,No aplica,SIMPLE
402,2024,6,Personalizado,5,5001,US- 000002252612,A nombre propio,HOMBRE,68,MAYOR DE 63 AÑOS ,Secundaria,Subsidiado,No Aplica,No Aplica,5,5001,SURAMERICANA EPS,RÉGIMEN CONTRIBUTIVO,EPS010,EPS SURA,5,5001,1,BARRERAS EN EL ACCESO A TECNOLOGÍAS Y SERVICIOS DE SALUD; Y OTROS ELEMENTOS COMPLEMENTARIOS PARA LA ATENCIÓN DEL USUARIO,101,FALTA DE OPORTUNIDAD EN LA PRESTACIÓN DE TECNOLOGÍAS EN SALUD Y OTROS ELEMENTOS COMPLEMENTARIOS PARA LA ATENCIÓN DEL USUARIO,10101,FALTA DE OPORTUNIDAD EN LAS CITAS O CONSULTAS,1010103,ESPECIALIDADES MÉDICAS ,1010103002,ANESTESIOLOGÍA,PROBLEMAS RELACIONADOS CON FACILIDADES DE ATENCIÓN MÉDICA U OTROS SERVICIOS DE SALUD,PROBLEMAS RELACIONADOS CON FACILIDADES DE ATENCIÓN MÉDICA U OTROS SERVICIOS DE SALUD,HIPERPLASIA DE LA PRÓSTATA,No aplica,SIMPLE
403,2024,6,Web,19,19001,US- 000003124825,Hijo (A),MUJER,66,MAYOR DE 63 AÑOS ,No Aplica,Contributivo,No Aplica,No Aplica,76,76001,NUEVA EPS,RÉGIMEN CONTRIBUTIVO,EPS037,NUEVA EPS,52,52378,1,BARRERAS EN EL ACCESO A TECNOLOGÍAS Y SERVICIOS DE SALUD; Y OTROS ELEMENTOS COMPLEMENTARIOS PARA LA ATENCIÓN DEL USUARIO,101,FALTA DE OPORTUNIDAD EN LA PRESTACIÓN DE TECNOLOGÍAS EN SALUD Y OTROS ELEMENTOS COMPLEMENTARIOS PARA LA ATENCIÓN DEL USUARIO,10103,FALTA DE OPORTUNIDAD EN LA ATENCIÓN EN OTROS SERVICIOS DE SALUD,1010309,PROCEDIMIENTOS QUIRÚRGICOS,1010309003,OTROS PROCEDIMIENTOS QUIRÚRGICOS,PROBLEMAS RELACIONADOS CON FACILIDADES DE ATENCIÓN MÉDICA U OTROS SERVICIOS DE SALUD,PROBLEMAS RELACIONADOS CON FACILIDADES DE ATENCIÓN MÉDICA U OTROS SERVICIOS DE SALUD,TUMOR BENIGNO DE LA HIPÓFISIS,No aplica,SIMPLE
404,2024,4,Web,5,5079,US- 000003606475,A nombre propio,HOMBRE,49,DE 38 A 49 AÑOS,No Aplica,Contributivo,No Aplica,Persona con discapacidad,5,5079,SURAMERICANA EPS,RÉGIMEN CONTRIBUTIVO,EPS010,EPS SURA,5,5736,1,BARRERAS EN EL ACCESO A TECNOLOGÍAS Y SERVICIOS DE SALUD; Y OTROS ELEMENTOS COMPLEMENTARIOS PARA LA ATENCIÓN DEL USUARIO,101,FALTA DE OPORTUNIDAD EN LA PRESTACIÓN DE TECNOLOGÍAS EN SALUD Y OTROS ELEMENTOS COMPLEMENTARIOS PARA LA ATENCIÓN DEL USUARIO,10104,FALTA DE OPORTUNIDAD EN LA ENTREGA O ENTREGA INCOMPLETA DE TECNOLOGÍAS EN SALUD Y/O PRESTACIÓN DE OTROS SERVICIOS,1010407,"ELEMENTOS COMPLEMENTARIOS PARA LA ATENCIÓN DEL USUARIO (PAÑALES, PAÑITOS, ETC.)",,,PROBLEMAS RELACIONADOS CON FACILIDADES DE ATENCIÓN MÉDICA U OTROS SERVICIOS DE SALUD,PROBLEMAS RELACIONADOS CON FACILIDADES DE ATENCIÓN MÉDICA U OTROS SERVICIOS DE SALUD,PARAPLEJIA ESPÁSTICA,No aplica,SIMPLE
405,2024,1,Web,11,11001,US- 000000303962,Empleador,MUJER,27,DE 25 A 29 AÑOS,No Aplica,Contributivo,No Aplica,No Aplica,11,11001,FAMISANAR,RÉGIMEN CONTRIBUTIVO,EPS017,FAMISANAR,11,11001,4,INSATISFACCIÓN DEL USUARIO CON EL PROCESO ADMINISTRATIVO,405,PROBLEMAS EN EL RECONOCIMIENTO Y/O PAGO DE PRESTACIONES ECONÓMICAS,40501,NO RECONOCIMIENTO Y/O PAGO DE LAS PRESTACIONES ECONÓMICAS,4050107,INCAPACIDAD DE ENFERMEDAD GENERAL,,,PROBLEMAS RELACIONADOS CON FACILIDADES DE ATENCIÓN MÉDICA U OTROS SERVICIOS DE SALUD,PROBLEMAS RELACIONADOS CON FACILIDADES DE ATENCIÓN MÉDICA U OTROS SERVICIOS DE SALUD,PROBLEMAS RELACIONADOS CON FACILIDADES DE ATENCIÓN MEDICA U OTROS SERVICIOS DE SALUD,No aplica,SIMPLE
406,2024,6,Web,11,11001,US- 000003606476,A nombre propio,MUJER,77,MAYOR DE 63 AÑOS ,No Aplica,Contributivo,No Aplica,No Aplica,11,11001,SANITAS,RÉGIMEN CONTRIBUTIVO,EPS005,SANITAS,11,11001,1,BARRERAS EN EL ACCESO A TECNOLOGÍAS Y SERVICIOS DE SALUD; Y OTROS ELEMENTOS COMPLEMENTARIOS PARA LA ATENCIÓN DEL USUARIO,101,FALTA DE OPORTUNIDAD EN LA PRESTACIÓN DE TECNOLOGÍAS EN SALUD Y OTROS ELEMENTOS COMPLEMENTARIOS PARA LA ATENCIÓN DEL USUARIO,10101,FALTA DE OPORTUNIDAD EN LAS CITAS O CONSULTAS,1010103,ESPECIALIDADES MÉDICAS ,1010103078,ORTOPEDIA Y TRAUMATOLOGÍA,ENFERMEDADES OSTEOARTICULARES,OTROS,PROBLEMAS RELACIONADOS CON FACILIDADES DE ATENCIÓN MEDICA U OTROS SERVICIOS DE SALUD,No aplica,SIMPLE
407,2024,6,Escrito,17,17433,US- 000003606477,Otro,MUJER,18,DE 18 A 24 AÑOS,No Aplica,Contributivo,No Aplica,No Aplica,17,17433,NUEVA EPS,RÉGIMEN CONTRIBUTIVO,EPS037,NUEVA EPS,17,17433,1,BARRERAS EN EL ACCESO A TECNOLOGÍAS Y SERVICIOS DE SALUD; Y OTROS ELEMENTOS COMPLEMENTARIOS PARA LA ATENCIÓN DEL USUARIO,101,FALTA DE OPORTUNIDAD EN LA PRESTACIÓN DE TECNOLOGÍAS EN SALUD Y OTROS ELEMENTOS COMPLEMENTARIOS PARA LA ATENCIÓN DEL USUARIO,10104,FALTA DE OPORTUNIDAD EN LA ENTREGA O ENTREGA INCOMPLETA DE TECNOLOGÍAS EN SALUD Y/O PRESTACIÓN DE OTROS SERVICIOS,1010401,MEDICAMENTOS UPC,,,PROBLEMAS RELACIONADOS CON FACILIDADES DE ATENCIÓN MÉDICA U OTROS SERVICIOS DE SALUD,PROBLEMAS RELACIONADOS CON FACILIDADES DE ATENCIÓN MÉDICA U OTROS SERVICIOS DE SALUD,TUMOR BENIGNO LIPOMATOSO DE PIEL Y DE TEJIDO SUBCUTÁNEO DE MIEMBROS,No aplica,SIMPLE
408,2024,6,Telefónico,41,41770,US- 000003606478,Amigo (A),HOMBRE,83,MAYOR DE 63 AÑOS ,Primaria,Subsidiado,No Aplica,No Aplica,41,41770,ASMET SALUD EPS,RÉGIMEN SUBSIDIADO,ESS062,ASMET SALUD,41,41770,1,BARRERAS EN EL ACCESO A TECNOLOGÍAS Y SERVICIOS DE SALUD; Y OTROS ELEMENTOS COMPLEMENTARIOS PARA LA ATENCIÓN DEL USUARIO,102,NEGACIÓN DE TECNOLOGÍAS EN SALUD Y OTROS ELEMENTOS COMPLEMENTARIOS PARA LA ATENCIÓN DEL USUARIO,10204,NEGACIÓN PARA LA ENTREGA DE TECNOLOGÍAS EN SALUD Y/O DE OTROS SERVICIOS AUTORIZADOS,1020407,"ELEMENTOS COMPLEMENTARIOS PARA LA ATENCIÓN DEL USUARIO (PAÑALES, PAÑITOS, ETC.)",,,ENFERMEDADES OSTEOARTICULARES,NEUROLÓGICAS,HIPERPLASIA DE LA PRÓSTATA,No aplica,SIMPLE
409,2024,6,Telefónico,5,5088,US- 000002092891,Hijo (A),MUJER,78,MAYOR DE 63 AÑOS ,Primaria,Subsidiado,No Aplica,No Aplica,5,5088,SAVIA SALUD,RÉGIMEN SUBSIDIADO,EPSS40,SAVIA SALUD EPS,5,5088,1,BARRERAS EN EL ACCESO A TECNOLOGÍAS Y SERVICIOS DE SALUD; Y OTROS ELEMENTOS COMPLEMENTARIOS PARA LA ATENCIÓN DEL USUARIO,102,NEGACIÓN DE TECNOLOGÍAS EN SALUD Y OTROS ELEMENTOS COMPLEMENTARIOS PARA LA ATENCIÓN DEL USUARIO,10204,NEGACIÓN PARA LA ENTREGA DE TECNOLOGÍAS EN SALUD Y/O DE OTROS SERVICIOS AUTORIZADOS,1020407,"ELEMENTOS COMPLEMENTARIOS PARA LA ATENCIÓN DEL USUARIO (PAÑALES, PAÑITOS, ETC.)",,,ENFERMEDADES CRÓNICAS NO TRASMISIBLES CARDIOVASCULARES,HTA (HIPERTENSIÓN ARTERIAL),"INCONTINENCIA URINARIA, NO ESPECIFICADA",No aplica,SIMPLE
410,2024,6,Web,11,11001,US- 000002761891,A nombre propio,HOMBRE,65,MAYOR DE 63 AÑOS ,No Aplica,Subsidiado,No Aplica,No Aplica,11,11001,NUEVA EPS,RÉGIMEN SUBSIDIADO,EPSS41,NUEVA EPS,25,25649,1,BARRERAS EN EL ACCESO A TECNOLOGÍAS Y SERVICIOS DE SALUD; Y OTROS ELEMENTOS COMPLEMENTARIOS PARA LA ATENCIÓN DEL USUARIO,101,FALTA DE OPORTUNIDAD EN LA PRESTACIÓN DE TECNOLOGÍAS EN SALUD Y OTROS ELEMENTOS COMPLEMENTARIOS PARA LA ATENCIÓN DEL USUARIO,10104,FALTA DE OPORTUNIDAD EN LA ENTREGA O ENTREGA INCOMPLETA DE TECNOLOGÍAS EN SALUD Y/O PRESTACIÓN DE OTROS SERVICIOS,1010401,MEDICAMENTOS UPC,,,ENFERMEDADES OSTEOARTICULARES,NEUROLÓGICAS,ENFERMEDAD DE PARKINSON,No aplica,SIMPLE
411,2024,6,Web,68,68745,US- 000000873463,Otro,MUJER,34,DE 30 A 37 AÑOS,No Aplica,Régimen Especial,No Aplica,Persona con discapacidad,68,68745,MAGISTERIO,REGÍMENES DE EXCEPCIÓN Y ESPECIALES,REMG01,MAGISTERIO,68,68745,1,BARRERAS EN EL ACCESO A TECNOLOGÍAS Y SERVICIOS DE SALUD; Y OTROS ELEMENTOS COMPLEMENTARIOS PARA LA ATENCIÓN DEL USUARIO,101,FALTA DE OPORTUNIDAD EN LA PRESTACIÓN DE TECNOLOGÍAS EN SALUD Y OTROS ELEMENTOS COMPLEMENTARIOS PARA LA ATENCIÓN DEL USUARIO,10104,FALTA DE OPORTUNIDAD EN LA ENTREGA O ENTREGA INCOMPLETA DE TECNOLOGÍAS EN SALUD Y/O PRESTACIÓN DE OTROS SERVICIOS,1010401,MEDICAMENTOS UPC,,,ENFERMEDADES NEUROLÓGICAS,EPILEPSIA,"EPILEPSIA, TIPO NO ESPECIFICADO",No aplica,PRIORIZADO
412,2024,6,Telefónico,76,76130,US- 000003606479,Otro,MUJER,79,MAYOR DE 63 AÑOS ,Primaria Incompleta,Subsidiado,No Aplica,Persona con discapacidad,17,17541,SURAMERICANA EPS,RÉGIMEN CONTRIBUTIVO,EPS010,EPS SURA,17,17541,4,INSATISFACCIÓN DEL USUARIO CON EL PROCESO ADMINISTRATIVO,404,INSATISFACCIÓN RELACIONADA CON TRÁMITES ADMINISTRATIVOS,40404,INCONSISTENCIA RELACIONADA CON COBROS Y/O APORTES,4040403,COBRO COPAGO,,,PROBLEMAS RELACIONADOS CON FACILIDADES DE ATENCIÓN MÉDICA U OTROS SERVICIOS DE SALUD,PROBLEMAS RELACIONADOS CON FACILIDADES DE ATENCIÓN MÉDICA U OTROS SERVICIOS DE SALUD,OBSERVACIÓN POR SOSPECHA DE TUMOR MALIGNO,No aplica,SIMPLE
413,2024,6,Telefónico,25,25473,US- 000002747949,Cónyuge,HOMBRE,64,MAYOR DE 63 AÑOS ,Secundaria,Contributivo,No Aplica,No Aplica,25,25473,COMPENSAR,RÉGIMEN CONTRIBUTIVO,EPS008,COMPENSAR,25,25473,1,BARRERAS EN EL ACCESO A TECNOLOGÍAS Y SERVICIOS DE SALUD; Y OTROS ELEMENTOS COMPLEMENTARIOS PARA LA ATENCIÓN DEL USUARIO,102,NEGACIÓN DE TECNOLOGÍAS EN SALUD Y OTROS ELEMENTOS COMPLEMENTARIOS PARA LA ATENCIÓN DEL USUARIO,10204,NEGACIÓN PARA LA ENTREGA DE TECNOLOGÍAS EN SALUD Y/O DE OTROS SERVICIOS AUTORIZADOS,1020401,MEDICAMENTOS UPC,,,ENFERMEDADES OSTEOARTICULARES,NEUROLÓGICAS,ENFERMEDAD DE PARKINSON,No aplica,SIMPLE
414,2024,5,Web,11,11001,US- 000003606480,A nombre propio,MUJER,20,DE 18 A 24 AÑOS,No Aplica,Contributivo,No Aplica,No Aplica,11,11001,COMPENSAR,RÉGIMEN CONTRIBUTIVO,EPS008,COMPENSAR,11,11001,1,BARRERAS EN EL ACCESO A TECNOLOGÍAS Y SERVICIOS DE SALUD; Y OTROS ELEMENTOS COMPLEMENTARIOS PARA LA ATENCIÓN DEL USUARIO,103,FALTA DE OPORTUNIDAD EN LA AUTORIZACIÓN DE TECNOLOGÍAS EN SALUD Y OTROS ELEMENTOS COMPLEMENTARIOS PARA LA ATENCIÓN DEL USUARIO,10304,FALTA DE OPORTUNIDAD EN LA AUTORIZACIÓN DE OTROS SERVICIOS DE SALUD,1030402,HOSPITALIZACIÓN,,,SALUD MENTAL,OTROS TRASTORNOS MENTALES,PROBLEMAS RELACIONADOS CON FACILIDADES DE ATENCIÓN MEDICA U OTROS SERVICIOS DE SALUD,No aplica,PRIORIZADO
415,2024,6,Web,76,76130,US- 000002313797,A nombre propio,HOMBRE,52,DE 50 A 62 AÑOS,No Aplica,Contributivo,No Aplica,No Aplica,76,76130,NUEVA EPS,RÉGIMEN CONTRIBUTIVO,EPS037,NUEVA EPS,76,76130,1,BARRERAS EN EL ACCESO A TECNOLOGÍAS Y SERVICIOS DE SALUD; Y OTROS ELEMENTOS COMPLEMENTARIOS PARA LA ATENCIÓN DEL USUARIO,102,NEGACIÓN DE TECNOLOGÍAS EN SALUD Y OTROS ELEMENTOS COMPLEMENTARIOS PARA LA ATENCIÓN DEL USUARIO,10203,NEGACIÓN EN LA ATENCIÓN EN OTROS SERVICIOS DE SALUD,1020308,PROCEDIMIENTOS NO QUIRÚRGICOS,1020308006,OTROS PROCEDIMIENTOS NO QUIRÚRGICOS,PROBLEMAS RELACIONADOS CON FACILIDADES DE ATENCIÓN MÉDICA U OTROS SERVICIOS DE SALUD,PROBLEMAS RELACIONADOS CON FACILIDADES DE ATENCIÓN MÉDICA U OTROS SERVICIOS DE SALUD,SÍNDROME DEL COLON IRRITABLE CON DIARREA,No aplica,SIMPLE
416,2024,6,Web,5,5001,US- 000000027937,Otro,MUJER,17,DE 13 A 17 AÑOS,No Aplica,Subsidiado,No Aplica,Persona con discapacidad,5,5001,SAVIA SALUD,RÉGIMEN SUBSIDIADO,EPSS40,SAVIA SALUD EPS,5,5001,1,BARRERAS EN EL ACCESO A TECNOLOGÍAS Y SERVICIOS DE SALUD; Y OTROS ELEMENTOS COMPLEMENTARIOS PARA LA ATENCIÓN DEL USUARIO,102,NEGACIÓN DE TECNOLOGÍAS EN SALUD Y OTROS ELEMENTOS COMPLEMENTARIOS PARA LA ATENCIÓN DEL USUARIO,10204,NEGACIÓN PARA LA ENTREGA DE TECNOLOGÍAS EN SALUD Y/O DE OTROS SERVICIOS AUTORIZADOS,1020407,"ELEMENTOS COMPLEMENTARIOS PARA LA ATENCIÓN DEL USUARIO (PAÑALES, PAÑITOS, ETC.)",,,ENFERMEDADES OSTEOARTICULARES,NEUROLÓGICAS,"VEJIGA NEUROPÁTICA NO INHIBIDA, NO CLASIFICADA EN OTRA PARTE",No aplica,SIMPLE
417,2024,6,Web,5,5212,US- 000002863074,A nombre propio,MUJER,50,DE 50 A 62 AÑOS,No Aplica,Contributivo,No Aplica,Persona con discapacidad,5,5212,NUEVA EPS,RÉGIMEN CONTRIBUTIVO,EPS037,NUEVA EPS,5,5212,1,BARRERAS EN EL ACCESO A TECNOLOGÍAS Y SERVICIOS DE SALUD; Y OTROS ELEMENTOS COMPLEMENTARIOS PARA LA ATENCIÓN DEL USUARIO,102,NEGACIÓN DE TECNOLOGÍAS EN SALUD Y OTROS ELEMENTOS COMPLEMENTARIOS PARA LA ATENCIÓN DEL USUARIO,10201,NEGACIÓN EN LA ASIGNACIÓN DE CITAS O CONSULTAS,1020103,ESPECIALIDADES MÉDICAS ,1020103002,ANESTESIOLOGÍA,ENFERMEDADES OSTEOARTICULARES,OTROS,DOLOR EN ARTICULACIÓN,No aplica,SIMPLE
418,2024,6,Web,25,25307,US- 000003606481,A nombre propio,MUJER,68,MAYOR DE 63 AÑOS ,No Aplica,Contributivo,No Aplica,No Aplica,25,25307,NUEVA EPS,RÉGIMEN CONTRIBUTIVO,EPS037,NUEVA EPS,25,25307,1,BARRERAS EN EL ACCESO A TECNOLOGÍAS Y SERVICIOS DE SALUD; Y OTROS ELEMENTOS COMPLEMENTARIOS PARA LA ATENCIÓN DEL USUARIO,101,FALTA DE OPORTUNIDAD EN LA PRESTACIÓN DE TECNOLOGÍAS EN SALUD Y OTROS ELEMENTOS COMPLEMENTARIOS PARA LA ATENCIÓN DEL USUARIO,10104,FALTA DE OPORTUNIDAD EN LA ENTREGA O ENTREGA INCOMPLETA DE TECNOLOGÍAS EN SALUD Y/O PRESTACIÓN DE OTROS SERVICIOS,1010401,MEDICAMENTOS UPC,,,PROBLEMAS RELACIONADOS CON FACILIDADES DE ATENCIÓN MÉDICA U OTROS SERVICIOS DE SALUD,PROBLEMAS RELACIONADOS CON FACILIDADES DE ATENCIÓN MÉDICA U OTROS SERVICIOS DE SALUD,"ULCERA DEL MIEMBRO INFERIOR, NO CLASIFICADA EN OTRA PARTE",No aplica,SIMPLE
419,2024,6,Web,25,25269,US- 000003606482,A nombre propio,MUJER,68,MAYOR DE 63 AÑOS ,No Aplica,Subsidiado,No Aplica,No Aplica,25,25269,NUEVA EPS,RÉGIMEN SUBSIDIADO,EPSS41,NUEVA EPS,25,25269,1,BARRERAS EN EL ACCESO A TECNOLOGÍAS Y SERVICIOS DE SALUD; Y OTROS ELEMENTOS COMPLEMENTARIOS PARA LA ATENCIÓN DEL USUARIO,102,NEGACIÓN DE TECNOLOGÍAS EN SALUD Y OTROS ELEMENTOS COMPLEMENTARIOS PARA LA ATENCIÓN DEL USUARIO,10204,NEGACIÓN PARA LA ENTREGA DE TECNOLOGÍAS EN SALUD Y/O DE OTROS SERVICIOS AUTORIZADOS,1020401,MEDICAMENTOS UPC,,,PROBLEMAS RELACIONADOS CON FACILIDADES DE ATENCIÓN MÉDICA U OTROS SERVICIOS DE SALUD,PROBLEMAS RELACIONADOS CON FACILIDADES DE ATENCIÓN MÉDICA U OTROS SERVICIOS DE SALUD,VENAS VARICOSAS DE LOS MIEMBROS INFERIORES CON ULCERA E INFLAMACIÓN,No aplica,SIMPLE
420,2024,5,Redes Sociales,5,5001,US- 000003606483,A nombre propio,HOMBRE,20,DE 18 A 24 AÑOS,No Aplica,Contributivo,No Aplica,No Aplica,5,5001,SAVIA SALUD,RÉGIMEN SUBSIDIADO,EPSS40,SAVIA SALUD EPS,5,5001,1,BARRERAS EN EL ACCESO A TECNOLOGÍAS Y SERVICIOS DE SALUD; Y OTROS ELEMENTOS COMPLEMENTARIOS PARA LA ATENCIÓN DEL USUARIO,102,NEGACIÓN DE TECNOLOGÍAS EN SALUD Y OTROS ELEMENTOS COMPLEMENTARIOS PARA LA ATENCIÓN DEL USUARIO,10201,NEGACIÓN EN LA ASIGNACIÓN DE CITAS O CONSULTAS,1020103,ESPECIALIDADES MÉDICAS ,1020103078,ORTOPEDIA Y TRAUMATOLOGÍA,PROBLEMAS RELACIONADOS CON FACILIDADES DE ATENCIÓN MÉDICA U OTROS SERVICIOS DE SALUD,PROBLEMAS RELACIONADOS CON FACILIDADES DE ATENCIÓN MÉDICA U OTROS SERVICIOS DE SALUD,OTROS PROBLEMAS RELACIONADOS CON SERVICIOS MÉDICOS Y DE SALUD,No aplica,PRIORIZADO
421,2024,6,Web,11,11001,US- 000003606484,A nombre propio,MUJER,74,MAYOR DE 63 AÑOS ,No Aplica,Contributivo,No Aplica,No Aplica,11,11001,SURAMERICANA EPS,RÉGIMEN CONTRIBUTIVO,EPS010,EPS SURA,11,11001,1,BARRERAS EN EL ACCESO A TECNOLOGÍAS Y SERVICIOS DE SALUD; Y OTROS ELEMENTOS COMPLEMENTARIOS PARA LA ATENCIÓN DEL USUARIO,103,FALTA DE OPORTUNIDAD EN LA AUTORIZACIÓN DE TECNOLOGÍAS EN SALUD Y OTROS ELEMENTOS COMPLEMENTARIOS PARA LA ATENCIÓN DEL USUARIO,10301,FALTA DE OPORTUNIDAD EN LA AUTORIZACIÓN DE TECNOLOGÍAS EN SALUD Y/O DE OTROS SERVICIOS,1030101,MEDICAMENTOS UPC,,,CÁNCER ,OTROS,"TUMOR MALIGNO DEL COLON, PARTE NO ESPECIFICADA",Quimioterapia y radioterapia para el cáncer,PRIORIZADO
422,2024,6,Telefónico,11,11001,US- 000003606485,A nombre propio,MUJER,67,MAYOR DE 63 AÑOS ,Secundaria,Contributivo,No Aplica,No Aplica,11,11001,SALUD TOTAL,RÉGIMEN CONTRIBUTIVO,EPS002,SALUD TOTAL,11,11001,1,BARRERAS EN EL ACCESO A TECNOLOGÍAS Y SERVICIOS DE SALUD; Y OTROS ELEMENTOS COMPLEMENTARIOS PARA LA ATENCIÓN DEL USUARIO,102,NEGACIÓN DE TECNOLOGÍAS EN SALUD Y OTROS ELEMENTOS COMPLEMENTARIOS PARA LA ATENCIÓN DEL USUARIO,10201,NEGACIÓN EN LA ASIGNACIÓN DE CITAS O CONSULTAS,1020103,ESPECIALIDADES MÉDICAS ,1020103035,DOLOR Y CUIDADOS PALIATIVOS,ENFERMEDADES CRÓNICAS NO TRASMISIBLES CARDIOVASCULARES,OTROS,"ARRITMIA CARDIACA, NO ESPECIFICADA",No aplica,SIMPLE
423,2024,5,Telefónico,5,5607,US- 000003606486,Veedor,MUJER,12,DE 6 A 12 AÑOS,Primaria,Subsidiado,No Aplica,Persona con discapacidad,76,76001,COMPENSAR,RÉGIMEN CONTRIBUTIVO,EPS008,COMPENSAR,76,76001,1,BARRERAS EN EL ACCESO A TECNOLOGÍAS Y SERVICIOS DE SALUD; Y OTROS ELEMENTOS COMPLEMENTARIOS PARA LA ATENCIÓN DEL USUARIO,102,NEGACIÓN DE TECNOLOGÍAS EN SALUD Y OTROS ELEMENTOS COMPLEMENTARIOS PARA LA ATENCIÓN DEL USUARIO,10204,NEGACIÓN PARA LA ENTREGA DE TECNOLOGÍAS EN SALUD Y/O DE OTROS SERVICIOS AUTORIZADOS,1020401,MEDICAMENTOS UPC,,,PROBLEMAS RELACIONADOS CON FACILIDADES DE ATENCIÓN MÉDICA U OTROS SERVICIOS DE SALUD,PROBLEMAS RELACIONADOS CON FACILIDADES DE ATENCIÓN MÉDICA U OTROS SERVICIOS DE SALUD,ACONDROPLASIA,No aplica,PRIORIZADO
424,2024,6,Web,73,73001,US- 000003606487,A nombre propio,HOMBRE,54,DE 50 A 62 AÑOS,No Aplica,Contributivo,No Aplica,No Aplica,73,73001,SALUD TOTAL,RÉGIMEN CONTRIBUTIVO,EPS002,SALUD TOTAL,73,73001,4,INSATISFACCIÓN DEL USUARIO CON EL PROCESO ADMINISTRATIVO,401,INSATISFACCIÓN CON LA COMUNICACIÓN O INFORMACIÓN ENTREGADA POR PARTE DEL PERSONAL ADMINISTRATIVO,40101,INSATISFACCIÓN RELACIONADA CON INSUFICIENCIA O DEFICIENCIAS EN LA CALIDAD DE LA INFORMACIÓN BRINDADA AL USUARIO,,,,,CÁNCER ,LINFOMA NO HODGKING,LINFOMA NO HODGKIN DE CÉLULAS GRANDES (DIFUSO),No aplica,SIMPLE
425,2024,3,Chat,76,76001,US- 000003225002,Hijo (A),MUJER,61,DE 50 A 62 AÑOS,Primaria,Subsidiado,No Aplica,No Aplica,76,76834,EMSSANAR EPS,RÉGIMEN SUBSIDIADO,ESS118,EMSSANAR,76,76834,1,BARRERAS EN EL ACCESO A TECNOLOGÍAS Y SERVICIOS DE SALUD; Y OTROS ELEMENTOS COMPLEMENTARIOS PARA LA ATENCIÓN DEL USUARIO,101,FALTA DE OPORTUNIDAD EN LA PRESTACIÓN DE TECNOLOGÍAS EN SALUD Y OTROS ELEMENTOS COMPLEMENTARIOS PARA LA ATENCIÓN DEL USUARIO,10104,FALTA DE OPORTUNIDAD EN LA ENTREGA O ENTREGA INCOMPLETA DE TECNOLOGÍAS EN SALUD Y/O PRESTACIÓN DE OTROS SERVICIOS,1010406,SOPORTE NUTRICIONAL,,,ENFERMEDADES CRÓNICAS NO TRANSMISIBLES –DIABETES,DIABETES,DIABETES MELLITUS ASOCIADOS CON DESNUTRICIÓN,No aplica,PRIORIZADO
426,2024,6,Telefónico,11,11001,US- 000003606488,Hijo (A),HOMBRE,54,DE 50 A 62 AÑOS,Secundaria,Contributivo,No Aplica,No Aplica,11,11001,SANITAS,RÉGIMEN CONTRIBUTIVO,EPS005,SANITAS,11,11001,1,BARRERAS EN EL ACCESO A TECNOLOGÍAS Y SERVICIOS DE SALUD; Y OTROS ELEMENTOS COMPLEMENTARIOS PARA LA ATENCIÓN DEL USUARIO,101,FALTA DE OPORTUNIDAD EN LA PRESTACIÓN DE TECNOLOGÍAS EN SALUD Y OTROS ELEMENTOS COMPLEMENTARIOS PARA LA ATENCIÓN DEL USUARIO,10105,FALTA DE OPORTUNIDAD EN EL PROCESO DE REFERENCIA Y CONTRARREFERENCIA,,,,,CÁNCER ,CÁNCER COLORECTAL,TUMOR MALIGNO DEL ANTRO PILÓRICO,No aplica,PRIORIZADO
427,2024,5,Telefónico,5,5088,US- 000003606489,A nombre propio,MUJER,57,DE 50 A 62 AÑOS,Secundaria Incompleta,Subsidiado,No Aplica,No Aplica,5,5088,SAVIA SALUD,RÉGIMEN SUBSIDIADO,EPSS40,SAVIA SALUD EPS,5,5088,1,BARRERAS EN EL ACCESO A TECNOLOGÍAS Y SERVICIOS DE SALUD; Y OTROS ELEMENTOS COMPLEMENTARIOS PARA LA ATENCIÓN DEL USUARIO,101,FALTA DE OPORTUNIDAD EN LA PRESTACIÓN DE TECNOLOGÍAS EN SALUD Y OTROS ELEMENTOS COMPLEMENTARIOS PARA LA ATENCIÓN DEL USUARIO,10103,FALTA DE OPORTUNIDAD EN LA ATENCIÓN EN OTROS SERVICIOS DE SALUD,1010308,PROCEDIMIENTOS NO QUIRÚRGICOS,1010308001,IMAGENOLOGÍA,ENFERMEDADES OSTEOARTICULARES,OTROS,SÍNDROME DE MANGUITO ROTATORIO,No aplica,SIMPLE
428,2024,4,Web,76,76306,US- 000003046518,A nombre propio,MUJER,1,DE 0 A 5 AÑOS,No Aplica,Contributivo,No Aplica,No Aplica,76,76306,NUEVA EPS,RÉGIMEN CONTRIBUTIVO,EPS037,NUEVA EPS,76,76306,1,BARRERAS EN EL ACCESO A TECNOLOGÍAS Y SERVICIOS DE SALUD; Y OTROS ELEMENTOS COMPLEMENTARIOS PARA LA ATENCIÓN DEL USUARIO,102,NEGACIÓN DE TECNOLOGÍAS EN SALUD Y OTROS ELEMENTOS COMPLEMENTARIOS PARA LA ATENCIÓN DEL USUARIO,10201,NEGACIÓN EN LA ASIGNACIÓN DE CITAS O CONSULTAS,1020107,ENFERMERÍA,,,MATERNO INFANTIL,ATENCIÓN NIÑOS MENORES DE 5 AÑOS,CONTROL DE SALUD DE RUTINA DEL NIÑO,No aplica,SIMPLE
429,2024,6,Web,17,17001,US- 000002812591,A nombre propio,MUJER,44,DE 38 A 49 AÑOS,No Aplica,Contributivo,No Aplica,No Aplica,17,17001,SALUD TOTAL,RÉGIMEN CONTRIBUTIVO,EPS002,SALUD TOTAL,17,17001,1,BARRERAS EN EL ACCESO A TECNOLOGÍAS Y SERVICIOS DE SALUD; Y OTROS ELEMENTOS COMPLEMENTARIOS PARA LA ATENCIÓN DEL USUARIO,102,NEGACIÓN DE TECNOLOGÍAS EN SALUD Y OTROS ELEMENTOS COMPLEMENTARIOS PARA LA ATENCIÓN DEL USUARIO,10201,NEGACIÓN EN LA ASIGNACIÓN DE CITAS O CONSULTAS,1020103,ESPECIALIDADES MÉDICAS ,1020103072,NEUROLOGÍA,PROBLEMAS RELACIONADOS CON FACILIDADES DE ATENCIÓN MÉDICA U OTROS SERVICIOS DE SALUD,PROBLEMAS RELACIONADOS CON FACILIDADES DE ATENCIÓN MÉDICA U OTROS SERVICIOS DE SALUD,OTRAS ALTERACIONES VISUALES,No aplica,SIMPLE
430,2024,5,Web,63,63401,US- 000003606490,A nombre propio,MUJER,55,DE 50 A 62 AÑOS,Secundaria,Subsidiado,No Aplica,No Aplica,63,63401,NUEVA EPS,RÉGIMEN SUBSIDIADO,EPSS41,NUEVA EPS,63,63401,1,BARRERAS EN EL ACCESO A TECNOLOGÍAS Y SERVICIOS DE SALUD; Y OTROS ELEMENTOS COMPLEMENTARIOS PARA LA ATENCIÓN DEL USUARIO,102,NEGACIÓN DE TECNOLOGÍAS EN SALUD Y OTROS ELEMENTOS COMPLEMENTARIOS PARA LA ATENCIÓN DEL USUARIO,10201,NEGACIÓN EN LA ASIGNACIÓN DE CITAS O CONSULTAS,1020101,MEDICINA GENERAL,,,PROBLEMAS RELACIONADOS CON FACILIDADES DE ATENCIÓN MÉDICA U OTROS SERVICIOS DE SALUD,PROBLEMAS RELACIONADOS CON FACILIDADES DE ATENCIÓN MÉDICA U OTROS SERVICIOS DE SALUD,PROBLEMAS RELACIONADOS CON FACILIDADES DE ATENCIÓN MEDICA U OTROS SERVICIOS DE SALUD,No aplica,SIMPLE
431,2024,5,Personalizado,5,5360,US- 000003606491,Hermano (A),HOMBRE,70,MAYOR DE 63 AÑOS ,Primaria,Contributivo,No Aplica,No Aplica,5,5360,SAVIA SALUD,RÉGIMEN SUBSIDIADO,EPSS40,SAVIA SALUD EPS,5,5360,1,BARRERAS EN EL ACCESO A TECNOLOGÍAS Y SERVICIOS DE SALUD; Y OTROS ELEMENTOS COMPLEMENTARIOS PARA LA ATENCIÓN DEL USUARIO,101,FALTA DE OPORTUNIDAD EN LA PRESTACIÓN DE TECNOLOGÍAS EN SALUD Y OTROS ELEMENTOS COMPLEMENTARIOS PARA LA ATENCIÓN DEL USUARIO,10104,FALTA DE OPORTUNIDAD EN LA ENTREGA O ENTREGA INCOMPLETA DE TECNOLOGÍAS EN SALUD Y/O PRESTACIÓN DE OTROS SERVICIOS,1010401,MEDICAMENTOS UPC,,,ENFERMEDADES CRÓNICAS NO TRASMISIBLES CARDIOVASCULARES,HTA (HIPERTENSIÓN ARTERIAL),ANEMIA POR DEFICIENCIA DE PROTEÍNAS,No aplica,SIMPLE
432,2024,6,Escrito,11,11001,US- 000003606492,A nombre propio,HOMBRE,80,MAYOR DE 63 AÑOS ,Primaria,Contributivo,No Aplica,No Aplica,11,11001,COMPENSAR,RÉGIMEN CONTRIBUTIVO,EPS008,COMPENSAR,11,11001,1,BARRERAS EN EL ACCESO A TECNOLOGÍAS Y SERVICIOS DE SALUD; Y OTROS ELEMENTOS COMPLEMENTARIOS PARA LA ATENCIÓN DEL USUARIO,102,NEGACIÓN DE TECNOLOGÍAS EN SALUD Y OTROS ELEMENTOS COMPLEMENTARIOS PARA LA ATENCIÓN DEL USUARIO,10204,NEGACIÓN PARA LA ENTREGA DE TECNOLOGÍAS EN SALUD Y/O DE OTROS SERVICIOS AUTORIZADOS,1020401,MEDICAMENTOS UPC,,,ENFERMEDADES CRÓNICAS NO TRANSMISIBLES –DIABETES,DIABETES,HIPERTENSIÓN ESENCIAL (PRIMARIA),No aplica,SIMPLE
433,2024,6,Web,68,68679,US- 000003606493,A nombre propio,MUJER,69,MAYOR DE 63 AÑOS ,No Aplica,Régimen Especial,No Aplica,No Aplica,68,68679,MAGISTERIO,REGÍMENES DE EXCEPCIÓN Y ESPECIALES,REMG01,MAGISTERIO,68,68679,4,INSATISFACCIÓN DEL USUARIO CON EL PROCESO ADMINISTRATIVO,404,INSATISFACCIÓN RELACIONADA CON TRÁMITES ADMINISTRATIVOS,40401,RESTRICCIÓN EN LA LIBRE ESCOGENCIA,4040102,PRESTADOR DE SERVICIO DE SALUD,,,PROBLEMAS RELACIONADOS CON FACILIDADES DE ATENCIÓN MÉDICA U OTROS SERVICIOS DE SALUD,PROBLEMAS RELACIONADOS CON FACILIDADES DE ATENCIÓN MÉDICA U OTROS SERVICIOS DE SALUD,OTRAS CONSULTAS ESPECIFICADAS,No aplica,SIMPLE
434,2024,6,Web,5,5001,US- 000003606494,A nombre propio,MUJER,83,MAYOR DE 63 AÑOS ,No Aplica,Contributivo,No Aplica,No Aplica,5,5001,NUEVA EPS,RÉGIMEN CONTRIBUTIVO,EPS037,NUEVA EPS,5,5001,1,BARRERAS EN EL ACCESO A TECNOLOGÍAS Y SERVICIOS DE SALUD; Y OTROS ELEMENTOS COMPLEMENTARIOS PARA LA ATENCIÓN DEL USUARIO,101,FALTA DE OPORTUNIDAD EN LA PRESTACIÓN DE TECNOLOGÍAS EN SALUD Y OTROS ELEMENTOS COMPLEMENTARIOS PARA LA ATENCIÓN DEL USUARIO,10103,FALTA DE OPORTUNIDAD EN LA ATENCIÓN EN OTROS SERVICIOS DE SALUD,1010309,PROCEDIMIENTOS QUIRÚRGICOS,1010309003,OTROS PROCEDIMIENTOS QUIRÚRGICOS,PROBLEMAS RELACIONADOS CON FACILIDADES DE ATENCIÓN MÉDICA U OTROS SERVICIOS DE SALUD,PROBLEMAS RELACIONADOS CON FACILIDADES DE ATENCIÓN MÉDICA U OTROS SERVICIOS DE SALUD,CATARATA COMPLICADA,No aplica,SIMPLE
435,2024,6,Personalizado,54,54001,US- 000001632458,A nombre propio,MUJER,52,DE 50 A 62 AÑOS,Primaria,Subsidiado,No Aplica,No Aplica,54,54001,NUEVA EPS,RÉGIMEN SUBSIDIADO,EPSS41,NUEVA EPS,54,54001,1,BARRERAS EN EL ACCESO A TECNOLOGÍAS Y SERVICIOS DE SALUD; Y OTROS ELEMENTOS COMPLEMENTARIOS PARA LA ATENCIÓN DEL USUARIO,101,FALTA DE OPORTUNIDAD EN LA PRESTACIÓN DE TECNOLOGÍAS EN SALUD Y OTROS ELEMENTOS COMPLEMENTARIOS PARA LA ATENCIÓN DEL USUARIO,10103,FALTA DE OPORTUNIDAD EN LA ATENCIÓN EN OTROS SERVICIOS DE SALUD,1010308,PROCEDIMIENTOS NO QUIRÚRGICOS,1010308001,IMAGENOLOGÍA,ENFERMEDADES OSTEOARTICULARES,OTROS,OTRAS DORSALGIAS,No aplica,SIMPLE
436,2024,6,Telefónico,50,50001,US- 000000981632,Hijo (A),MUJER,72,MAYOR DE 63 AÑOS ,Primaria,Subsidiado,No Aplica,Persona con discapacidad,50,50001,FAMISANAR,RÉGIMEN CONTRIBUTIVO,EPS017,FAMISANAR,50,50001,1,BARRERAS EN EL ACCESO A TECNOLOGÍAS Y SERVICIOS DE SALUD; Y OTROS ELEMENTOS COMPLEMENTARIOS PARA LA ATENCIÓN DEL USUARIO,101,FALTA DE OPORTUNIDAD EN LA PRESTACIÓN DE TECNOLOGÍAS EN SALUD Y OTROS ELEMENTOS COMPLEMENTARIOS PARA LA ATENCIÓN DEL USUARIO,10104,FALTA DE OPORTUNIDAD EN LA ENTREGA O ENTREGA INCOMPLETA DE TECNOLOGÍAS EN SALUD Y/O PRESTACIÓN DE OTROS SERVICIOS,1010402,MEDICAMENTOS NO UPC,,,PROBLEMAS RELACIONADOS CON FACILIDADES DE ATENCIÓN MÉDICA U OTROS SERVICIOS DE SALUD,PROBLEMAS RELACIONADOS CON FACILIDADES DE ATENCIÓN MÉDICA U OTROS SERVICIOS DE SALUD,PRESENCIA DE LENTES INTRAOCULARES,No aplica,SIMPLE
437,2024,6,Web,25,25269,US- 000003606495,A nombre propio,MUJER,15,DE 13 A 17 AÑOS,No Aplica,Subsidiado,No Aplica,No Aplica,25,25269,NUEVA EPS,RÉGIMEN SUBSIDIADO,EPSS41,NUEVA EPS,25,25290,1,BARRERAS EN EL ACCESO A TECNOLOGÍAS Y SERVICIOS DE SALUD; Y OTROS ELEMENTOS COMPLEMENTARIOS PARA LA ATENCIÓN DEL USUARIO,101,FALTA DE OPORTUNIDAD EN LA PRESTACIÓN DE TECNOLOGÍAS EN SALUD Y OTROS ELEMENTOS COMPLEMENTARIOS PARA LA ATENCIÓN DEL USUARIO,10101,FALTA DE OPORTUNIDAD EN LAS CITAS O CONSULTAS,1010101,MEDICINA GENERAL,,,PROBLEMAS RELACIONADOS CON FACILIDADES DE ATENCIÓN MÉDICA U OTROS SERVICIOS DE SALUD,PROBLEMAS RELACIONADOS CON FACILIDADES DE ATENCIÓN MÉDICA U OTROS SERVICIOS DE SALUD,PROBLEMAS RELACIONADOS CON FACILIDADES DE ATENCIÓN MEDICA U OTROS SERVICIOS DE SALUD,No aplica,SIMPLE
438,2024,6,Escrito,76,76670,US- 000003606496,A nombre propio,MUJER,28,DE 25 A 29 AÑOS,No Aplica,Subsidiado,No Aplica,No Aplica,76,76670,COOSALUD,RÉGIMEN SUBSIDIADO,ESS024,COOSALUD,76,76670,1,BARRERAS EN EL ACCESO A TECNOLOGÍAS Y SERVICIOS DE SALUD; Y OTROS ELEMENTOS COMPLEMENTARIOS PARA LA ATENCIÓN DEL USUARIO,101,FALTA DE OPORTUNIDAD EN LA PRESTACIÓN DE TECNOLOGÍAS EN SALUD Y OTROS ELEMENTOS COMPLEMENTARIOS PARA LA ATENCIÓN DEL USUARIO,10103,FALTA DE OPORTUNIDAD EN LA ATENCIÓN EN OTROS SERVICIOS DE SALUD,1010309,PROCEDIMIENTOS QUIRÚRGICOS,1010309003,OTROS PROCEDIMIENTOS QUIRÚRGICOS,ENFERMEDADES OSTEOARTICULARES,OTROS,SECUELAS DE FRACTURA DE FÉMUR,No aplica,SIMPLE
439,2024,6,Web,11,11001,US- 000003606497,A nombre propio,HOMBRE,47,DE 38 A 49 AÑOS,No Aplica,Contributivo,No Aplica,No Aplica,11,11001,NUEVA EPS,RÉGIMEN CONTRIBUTIVO,EPS037,NUEVA EPS,11,11001,1,BARRERAS EN EL ACCESO A TECNOLOGÍAS Y SERVICIOS DE SALUD; Y OTROS ELEMENTOS COMPLEMENTARIOS PARA LA ATENCIÓN DEL USUARIO,103,FALTA DE OPORTUNIDAD EN LA AUTORIZACIÓN DE TECNOLOGÍAS EN SALUD Y OTROS ELEMENTOS COMPLEMENTARIOS PARA LA ATENCIÓN DEL USUARIO,10301,FALTA DE OPORTUNIDAD EN LA AUTORIZACIÓN DE TECNOLOGÍAS EN SALUD Y/O DE OTROS SERVICIOS,1030103,DISPOSITIVOS MÉDICOS UPC,,,PROBLEMAS RELACIONADOS CON FACILIDADES DE ATENCIÓN MÉDICA U OTROS SERVICIOS DE SALUD,PROBLEMAS RELACIONADOS CON FACILIDADES DE ATENCIÓN MÉDICA U OTROS SERVICIOS DE SALUD,HERNIA INGUINAL,No aplica,SIMPLE
440,2024,5,Web,15,15238,US- 000003606498,A nombre propio,MUJER,75,MAYOR DE 63 AÑOS ,No Aplica,Subsidiado,No Aplica,No Aplica,15,15238,COOSALUD,RÉGIMEN SUBSIDIADO,ESS024,COOSALUD,15,15238,1,BARRERAS EN EL ACCESO A TECNOLOGÍAS Y SERVICIOS DE SALUD; Y OTROS ELEMENTOS COMPLEMENTARIOS PARA LA ATENCIÓN DEL USUARIO,101,FALTA DE OPORTUNIDAD EN LA PRESTACIÓN DE TECNOLOGÍAS EN SALUD Y OTROS ELEMENTOS COMPLEMENTARIOS PARA LA ATENCIÓN DEL USUARIO,10104,FALTA DE OPORTUNIDAD EN LA ENTREGA O ENTREGA INCOMPLETA DE TECNOLOGÍAS EN SALUD Y/O PRESTACIÓN DE OTROS SERVICIOS,1010401,MEDICAMENTOS UPC,,,PROBLEMAS RELACIONADOS CON FACILIDADES DE ATENCIÓN MÉDICA U OTROS SERVICIOS DE SALUD,PROBLEMAS RELACIONADOS CON FACILIDADES DE ATENCIÓN MÉDICA U OTROS SERVICIOS DE SALUD,"OSTEOPOROSIS POSTMENOPÁUSICA, SIN FRACTURA PATOLÓGICA",No aplica,SIMPLE
441,2024,6,Web,25,25402,US- 000000722162,A nombre propio,HOMBRE,41,DE 38 A 49 AÑOS,No Aplica,Subsidiado,No Aplica,No Aplica,25,25402,NUEVA EPS,RÉGIMEN SUBSIDIADO,EPSS41,NUEVA EPS,25,25402,1,BARRERAS EN EL ACCESO A TECNOLOGÍAS Y SERVICIOS DE SALUD; Y OTROS ELEMENTOS COMPLEMENTARIOS PARA LA ATENCIÓN DEL USUARIO,102,NEGACIÓN DE TECNOLOGÍAS EN SALUD Y OTROS ELEMENTOS COMPLEMENTARIOS PARA LA ATENCIÓN DEL USUARIO,10204,NEGACIÓN PARA LA ENTREGA DE TECNOLOGÍAS EN SALUD Y/O DE OTROS SERVICIOS AUTORIZADOS,1020401,MEDICAMENTOS UPC,,,SALUD MENTAL,OTROS TRASTORNOS MENTALES,TRASTORNO AFECTANIVO BIPOLAR,No aplica,PRIORIZADO
442,2024,6,Web,70,70670,US- 000003606499,A nombre propio,MUJER,82,MAYOR DE 63 AÑOS ,Ninguno,Subsidiado,No Aplica,No Aplica,70,70670,NUEVA EPS,RÉGIMEN SUBSIDIADO,EPSS41,NUEVA EPS,70,70670,1,BARRERAS EN EL ACCESO A TECNOLOGÍAS Y SERVICIOS DE SALUD; Y OTROS ELEMENTOS COMPLEMENTARIOS PARA LA ATENCIÓN DEL USUARIO,101,FALTA DE OPORTUNIDAD EN LA PRESTACIÓN DE TECNOLOGÍAS EN SALUD Y OTROS ELEMENTOS COMPLEMENTARIOS PARA LA ATENCIÓN DEL USUARIO,10104,FALTA DE OPORTUNIDAD EN LA ENTREGA O ENTREGA INCOMPLETA DE TECNOLOGÍAS EN SALUD Y/O PRESTACIÓN DE OTROS SERVICIOS,1010401,MEDICAMENTOS UPC,,,PROBLEMAS RELACIONADOS CON FACILIDADES DE ATENCIÓN MÉDICA U OTROS SERVICIOS DE SALUD,PROBLEMAS RELACIONADOS CON FACILIDADES DE ATENCIÓN MÉDICA U OTROS SERVICIOS DE SALUD,VENAS VARICOSAS DE LOS MIEMBROS INFERIORES,No aplica,SIMPLE
443,2024,6,Web,11,11001,US- 000003606500,A nombre propio,MUJER,45,DE 38 A 49 AÑOS,No Aplica,Contributivo,No Aplica,Persona con discapacidad,11,11001,SALUD TOTAL,RÉGIMEN CONTRIBUTIVO,EPS002,SALUD TOTAL,11,11001,1,BARRERAS EN EL ACCESO A TECNOLOGÍAS Y SERVICIOS DE SALUD; Y OTROS ELEMENTOS COMPLEMENTARIOS PARA LA ATENCIÓN DEL USUARIO,102,NEGACIÓN DE TECNOLOGÍAS EN SALUD Y OTROS ELEMENTOS COMPLEMENTARIOS PARA LA ATENCIÓN DEL USUARIO,10204,NEGACIÓN PARA LA ENTREGA DE TECNOLOGÍAS EN SALUD Y/O DE OTROS SERVICIOS AUTORIZADOS,1020401,MEDICAMENTOS UPC,,,ENFERMEDADES NEUROLÓGICAS,EPILEPSIA,EPILEPSIA Y SÍNDROMES EPILÉPTICOS IDIOPÁTICOS RELACIONADOS CON LOCALIZACIONES (FOCALES) (PARCIALES) Y CON ATAQUES DE INICIO LOCALIZADO,No aplica,SIMPLE
444,2024,6,Web,70,70110,US- 000003606501,A nombre propio,HOMBRE,11,DE 6 A 12 AÑOS,Ninguno,Subsidiado,No Aplica,Desplazado,70,70110,NUEVA EPS,RÉGIMEN SUBSIDIADO,EPSS41,NUEVA EPS,70,70110,4,INSATISFACCIÓN DEL USUARIO CON EL PROCESO ADMINISTRATIVO,404,INSATISFACCIÓN RELACIONADA CON TRÁMITES ADMINISTRATIVOS,40401,RESTRICCIÓN EN LA LIBRE ESCOGENCIA,4040101,EPS,,,PROBLEMAS RELACIONADOS CON FACILIDADES DE ATENCIÓN MÉDICA U OTROS SERVICIOS DE SALUD,PROBLEMAS RELACIONADOS CON FACILIDADES DE ATENCIÓN MÉDICA U OTROS SERVICIOS DE SALUD,PROBLEMAS RELACIONADOS CON FACILIDADES DE ATENCIÓN MEDICA U OTROS SERVICIOS DE SALUD,No aplica,SIMPLE
445,2024,6,Web,5,5001,US- 000002822675,A nombre propio,MUJER,80,MAYOR DE 63 AÑOS ,No Aplica,Contributivo,No Aplica,Persona con discapacidad,5,5001,SALUD TOTAL,RÉGIMEN CONTRIBUTIVO,EPS002,SALUD TOTAL,5,5001,1,BARRERAS EN EL ACCESO A TECNOLOGÍAS Y SERVICIOS DE SALUD; Y OTROS ELEMENTOS COMPLEMENTARIOS PARA LA ATENCIÓN DEL USUARIO,102,NEGACIÓN DE TECNOLOGÍAS EN SALUD Y OTROS ELEMENTOS COMPLEMENTARIOS PARA LA ATENCIÓN DEL USUARIO,10203,NEGACIÓN EN LA ATENCIÓN EN OTROS SERVICIOS DE SALUD,1020308,PROCEDIMIENTOS NO QUIRÚRGICOS,1020308001,IMAGENOLOGÍA,PROBLEMAS RELACIONADOS CON FACILIDADES DE ATENCIÓN MÉDICA U OTROS SERVICIOS DE SALUD,PROBLEMAS RELACIONADOS CON FACILIDADES DE ATENCIÓN MÉDICA U OTROS SERVICIOS DE SALUD,OTROS PROBLEMAS RELACIONADOS CON SERVICIOS MÉDICOS Y DE SALUD,No aplica,SIMPLE
446,2024,5,Web,66,66001,US- 000003606502,A nombre propio,MUJER,37,DE 30 A 37 AÑOS,No Aplica,Contributivo,No Aplica,No Aplica,66,66001,SOS -SERVICIO OCCIDENTAL DE SALUD,RÉGIMEN CONTRIBUTIVO,EPS018,SERVICIO OCCIDENTAL DE SALUD (SOS),66,66001,1,BARRERAS EN EL ACCESO A TECNOLOGÍAS Y SERVICIOS DE SALUD; Y OTROS ELEMENTOS COMPLEMENTARIOS PARA LA ATENCIÓN DEL USUARIO,101,FALTA DE OPORTUNIDAD EN LA PRESTACIÓN DE TECNOLOGÍAS EN SALUD Y OTROS ELEMENTOS COMPLEMENTARIOS PARA LA ATENCIÓN DEL USUARIO,10103,FALTA DE OPORTUNIDAD EN LA ATENCIÓN EN OTROS SERVICIOS DE SALUD,1010308,PROCEDIMIENTOS NO QUIRÚRGICOS,1010308001,IMAGENOLOGÍA,PROBLEMAS RELACIONADOS CON FACILIDADES DE ATENCIÓN MÉDICA U OTROS SERVICIOS DE SALUD,PROBLEMAS RELACIONADOS CON FACILIDADES DE ATENCIÓN MÉDICA U OTROS SERVICIOS DE SALUD,"HEPATOMEGALIA, NO CLASIFICADA EN OTRA PARTE",No aplica,SIMPLE
447,2024,6,Web,73,73268,US- 000000202229,A nombre propio,MUJER,88,MAYOR DE 63 AÑOS ,No Aplica,Contributivo,No Aplica,No Aplica,73,73268,SALUD TOTAL,RÉGIMEN CONTRIBUTIVO,EPS002,SALUD TOTAL,11,11001,1,BARRERAS EN EL ACCESO A TECNOLOGÍAS Y SERVICIOS DE SALUD; Y OTROS ELEMENTOS COMPLEMENTARIOS PARA LA ATENCIÓN DEL USUARIO,101,FALTA DE OPORTUNIDAD EN LA PRESTACIÓN DE TECNOLOGÍAS EN SALUD Y OTROS ELEMENTOS COMPLEMENTARIOS PARA LA ATENCIÓN DEL USUARIO,10103,FALTA DE OPORTUNIDAD EN LA ATENCIÓN EN OTROS SERVICIOS DE SALUD,1010302,HOSPITALIZACIÓN,,,PROBLEMAS RELACIONADOS CON FACILIDADES DE ATENCIÓN MÉDICA U OTROS SERVICIOS DE SALUD,PROBLEMAS RELACIONADOS CON FACILIDADES DE ATENCIÓN MÉDICA U OTROS SERVICIOS DE SALUD,PROBLEMAS RELACIONADOS CON FACILIDADES DE ATENCIÓN MEDICA U OTROS SERVICIOS DE SALUD,No aplica,PRIORIZADO
448,2024,6,Telefónico,47,47703,US- 000003606503,Hijo (A),MUJER,77,MAYOR DE 63 AÑOS ,Primaria,Subsidiado,No Aplica,No Aplica,47,47703,NUEVA EPS,RÉGIMEN SUBSIDIADO,EPSS41,NUEVA EPS,47,47703,1,BARRERAS EN EL ACCESO A TECNOLOGÍAS Y SERVICIOS DE SALUD; Y OTROS ELEMENTOS COMPLEMENTARIOS PARA LA ATENCIÓN DEL USUARIO,101,FALTA DE OPORTUNIDAD EN LA PRESTACIÓN DE TECNOLOGÍAS EN SALUD Y OTROS ELEMENTOS COMPLEMENTARIOS PARA LA ATENCIÓN DEL USUARIO,10105,FALTA DE OPORTUNIDAD EN EL PROCESO DE REFERENCIA Y CONTRARREFERENCIA,,,,,ENFERMEDADES CRÓNICAS NO TRANSMISIBLES- FACTORES DE RIESGO,MEDICIÓN DE FACTORES DE RIESGO,TUMOR DE COMPORTAMIENTO INCIERTO O DESCONOCIDO DEL ESTOMAGO,No aplica,PRIORIZADO
449,2024,6,Web,52,52022,US- 000003606504,A nombre propio,MUJER,48,DE 38 A 49 AÑOS,Secundaria,Contributivo,Indígena,No Aplica,52,52022,NUEVA EPS,RÉGIMEN CONTRIBUTIVO,EPS037,NUEVA EPS,52,52022,1,BARRERAS EN EL ACCESO A TECNOLOGÍAS Y SERVICIOS DE SALUD; Y OTROS ELEMENTOS COMPLEMENTARIOS PARA LA ATENCIÓN DEL USUARIO,102,NEGACIÓN DE TECNOLOGÍAS EN SALUD Y OTROS ELEMENTOS COMPLEMENTARIOS PARA LA ATENCIÓN DEL USUARIO,10201,NEGACIÓN EN LA ASIGNACIÓN DE CITAS O CONSULTAS,1020103,ESPECIALIDADES MÉDICAS ,1020103058,MEDICINA DEL TRABAJO O SEGURIDAD Y SALUD EN EL TRABAJO,PROBLEMAS RELACIONADOS CON FACILIDADES DE ATENCIÓN MÉDICA U OTROS SERVICIOS DE SALUD,PROBLEMAS RELACIONADOS CON FACILIDADES DE ATENCIÓN MÉDICA U OTROS SERVICIOS DE SALUD,SÍNDROME DEL TÚNEL CARPIANO,No aplica,SIMPLE
450,2024,6,Web,11,11001,US- 000003606505,A nombre propio,HOMBRE,36,DE 30 A 37 AÑOS,No Aplica,Contributivo,No Aplica,No Aplica,11,11001,COMPENSAR,RÉGIMEN CONTRIBUTIVO,EPS008,COMPENSAR,11,11001,1,BARRERAS EN EL ACCESO A TECNOLOGÍAS Y SERVICIOS DE SALUD; Y OTROS ELEMENTOS COMPLEMENTARIOS PARA LA ATENCIÓN DEL USUARIO,102,NEGACIÓN DE TECNOLOGÍAS EN SALUD Y OTROS ELEMENTOS COMPLEMENTARIOS PARA LA ATENCIÓN DEL USUARIO,10201,NEGACIÓN EN LA ASIGNACIÓN DE CITAS O CONSULTAS,1020103,ESPECIALIDADES MÉDICAS ,1020103071,NEUROCIRUGÍA,PROBLEMAS RELACIONADOS CON FACILIDADES DE ATENCIÓN MÉDICA U OTROS SERVICIOS DE SALUD,PROBLEMAS RELACIONADOS CON FACILIDADES DE ATENCIÓN MÉDICA U OTROS SERVICIOS DE SALUD,OTROS PROBLEMAS RELACIONADOS CON SERVICIOS MÉDICOS Y DE SALUD,No aplica,SIMPLE
451,2024,6,Personalizado,27,27001,US- 000003606506,A nombre propio,MUJER,31,DE 30 A 37 AÑOS,Universitario,Contributivo,Afrocolombiano o Afrodescendiente,No Aplica,27,27001,CCF DEL CHOCÓ -COMFACHOCO,RÉGIMEN SUBSIDIADO,CCF102,"CCF CHOCÓ ""CONMFACHOCÓ""",27,27001,1,BARRERAS EN EL ACCESO A TECNOLOGÍAS Y SERVICIOS DE SALUD; Y OTROS ELEMENTOS COMPLEMENTARIOS PARA LA ATENCIÓN DEL USUARIO,102,NEGACIÓN DE TECNOLOGÍAS EN SALUD Y OTROS ELEMENTOS COMPLEMENTARIOS PARA LA ATENCIÓN DEL USUARIO,10204,NEGACIÓN PARA LA ENTREGA DE TECNOLOGÍAS EN SALUD Y/O DE OTROS SERVICIOS AUTORIZADOS,1020401,MEDICAMENTOS UPC,,,PROBLEMAS RELACIONADOS CON FACILIDADES DE ATENCIÓN MÉDICA U OTROS SERVICIOS DE SALUD,PROBLEMAS RELACIONADOS CON FACILIDADES DE ATENCIÓN MÉDICA U OTROS SERVICIOS DE SALUD,"TUMEFACCIÓN, MASA O PROMINENCIA LOCALIZADA EN EL CUELLO",No aplica,SIMPLE
452,2024,5,Web,66,66170,US- 000002032889,A nombre propio,MUJER,52,DE 50 A 62 AÑOS,No Aplica,Contributivo,No Aplica,No Aplica,66,66170,SOS -SERVICIO OCCIDENTAL DE SALUD,RÉGIMEN CONTRIBUTIVO,EPS018,SERVICIO OCCIDENTAL DE SALUD (SOS),66,66170,1,BARRERAS EN EL ACCESO A TECNOLOGÍAS Y SERVICIOS DE SALUD; Y OTROS ELEMENTOS COMPLEMENTARIOS PARA LA ATENCIÓN DEL USUARIO,102,NEGACIÓN DE TECNOLOGÍAS EN SALUD Y OTROS ELEMENTOS COMPLEMENTARIOS PARA LA ATENCIÓN DEL USUARIO,10203,NEGACIÓN EN LA ATENCIÓN EN OTROS SERVICIOS DE SALUD,1020308,PROCEDIMIENTOS NO QUIRÚRGICOS,1020308002,LABORATORIO CLÍNICO Y ANATOMOPATOLÓGICO,PROBLEMAS RELACIONADOS CON FACILIDADES DE ATENCIÓN MÉDICA U OTROS SERVICIOS DE SALUD,PROBLEMAS RELACIONADOS CON FACILIDADES DE ATENCIÓN MÉDICA U OTROS SERVICIOS DE SALUD,OTROS PROBLEMAS RELACIONADOS CON SERVICIOS MÉDICOS Y DE SALUD,No aplica,SIMPLE
453,2024,5,Web,54,54001,US- 000003606507,A nombre propio,MUJER,33,DE 30 A 37 AÑOS,No Aplica,Contributivo,No Aplica,No Aplica,54,54001,NUEVA EPS,RÉGIMEN CONTRIBUTIVO,EPS037,NUEVA EPS,54,54001,1,BARRERAS EN EL ACCESO A TECNOLOGÍAS Y SERVICIOS DE SALUD; Y OTROS ELEMENTOS COMPLEMENTARIOS PARA LA ATENCIÓN DEL USUARIO,103,FALTA DE OPORTUNIDAD EN LA AUTORIZACIÓN DE TECNOLOGÍAS EN SALUD Y OTROS ELEMENTOS COMPLEMENTARIOS PARA LA ATENCIÓN DEL USUARIO,10302,FALTA DE OPORTUNIDAD EN LA AUTORIZACIÓN DE CITAS DE CONSULTA,1030203,ESPECIALIDADES MÉDICAS ,1030203013,CIRUGÍA DE MAMA Y TEJIDOS BLANDOS - MASTOLOGÍA,PROBLEMAS RELACIONADOS CON FACILIDADES DE ATENCIÓN MÉDICA U OTROS SERVICIOS DE SALUD,PROBLEMAS RELACIONADOS CON FACILIDADES DE ATENCIÓN MÉDICA U OTROS SERVICIOS DE SALUD,HIPERTROFIA DE LA MAMA,No aplica,SIMPLE
454,2024,6,Web,68,68432,US- 000003606508,A nombre propio,MUJER,60,DE 50 A 62 AÑOS,Ninguno,Contributivo,No Aplica,No Aplica,68,68432,NUEVA EPS,RÉGIMEN CONTRIBUTIVO,EPS037,NUEVA EPS,68,68432,1,BARRERAS EN EL ACCESO A TECNOLOGÍAS Y SERVICIOS DE SALUD; Y OTROS ELEMENTOS COMPLEMENTARIOS PARA LA ATENCIÓN DEL USUARIO,102,NEGACIÓN DE TECNOLOGÍAS EN SALUD Y OTROS ELEMENTOS COMPLEMENTARIOS PARA LA ATENCIÓN DEL USUARIO,10201,NEGACIÓN EN LA ASIGNACIÓN DE CITAS O CONSULTAS,1020103,ESPECIALIDADES MÉDICAS ,1020103072,NEUROLOGÍA,PROBLEMAS RELACIONADOS CON FACILIDADES DE ATENCIÓN MÉDICA U OTROS SERVICIOS DE SALUD,PROBLEMAS RELACIONADOS CON FACILIDADES DE ATENCIÓN MÉDICA U OTROS SERVICIOS DE SALUD,OTROS PROBLEMAS RELACIONADOS CON SERVICIOS MÉDICOS Y DE SALUD,No aplica,SIMPLE
455,2024,6,Web,76,76520,US- 000002694081,A nombre propio,HOMBRE,26,DE 25 A 29 AÑOS,No Aplica,Contributivo,No Aplica,No Aplica,76,76520,NUEVA EPS,RÉGIMEN CONTRIBUTIVO,EPS037,NUEVA EPS,76,76520,1,BARRERAS EN EL ACCESO A TECNOLOGÍAS Y SERVICIOS DE SALUD; Y OTROS ELEMENTOS COMPLEMENTARIOS PARA LA ATENCIÓN DEL USUARIO,101,FALTA DE OPORTUNIDAD EN LA PRESTACIÓN DE TECNOLOGÍAS EN SALUD Y OTROS ELEMENTOS COMPLEMENTARIOS PARA LA ATENCIÓN DEL USUARIO,10101,FALTA DE OPORTUNIDAD EN LAS CITAS O CONSULTAS,1010101,MEDICINA GENERAL,,,PROBLEMAS RELACIONADOS CON FACILIDADES DE ATENCIÓN MÉDICA U OTROS SERVICIOS DE SALUD,PROBLEMAS RELACIONADOS CON FACILIDADES DE ATENCIÓN MÉDICA U OTROS SERVICIOS DE SALUD,DIARREA Y GASTROENTERITIS DE PRESUNTO ORIGEN INFECCIOSO,No aplica,SIMPLE
456,2024,6,Telefónico,11,11001,US- 000003168721,Hijo (A),MUJER,58,DE 50 A 62 AÑOS,Secundaria,Contributivo,No Aplica,No Aplica,11,11001,SALUD TOTAL,RÉGIMEN CONTRIBUTIVO,EPS002,SALUD TOTAL,11,11001,1,BARRERAS EN EL ACCESO A TECNOLOGÍAS Y SERVICIOS DE SALUD; Y OTROS ELEMENTOS COMPLEMENTARIOS PARA LA ATENCIÓN DEL USUARIO,102,NEGACIÓN DE TECNOLOGÍAS EN SALUD Y OTROS ELEMENTOS COMPLEMENTARIOS PARA LA ATENCIÓN DEL USUARIO,10201,NEGACIÓN EN LA ASIGNACIÓN DE CITAS O CONSULTAS,1020103,ESPECIALIDADES MÉDICAS ,1020103071,NEUROCIRUGÍA,ENFERMEDADES OSTEOARTICULARES,OTROS,"ARTRITIS, NO ESPECIFICADA",No aplica,SIMPLE
457,2024,2,Web,5,5697,US- 000000273437,A nombre propio,MUJER,54,DE 50 A 62 AÑOS,No Aplica,Subsidiado,No Aplica,No Aplica,5,5697,SAVIA SALUD,RÉGIMEN SUBSIDIADO,EPSS40,SAVIA SALUD EPS,5,5697,1,BARRERAS EN EL ACCESO A TECNOLOGÍAS Y SERVICIOS DE SALUD; Y OTROS ELEMENTOS COMPLEMENTARIOS PARA LA ATENCIÓN DEL USUARIO,101,FALTA DE OPORTUNIDAD EN LA PRESTACIÓN DE TECNOLOGÍAS EN SALUD Y OTROS ELEMENTOS COMPLEMENTARIOS PARA LA ATENCIÓN DEL USUARIO,10101,FALTA DE OPORTUNIDAD EN LAS CITAS O CONSULTAS,1010103,ESPECIALIDADES MÉDICAS ,1010103078,ORTOPEDIA Y TRAUMATOLOGÍA,ENFERMEDADES OSTEOARTICULARES,OTROS,"ARTROSIS, NO ESPECIFICADA",No aplica,SIMPLE
458,2024,6,Web,11,11001,US- 000003606509,A nombre propio,MUJER,40,DE 38 A 49 AÑOS,No Aplica,Contributivo,No Aplica,No Aplica,11,11001,COMPENSAR,RÉGIMEN CONTRIBUTIVO,EPS008,COMPENSAR,11,11001,1,BARRERAS EN EL ACCESO A TECNOLOGÍAS Y SERVICIOS DE SALUD; Y OTROS ELEMENTOS COMPLEMENTARIOS PARA LA ATENCIÓN DEL USUARIO,101,FALTA DE OPORTUNIDAD EN LA PRESTACIÓN DE TECNOLOGÍAS EN SALUD Y OTROS ELEMENTOS COMPLEMENTARIOS PARA LA ATENCIÓN DEL USUARIO,10104,FALTA DE OPORTUNIDAD EN LA ENTREGA O ENTREGA INCOMPLETA DE TECNOLOGÍAS EN SALUD Y/O PRESTACIÓN DE OTROS SERVICIOS,1010401,MEDICAMENTOS UPC,,,PROBLEMAS RELACIONADOS CON FACILIDADES DE ATENCIÓN MÉDICA U OTROS SERVICIOS DE SALUD,PROBLEMAS RELACIONADOS CON FACILIDADES DE ATENCIÓN MÉDICA U OTROS SERVICIOS DE SALUD,PROBLEMAS RELACIONADOS CON FACILIDADES DE ATENCIÓN MEDICA U OTROS SERVICIOS DE SALUD,No aplica,SIMPLE
459,2024,6,Web,76,76147,US- 000003606510,Otro,MUJER,84,MAYOR DE 63 AÑOS ,No Aplica,Contributivo,No Aplica,No Aplica,76,76147,NUEVA EPS,RÉGIMEN CONTRIBUTIVO,EPS037,NUEVA EPS,76,76147,1,BARRERAS EN EL ACCESO A TECNOLOGÍAS Y SERVICIOS DE SALUD; Y OTROS ELEMENTOS COMPLEMENTARIOS PARA LA ATENCIÓN DEL USUARIO,101,FALTA DE OPORTUNIDAD EN LA PRESTACIÓN DE TECNOLOGÍAS EN SALUD Y OTROS ELEMENTOS COMPLEMENTARIOS PARA LA ATENCIÓN DEL USUARIO,10101,FALTA DE OPORTUNIDAD EN LAS CITAS O CONSULTAS,1010103,ESPECIALIDADES MÉDICAS ,1010103039,ENDOCRINOLOGÍA,ENFERMEDADES OSTEOARTICULARES,OTROS,GONARTROSIS,No aplica,SIMPLE
460,2024,6,Telefónico,54,54003,US- 000003125708,Hijo (A),MUJER,67,MAYOR DE 63 AÑOS ,Primaria,Subsidiado,No Aplica,Desplazado,54,54003,NUEVA EPS,RÉGIMEN SUBSIDIADO,EPSS41,NUEVA EPS,54,54003,1,BARRERAS EN EL ACCESO A TECNOLOGÍAS Y SERVICIOS DE SALUD; Y OTROS ELEMENTOS COMPLEMENTARIOS PARA LA ATENCIÓN DEL USUARIO,101,FALTA DE OPORTUNIDAD EN LA PRESTACIÓN DE TECNOLOGÍAS EN SALUD Y OTROS ELEMENTOS COMPLEMENTARIOS PARA LA ATENCIÓN DEL USUARIO,10104,FALTA DE OPORTUNIDAD EN LA ENTREGA O ENTREGA INCOMPLETA DE TECNOLOGÍAS EN SALUD Y/O PRESTACIÓN DE OTROS SERVICIOS,1010401,MEDICAMENTOS UPC,,,ENFERMEDADES CRÓNICAS NO TRANSMISIBLES –DIABETES,DIABETES,DIABETES MELLITUS INSULINODEPENDIENTE CON COMPLICACIONES MÚLTIPLES,No aplica,PRIORIZADO
461,2024,6,Web,41,41001,US- 000003606511,A nombre propio,MUJER,28,DE 25 A 29 AÑOS,No Aplica,Contributivo,No Aplica,No Aplica,41,41001,NUEVA EPS,RÉGIMEN CONTRIBUTIVO,EPS037,NUEVA EPS,41,41001,4,INSATISFACCIÓN DEL USUARIO CON EL PROCESO ADMINISTRATIVO,404,INSATISFACCIÓN RELACIONADA CON TRÁMITES ADMINISTRATIVOS,40402,FALLAS O IRREGULARIDADES EN EL MANEJO TÉCNICO DE LA HISTORIA CLÍNICA Y/O REGISTROS ASISTENCIALES,,,,,CÁNCER ,OTROS,OTROS PROBLEMAS RELACIONADOS CON SERVICIOS MÉDICOS Y DE SALUD,No aplica,SIMPLE
462,2024,5,Personalizado,68,68276,US- 000003606512,Otro,HOMBRE,29,DE 25 A 29 AÑOS,Secundaria,Subsidiado,No Aplica,No Aplica,68,68001,NUEVA EPS,RÉGIMEN SUBSIDIADO,EPSS41,NUEVA EPS,68,68001,1,BARRERAS EN EL ACCESO A TECNOLOGÍAS Y SERVICIOS DE SALUD; Y OTROS ELEMENTOS COMPLEMENTARIOS PARA LA ATENCIÓN DEL USUARIO,102,NEGACIÓN DE TECNOLOGÍAS EN SALUD Y OTROS ELEMENTOS COMPLEMENTARIOS PARA LA ATENCIÓN DEL USUARIO,10204,NEGACIÓN PARA LA ENTREGA DE TECNOLOGÍAS EN SALUD Y/O DE OTROS SERVICIOS AUTORIZADOS,1020406,SOPORTE NUTRICIONAL,,,VIH SIDA Y OTRAS ET SEXUAL,VIH SIDA,DESNUTRICIÓN PROTEICOCALORICA MODERADA,Diagnóstico y manejo del paciente infectado por VIH,PRIORIZADO
463,2024,6,Personalizado,5,5001,US- 000003606513,A nombre propio,MUJER,41,DE 38 A 49 AÑOS,Universitario Incompleto,Contributivo,No Aplica,No Aplica,5,5001,SURAMERICANA EPS,RÉGIMEN CONTRIBUTIVO,EPS010,EPS SURA,5,5001,1,BARRERAS EN EL ACCESO A TECNOLOGÍAS Y SERVICIOS DE SALUD; Y OTROS ELEMENTOS COMPLEMENTARIOS PARA LA ATENCIÓN DEL USUARIO,101,FALTA DE OPORTUNIDAD EN LA PRESTACIÓN DE TECNOLOGÍAS EN SALUD Y OTROS ELEMENTOS COMPLEMENTARIOS PARA LA ATENCIÓN DEL USUARIO,10103,FALTA DE OPORTUNIDAD EN LA ATENCIÓN EN OTROS SERVICIOS DE SALUD,1010308,PROCEDIMIENTOS NO QUIRÚRGICOS,1010308001,IMAGENOLOGÍA,ENFERMEDADES OSTEOARTICULARES,OTROS,DOLOR EN LA COLUMNA DORSAL,No aplica,SIMPLE
464,2024,6,Web,54,54498,US- 000003010440,Madre,MUJER,3,DE 0 A 5 AÑOS,No Aplica,Régimen Especial,No Aplica,No Aplica,54,54498,MAGISTERIO,REGÍMENES DE EXCEPCIÓN Y ESPECIALES,REMG01,MAGISTERIO,54,54498,4,INSATISFACCIÓN DEL USUARIO CON EL PROCESO ADMINISTRATIVO,401,INSATISFACCIÓN CON LA COMUNICACIÓN O INFORMACIÓN ENTREGADA POR PARTE DEL PERSONAL ADMINISTRATIVO,40101,INSATISFACCIÓN RELACIONADA CON INSUFICIENCIA O DEFICIENCIAS EN LA CALIDAD DE LA INFORMACIÓN BRINDADA AL USUARIO,,,,,MATERNO INFANTIL,ATENCIÓN NIÑOS MENORES DE 5 AÑOS,OTROS PROBLEMAS RELACIONADOS CON SERVICIOS MÉDICOS Y DE SALUD,No aplica,SIMPLE
465,2024,6,Web,25,25754,US- 000003606514,A nombre propio,MUJER,24,DE 18 A 24 AÑOS,No Aplica,Contributivo,No Aplica,No Aplica,25,25754,SALUD TOTAL,RÉGIMEN CONTRIBUTIVO,EPS002,SALUD TOTAL,25,25754,1,BARRERAS EN EL ACCESO A TECNOLOGÍAS Y SERVICIOS DE SALUD; Y OTROS ELEMENTOS COMPLEMENTARIOS PARA LA ATENCIÓN DEL USUARIO,101,FALTA DE OPORTUNIDAD EN LA PRESTACIÓN DE TECNOLOGÍAS EN SALUD Y OTROS ELEMENTOS COMPLEMENTARIOS PARA LA ATENCIÓN DEL USUARIO,10101,FALTA DE OPORTUNIDAD EN LAS CITAS O CONSULTAS,1010103,ESPECIALIDADES MÉDICAS ,1010103035,DOLOR Y CUIDADOS PALIATIVOS,PROBLEMAS RELACIONADOS CON FACILIDADES DE ATENCIÓN MÉDICA U OTROS SERVICIOS DE SALUD,PROBLEMAS RELACIONADOS CON FACILIDADES DE ATENCIÓN MÉDICA U OTROS SERVICIOS DE SALUD,PROBLEMAS RELACIONADOS CON FACILIDADES DE ATENCIÓN MEDICA U OTROS SERVICIOS DE SALUD,No aplica,SIMPLE
466,2024,6,Telefónico,76,76001,US- 000003606515,Cónyuge,HOMBRE,54,DE 50 A 62 AÑOS,Secundaria,Subsidiado,No Aplica,No Aplica,76,76001,SURAMERICANA EPS,RÉGIMEN CONTRIBUTIVO,EPS010,EPS SURA,76,76001,1,BARRERAS EN EL ACCESO A TECNOLOGÍAS Y SERVICIOS DE SALUD; Y OTROS ELEMENTOS COMPLEMENTARIOS PARA LA ATENCIÓN DEL USUARIO,101,FALTA DE OPORTUNIDAD EN LA PRESTACIÓN DE TECNOLOGÍAS EN SALUD Y OTROS ELEMENTOS COMPLEMENTARIOS PARA LA ATENCIÓN DEL USUARIO,10103,FALTA DE OPORTUNIDAD EN LA ATENCIÓN EN OTROS SERVICIOS DE SALUD,1010308,PROCEDIMIENTOS NO QUIRÚRGICOS,1010308001,IMAGENOLOGÍA,PROBLEMAS RELACIONADOS CON FACILIDADES DE ATENCIÓN MÉDICA U OTROS SERVICIOS DE SALUD,PROBLEMAS RELACIONADOS CON FACILIDADES DE ATENCIÓN MÉDICA U OTROS SERVICIOS DE SALUD,SOSPECHA DE GLAUCOMA,No aplica,SIMPLE
467,2024,6,Telefónico,11,11001,US- 000003606516,Otro,HOMBRE,51,DE 50 A 62 AÑOS,Secundaria,Subsidiado,No Aplica,No Aplica,11,11001,COOSALUD,RÉGIMEN SUBSIDIADO,ESS024,COOSALUD,25,25754,1,BARRERAS EN EL ACCESO A TECNOLOGÍAS Y SERVICIOS DE SALUD; Y OTROS ELEMENTOS COMPLEMENTARIOS PARA LA ATENCIÓN DEL USUARIO,102,NEGACIÓN DE TECNOLOGÍAS EN SALUD Y OTROS ELEMENTOS COMPLEMENTARIOS PARA LA ATENCIÓN DEL USUARIO,10203,NEGACIÓN EN LA ATENCIÓN EN OTROS SERVICIOS DE SALUD,1020309,PROCEDIMIENTOS QUIRÚRGICOS,1020309003,OTROS PROCEDIMIENTOS QUIRÚRGICOS,ENFERMEDADES CRÓNICAS NO TRANSMISIBLES –DIABETES,DIABETES,"CATARATA, NO ESPECIFICADA",No aplica,SIMPLE
468,2024,5,Web,11,11001,US- 000003606517,Madre,HOMBRE,4,DE 0 A 5 AÑOS,No Aplica,Contributivo,No Aplica,No Aplica,11,11001,COMPENSAR,RÉGIMEN CONTRIBUTIVO,EPS008,COMPENSAR,11,11001,1,BARRERAS EN EL ACCESO A TECNOLOGÍAS Y SERVICIOS DE SALUD; Y OTROS ELEMENTOS COMPLEMENTARIOS PARA LA ATENCIÓN DEL USUARIO,102,NEGACIÓN DE TECNOLOGÍAS EN SALUD Y OTROS ELEMENTOS COMPLEMENTARIOS PARA LA ATENCIÓN DEL USUARIO,10204,NEGACIÓN PARA LA ENTREGA DE TECNOLOGÍAS EN SALUD Y/O DE OTROS SERVICIOS AUTORIZADOS,1020401,MEDICAMENTOS UPC,,,MATERNO INFANTIL,ATENCIÓN NIÑOS MENORES DE 5 AÑOS,"ENFERMEDADES DE LA TRÁQUEA Y DE LOS BRONQUIOS, NO CLASIFICADAS EN OTRA PARTE",No aplica,SIMPLE
469,2024,6,Web,76,76001,US- 000003606518,A nombre propio,MUJER,30,DE 30 A 37 AÑOS,No Aplica,Contributivo,No Aplica,No Aplica,76,76001,SALUD TOTAL,RÉGIMEN CONTRIBUTIVO,EPS002,SALUD TOTAL,76,76001,1,BARRERAS EN EL ACCESO A TECNOLOGÍAS Y SERVICIOS DE SALUD; Y OTROS ELEMENTOS COMPLEMENTARIOS PARA LA ATENCIÓN DEL USUARIO,102,NEGACIÓN DE TECNOLOGÍAS EN SALUD Y OTROS ELEMENTOS COMPLEMENTARIOS PARA LA ATENCIÓN DEL USUARIO,10201,NEGACIÓN EN LA ASIGNACIÓN DE CITAS O CONSULTAS,1020103,ESPECIALIDADES MÉDICAS ,1020103061,MEDICINA FÍSICA Y REHABILITACIÓN - FISIATRÍA,PROBLEMAS RELACIONADOS CON FACILIDADES DE ATENCIÓN MÉDICA U OTROS SERVICIOS DE SALUD,PROBLEMAS RELACIONADOS CON FACILIDADES DE ATENCIÓN MÉDICA U OTROS SERVICIOS DE SALUD,PARESTESIA DE LA PIEL,No aplica,SIMPLE
470,2024,6,Web,76,76130,US- 000000686988,A nombre propio,HOMBRE,62,DE 50 A 62 AÑOS,No Aplica,Contributivo,No Aplica,No Aplica,76,76130,NUEVA EPS,RÉGIMEN CONTRIBUTIVO,EPS037,NUEVA EPS,76,76130,1,BARRERAS EN EL ACCESO A TECNOLOGÍAS Y SERVICIOS DE SALUD; Y OTROS ELEMENTOS COMPLEMENTARIOS PARA LA ATENCIÓN DEL USUARIO,102,NEGACIÓN DE TECNOLOGÍAS EN SALUD Y OTROS ELEMENTOS COMPLEMENTARIOS PARA LA ATENCIÓN DEL USUARIO,10201,NEGACIÓN EN LA ASIGNACIÓN DE CITAS O CONSULTAS,1020103,ESPECIALIDADES MÉDICAS ,1020103094,UROLOGÍA,PROBLEMAS RELACIONADOS CON FACILIDADES DE ATENCIÓN MÉDICA U OTROS SERVICIOS DE SALUD,PROBLEMAS RELACIONADOS CON FACILIDADES DE ATENCIÓN MÉDICA U OTROS SERVICIOS DE SALUD,OTROS PROBLEMAS RELACIONADOS CON SERVICIOS MÉDICOS Y DE SALUD,No aplica,SIMPLE
471,2024,6,Personalizado,11,11001,US- 000001696076,Cónyuge,HOMBRE,61,DE 50 A 62 AÑOS,Primaria,Subsidiado,No Aplica,No Aplica,11,11001,CAPITAL SALUD,RÉGIMEN SUBSIDIADO,EPSS34,CAPITAL SALUD,11,11001,1,BARRERAS EN EL ACCESO A TECNOLOGÍAS Y SERVICIOS DE SALUD; Y OTROS ELEMENTOS COMPLEMENTARIOS PARA LA ATENCIÓN DEL USUARIO,102,NEGACIÓN DE TECNOLOGÍAS EN SALUD Y OTROS ELEMENTOS COMPLEMENTARIOS PARA LA ATENCIÓN DEL USUARIO,10201,NEGACIÓN EN LA ASIGNACIÓN DE CITAS O CONSULTAS,1020103,ESPECIALIDADES MÉDICAS ,1020103076,ONCOLOGÍA,CÁNCER ,CÁNCER GÁSTRICO,TUMOR MALIGNO DEL ESTOMAGO,Quimioterapia y radioterapia para el cáncer,PRIORIZADO
472,2024,6,Web,5,5837,US- 000003606519,A nombre propio,MUJER,50,DE 50 A 62 AÑOS,No Aplica,Subsidiado,No Aplica,No Aplica,5,5837,SURAMERICANA EPS,RÉGIMEN CONTRIBUTIVO,EPS010,EPS SURA,5,5837,1,BARRERAS EN EL ACCESO A TECNOLOGÍAS Y SERVICIOS DE SALUD; Y OTROS ELEMENTOS COMPLEMENTARIOS PARA LA ATENCIÓN DEL USUARIO,102,NEGACIÓN DE TECNOLOGÍAS EN SALUD Y OTROS ELEMENTOS COMPLEMENTARIOS PARA LA ATENCIÓN DEL USUARIO,10201,NEGACIÓN EN LA ASIGNACIÓN DE CITAS O CONSULTAS,1020103,ESPECIALIDADES MÉDICAS ,1020103042,GASTROENTEROLOGÍA,PROBLEMAS RELACIONADOS CON FACILIDADES DE ATENCIÓN MÉDICA U OTROS SERVICIOS DE SALUD,PROBLEMAS RELACIONADOS CON FACILIDADES DE ATENCIÓN MÉDICA U OTROS SERVICIOS DE SALUD,"GASTRITIS CRÓNICA, NO ESPECIFICADA",No aplica,SIMPLE
473,2024,6,Web,54,54518,US- 000002561395,A nombre propio,MUJER,45,DE 38 A 49 AÑOS,No Aplica,Contributivo,No Aplica,No Aplica,54,54518,NUEVA EPS,RÉGIMEN CONTRIBUTIVO,EPS037,NUEVA EPS,54,54518,1,BARRERAS EN EL ACCESO A TECNOLOGÍAS Y SERVICIOS DE SALUD; Y OTROS ELEMENTOS COMPLEMENTARIOS PARA LA ATENCIÓN DEL USUARIO,102,NEGACIÓN DE TECNOLOGÍAS EN SALUD Y OTROS ELEMENTOS COMPLEMENTARIOS PARA LA ATENCIÓN DEL USUARIO,10201,NEGACIÓN EN LA ASIGNACIÓN DE CITAS O CONSULTAS,1020103,ESPECIALIDADES MÉDICAS ,1020103042,GASTROENTEROLOGÍA,PROBLEMAS RELACIONADOS CON FACILIDADES DE ATENCIÓN MÉDICA U OTROS SERVICIOS DE SALUD,PROBLEMAS RELACIONADOS CON FACILIDADES DE ATENCIÓN MÉDICA U OTROS SERVICIOS DE SALUD,DISPEPSIA,No aplica,SIMPLE
474,2024,6,Telefónico,76,76001,US- 000001934318,Madre,HOMBRE,3,DE 0 A 5 AÑOS,No Aplica,Subsidiado,Afrocolombiano o Afrodescendiente,No Aplica,76,76001,EMSSANAR EPS,RÉGIMEN SUBSIDIADO,ESS118,EMSSANAR,76,76001,1,BARRERAS EN EL ACCESO A TECNOLOGÍAS Y SERVICIOS DE SALUD; Y OTROS ELEMENTOS COMPLEMENTARIOS PARA LA ATENCIÓN DEL USUARIO,102,NEGACIÓN DE TECNOLOGÍAS EN SALUD Y OTROS ELEMENTOS COMPLEMENTARIOS PARA LA ATENCIÓN DEL USUARIO,10201,NEGACIÓN EN LA ASIGNACIÓN DE CITAS O CONSULTAS,1020103,ESPECIALIDADES MÉDICAS ,1020103044,GENÉTICA MÉDICA,MATERNO INFANTIL,ATENCIÓN NIÑOS MENORES DE 5 AÑOS,OTRAS HEMOGLOBINOPATÍAS,No aplica,PRIORIZADO
475,2024,5,Personalizado,11,11001,US- 000003606520,Hermano (A),HOMBRE,63,MAYOR DE 63 AÑOS ,No Aplica,Subsidiado,No Aplica,Víctima del conflicto armado,11,11001,CAPITAL SALUD,RÉGIMEN SUBSIDIADO,EPSS34,CAPITAL SALUD,11,11001,1,BARRERAS EN EL ACCESO A TECNOLOGÍAS Y SERVICIOS DE SALUD; Y OTROS ELEMENTOS COMPLEMENTARIOS PARA LA ATENCIÓN DEL USUARIO,102,NEGACIÓN DE TECNOLOGÍAS EN SALUD Y OTROS ELEMENTOS COMPLEMENTARIOS PARA LA ATENCIÓN DEL USUARIO,10201,NEGACIÓN EN LA ASIGNACIÓN DE CITAS O CONSULTAS,1020103,ESPECIALIDADES MÉDICAS ,1020103069,NEUMOLOGÍA,PROBLEMAS RELACIONADOS CON FACILIDADES DE ATENCIÓN MÉDICA U OTROS SERVICIOS DE SALUD,PROBLEMAS RELACIONADOS CON FACILIDADES DE ATENCIÓN MÉDICA U OTROS SERVICIOS DE SALUD,OTRAS ATENCIONES MEDICAS ESPECIFICADAS,No aplica,PRIORIZADO
476,2024,6,Web,68,68001,US- 000000463359,Otro,MUJER,28,DE 25 A 29 AÑOS,No Aplica,Subsidiado,No Aplica,Persona con discapacidad,68,68001,NUEVA EPS,RÉGIMEN SUBSIDIADO,EPSS41,NUEVA EPS,68,68001,1,BARRERAS EN EL ACCESO A TECNOLOGÍAS Y SERVICIOS DE SALUD; Y OTROS ELEMENTOS COMPLEMENTARIOS PARA LA ATENCIÓN DEL USUARIO,101,FALTA DE OPORTUNIDAD EN LA PRESTACIÓN DE TECNOLOGÍAS EN SALUD Y OTROS ELEMENTOS COMPLEMENTARIOS PARA LA ATENCIÓN DEL USUARIO,10104,FALTA DE OPORTUNIDAD EN LA ENTREGA O ENTREGA INCOMPLETA DE TECNOLOGÍAS EN SALUD Y/O PRESTACIÓN DE OTROS SERVICIOS,1010407,"ELEMENTOS COMPLEMENTARIOS PARA LA ATENCIÓN DEL USUARIO (PAÑALES, PAÑITOS, ETC.)",,,PROBLEMAS RELACIONADOS CON FACILIDADES DE ATENCIÓN MÉDICA U OTROS SERVICIOS DE SALUD,PROBLEMAS RELACIONADOS CON FACILIDADES DE ATENCIÓN MÉDICA U OTROS SERVICIOS DE SALUD,"INCONTINENCIA URINARIA, NO ESPECIFICADA",No aplica,SIMPLE
477,2024,6,Personalizado,25,25754,US- 000000071333,Madre,HOMBRE,8,DE 6 A 12 AÑOS,Primaria Incompleta,Subsidiado,No Aplica,Persona con discapacidad,25,25754,NUEVA EPS,RÉGIMEN SUBSIDIADO,EPSS41,NUEVA EPS,25,25754,1,BARRERAS EN EL ACCESO A TECNOLOGÍAS Y SERVICIOS DE SALUD; Y OTROS ELEMENTOS COMPLEMENTARIOS PARA LA ATENCIÓN DEL USUARIO,102,NEGACIÓN DE TECNOLOGÍAS EN SALUD Y OTROS ELEMENTOS COMPLEMENTARIOS PARA LA ATENCIÓN DEL USUARIO,10203,NEGACIÓN EN LA ATENCIÓN EN OTROS SERVICIOS DE SALUD,1020308,PROCEDIMIENTOS NO QUIRÚRGICOS,1020308001,IMAGENOLOGÍA,PROBLEMAS RELACIONADOS CON FACILIDADES DE ATENCIÓN MÉDICA U OTROS SERVICIOS DE SALUD,PROBLEMAS RELACIONADOS CON FACILIDADES DE ATENCIÓN MÉDICA U OTROS SERVICIOS DE SALUD,"TESTÍCULO NO DESCENDIDO, UNILATERAL",No aplica,SIMPLE
478,2024,6,Web,44,44874,US- 000000479129,Madre,HOMBRE,13,DE 13 A 17 AÑOS,No Aplica,Subsidiado,No Aplica,Persona con discapacidad,44,44874,NUEVA EPS,RÉGIMEN SUBSIDIADO,EPSS41,NUEVA EPS,44,44874,1,BARRERAS EN EL ACCESO A TECNOLOGÍAS Y SERVICIOS DE SALUD; Y OTROS ELEMENTOS COMPLEMENTARIOS PARA LA ATENCIÓN DEL USUARIO,102,NEGACIÓN DE TECNOLOGÍAS EN SALUD Y OTROS ELEMENTOS COMPLEMENTARIOS PARA LA ATENCIÓN DEL USUARIO,10204,NEGACIÓN PARA LA ENTREGA DE TECNOLOGÍAS EN SALUD Y/O DE OTROS SERVICIOS AUTORIZADOS,1020406,SOPORTE NUTRICIONAL,,,ENFERMEDADES NEUROLÓGICAS,EPILEPSIA,GASTROSTOMÍA,No aplica,SIMPLE
479,2024,6,Telefónico,20,20750,US- 000003181426,A nombre propio,MUJER,65,MAYOR DE 63 AÑOS ,Secundaria,Contributivo,No Aplica,Desplazado,20,20750,NUEVA EPS,RÉGIMEN CONTRIBUTIVO,EPS037,NUEVA EPS,20,20750,1,BARRERAS EN EL ACCESO A TECNOLOGÍAS Y SERVICIOS DE SALUD; Y OTROS ELEMENTOS COMPLEMENTARIOS PARA LA ATENCIÓN DEL USUARIO,103,FALTA DE OPORTUNIDAD EN LA AUTORIZACIÓN DE TECNOLOGÍAS EN SALUD Y OTROS ELEMENTOS COMPLEMENTARIOS PARA LA ATENCIÓN DEL USUARIO,10301,FALTA DE OPORTUNIDAD EN LA AUTORIZACIÓN DE TECNOLOGÍAS EN SALUD Y/O DE OTROS SERVICIOS,1030101,MEDICAMENTOS UPC,,,PROBLEMAS RELACIONADOS CON FACILIDADES DE ATENCIÓN MÉDICA U OTROS SERVICIOS DE SALUD,PROBLEMAS RELACIONADOS CON FACILIDADES DE ATENCIÓN MÉDICA U OTROS SERVICIOS DE SALUD,OTROS HIPOTIROIDISMOS,No aplica,SIMPLE
480,2024,6,Web,76,76892,US- 000003606521,A nombre propio,HOMBRE,51,DE 50 A 62 AÑOS,No Aplica,Subsidiado,Afrocolombiano o Afrodescendiente,No Aplica,76,76892,ASMET SALUD EPS,RÉGIMEN SUBSIDIADO,ESS062,ASMET SALUD,76,76892,1,BARRERAS EN EL ACCESO A TECNOLOGÍAS Y SERVICIOS DE SALUD; Y OTROS ELEMENTOS COMPLEMENTARIOS PARA LA ATENCIÓN DEL USUARIO,101,FALTA DE OPORTUNIDAD EN LA PRESTACIÓN DE TECNOLOGÍAS EN SALUD Y OTROS ELEMENTOS COMPLEMENTARIOS PARA LA ATENCIÓN DEL USUARIO,10103,FALTA DE OPORTUNIDAD EN LA ATENCIÓN EN OTROS SERVICIOS DE SALUD,1010301,URGENCIAS,,,PROBLEMAS RELACIONADOS CON FACILIDADES DE ATENCIÓN MÉDICA U OTROS SERVICIOS DE SALUD,PROBLEMAS RELACIONADOS CON FACILIDADES DE ATENCIÓN MÉDICA U OTROS SERVICIOS DE SALUD,OTROS PROBLEMAS RELACIONADOS CON SERVICIOS MÉDICOS Y DE SALUD,No aplica,PRIORIZADO
481,2024,6,Web,76,76001,US- 000003606522,A nombre propio,MUJER,42,DE 38 A 49 AÑOS,Ninguno,Contributivo,No Aplica,No Aplica,76,76001,SURAMERICANA EPS,RÉGIMEN CONTRIBUTIVO,EPS010,EPS SURA,76,76001,4,INSATISFACCIÓN DEL USUARIO CON EL PROCESO ADMINISTRATIVO,401,INSATISFACCIÓN CON LA COMUNICACIÓN O INFORMACIÓN ENTREGADA POR PARTE DEL PERSONAL ADMINISTRATIVO,40101,INSATISFACCIÓN RELACIONADA CON INSUFICIENCIA O DEFICIENCIAS EN LA CALIDAD DE LA INFORMACIÓN BRINDADA AL USUARIO,,,,,PROBLEMAS RELACIONADOS CON FACILIDADES DE ATENCIÓN MÉDICA U OTROS SERVICIOS DE SALUD,PROBLEMAS RELACIONADOS CON FACILIDADES DE ATENCIÓN MÉDICA U OTROS SERVICIOS DE SALUD,"NEVO MELANOCÍTICO, SITIO NO ESPECIFICADO",No aplica,SIMPLE
482,2024,5,Personalizado,76,76001,US- 000000564163,A nombre propio,MUJER,66,MAYOR DE 63 AÑOS ,Primaria,Subsidiado,No Aplica,Desplazado,76,76001,EMSSANAR EPS,RÉGIMEN SUBSIDIADO,ESS118,EMSSANAR,76,76001,1,BARRERAS EN EL ACCESO A TECNOLOGÍAS Y SERVICIOS DE SALUD; Y OTROS ELEMENTOS COMPLEMENTARIOS PARA LA ATENCIÓN DEL USUARIO,103,FALTA DE OPORTUNIDAD EN LA AUTORIZACIÓN DE TECNOLOGÍAS EN SALUD Y OTROS ELEMENTOS COMPLEMENTARIOS PARA LA ATENCIÓN DEL USUARIO,10302,FALTA DE OPORTUNIDAD EN LA AUTORIZACIÓN DE CITAS DE CONSULTA,1030205,PSICOLOGÍA,,,ENFERMEDADES CRÓNICAS NO TRASMISIBLES CARDIOVASCULARES,HTA (HIPERTENSIÓN ARTERIAL),HIPERTENSIÓN ESENCIAL (PRIMARIA),No aplica,SIMPLE
483,2024,5,Redes Sociales,68,68081,US- 000003606523,A nombre propio,MUJER,71,MAYOR DE 63 AÑOS ,Primaria,Contributivo,No Aplica,No Aplica,68,68081,COOSALUD,RÉGIMEN CONTRIBUTIVO,EPS042,COOSALUD,68,68081,1,BARRERAS EN EL ACCESO A TECNOLOGÍAS Y SERVICIOS DE SALUD; Y OTROS ELEMENTOS COMPLEMENTARIOS PARA LA ATENCIÓN DEL USUARIO,102,NEGACIÓN DE TECNOLOGÍAS EN SALUD Y OTROS ELEMENTOS COMPLEMENTARIOS PARA LA ATENCIÓN DEL USUARIO,10204,NEGACIÓN PARA LA ENTREGA DE TECNOLOGÍAS EN SALUD Y/O DE OTROS SERVICIOS AUTORIZADOS,1020401,MEDICAMENTOS UPC,,,ENFERMEDADES CRÓNICAS NO TRASMISIBLES CARDIOVASCULARES,HTA (HIPERTENSIÓN ARTERIAL),OTROS TRASTORNOS ESPECIFICADOS DE LA GLÁNDULA TIROIDES,No aplica,PRIORIZADO
484,2024,6,Web,73,73001,US- 000003606524,A nombre propio,MUJER,67,MAYOR DE 63 AÑOS ,No Aplica,Subsidiado,No Aplica,No Aplica,73,73001,SALUD TOTAL,RÉGIMEN CONTRIBUTIVO,EPS002,SALUD TOTAL,73,73001,1,BARRERAS EN EL ACCESO A TECNOLOGÍAS Y SERVICIOS DE SALUD; Y OTROS ELEMENTOS COMPLEMENTARIOS PARA LA ATENCIÓN DEL USUARIO,101,FALTA DE OPORTUNIDAD EN LA PRESTACIÓN DE TECNOLOGÍAS EN SALUD Y OTROS ELEMENTOS COMPLEMENTARIOS PARA LA ATENCIÓN DEL USUARIO,10103,FALTA DE OPORTUNIDAD EN LA ATENCIÓN EN OTROS SERVICIOS DE SALUD,1010309,PROCEDIMIENTOS QUIRÚRGICOS,1010309003,OTROS PROCEDIMIENTOS QUIRÚRGICOS,PROBLEMAS RELACIONADOS CON FACILIDADES DE ATENCIÓN MÉDICA U OTROS SERVICIOS DE SALUD,PROBLEMAS RELACIONADOS CON FACILIDADES DE ATENCIÓN MÉDICA U OTROS SERVICIOS DE SALUD,PRESENCIA DE LENTES INTRAOCULARES,No aplica,SIMPLE
485,2024,5,Web,41,41615,US- 000003606525,A nombre propio,MUJER,37,DE 30 A 37 AÑOS,No Aplica,Subsidiado,No Aplica,No Aplica,41,41615,NUEVA EPS,RÉGIMEN CONTRIBUTIVO,EPS037,NUEVA EPS,41,41615,1,BARRERAS EN EL ACCESO A TECNOLOGÍAS Y SERVICIOS DE SALUD; Y OTROS ELEMENTOS COMPLEMENTARIOS PARA LA ATENCIÓN DEL USUARIO,103,FALTA DE OPORTUNIDAD EN LA AUTORIZACIÓN DE TECNOLOGÍAS EN SALUD Y OTROS ELEMENTOS COMPLEMENTARIOS PARA LA ATENCIÓN DEL USUARIO,10304,FALTA DE OPORTUNIDAD EN LA AUTORIZACIÓN DE OTROS SERVICIOS DE SALUD,1030409,PROCEDIMIENTOS QUIRÚRGICOS,1030409003,OTROS PROCEDIMIENTOS QUIRÚRGICOS,ENFERMEDADES CRÓNICAS NO TRANSMISIBLES- FACTORES DE RIESGO,OBESIDAD,OBESIDAD,No aplica,SIMPLE
486,2024,6,Telefónico,44,44430,US- 000000897778,A nombre propio,MUJER,35,DE 30 A 37 AÑOS,Universitario,Subsidiado,No Aplica,No Aplica,44,44430,NUEVA EPS,RÉGIMEN SUBSIDIADO,EPSS41,NUEVA EPS,44,44430,4,INSATISFACCIÓN DEL USUARIO CON EL PROCESO ADMINISTRATIVO,404,INSATISFACCIÓN RELACIONADA CON TRÁMITES ADMINISTRATIVOS,40403,INCONSISTENCIAS EN LA AFILIACIÓN,4040306,CAMBIO DE RÉGIMEN,,,PROBLEMAS RELACIONADOS CON FACILIDADES DE ATENCIÓN MÉDICA U OTROS SERVICIOS DE SALUD,PROBLEMAS RELACIONADOS CON FACILIDADES DE ATENCIÓN MÉDICA U OTROS SERVICIOS DE SALUD,OTRAS OBSTRUCCIONES INTESTINALES Y LAS NO ESPECIFICADAS,No aplica,SIMPLE
487,2024,4,Web,11,11001,US- 000003243839,A nombre propio,HOMBRE,48,DE 38 A 49 AÑOS,Secundaria Incompleta,Subsidiado,No Aplica,No Aplica,11,11001,SANITAS,RÉGIMEN CONTRIBUTIVO,EPS005,SANITAS,11,11001,1,BARRERAS EN EL ACCESO A TECNOLOGÍAS Y SERVICIOS DE SALUD; Y OTROS ELEMENTOS COMPLEMENTARIOS PARA LA ATENCIÓN DEL USUARIO,102,NEGACIÓN DE TECNOLOGÍAS EN SALUD Y OTROS ELEMENTOS COMPLEMENTARIOS PARA LA ATENCIÓN DEL USUARIO,10201,NEGACIÓN EN LA ASIGNACIÓN DE CITAS O CONSULTAS,1020103,ESPECIALIDADES MÉDICAS ,1020103002,ANESTESIOLOGÍA,PROBLEMAS RELACIONADOS CON FACILIDADES DE ATENCIÓN MÉDICA U OTROS SERVICIOS DE SALUD,PROBLEMAS RELACIONADOS CON FACILIDADES DE ATENCIÓN MÉDICA U OTROS SERVICIOS DE SALUD,ABSCESO ANAL,No aplica,SIMPLE
488,2024,6,Web,76,76001,US- 000003606526,A nombre propio,HOMBRE,41,DE 38 A 49 AÑOS,No Aplica,Subsidiado,No Aplica,No Aplica,76,76001,ASMET SALUD EPS,RÉGIMEN SUBSIDIADO,ESS062,ASMET SALUD,73,73520,1,BARRERAS EN EL ACCESO A TECNOLOGÍAS Y SERVICIOS DE SALUD; Y OTROS ELEMENTOS COMPLEMENTARIOS PARA LA ATENCIÓN DEL USUARIO,102,NEGACIÓN DE TECNOLOGÍAS EN SALUD Y OTROS ELEMENTOS COMPLEMENTARIOS PARA LA ATENCIÓN DEL USUARIO,10201,NEGACIÓN EN LA ASIGNACIÓN DE CITAS O CONSULTAS,1020101,MEDICINA GENERAL,,,ENFERMEDADES CRÓNICAS NO TRANSMISIBLES –RENALES,IRC-ENFERMEDAD RENAL,INSUFICIENCIA RENAL CRÓNICA,Hemodiálisis,PRIORIZADO
489,2024,1,Telefónico,11,11001,US- 000003606527,Hijo (A),MUJER,59,DE 50 A 62 AÑOS,Ninguno,Contributivo,No Aplica,No Aplica,11,11001,COMPENSAR,RÉGIMEN CONTRIBUTIVO,EPS008,COMPENSAR,11,11001,1,BARRERAS EN EL ACCESO A TECNOLOGÍAS Y SERVICIOS DE SALUD; Y OTROS ELEMENTOS COMPLEMENTARIOS PARA LA ATENCIÓN DEL USUARIO,103,FALTA DE OPORTUNIDAD EN LA AUTORIZACIÓN DE TECNOLOGÍAS EN SALUD Y OTROS ELEMENTOS COMPLEMENTARIOS PARA LA ATENCIÓN DEL USUARIO,10304,FALTA DE OPORTUNIDAD EN LA AUTORIZACIÓN DE OTROS SERVICIOS DE SALUD,1030408,PROCEDIMIENTOS NO QUIRÚRGICOS,1030408001,IMAGENOLOGÍA,ENFERMEDADES CRÓNICAS NO TRANSMISIBLES- FACTORES DE RIESGO,MEDICIÓN DE FACTORES DE RIESGO,"CIRROSIS BILIAR, NO ESPECIFICADA",No aplica,SIMPLE
490,2024,5,Escrito,11,11001,US- 000003606528,A nombre propio,MUJER,60,DE 50 A 62 AÑOS,No Aplica,Contributivo,No Aplica,No Aplica,11,11001,FAMISANAR,RÉGIMEN CONTRIBUTIVO,EPS017,FAMISANAR,11,11001,4,INSATISFACCIÓN DEL USUARIO CON EL PROCESO ADMINISTRATIVO,401,INSATISFACCIÓN CON LA COMUNICACIÓN O INFORMACIÓN ENTREGADA POR PARTE DEL PERSONAL ADMINISTRATIVO,40101,INSATISFACCIÓN RELACIONADA CON INSUFICIENCIA O DEFICIENCIAS EN LA CALIDAD DE LA INFORMACIÓN BRINDADA AL USUARIO,,,,,ENFERMEDADES OSTEOARTICULARES,OTROS,SÍNDROME DE MANGUITO ROTATORIO,No aplica,SIMPLE
491,2024,6,Web,70,70708,US- 000003606529,A nombre propio,MUJER,42,DE 38 A 49 AÑOS,No Aplica,Contributivo,Indígena,No Aplica,70,70708,NUEVA EPS,RÉGIMEN CONTRIBUTIVO,EPS037,NUEVA EPS,70,70708,1,BARRERAS EN EL ACCESO A TECNOLOGÍAS Y SERVICIOS DE SALUD; Y OTROS ELEMENTOS COMPLEMENTARIOS PARA LA ATENCIÓN DEL USUARIO,101,FALTA DE OPORTUNIDAD EN LA PRESTACIÓN DE TECNOLOGÍAS EN SALUD Y OTROS ELEMENTOS COMPLEMENTARIOS PARA LA ATENCIÓN DEL USUARIO,10103,FALTA DE OPORTUNIDAD EN LA ATENCIÓN EN OTROS SERVICIOS DE SALUD,1010308,PROCEDIMIENTOS NO QUIRÚRGICOS,1010308006,OTROS PROCEDIMIENTOS NO QUIRÚRGICOS,PROBLEMAS RELACIONADOS CON FACILIDADES DE ATENCIÓN MÉDICA U OTROS SERVICIOS DE SALUD,PROBLEMAS RELACIONADOS CON FACILIDADES DE ATENCIÓN MÉDICA U OTROS SERVICIOS DE SALUD,OTROS PROBLEMAS RELACIONADOS CON SERVICIOS MÉDICOS Y DE SALUD,No aplica,SIMPLE
492,2024,6,Web,50,50001,US- 000002143811,A nombre propio,MUJER,61,DE 50 A 62 AÑOS,No Aplica,Contributivo,No Aplica,No Aplica,50,50001,NUEVA EPS,RÉGIMEN CONTRIBUTIVO,EPS037,NUEVA EPS,50,50001,1,BARRERAS EN EL ACCESO A TECNOLOGÍAS Y SERVICIOS DE SALUD; Y OTROS ELEMENTOS COMPLEMENTARIOS PARA LA ATENCIÓN DEL USUARIO,102,NEGACIÓN DE TECNOLOGÍAS EN SALUD Y OTROS ELEMENTOS COMPLEMENTARIOS PARA LA ATENCIÓN DEL USUARIO,10203,NEGACIÓN EN LA ATENCIÓN EN OTROS SERVICIOS DE SALUD,1020308,PROCEDIMIENTOS NO QUIRÚRGICOS,1020308006,OTROS PROCEDIMIENTOS NO QUIRÚRGICOS,PROBLEMAS RELACIONADOS CON FACILIDADES DE ATENCIÓN MÉDICA U OTROS SERVICIOS DE SALUD,PROBLEMAS RELACIONADOS CON FACILIDADES DE ATENCIÓN MÉDICA U OTROS SERVICIOS DE SALUD,OTROS PROBLEMAS RELACIONADOS CON SERVICIOS MÉDICOS Y DE SALUD,No aplica,SIMPLE
493,2024,6,Telefónico,63,63001,US- 000003606530,A nombre propio,HOMBRE,30,DE 30 A 37 AÑOS,Universitario Incompleto,Régimen Especial,No Aplica,No Aplica,63,63001,FUERZAS MILITARES,REGÍMENES DE EXCEPCIÓN Y ESPECIALES,REFM01,FUERZAS MILITARES,63,63001,1,BARRERAS EN EL ACCESO A TECNOLOGÍAS Y SERVICIOS DE SALUD; Y OTROS ELEMENTOS COMPLEMENTARIOS PARA LA ATENCIÓN DEL USUARIO,101,FALTA DE OPORTUNIDAD EN LA PRESTACIÓN DE TECNOLOGÍAS EN SALUD Y OTROS ELEMENTOS COMPLEMENTARIOS PARA LA ATENCIÓN DEL USUARIO,10101,FALTA DE OPORTUNIDAD EN LAS CITAS O CONSULTAS,1010103,ESPECIALIDADES MÉDICAS ,1010103074,OCULOPLASTIA,PROBLEMAS RELACIONADOS CON FACILIDADES DE ATENCIÓN MÉDICA U OTROS SERVICIOS DE SALUD,PROBLEMAS RELACIONADOS CON FACILIDADES DE ATENCIÓN MÉDICA U OTROS SERVICIOS DE SALUD,BLEFARITIS,No aplica,SIMPLE
494,2024,3,Web,5,5001,US- 000003606531,Otro,MUJER,71,MAYOR DE 63 AÑOS ,No Aplica,Subsidiado,No Aplica,No Aplica,5,5148,SAVIA SALUD,RÉGIMEN SUBSIDIADO,EPSS40,SAVIA SALUD EPS,5,5148,1,BARRERAS EN EL ACCESO A TECNOLOGÍAS Y SERVICIOS DE SALUD; Y OTROS ELEMENTOS COMPLEMENTARIOS PARA LA ATENCIÓN DEL USUARIO,101,FALTA DE OPORTUNIDAD EN LA PRESTACIÓN DE TECNOLOGÍAS EN SALUD Y OTROS ELEMENTOS COMPLEMENTARIOS PARA LA ATENCIÓN DEL USUARIO,10101,FALTA DE OPORTUNIDAD EN LAS CITAS O CONSULTAS,1010103,ESPECIALIDADES MÉDICAS ,1010103078,ORTOPEDIA Y TRAUMATOLOGÍA,ENFERMEDADES OSTEOARTICULARES,OTROS,OTRAS GONARTROSIS PRIMARIAS,Reemplazos articulares,SIMPLE
495,2024,6,Web,68,68276,US- 000003606532,Otro,MUJER,53,DE 50 A 62 AÑOS,No Aplica,Régimen Especial,No Aplica,No Aplica,68,68266,MAGISTERIO,REGÍMENES DE EXCEPCIÓN Y ESPECIALES,REMG01,MAGISTERIO,68,68432,1,BARRERAS EN EL ACCESO A TECNOLOGÍAS Y SERVICIOS DE SALUD; Y OTROS ELEMENTOS COMPLEMENTARIOS PARA LA ATENCIÓN DEL USUARIO,102,NEGACIÓN DE TECNOLOGÍAS EN SALUD Y OTROS ELEMENTOS COMPLEMENTARIOS PARA LA ATENCIÓN DEL USUARIO,10201,NEGACIÓN EN LA ASIGNACIÓN DE CITAS O CONSULTAS,1020101,MEDICINA GENERAL,,,PROBLEMAS RELACIONADOS CON FACILIDADES DE ATENCIÓN MÉDICA U OTROS SERVICIOS DE SALUD,PROBLEMAS RELACIONADOS CON FACILIDADES DE ATENCIÓN MÉDICA U OTROS SERVICIOS DE SALUD,PROBLEMAS RELACIONADOS CON FACILIDADES DE ATENCIÓN MEDICA U OTROS SERVICIOS DE SALUD,No aplica,SIMPLE
496,2024,6,Personalizado,68,68001,US- 000003606533,A nombre propio,MUJER,55,DE 50 A 62 AÑOS,Secundaria,No aplica,No Aplica,No Aplica,68,68001,SECRETARÍA DEPARTAMENTAL DE SALUD DE SANTANDER,ENTIDADES TERRITORIALES,999998,SECRETARIA DEPARTAMENTAL DE SALUD DE SANTANDER,68,68001,1,BARRERAS EN EL ACCESO A TECNOLOGÍAS Y SERVICIOS DE SALUD; Y OTROS ELEMENTOS COMPLEMENTARIOS PARA LA ATENCIÓN DEL USUARIO,103,FALTA DE OPORTUNIDAD EN LA AUTORIZACIÓN DE TECNOLOGÍAS EN SALUD Y OTROS ELEMENTOS COMPLEMENTARIOS PARA LA ATENCIÓN DEL USUARIO,10302,FALTA DE OPORTUNIDAD EN LA AUTORIZACIÓN DE CITAS DE CONSULTA,1030203,ESPECIALIDADES MÉDICAS ,1030203078,ORTOPEDIA Y TRAUMATOLOGÍA,ENFERMEDADES OSTEOARTICULARES,OTROS,"HERIDAS DEL ANTEBRAZO, PARTE NO ESPECIFICADA",No aplica,SIMPLE
497,2024,6,Telefónico,66,66682,US- 000003606534,Cónyuge,HOMBRE,51,DE 50 A 62 AÑOS,Secundaria,Contributivo,No Aplica,No Aplica,66,66682,NUEVA EPS,RÉGIMEN CONTRIBUTIVO,EPS037,NUEVA EPS,66,66682,1,BARRERAS EN EL ACCESO A TECNOLOGÍAS Y SERVICIOS DE SALUD; Y OTROS ELEMENTOS COMPLEMENTARIOS PARA LA ATENCIÓN DEL USUARIO,102,NEGACIÓN DE TECNOLOGÍAS EN SALUD Y OTROS ELEMENTOS COMPLEMENTARIOS PARA LA ATENCIÓN DEL USUARIO,10203,NEGACIÓN EN LA ATENCIÓN EN OTROS SERVICIOS DE SALUD,1020309,PROCEDIMIENTOS QUIRÚRGICOS,1020309003,OTROS PROCEDIMIENTOS QUIRÚRGICOS,CÁNCER ,OTROS,EXAMEN DE PESQUISA ESPECIAL PARA TUMORES,No aplica,PRIORIZADO
498,2024,6,Web,50,50573,US- 000003606535,A nombre propio,HOMBRE,20,DE 18 A 24 AÑOS,No Aplica,Contributivo,No Aplica,No Aplica,50,50573,NUEVA EPS,RÉGIMEN CONTRIBUTIVO,EPS037,NUEVA EPS,50,50001,1,BARRERAS EN EL ACCESO A TECNOLOGÍAS Y SERVICIOS DE SALUD; Y OTROS ELEMENTOS COMPLEMENTARIOS PARA LA ATENCIÓN DEL USUARIO,101,FALTA DE OPORTUNIDAD EN LA PRESTACIÓN DE TECNOLOGÍAS EN SALUD Y OTROS ELEMENTOS COMPLEMENTARIOS PARA LA ATENCIÓN DEL USUARIO,10103,FALTA DE OPORTUNIDAD EN LA ATENCIÓN EN OTROS SERVICIOS DE SALUD,1010309,PROCEDIMIENTOS QUIRÚRGICOS,1010309003,OTROS PROCEDIMIENTOS QUIRÚRGICOS,SALUD ORAL,SALUD ORAL,OTROS TRASTORNOS DEL DESARROLLO DE LOS DIENTES,No aplica,SIMPLE
499,2024,6,Telefónico,11,11001,US- 000002892389,A nombre propio,MUJER,43,DE 38 A 49 AÑOS,Universitario,Contributivo,No Aplica,Víctima del conflicto armado,11,11001,SALUD TOTAL,RÉGIMEN CONTRIBUTIVO,EPS002,SALUD TOTAL,11,11001,1,BARRERAS EN EL ACCESO A TECNOLOGÍAS Y SERVICIOS DE SALUD; Y OTROS ELEMENTOS COMPLEMENTARIOS PARA LA ATENCIÓN DEL USUARIO,102,NEGACIÓN DE TECNOLOGÍAS EN SALUD Y OTROS ELEMENTOS COMPLEMENTARIOS PARA LA ATENCIÓN DEL USUARIO,10204,NEGACIÓN PARA LA ENTREGA DE TECNOLOGÍAS EN SALUD Y/O DE OTROS SERVICIOS AUTORIZADOS,1020401,MEDICAMENTOS UPC,,,ENFERMEDADES NEUROLÓGICAS,EPILEPSIA,EPILEPSIA,No aplica,PRIORIZADO
500,2024,6,Escrito,76,76834,US- 000003606536,Hijo (A),MUJER,61,DE 50 A 62 AÑOS,No Aplica,No aplica,No Aplica,No Aplica,76,76834,SECRETARÍA DE SALUD DEPARTAMENTAL DEL VALLE,ENTIDADES TERRITORIALES,999998,SECRETARIA DE SALUD DEPARTAMENTAL DEL VALLE,76,76834,2,INSATISFACCIÓN RELACIONADA CON LA ATENCIÓN EN SALUD,202,INSATISFACCIÓN RELACIONADA CON LA ATENCIÓN DEL PERSONAL EN SALUD,20201,INSATISFACCIÓN RELACIONADA CON LA ATENCIÓN DEL PERSONAL EN SALUD,2020101,FALLAS EN LA ÉTICA PROFESIONAL,,,ENFERMEDADES CRÓNICAS NO TRASMISIBLES CARDIOVASCULARES,ACV (ACCIDENTE CEREBRO VASCULAR),"ENFERMEDAD CEREBROVASCULAR, NO ESPECIFICADA",No aplica,SIMPLE
501,2024,6,Web,25,25286,US- 000000974569,A nombre propio,MUJER,76,MAYOR DE 63 AÑOS ,No Aplica,Contributivo,No Aplica,No Aplica,25,25286,NUEVA EPS,RÉGIMEN CONTRIBUTIVO,EPS037,NUEVA EPS,25,25286,1,BARRERAS EN EL ACCESO A TECNOLOGÍAS Y SERVICIOS DE SALUD; Y OTROS ELEMENTOS COMPLEMENTARIOS PARA LA ATENCIÓN DEL USUARIO,101,FALTA DE OPORTUNIDAD EN LA PRESTACIÓN DE TECNOLOGÍAS EN SALUD Y OTROS ELEMENTOS COMPLEMENTARIOS PARA LA ATENCIÓN DEL USUARIO,10103,FALTA DE OPORTUNIDAD EN LA ATENCIÓN EN OTROS SERVICIOS DE SALUD,1010308,PROCEDIMIENTOS NO QUIRÚRGICOS,1010308003,QUIMIOTERAPIA,CÁNCER ,CÁNCER HEPÁTICO O DE HÍGADO,"TUMOR MALIGNO DEL HIGADO, NO ESPECIFICADO",Quimioterapia y radioterapia para el cáncer,PRIORIZADO
502,2024,6,Web,11,11001,US- 000003606537,A nombre propio,MUJER,68,MAYOR DE 63 AÑOS ,No Aplica,Contributivo,No Aplica,No Aplica,11,11001,NUEVA EPS,RÉGIMEN CONTRIBUTIVO,EPS037,NUEVA EPS,11,11001,1,BARRERAS EN EL ACCESO A TECNOLOGÍAS Y SERVICIOS DE SALUD; Y OTROS ELEMENTOS COMPLEMENTARIOS PARA LA ATENCIÓN DEL USUARIO,103,FALTA DE OPORTUNIDAD EN LA AUTORIZACIÓN DE TECNOLOGÍAS EN SALUD Y OTROS ELEMENTOS COMPLEMENTARIOS PARA LA ATENCIÓN DEL USUARIO,10302,FALTA DE OPORTUNIDAD EN LA AUTORIZACIÓN DE CITAS DE CONSULTA,1030203,ESPECIALIDADES MÉDICAS ,1030203024,CIRUGÍA MAXILOFACIAL,PROBLEMAS RELACIONADOS CON FACILIDADES DE ATENCIÓN MÉDICA U OTROS SERVICIOS DE SALUD,PROBLEMAS RELACIONADOS CON FACILIDADES DE ATENCIÓN MÉDICA U OTROS SERVICIOS DE SALUD,PARESTESIA DE LA PIEL,No aplica,SIMPLE
503,2024,6,Web,11,11001,US- 000002621622,Madre,HOMBRE,28,DE 25 A 29 AÑOS,No Aplica,Subsidiado,No Aplica,No Aplica,11,11001,SALUD TOTAL,RÉGIMEN CONTRIBUTIVO,EPS002,SALUD TOTAL,11,11001,1,BARRERAS EN EL ACCESO A TECNOLOGÍAS Y SERVICIOS DE SALUD; Y OTROS ELEMENTOS COMPLEMENTARIOS PARA LA ATENCIÓN DEL USUARIO,101,FALTA DE OPORTUNIDAD EN LA PRESTACIÓN DE TECNOLOGÍAS EN SALUD Y OTROS ELEMENTOS COMPLEMENTARIOS PARA LA ATENCIÓN DEL USUARIO,10104,FALTA DE OPORTUNIDAD EN LA ENTREGA O ENTREGA INCOMPLETA DE TECNOLOGÍAS EN SALUD Y/O PRESTACIÓN DE OTROS SERVICIOS,1010401,MEDICAMENTOS UPC,,,PROBLEMAS RELACIONADOS CON FACILIDADES DE ATENCIÓN MÉDICA U OTROS SERVICIOS DE SALUD,PROBLEMAS RELACIONADOS CON FACILIDADES DE ATENCIÓN MÉDICA U OTROS SERVICIOS DE SALUD,PROBLEMAS RELACIONADOS CON FACILIDADES DE ATENCIÓN MEDICA U OTROS SERVICIOS DE SALUD,No aplica,SIMPLE
504,2024,5,Personalizado,8,8001,US- 000002333919,A nombre propio,HOMBRE,71,MAYOR DE 63 AÑOS ,Secundaria,Contributivo,No Aplica,No Aplica,8,8001,FAMISANAR,RÉGIMEN CONTRIBUTIVO,EPS017,FAMISANAR,8,8001,1,BARRERAS EN EL ACCESO A TECNOLOGÍAS Y SERVICIOS DE SALUD; Y OTROS ELEMENTOS COMPLEMENTARIOS PARA LA ATENCIÓN DEL USUARIO,102,NEGACIÓN DE TECNOLOGÍAS EN SALUD Y OTROS ELEMENTOS COMPLEMENTARIOS PARA LA ATENCIÓN DEL USUARIO,10204,NEGACIÓN PARA LA ENTREGA DE TECNOLOGÍAS EN SALUD Y/O DE OTROS SERVICIOS AUTORIZADOS,1020401,MEDICAMENTOS UPC,,,PROBLEMAS RELACIONADOS CON FACILIDADES DE ATENCIÓN MÉDICA U OTROS SERVICIOS DE SALUD,PROBLEMAS RELACIONADOS CON FACILIDADES DE ATENCIÓN MÉDICA U OTROS SERVICIOS DE SALUD,HIPERPLASIA DE LA PRÓSTATA,No aplica,SIMPLE
505,2024,6,Personalizado,68,68276,US- 000003606538,Cónyuge,MUJER,57,DE 50 A 62 AÑOS,Secundaria,Contributivo,No Aplica,No Aplica,68,68276,SANITAS,RÉGIMEN CONTRIBUTIVO,EPS005,SANITAS,68,68001,1,BARRERAS EN EL ACCESO A TECNOLOGÍAS Y SERVICIOS DE SALUD; Y OTROS ELEMENTOS COMPLEMENTARIOS PARA LA ATENCIÓN DEL USUARIO,102,NEGACIÓN DE TECNOLOGÍAS EN SALUD Y OTROS ELEMENTOS COMPLEMENTARIOS PARA LA ATENCIÓN DEL USUARIO,10203,NEGACIÓN EN LA ATENCIÓN EN OTROS SERVICIOS DE SALUD,1020309,PROCEDIMIENTOS QUIRÚRGICOS,1020309003,OTROS PROCEDIMIENTOS QUIRÚRGICOS,PROBLEMAS RELACIONADOS CON FACILIDADES DE ATENCIÓN MÉDICA U OTROS SERVICIOS DE SALUD,PROBLEMAS RELACIONADOS CON FACILIDADES DE ATENCIÓN MÉDICA U OTROS SERVICIOS DE SALUD,CALCULO DEL URÉTER,No aplica,SIMPLE
506,2024,6,Web,11,11001,US- 000003606539,A nombre propio,HOMBRE,63,MAYOR DE 63 AÑOS ,No Aplica,Contributivo,Indígena,No Aplica,11,11001,NUEVA EPS,RÉGIMEN CONTRIBUTIVO,EPS037,NUEVA EPS,11,11001,1,BARRERAS EN EL ACCESO A TECNOLOGÍAS Y SERVICIOS DE SALUD; Y OTROS ELEMENTOS COMPLEMENTARIOS PARA LA ATENCIÓN DEL USUARIO,102,NEGACIÓN DE TECNOLOGÍAS EN SALUD Y OTROS ELEMENTOS COMPLEMENTARIOS PARA LA ATENCIÓN DEL USUARIO,10204,NEGACIÓN PARA LA ENTREGA DE TECNOLOGÍAS EN SALUD Y/O DE OTROS SERVICIOS AUTORIZADOS,1020401,MEDICAMENTOS UPC,,,ENFERMEDADES CRÓNICAS NO TRASMISIBLES CARDIOVASCULARES,HTA (HIPERTENSIÓN ARTERIAL),HIPERTENSIÓN ESENCIAL (PRIMARIA),No aplica,SIMPLE
507,2024,6,Web,20,20001,US- 000003606540,A nombre propio,MUJER,45,DE 38 A 49 AÑOS,No Aplica,Régimen Especial,No Aplica,No Aplica,20,20001,MAGISTERIO,REGÍMENES DE EXCEPCIÓN Y ESPECIALES,REMG01,MAGISTERIO,20,20001,4,INSATISFACCIÓN DEL USUARIO CON EL PROCESO ADMINISTRATIVO,404,INSATISFACCIÓN RELACIONADA CON TRÁMITES ADMINISTRATIVOS,40403,INCONSISTENCIAS EN LA AFILIACIÓN,4040301,RETIRADO,,,PROBLEMAS RELACIONADOS CON FACILIDADES DE ATENCIÓN MÉDICA U OTROS SERVICIOS DE SALUD,PROBLEMAS RELACIONADOS CON FACILIDADES DE ATENCIÓN MÉDICA U OTROS SERVICIOS DE SALUD,OTRAS CONSULTAS ESPECIFICADAS,No aplica,SIMPLE
508,2024,4,Web,11,11001,US- 000003606541,Madre,MUJER,3,DE 0 A 5 AÑOS,No Aplica,Subsidiado,No Aplica,No Aplica,11,11001,COMPENSAR,RÉGIMEN CONTRIBUTIVO,EPS008,COMPENSAR,11,11001,1,BARRERAS EN EL ACCESO A TECNOLOGÍAS Y SERVICIOS DE SALUD; Y OTROS ELEMENTOS COMPLEMENTARIOS PARA LA ATENCIÓN DEL USUARIO,103,FALTA DE OPORTUNIDAD EN LA AUTORIZACIÓN DE TECNOLOGÍAS EN SALUD Y OTROS ELEMENTOS COMPLEMENTARIOS PARA LA ATENCIÓN DEL USUARIO,10301,FALTA DE OPORTUNIDAD EN LA AUTORIZACIÓN DE TECNOLOGÍAS EN SALUD Y/O DE OTROS SERVICIOS,1030101,MEDICAMENTOS UPC,,,MATERNO INFANTIL,ATENCIÓN NIÑOS MENORES DE 5 AÑOS,ANEMIA FALCIFORME SIN CRISIS,No aplica,SIMPLE
509,2024,6,Escrito,19,19100,US- 000003606542,Madre,MUJER,12,DE 6 A 12 AÑOS,No Aplica,Subsidiado,No Aplica,No Aplica,19,19100,NUEVA EPS,RÉGIMEN SUBSIDIADO,EPSS41,NUEVA EPS,19,19100,1,BARRERAS EN EL ACCESO A TECNOLOGÍAS Y SERVICIOS DE SALUD; Y OTROS ELEMENTOS COMPLEMENTARIOS PARA LA ATENCIÓN DEL USUARIO,102,NEGACIÓN DE TECNOLOGÍAS EN SALUD Y OTROS ELEMENTOS COMPLEMENTARIOS PARA LA ATENCIÓN DEL USUARIO,10204,NEGACIÓN PARA LA ENTREGA DE TECNOLOGÍAS EN SALUD Y/O DE OTROS SERVICIOS AUTORIZADOS,1020406,SOPORTE NUTRICIONAL,,,PROBLEMAS RELACIONADOS CON FACILIDADES DE ATENCIÓN MÉDICA U OTROS SERVICIOS DE SALUD,PROBLEMAS RELACIONADOS CON FACILIDADES DE ATENCIÓN MÉDICA U OTROS SERVICIOS DE SALUD,RETARDO DEL DESARROLLO DEBIDO A DESNUTRICIÓN PROTEICOCALORICA,No aplica,PRIORIZADO
510,2024,6,Escrito,11,11001,US- 000000294560,A nombre propio,MUJER,50,DE 50 A 62 AÑOS,No Aplica,Contributivo,No Aplica,No Aplica,11,11001,SANITAS,RÉGIMEN CONTRIBUTIVO,EPS005,SANITAS,11,11001,4,INSATISFACCIÓN DEL USUARIO CON EL PROCESO ADMINISTRATIVO,401,INSATISFACCIÓN CON LA COMUNICACIÓN O INFORMACIÓN ENTREGADA POR PARTE DEL PERSONAL ADMINISTRATIVO,40101,INSATISFACCIÓN RELACIONADA CON INSUFICIENCIA O DEFICIENCIAS EN LA CALIDAD DE LA INFORMACIÓN BRINDADA AL USUARIO,,,,,PROBLEMAS RELACIONADOS CON FACILIDADES DE ATENCIÓN MÉDICA U OTROS SERVICIOS DE SALUD,PROBLEMAS RELACIONADOS CON FACILIDADES DE ATENCIÓN MÉDICA U OTROS SERVICIOS DE SALUD,PROBLEMAS RELACIONADOS CON FACILIDADES DE ATENCIÓN MEDICA U OTROS SERVICIOS DE SALUD,No aplica,SIMPLE
511,2024,6,Web,8,8001,US- 000003606543,Otro,MUJER,33,DE 30 A 37 AÑOS,No Aplica,Contributivo,No Aplica,No Aplica,8,8001,MUTUAL SER,RÉGIMEN CONTRIBUTIVO,EPS048,MUTUAL SER,8,8001,4,INSATISFACCIÓN DEL USUARIO CON EL PROCESO ADMINISTRATIVO,405,PROBLEMAS EN EL RECONOCIMIENTO Y/O PAGO DE PRESTACIONES ECONÓMICAS,40501,NO RECONOCIMIENTO Y/O PAGO DE LAS PRESTACIONES ECONÓMICAS,4050107,INCAPACIDAD DE ENFERMEDAD GENERAL,,,PROBLEMAS RELACIONADOS CON FACILIDADES DE ATENCIÓN MÉDICA U OTROS SERVICIOS DE SALUD,PROBLEMAS RELACIONADOS CON FACILIDADES DE ATENCIÓN MÉDICA U OTROS SERVICIOS DE SALUD,PROBLEMAS RELACIONADOS CON FACILIDADES DE ATENCIÓN MEDICA U OTROS SERVICIOS DE SALUD,No aplica,SIMPLE
512,2024,5,Web,25,25214,US- 000000713072,Hermano (A),HOMBRE,60,DE 50 A 62 AÑOS,No Aplica,Contributivo,No Aplica,Persona con discapacidad,25,25214,NUEVA EPS,RÉGIMEN CONTRIBUTIVO,EPS037,NUEVA EPS,25,25214,1,BARRERAS EN EL ACCESO A TECNOLOGÍAS Y SERVICIOS DE SALUD; Y OTROS ELEMENTOS COMPLEMENTARIOS PARA LA ATENCIÓN DEL USUARIO,102,NEGACIÓN DE TECNOLOGÍAS EN SALUD Y OTROS ELEMENTOS COMPLEMENTARIOS PARA LA ATENCIÓN DEL USUARIO,10201,NEGACIÓN EN LA ASIGNACIÓN DE CITAS O CONSULTAS,1020113,JUNTA MÉDICA,,,PROBLEMAS RELACIONADOS CON FACILIDADES DE ATENCIÓN MÉDICA U OTROS SERVICIOS DE SALUD,PROBLEMAS RELACIONADOS CON FACILIDADES DE ATENCIÓN MÉDICA U OTROS SERVICIOS DE SALUD,NEUROMIELITIS ÓPTICA [DEVIC],No aplica,SIMPLE
513,2024,6,Escrito,27,27450,US- 000001854758,A nombre propio,HOMBRE,32,DE 30 A 37 AÑOS,No Aplica,Subsidiado,No Aplica,No Aplica,27,27450,COOSALUD,RÉGIMEN SUBSIDIADO,ESS024,COOSALUD,27,27001,1,BARRERAS EN EL ACCESO A TECNOLOGÍAS Y SERVICIOS DE SALUD; Y OTROS ELEMENTOS COMPLEMENTARIOS PARA LA ATENCIÓN DEL USUARIO,102,NEGACIÓN DE TECNOLOGÍAS EN SALUD Y OTROS ELEMENTOS COMPLEMENTARIOS PARA LA ATENCIÓN DEL USUARIO,10204,NEGACIÓN PARA LA ENTREGA DE TECNOLOGÍAS EN SALUD Y/O DE OTROS SERVICIOS AUTORIZADOS,1020401,MEDICAMENTOS UPC,,,ENFERMEDADES CRÓNICAS NO TRANSMISIBLES- FACTORES DE RIESGO,MEDICIÓN DE FACTORES DE RIESGO,ATENCIÓN DE COLOSTOMÍA,No aplica,PRIORIZADO
514,2024,6,Telefónico,76,76001,US- 000000774908,Cónyuge,HOMBRE,54,DE 50 A 62 AÑOS,Universitario,Contributivo,No Aplica,No Aplica,76,76001,NUEVA EPS,RÉGIMEN CONTRIBUTIVO,EPS037,NUEVA EPS,76,76001,1,BARRERAS EN EL ACCESO A TECNOLOGÍAS Y SERVICIOS DE SALUD; Y OTROS ELEMENTOS COMPLEMENTARIOS PARA LA ATENCIÓN DEL USUARIO,102,NEGACIÓN DE TECNOLOGÍAS EN SALUD Y OTROS ELEMENTOS COMPLEMENTARIOS PARA LA ATENCIÓN DEL USUARIO,10203,NEGACIÓN EN LA ATENCIÓN EN OTROS SERVICIOS DE SALUD,1020308,PROCEDIMIENTOS NO QUIRÚRGICOS,1020308001,IMAGENOLOGÍA,ENFERMEDADES CRÓNICAS NO TRASMISIBLES CARDIOVASCULARES,OTROS,"ARRITMIA CARDIACA, NO ESPECIFICADA",No aplica,SIMPLE
515,2024,4,Telefónico,25,25754,US- 000002986322,Madre,MUJER,8,DE 6 A 12 AÑOS,Primaria Incompleta,Contributivo,No Aplica,No Aplica,25,25754,NUEVA EPS,RÉGIMEN CONTRIBUTIVO,EPS037,NUEVA EPS,25,25754,1,BARRERAS EN EL ACCESO A TECNOLOGÍAS Y SERVICIOS DE SALUD; Y OTROS ELEMENTOS COMPLEMENTARIOS PARA LA ATENCIÓN DEL USUARIO,102,NEGACIÓN DE TECNOLOGÍAS EN SALUD Y OTROS ELEMENTOS COMPLEMENTARIOS PARA LA ATENCIÓN DEL USUARIO,10201,NEGACIÓN EN LA ASIGNACIÓN DE CITAS O CONSULTAS,1020103,ESPECIALIDADES MÉDICAS ,1020103002,ANESTESIOLOGÍA,PROBLEMAS RELACIONADOS CON FACILIDADES DE ATENCIÓN MÉDICA U OTROS SERVICIOS DE SALUD,PROBLEMAS RELACIONADOS CON FACILIDADES DE ATENCIÓN MÉDICA U OTROS SERVICIOS DE SALUD,"ENANISMO, NO CLASIFICADO EN OTRA PARTE",No aplica,SIMPLE
516,2024,6,Web,17,17001,US- 000003606544,Madre,HOMBRE,2,DE 0 A 5 AÑOS,No Aplica,Contributivo,No Aplica,No Aplica,17,17001,SURAMERICANA EPS,RÉGIMEN CONTRIBUTIVO,EPS010,EPS SURA,17,17001,1,BARRERAS EN EL ACCESO A TECNOLOGÍAS Y SERVICIOS DE SALUD; Y OTROS ELEMENTOS COMPLEMENTARIOS PARA LA ATENCIÓN DEL USUARIO,101,FALTA DE OPORTUNIDAD EN LA PRESTACIÓN DE TECNOLOGÍAS EN SALUD Y OTROS ELEMENTOS COMPLEMENTARIOS PARA LA ATENCIÓN DEL USUARIO,10101,FALTA DE OPORTUNIDAD EN LAS CITAS O CONSULTAS,1010101,MEDICINA GENERAL,,,MATERNO INFANTIL,ATENCIÓN NIÑOS MENORES DE 5 AÑOS,OTROS ESTADOS POSTQUIRÚRGICOS,No aplica,SIMPLE
517,2024,5,Telefónico,54,54553,US- 000002230708,A nombre propio,MUJER,44,DE 38 A 49 AÑOS,Primaria,Subsidiado,No Aplica,No Aplica,54,54553,SANITAS,RÉGIMEN CONTRIBUTIVO,EPS005,SANITAS,54,54553,1,BARRERAS EN EL ACCESO A TECNOLOGÍAS Y SERVICIOS DE SALUD; Y OTROS ELEMENTOS COMPLEMENTARIOS PARA LA ATENCIÓN DEL USUARIO,103,FALTA DE OPORTUNIDAD EN LA AUTORIZACIÓN DE TECNOLOGÍAS EN SALUD Y OTROS ELEMENTOS COMPLEMENTARIOS PARA LA ATENCIÓN DEL USUARIO,10302,FALTA DE OPORTUNIDAD EN LA AUTORIZACIÓN DE CITAS DE CONSULTA,1030203,ESPECIALIDADES MÉDICAS ,1030203039,ENDOCRINOLOGÍA,ENFERMEDADES CRÓNICAS NO TRANSMISIBLES- FACTORES DE RIESGO,OBESIDAD,OBESIDAD,No aplica,SIMPLE
518,2024,6,Web,11,11001,US- 000003606545,Hijo (A),HOMBRE,73,MAYOR DE 63 AÑOS ,No Aplica,Contributivo,No Aplica,No Aplica,11,11001,SANITAS,RÉGIMEN CONTRIBUTIVO,EPS005,SANITAS,25,25307,1,BARRERAS EN EL ACCESO A TECNOLOGÍAS Y SERVICIOS DE SALUD; Y OTROS ELEMENTOS COMPLEMENTARIOS PARA LA ATENCIÓN DEL USUARIO,103,FALTA DE OPORTUNIDAD EN LA AUTORIZACIÓN DE TECNOLOGÍAS EN SALUD Y OTROS ELEMENTOS COMPLEMENTARIOS PARA LA ATENCIÓN DEL USUARIO,10301,FALTA DE OPORTUNIDAD EN LA AUTORIZACIÓN DE TECNOLOGÍAS EN SALUD Y/O DE OTROS SERVICIOS,1030101,MEDICAMENTOS UPC,,,ENFERMEDADES CRÓNICAS NO TRASMISIBLES CARDIOVASCULARES,HTA (HIPERTENSIÓN ARTERIAL),HIPERTENSIÓN ESENCIAL (PRIMARIA),No aplica,SIMPLE
519,2024,6,Web,68,68190,US- 000000658100,A nombre propio,HOMBRE,45,DE 38 A 49 AÑOS,No Aplica,Régimen Especial,Afrocolombiano o Afrodescendiente,No Aplica,68,68190,MAGISTERIO,REGÍMENES DE EXCEPCIÓN Y ESPECIALES,REMG01,MAGISTERIO,68,68385,1,BARRERAS EN EL ACCESO A TECNOLOGÍAS Y SERVICIOS DE SALUD; Y OTROS ELEMENTOS COMPLEMENTARIOS PARA LA ATENCIÓN DEL USUARIO,102,NEGACIÓN DE TECNOLOGÍAS EN SALUD Y OTROS ELEMENTOS COMPLEMENTARIOS PARA LA ATENCIÓN DEL USUARIO,10204,NEGACIÓN PARA LA ENTREGA DE TECNOLOGÍAS EN SALUD Y/O DE OTROS SERVICIOS AUTORIZADOS,1020401,MEDICAMENTOS UPC,,,PROBLEMAS RELACIONADOS CON FACILIDADES DE ATENCIÓN MÉDICA U OTROS SERVICIOS DE SALUD,PROBLEMAS RELACIONADOS CON FACILIDADES DE ATENCIÓN MÉDICA U OTROS SERVICIOS DE SALUD,OTROS PROBLEMAS RELACIONADOS CON SERVICIOS MÉDICOS Y DE SALUD,No aplica,SIMPLE
520,2024,6,Escrito,73,73001,US- 000003173319,A nombre propio,MUJER,81,MAYOR DE 63 AÑOS ,No Aplica,Contributivo,No Aplica,No Aplica,73,73001,SANITAS,RÉGIMEN CONTRIBUTIVO,EPS005,SANITAS,73,73001,1,BARRERAS EN EL ACCESO A TECNOLOGÍAS Y SERVICIOS DE SALUD; Y OTROS ELEMENTOS COMPLEMENTARIOS PARA LA ATENCIÓN DEL USUARIO,103,FALTA DE OPORTUNIDAD EN LA AUTORIZACIÓN DE TECNOLOGÍAS EN SALUD Y OTROS ELEMENTOS COMPLEMENTARIOS PARA LA ATENCIÓN DEL USUARIO,10303,FALTA DE OPORTUNIDAD EN LA AUTORIZACIÓN PARA SERVICIOS DE COMPLEMENTACIÓN TERAPÉUTICA,1030304,TERAPIA INTEGRAL,,,PROBLEMAS RELACIONADOS CON FACILIDADES DE ATENCIÓN MÉDICA U OTROS SERVICIOS DE SALUD,PROBLEMAS RELACIONADOS CON FACILIDADES DE ATENCIÓN MÉDICA U OTROS SERVICIOS DE SALUD,DEMENCIA EN LA ENFERMEDAD DE ALZHEIMER,No aplica,SIMPLE
521,2024,6,Web,66,66001,US- 000001702707,A nombre propio,HOMBRE,49,DE 38 A 49 AÑOS,No Aplica,Contributivo,No Aplica,No Aplica,66,66001,SANITAS,RÉGIMEN CONTRIBUTIVO,EPS005,SANITAS,66,66001,1,BARRERAS EN EL ACCESO A TECNOLOGÍAS Y SERVICIOS DE SALUD; Y OTROS ELEMENTOS COMPLEMENTARIOS PARA LA ATENCIÓN DEL USUARIO,102,NEGACIÓN DE TECNOLOGÍAS EN SALUD Y OTROS ELEMENTOS COMPLEMENTARIOS PARA LA ATENCIÓN DEL USUARIO,10201,NEGACIÓN EN LA ASIGNACIÓN DE CITAS O CONSULTAS,1020103,ESPECIALIDADES MÉDICAS ,1020103080,OTORRINOLARINGOLOGÍA,PROBLEMAS RELACIONADOS CON FACILIDADES DE ATENCIÓN MÉDICA U OTROS SERVICIOS DE SALUD,PROBLEMAS RELACIONADOS CON FACILIDADES DE ATENCIÓN MÉDICA U OTROS SERVICIOS DE SALUD,PROBLEMAS RELACIONADOS CON FACILIDADES DE ATENCIÓN MEDICA U OTROS SERVICIOS DE SALUD,No aplica,SIMPLE
522,2024,6,Chat,5,5001,US- 000002639123,Madre,MUJER,7,DE 6 A 12 AÑOS,Primaria Incompleta,Subsidiado,No Aplica,No Aplica,5,5001,SAVIA SALUD,RÉGIMEN SUBSIDIADO,EPSS40,SAVIA SALUD EPS,5,5001,1,BARRERAS EN EL ACCESO A TECNOLOGÍAS Y SERVICIOS DE SALUD; Y OTROS ELEMENTOS COMPLEMENTARIOS PARA LA ATENCIÓN DEL USUARIO,101,FALTA DE OPORTUNIDAD EN LA PRESTACIÓN DE TECNOLOGÍAS EN SALUD Y OTROS ELEMENTOS COMPLEMENTARIOS PARA LA ATENCIÓN DEL USUARIO,10101,FALTA DE OPORTUNIDAD EN LAS CITAS O CONSULTAS,1010103,ESPECIALIDADES MÉDICAS ,1010103072,NEUROLOGÍA,ENFERMEDADES HUÉRFANAS,HERNIA DIAFRAGMÁTICA,HERNIA DIAFRAGMÁTICA CONGÉNITA,No aplica,PRIORIZADO
523,2024,6,Escrito,66,66170,US- 000002478709,A nombre propio,MUJER,70,MAYOR DE 63 AÑOS ,Ninguno,Contributivo,No Aplica,No Aplica,66,66170,NUEVA EPS,RÉGIMEN CONTRIBUTIVO,EPS037,NUEVA EPS,66,66170,1,BARRERAS EN EL ACCESO A TECNOLOGÍAS Y SERVICIOS DE SALUD; Y OTROS ELEMENTOS COMPLEMENTARIOS PARA LA ATENCIÓN DEL USUARIO,101,FALTA DE OPORTUNIDAD EN LA PRESTACIÓN DE TECNOLOGÍAS EN SALUD Y OTROS ELEMENTOS COMPLEMENTARIOS PARA LA ATENCIÓN DEL USUARIO,10101,FALTA DE OPORTUNIDAD EN LAS CITAS O CONSULTAS,1010103,ESPECIALIDADES MÉDICAS ,1010103010,CIRUGÍA CARDIOVASCULAR,ENFERMEDADES CRÓNICAS NO TRASMISIBLES CARDIOVASCULARES,ENFERMEDAD CARDIOVASCULAR QUE REQUIERA CIRUGÍA,OTROS TRASTORNOS CARDIACOS EN OTRAS ENFERMEDADES CLASIFICADAS EN OTRA PARTE,No aplica,PRIORIZADO
524,2024,4,Web,11,11001,US- 000003606546,A nombre propio,MUJER,57,DE 50 A 62 AÑOS,Ninguno,Contributivo,No Aplica,No Aplica,11,11001,FAMISANAR,RÉGIMEN CONTRIBUTIVO,EPS017,FAMISANAR,11,11001,1,BARRERAS EN EL ACCESO A TECNOLOGÍAS Y SERVICIOS DE SALUD; Y OTROS ELEMENTOS COMPLEMENTARIOS PARA LA ATENCIÓN DEL USUARIO,103,FALTA DE OPORTUNIDAD EN LA AUTORIZACIÓN DE TECNOLOGÍAS EN SALUD Y OTROS ELEMENTOS COMPLEMENTARIOS PARA LA ATENCIÓN DEL USUARIO,10302,FALTA DE OPORTUNIDAD EN LA AUTORIZACIÓN DE CITAS DE CONSULTA,1030203,ESPECIALIDADES MÉDICAS ,1030203009,CIRUGÍA CABEZA Y CUELLO - OTORRINOLARINGOLOGÍA,PROBLEMAS RELACIONADOS CON FACILIDADES DE ATENCIÓN MÉDICA U OTROS SERVICIOS DE SALUD,PROBLEMAS RELACIONADOS CON FACILIDADES DE ATENCIÓN MÉDICA U OTROS SERVICIOS DE SALUD,OTROS ESTADOS POSTQUIRÚRGICOS ESPECIFICADOS,No aplica,SIMPLE
525,2024,6,Web,13,13001,US- 000002105161,Hijo (A),MUJER,83,MAYOR DE 63 AÑOS ,No Aplica,Contributivo,No Aplica,No Aplica,13,13001,NUEVA EPS,RÉGIMEN CONTRIBUTIVO,EPS037,NUEVA EPS,13,13001,1,BARRERAS EN EL ACCESO A TECNOLOGÍAS Y SERVICIOS DE SALUD; Y OTROS ELEMENTOS COMPLEMENTARIOS PARA LA ATENCIÓN DEL USUARIO,101,FALTA DE OPORTUNIDAD EN LA PRESTACIÓN DE TECNOLOGÍAS EN SALUD Y OTROS ELEMENTOS COMPLEMENTARIOS PARA LA ATENCIÓN DEL USUARIO,10103,FALTA DE OPORTUNIDAD EN LA ATENCIÓN EN OTROS SERVICIOS DE SALUD,1010308,PROCEDIMIENTOS NO QUIRÚRGICOS,1010308001,IMAGENOLOGÍA,ENFERMEDADES CRÓNICAS NO TRANSMISIBLES –DIABETES,DIABETES,DIABETES MELLITUS NO INSULINODEPENDIENTE,No aplica,SIMPLE
526,2024,6,Telefónico,76,76001,US- 000003606547,A nombre propio,HOMBRE,62,DE 50 A 62 AÑOS,No Aplica,Subsidiado,No Aplica,No Aplica,76,76001,EMSSANAR EPS,RÉGIMEN SUBSIDIADO,ESS118,EMSSANAR,76,76001,1,BARRERAS EN EL ACCESO A TECNOLOGÍAS Y SERVICIOS DE SALUD; Y OTROS ELEMENTOS COMPLEMENTARIOS PARA LA ATENCIÓN DEL USUARIO,101,FALTA DE OPORTUNIDAD EN LA PRESTACIÓN DE TECNOLOGÍAS EN SALUD Y OTROS ELEMENTOS COMPLEMENTARIOS PARA LA ATENCIÓN DEL USUARIO,10103,FALTA DE OPORTUNIDAD EN LA ATENCIÓN EN OTROS SERVICIOS DE SALUD,1010308,PROCEDIMIENTOS NO QUIRÚRGICOS,1010308006,OTROS PROCEDIMIENTOS NO QUIRÚRGICOS,PROBLEMAS RELACIONADOS CON FACILIDADES DE ATENCIÓN MÉDICA U OTROS SERVICIOS DE SALUD,PROBLEMAS RELACIONADOS CON FACILIDADES DE ATENCIÓN MÉDICA U OTROS SERVICIOS DE SALUD,"INFECCIÓN DE VÍAS URINARIAS, SITIO NO ESPECIFICADO",No aplica,SIMPLE
527,2024,6,Web,5,5147,US- 000000048564,A nombre propio,MUJER,38,DE 38 A 49 AÑOS,No Aplica,Contributivo,No Aplica,No Aplica,5,5147,SURAMERICANA EPS,RÉGIMEN CONTRIBUTIVO,EPS010,EPS SURA,5,5147,1,BARRERAS EN EL ACCESO A TECNOLOGÍAS Y SERVICIOS DE SALUD; Y OTROS ELEMENTOS COMPLEMENTARIOS PARA LA ATENCIÓN DEL USUARIO,102,NEGACIÓN DE TECNOLOGÍAS EN SALUD Y OTROS ELEMENTOS COMPLEMENTARIOS PARA LA ATENCIÓN DEL USUARIO,10201,NEGACIÓN EN LA ASIGNACIÓN DE CITAS O CONSULTAS,1020103,ESPECIALIDADES MÉDICAS ,1020103080,OTORRINOLARINGOLOGÍA,PROBLEMAS RELACIONADOS CON FACILIDADES DE ATENCIÓN MÉDICA U OTROS SERVICIOS DE SALUD,PROBLEMAS RELACIONADOS CON FACILIDADES DE ATENCIÓN MÉDICA U OTROS SERVICIOS DE SALUD,PROBLEMAS RELACIONADOS CON FACILIDADES DE ATENCIÓN MEDICA U OTROS SERVICIOS DE SALUD,No aplica,SIMPLE
528,2024,6,Telefónico,76,76001,US- 000001456975,Cónyuge,HOMBRE,68,MAYOR DE 63 AÑOS ,Universitario Incompleto,Contributivo,No Aplica,No Aplica,76,76001,SOS -SERVICIO OCCIDENTAL DE SALUD,RÉGIMEN CONTRIBUTIVO,EPS018,SERVICIO OCCIDENTAL DE SALUD (SOS),76,76001,1,BARRERAS EN EL ACCESO A TECNOLOGÍAS Y SERVICIOS DE SALUD; Y OTROS ELEMENTOS COMPLEMENTARIOS PARA LA ATENCIÓN DEL USUARIO,101,FALTA DE OPORTUNIDAD EN LA PRESTACIÓN DE TECNOLOGÍAS EN SALUD Y OTROS ELEMENTOS COMPLEMENTARIOS PARA LA ATENCIÓN DEL USUARIO,10102,FALTA DE OPORTUNIDAD PARA SERVICIOS DE COMPLEMENTACIÓN TERAPÉUTICA,1010209,OTRAS TERAPIAS,,,ENFERMEDADES OSTEOARTICULARES,NEUROLÓGICAS,DEMENCIA EN LA ENFERMEDAD DE ALZHEIMER,No aplica,SIMPLE
529,2024,6,Escrito,5,5001,US- 000003606548,Otro,HOMBRE,57,DE 50 A 62 AÑOS,Secundaria,Subsidiado,No Aplica,No Aplica,5,5001,SAVIA SALUD,RÉGIMEN SUBSIDIADO,EPSS40,SAVIA SALUD EPS,5,5001,1,BARRERAS EN EL ACCESO A TECNOLOGÍAS Y SERVICIOS DE SALUD; Y OTROS ELEMENTOS COMPLEMENTARIOS PARA LA ATENCIÓN DEL USUARIO,101,FALTA DE OPORTUNIDAD EN LA PRESTACIÓN DE TECNOLOGÍAS EN SALUD Y OTROS ELEMENTOS COMPLEMENTARIOS PARA LA ATENCIÓN DEL USUARIO,10104,FALTA DE OPORTUNIDAD EN LA ENTREGA O ENTREGA INCOMPLETA DE TECNOLOGÍAS EN SALUD Y/O PRESTACIÓN DE OTROS SERVICIOS,1010401,MEDICAMENTOS UPC,,,ENFERMEDADES CRÓNICAS NO TRASMISIBLES CARDIOVASCULARES,OTROS,INSUFICIENCIA CARDIACA CONGESTIVA,Manejo quirúrgico para enfermedades del corazón,SIMPLE
530,2024,5,Personalizado,11,11001,US- 000000950424,Hijo (A),HOMBRE,85,MAYOR DE 63 AÑOS ,Primaria Incompleta,Subsidiado,No Aplica,No Aplica,25,25878,NUEVA EPS,RÉGIMEN SUBSIDIADO,EPSS41,NUEVA EPS,25,25878,1,BARRERAS EN EL ACCESO A TECNOLOGÍAS Y SERVICIOS DE SALUD; Y OTROS ELEMENTOS COMPLEMENTARIOS PARA LA ATENCIÓN DEL USUARIO,101,FALTA DE OPORTUNIDAD EN LA PRESTACIÓN DE TECNOLOGÍAS EN SALUD Y OTROS ELEMENTOS COMPLEMENTARIOS PARA LA ATENCIÓN DEL USUARIO,10103,FALTA DE OPORTUNIDAD EN LA ATENCIÓN EN OTROS SERVICIOS DE SALUD,1010308,PROCEDIMIENTOS NO QUIRÚRGICOS,1010308006,OTROS PROCEDIMIENTOS NO QUIRÚRGICOS,ENFERMEDADES CRÓNICAS NO TRASMISIBLES CARDIOVASCULARES,OTROS,FIBRILACIÓN Y ALETEO AURICULAR,No aplica,PRIORIZADO
531,2024,6,Web,13,13001,US- 000003606549,A nombre propio,HOMBRE,83,MAYOR DE 63 AÑOS ,No Aplica,Subsidiado,No Aplica,No Aplica,13,13001,SANITAS,RÉGIMEN CONTRIBUTIVO,EPS005,SANITAS,13,13001,1,BARRERAS EN EL ACCESO A TECNOLOGÍAS Y SERVICIOS DE SALUD; Y OTROS ELEMENTOS COMPLEMENTARIOS PARA LA ATENCIÓN DEL USUARIO,103,FALTA DE OPORTUNIDAD EN LA AUTORIZACIÓN DE TECNOLOGÍAS EN SALUD Y OTROS ELEMENTOS COMPLEMENTARIOS PARA LA ATENCIÓN DEL USUARIO,10304,FALTA DE OPORTUNIDAD EN LA AUTORIZACIÓN DE OTROS SERVICIOS DE SALUD,1030409,PROCEDIMIENTOS QUIRÚRGICOS,1030409003,OTROS PROCEDIMIENTOS QUIRÚRGICOS,PROBLEMAS RELACIONADOS CON FACILIDADES DE ATENCIÓN MÉDICA U OTROS SERVICIOS DE SALUD,PROBLEMAS RELACIONADOS CON FACILIDADES DE ATENCIÓN MÉDICA U OTROS SERVICIOS DE SALUD,"CATARATA, NO ESPECIFICADA",No aplica,SIMPLE
532,2024,4,Personalizado,11,11001,US- 000002887309,A nombre propio,MUJER,51,DE 50 A 62 AÑOS,Secundaria,Contributivo,No Aplica,No Aplica,11,11001,FAMISANAR,RÉGIMEN CONTRIBUTIVO,EPS017,FAMISANAR,11,11001,1,BARRERAS EN EL ACCESO A TECNOLOGÍAS Y SERVICIOS DE SALUD; Y OTROS ELEMENTOS COMPLEMENTARIOS PARA LA ATENCIÓN DEL USUARIO,102,NEGACIÓN DE TECNOLOGÍAS EN SALUD Y OTROS ELEMENTOS COMPLEMENTARIOS PARA LA ATENCIÓN DEL USUARIO,10201,NEGACIÓN EN LA ASIGNACIÓN DE CITAS O CONSULTAS,1020111,SEGURIDAD Y SALUD EN EL TRABAJO,,,ENFERMEDADES OSTEOARTICULARES,ARTRITIS REUMATOIDEA,"ARTRITIS REUMATOIDE, NO ESPECIFICADA",No aplica,SIMPLE
533,2024,6,Telefónico,5,5001,US- 000000224912,A nombre propio,MUJER,70,MAYOR DE 63 AÑOS ,Secundaria,Contributivo,No Aplica,No Aplica,5,5001,SURAMERICANA EPS,RÉGIMEN CONTRIBUTIVO,EPS010,EPS SURA,5,5001,1,BARRERAS EN EL ACCESO A TECNOLOGÍAS Y SERVICIOS DE SALUD; Y OTROS ELEMENTOS COMPLEMENTARIOS PARA LA ATENCIÓN DEL USUARIO,101,FALTA DE OPORTUNIDAD EN LA PRESTACIÓN DE TECNOLOGÍAS EN SALUD Y OTROS ELEMENTOS COMPLEMENTARIOS PARA LA ATENCIÓN DEL USUARIO,10101,FALTA DE OPORTUNIDAD EN LAS CITAS O CONSULTAS,1010102,ODONTOLOGÍA GENERAL,,,PROBLEMAS RELACIONADOS CON FACILIDADES DE ATENCIÓN MÉDICA U OTROS SERVICIOS DE SALUD,PROBLEMAS RELACIONADOS CON FACILIDADES DE ATENCIÓN MÉDICA U OTROS SERVICIOS DE SALUD,"HIPOTIROIDISMO, NO ESPECIFICADO",No aplica,SIMPLE
534,2024,5,Web,25,25402,US- 000003606550,A nombre propio,MUJER,27,DE 25 A 29 AÑOS,No Aplica,Subsidiado,No Aplica,No Aplica,25,25402,NUEVA EPS,RÉGIMEN SUBSIDIADO,EPSS41,NUEVA EPS,25,25402,1,BARRERAS EN EL ACCESO A TECNOLOGÍAS Y SERVICIOS DE SALUD; Y OTROS ELEMENTOS COMPLEMENTARIOS PARA LA ATENCIÓN DEL USUARIO,101,FALTA DE OPORTUNIDAD EN LA PRESTACIÓN DE TECNOLOGÍAS EN SALUD Y OTROS ELEMENTOS COMPLEMENTARIOS PARA LA ATENCIÓN DEL USUARIO,10103,FALTA DE OPORTUNIDAD EN LA ATENCIÓN EN OTROS SERVICIOS DE SALUD,1010308,PROCEDIMIENTOS NO QUIRÚRGICOS,1010308001,IMAGENOLOGÍA,PROBLEMAS RELACIONADOS CON FACILIDADES DE ATENCIÓN MÉDICA U OTROS SERVICIOS DE SALUD,PROBLEMAS RELACIONADOS CON FACILIDADES DE ATENCIÓN MÉDICA U OTROS SERVICIOS DE SALUD,OTITIS MEDIA CRÓNICA SEROSA,No aplica,SIMPLE
535,2024,6,Telefónico,5,5885,US- 000002776214,Hijo (A),MUJER,63,MAYOR DE 63 AÑOS ,Primaria Incompleta,Subsidiado,No Aplica,Persona con discapacidad,5,5885,NUEVA EPS,RÉGIMEN CONTRIBUTIVO,EPS037,NUEVA EPS,5,5885,2,INSATISFACCIÓN RELACIONADA CON LA ATENCIÓN EN SALUD,201,INSATISFACCIÓN RELACIONADA CON LA ATENCIÓN EN SALUD POR FALTA DE OPORTUNIDAD,20102,INSATISFACCIÓN POR FALTA DE OPORTUNIDAD EN LA ENTREGA DE RESULTADOS DE AYUDAS DIAGNÓSTICAS,,,,,PROBLEMAS RELACIONADOS CON FACILIDADES DE ATENCIÓN MÉDICA U OTROS SERVICIOS DE SALUD,PROBLEMAS RELACIONADOS CON FACILIDADES DE ATENCIÓN MÉDICA U OTROS SERVICIOS DE SALUD,HEMORRAGIA SUBARACNOIDEA,No aplica,SIMPLE
536,2024,6,Web,25,25175,US- 000000479257,A nombre propio,HOMBRE,47,DE 38 A 49 AÑOS,No Aplica,Contributivo,No Aplica,No Aplica,25,25175,SURAMERICANA EPS,RÉGIMEN CONTRIBUTIVO,EPS010,EPS SURA,25,25175,1,BARRERAS EN EL ACCESO A TECNOLOGÍAS Y SERVICIOS DE SALUD; Y OTROS ELEMENTOS COMPLEMENTARIOS PARA LA ATENCIÓN DEL USUARIO,103,FALTA DE OPORTUNIDAD EN LA AUTORIZACIÓN DE TECNOLOGÍAS EN SALUD Y OTROS ELEMENTOS COMPLEMENTARIOS PARA LA ATENCIÓN DEL USUARIO,10301,FALTA DE OPORTUNIDAD EN LA AUTORIZACIÓN DE TECNOLOGÍAS EN SALUD Y/O DE OTROS SERVICIOS,1030108,"TRANSPORTE, ALOJAMIENTO O ALIMENTACIÓN",,,ENFERMEDADES CRÓNICAS NO TRANSMISIBLES –RENALES,IRC-ENFERMEDAD RENAL,INSUFICIENCIA RENAL CRÓNICA,Hemodiálisis,PRIORIZADO
537,2024,6,Telefónico,66,66318,US- 000001386405,Otro,HOMBRE,59,DE 50 A 62 AÑOS,Ninguno,Subsidiado,No Aplica,Persona con discapacidad,66,66318,ASMET SALUD EPS,RÉGIMEN SUBSIDIADO,ESS062,ASMET SALUD,66,66318,1,BARRERAS EN EL ACCESO A TECNOLOGÍAS Y SERVICIOS DE SALUD; Y OTROS ELEMENTOS COMPLEMENTARIOS PARA LA ATENCIÓN DEL USUARIO,102,NEGACIÓN DE TECNOLOGÍAS EN SALUD Y OTROS ELEMENTOS COMPLEMENTARIOS PARA LA ATENCIÓN DEL USUARIO,10204,NEGACIÓN PARA LA ENTREGA DE TECNOLOGÍAS EN SALUD Y/O DE OTROS SERVICIOS AUTORIZADOS,1020401,MEDICAMENTOS UPC,,,SALUD MENTAL,OTROS TRASTORNOS MENTALES,RETRASO MENTAL LEVE,No aplica,SIMPLE
538,2024,5,Escrito,50,50001,US- 000000540158,A nombre propio,MUJER,79,MAYOR DE 63 AÑOS ,No Aplica,Subsidiado,No Aplica,No Aplica,50,50001,NUEVA EPS,RÉGIMEN CONTRIBUTIVO,EPS037,NUEVA EPS,50,50001,1,BARRERAS EN EL ACCESO A TECNOLOGÍAS Y SERVICIOS DE SALUD; Y OTROS ELEMENTOS COMPLEMENTARIOS PARA LA ATENCIÓN DEL USUARIO,101,FALTA DE OPORTUNIDAD EN LA PRESTACIÓN DE TECNOLOGÍAS EN SALUD Y OTROS ELEMENTOS COMPLEMENTARIOS PARA LA ATENCIÓN DEL USUARIO,10103,FALTA DE OPORTUNIDAD EN LA ATENCIÓN EN OTROS SERVICIOS DE SALUD,1010309,PROCEDIMIENTOS QUIRÚRGICOS,1010309003,OTROS PROCEDIMIENTOS QUIRÚRGICOS,PROBLEMAS RELACIONADOS CON FACILIDADES DE ATENCIÓN MÉDICA U OTROS SERVICIOS DE SALUD,PROBLEMAS RELACIONADOS CON FACILIDADES DE ATENCIÓN MÉDICA U OTROS SERVICIOS DE SALUD,INSUFICIENCIA VENOSA (CRÓNICA) (PERIFÉRICA),No aplica,SIMPLE
539,2024,6,Web,85,85263,US- 000003606551,A nombre propio,HOMBRE,80,MAYOR DE 63 AÑOS ,No Aplica,Subsidiado,No Aplica,Persona con discapacidad,85,85263,CAPRESOCA,RÉGIMEN SUBSIDIADO,EPS025,CAPRESOCA,85,85263,1,BARRERAS EN EL ACCESO A TECNOLOGÍAS Y SERVICIOS DE SALUD; Y OTROS ELEMENTOS COMPLEMENTARIOS PARA LA ATENCIÓN DEL USUARIO,102,NEGACIÓN DE TECNOLOGÍAS EN SALUD Y OTROS ELEMENTOS COMPLEMENTARIOS PARA LA ATENCIÓN DEL USUARIO,10201,NEGACIÓN EN LA ASIGNACIÓN DE CITAS O CONSULTAS,1020103,ESPECIALIDADES MÉDICAS ,1020103075,OFTALMOLOGÍA,PROBLEMAS RELACIONADOS CON FACILIDADES DE ATENCIÓN MÉDICA U OTROS SERVICIOS DE SALUD,PROBLEMAS RELACIONADOS CON FACILIDADES DE ATENCIÓN MÉDICA U OTROS SERVICIOS DE SALUD,CATARATA SENIL NUCLEAR,No aplica,PRIORIZADO
540,2024,6,Personalizado,73,73001,US- 000003606552,A nombre propio,HOMBRE,56,DE 50 A 62 AÑOS,Primaria,Contributivo,No Aplica,No Aplica,73,73001,NUEVA EPS,RÉGIMEN CONTRIBUTIVO,EPS037,NUEVA EPS,73,73001,1,BARRERAS EN EL ACCESO A TECNOLOGÍAS Y SERVICIOS DE SALUD; Y OTROS ELEMENTOS COMPLEMENTARIOS PARA LA ATENCIÓN DEL USUARIO,101,FALTA DE OPORTUNIDAD EN LA PRESTACIÓN DE TECNOLOGÍAS EN SALUD Y OTROS ELEMENTOS COMPLEMENTARIOS PARA LA ATENCIÓN DEL USUARIO,10101,FALTA DE OPORTUNIDAD EN LAS CITAS O CONSULTAS,1010103,ESPECIALIDADES MÉDICAS ,1010103061,MEDICINA FÍSICA Y REHABILITACIÓN - FISIATRÍA,ENFERMEDADES OSTEOARTICULARES,NEUROLÓGICAS,ENFERMEDAD DE PARKINSON,No aplica,SIMPLE
541,2024,6,Web,17,17001,US- 000003606553,Otro,HOMBRE,12,DE 6 A 12 AÑOS,No Aplica,Contributivo,No Aplica,No Aplica,17,17444,NUEVA EPS,RÉGIMEN CONTRIBUTIVO,EPS037,NUEVA EPS,17,17001,1,BARRERAS EN EL ACCESO A TECNOLOGÍAS Y SERVICIOS DE SALUD; Y OTROS ELEMENTOS COMPLEMENTARIOS PARA LA ATENCIÓN DEL USUARIO,102,NEGACIÓN DE TECNOLOGÍAS EN SALUD Y OTROS ELEMENTOS COMPLEMENTARIOS PARA LA ATENCIÓN DEL USUARIO,10204,NEGACIÓN PARA LA ENTREGA DE TECNOLOGÍAS EN SALUD Y/O DE OTROS SERVICIOS AUTORIZADOS,1020401,MEDICAMENTOS UPC,,,PROBLEMAS RELACIONADOS CON FACILIDADES DE ATENCIÓN MÉDICA U OTROS SERVICIOS DE SALUD,PROBLEMAS RELACIONADOS CON FACILIDADES DE ATENCIÓN MÉDICA U OTROS SERVICIOS DE SALUD,OTROS PROBLEMAS RELACIONADOS CON SERVICIOS MÉDICOS Y DE SALUD,No aplica,PRIORIZADO
542,2024,4,Personalizado,17,17001,US- 000002183239,A nombre propio,HOMBRE,76,MAYOR DE 63 AÑOS ,Primaria,Contributivo,No Aplica,No Aplica,17,17001,NUEVA EPS,RÉGIMEN CONTRIBUTIVO,EPS037,NUEVA EPS,17,17001,1,BARRERAS EN EL ACCESO A TECNOLOGÍAS Y SERVICIOS DE SALUD; Y OTROS ELEMENTOS COMPLEMENTARIOS PARA LA ATENCIÓN DEL USUARIO,102,NEGACIÓN DE TECNOLOGÍAS EN SALUD Y OTROS ELEMENTOS COMPLEMENTARIOS PARA LA ATENCIÓN DEL USUARIO,10207,NEGACIÓN EN LA AUTORIZACIÓN DE TECNOLOGÍAS EN SALUD Y/O DE OTROS SERVICIOS,1020701,MEDICAMENTOS UPC,,,CÁNCER ,OTROS,TUMOR MALIGNO DE LA GLÁNDULA TIROIDES,No aplica,PRIORIZADO
543,2024,6,Web,73,73001,US- 000003606554,A nombre propio,MUJER,33,DE 30 A 37 AÑOS,No Aplica,Contributivo,No Aplica,No Aplica,73,73001,SALUD TOTAL,RÉGIMEN CONTRIBUTIVO,EPS002,SALUD TOTAL,73,73001,1,BARRERAS EN EL ACCESO A TECNOLOGÍAS Y SERVICIOS DE SALUD; Y OTROS ELEMENTOS COMPLEMENTARIOS PARA LA ATENCIÓN DEL USUARIO,101,FALTA DE OPORTUNIDAD EN LA PRESTACIÓN DE TECNOLOGÍAS EN SALUD Y OTROS ELEMENTOS COMPLEMENTARIOS PARA LA ATENCIÓN DEL USUARIO,10101,FALTA DE OPORTUNIDAD EN LAS CITAS O CONSULTAS,1010103,ESPECIALIDADES MÉDICAS ,1010103060,MEDICINA FAMILIAR,PROBLEMAS RELACIONADOS CON FACILIDADES DE ATENCIÓN MÉDICA U OTROS SERVICIOS DE SALUD,PROBLEMAS RELACIONADOS CON FACILIDADES DE ATENCIÓN MÉDICA U OTROS SERVICIOS DE SALUD,OTROS PROBLEMAS RELACIONADOS CON SERVICIOS MÉDICOS Y DE SALUD,No aplica,SIMPLE
544,2024,6,Web,25,25430,US- 000003606555,A nombre propio,HOMBRE,66,MAYOR DE 63 AÑOS ,No Aplica,Subsidiado,No Aplica,No Aplica,25,25430,NUEVA EPS,RÉGIMEN SUBSIDIADO,EPSS41,NUEVA EPS,25,25430,1,BARRERAS EN EL ACCESO A TECNOLOGÍAS Y SERVICIOS DE SALUD; Y OTROS ELEMENTOS COMPLEMENTARIOS PARA LA ATENCIÓN DEL USUARIO,101,FALTA DE OPORTUNIDAD EN LA PRESTACIÓN DE TECNOLOGÍAS EN SALUD Y OTROS ELEMENTOS COMPLEMENTARIOS PARA LA ATENCIÓN DEL USUARIO,10103,FALTA DE OPORTUNIDAD EN LA ATENCIÓN EN OTROS SERVICIOS DE SALUD,1010308,PROCEDIMIENTOS NO QUIRÚRGICOS,1010308006,OTROS PROCEDIMIENTOS NO QUIRÚRGICOS,ENFERMEDADES CRÓNICAS NO TRASMISIBLES CARDIOVASCULARES,HTA (HIPERTENSIÓN ARTERIAL),HIPERTENSIÓN ESENCIAL (PRIMARIA),No aplica,SIMPLE
545,2024,6,Escrito,25,25295,US- 000003169575,A nombre propio,MUJER,52,DE 50 A 62 AÑOS,No Aplica,Contributivo,No Aplica,No Aplica,25,25295,NUEVA EPS,RÉGIMEN CONTRIBUTIVO,EPS037,NUEVA EPS,25,25295,1,BARRERAS EN EL ACCESO A TECNOLOGÍAS Y SERVICIOS DE SALUD; Y OTROS ELEMENTOS COMPLEMENTARIOS PARA LA ATENCIÓN DEL USUARIO,103,FALTA DE OPORTUNIDAD EN LA AUTORIZACIÓN DE TECNOLOGÍAS EN SALUD Y OTROS ELEMENTOS COMPLEMENTARIOS PARA LA ATENCIÓN DEL USUARIO,10302,FALTA DE OPORTUNIDAD EN LA AUTORIZACIÓN DE CITAS DE CONSULTA,1030207,ENFERMERÍA,,,ENFERMEDADES HUÉRFANAS,GRUPO DISTROFIA MUSCULAR CONGÉNITA,DISTROFIA MUSCULAR,No aplica,PRIORIZADO
546,2024,6,Web,5,5736,US- 000000403218,A nombre propio,HOMBRE,10,DE 6 A 12 AÑOS,No Aplica,Subsidiado,No Aplica,No Aplica,5,5736,COOSALUD,RÉGIMEN SUBSIDIADO,ESS024,COOSALUD,5,5736,1,BARRERAS EN EL ACCESO A TECNOLOGÍAS Y SERVICIOS DE SALUD; Y OTROS ELEMENTOS COMPLEMENTARIOS PARA LA ATENCIÓN DEL USUARIO,103,FALTA DE OPORTUNIDAD EN LA AUTORIZACIÓN DE TECNOLOGÍAS EN SALUD Y OTROS ELEMENTOS COMPLEMENTARIOS PARA LA ATENCIÓN DEL USUARIO,10302,FALTA DE OPORTUNIDAD EN LA AUTORIZACIÓN DE CITAS DE CONSULTA,1030203,ESPECIALIDADES MÉDICAS ,1030203061,MEDICINA FÍSICA Y REHABILITACIÓN - FISIATRÍA,PROBLEMAS RELACIONADOS CON FACILIDADES DE ATENCIÓN MÉDICA U OTROS SERVICIOS DE SALUD,PROBLEMAS RELACIONADOS CON FACILIDADES DE ATENCIÓN MÉDICA U OTROS SERVICIOS DE SALUD,RETRASO MENTAL MODERADO: DETERIORO DEL COMPORTAMIENTO NULO O MÍNIMO,No aplica,SIMPLE
547,2024,6,Personalizado,8,8001,US- 000003606556,A nombre propio,MUJER,53,DE 50 A 62 AÑOS,Secundaria,Subsidiado,No Aplica,No Aplica,8,8001,NUEVA EPS,RÉGIMEN SUBSIDIADO,EPSS41,NUEVA EPS,8,8001,1,BARRERAS EN EL ACCESO A TECNOLOGÍAS Y SERVICIOS DE SALUD; Y OTROS ELEMENTOS COMPLEMENTARIOS PARA LA ATENCIÓN DEL USUARIO,101,FALTA DE OPORTUNIDAD EN LA PRESTACIÓN DE TECNOLOGÍAS EN SALUD Y OTROS ELEMENTOS COMPLEMENTARIOS PARA LA ATENCIÓN DEL USUARIO,10103,FALTA DE OPORTUNIDAD EN LA ATENCIÓN EN OTROS SERVICIOS DE SALUD,1010308,PROCEDIMIENTOS NO QUIRÚRGICOS,1010308001,IMAGENOLOGÍA,PROBLEMAS RELACIONADOS CON FACILIDADES DE ATENCIÓN MÉDICA U OTROS SERVICIOS DE SALUD,PROBLEMAS RELACIONADOS CON FACILIDADES DE ATENCIÓN MÉDICA U OTROS SERVICIOS DE SALUD,PTERIGIÓN,No aplica,SIMPLE
548,2024,6,Personalizado,68,68001,US- 000003075335,A nombre propio,HOMBRE,75,MAYOR DE 63 AÑOS ,Universitario,Contributivo,No Aplica,No Aplica,68,68001,SURAMERICANA EPS,RÉGIMEN CONTRIBUTIVO,EPS010,EPS SURA,68,68001,1,BARRERAS EN EL ACCESO A TECNOLOGÍAS Y SERVICIOS DE SALUD; Y OTROS ELEMENTOS COMPLEMENTARIOS PARA LA ATENCIÓN DEL USUARIO,101,FALTA DE OPORTUNIDAD EN LA PRESTACIÓN DE TECNOLOGÍAS EN SALUD Y OTROS ELEMENTOS COMPLEMENTARIOS PARA LA ATENCIÓN DEL USUARIO,10101,FALTA DE OPORTUNIDAD EN LAS CITAS O CONSULTAS,1010103,ESPECIALIDADES MÉDICAS ,1010103033,DERMATOLOGÍA,CÁNCER ,OTROS,TUMOR MALIGNO DE LA PIEL DE OTRAS PARTES Y DE LAS NO ESPECIFICADAS DE LA CARA,No aplica,PRIORIZADO
549,2024,6,Web,19,19001,US- 000003606557,Otro,MUJER,36,DE 30 A 37 AÑOS,No Aplica,Subsidiado,Indígena,Desplazado,19,19517,NUEVA EPS,RÉGIMEN CONTRIBUTIVO,EPS037,NUEVA EPS,19,19517,1,BARRERAS EN EL ACCESO A TECNOLOGÍAS Y SERVICIOS DE SALUD; Y OTROS ELEMENTOS COMPLEMENTARIOS PARA LA ATENCIÓN DEL USUARIO,102,NEGACIÓN DE TECNOLOGÍAS EN SALUD Y OTROS ELEMENTOS COMPLEMENTARIOS PARA LA ATENCIÓN DEL USUARIO,10204,NEGACIÓN PARA LA ENTREGA DE TECNOLOGÍAS EN SALUD Y/O DE OTROS SERVICIOS AUTORIZADOS,1020401,MEDICAMENTOS UPC,,,PROBLEMAS RELACIONADOS CON FACILIDADES DE ATENCIÓN MÉDICA U OTROS SERVICIOS DE SALUD,PROBLEMAS RELACIONADOS CON FACILIDADES DE ATENCIÓN MÉDICA U OTROS SERVICIOS DE SALUD,ASMA,No aplica,SIMPLE
550,2024,4,Escrito,54,54001,US- 000001654916,A nombre propio,HOMBRE,84,MAYOR DE 63 AÑOS ,No Aplica,Subsidiado,No Aplica,No Aplica,54,54001,NUEVA EPS,RÉGIMEN SUBSIDIADO,EPSS41,NUEVA EPS,54,54001,1,BARRERAS EN EL ACCESO A TECNOLOGÍAS Y SERVICIOS DE SALUD; Y OTROS ELEMENTOS COMPLEMENTARIOS PARA LA ATENCIÓN DEL USUARIO,102,NEGACIÓN DE TECNOLOGÍAS EN SALUD Y OTROS ELEMENTOS COMPLEMENTARIOS PARA LA ATENCIÓN DEL USUARIO,10201,NEGACIÓN EN LA ASIGNACIÓN DE CITAS O CONSULTAS,1020103,ESPECIALIDADES MÉDICAS ,1020103069,NEUMOLOGÍA,PROBLEMAS RELACIONADOS CON FACILIDADES DE ATENCIÓN MÉDICA U OTROS SERVICIOS DE SALUD,PROBLEMAS RELACIONADOS CON FACILIDADES DE ATENCIÓN MÉDICA U OTROS SERVICIOS DE SALUD,PROBLEMAS RELACIONADOS CON FACILIDADES DE ATENCIÓN MEDICA U OTROS SERVICIOS DE SALUD,No aplica,SIMPLE
551,2024,6,Personalizado,25,25175,US- 000003014679,A nombre propio,HOMBRE,34,DE 30 A 37 AÑOS,Universitario,Subsidiado,No Aplica,No Aplica,25,25175,NUEVA EPS,RÉGIMEN CONTRIBUTIVO,EPS037,NUEVA EPS,25,25175,1,BARRERAS EN EL ACCESO A TECNOLOGÍAS Y SERVICIOS DE SALUD; Y OTROS ELEMENTOS COMPLEMENTARIOS PARA LA ATENCIÓN DEL USUARIO,101,FALTA DE OPORTUNIDAD EN LA PRESTACIÓN DE TECNOLOGÍAS EN SALUD Y OTROS ELEMENTOS COMPLEMENTARIOS PARA LA ATENCIÓN DEL USUARIO,10103,FALTA DE OPORTUNIDAD EN LA ATENCIÓN EN OTROS SERVICIOS DE SALUD,1010308,PROCEDIMIENTOS NO QUIRÚRGICOS,1010308001,IMAGENOLOGÍA,ENFERMEDADES CRÓNICAS NO TRANSMISIBLES –DIABETES,DIABETES,CALCULO DEL RIÑÓN,No aplica,SIMPLE
552,2024,6,Web,25,25754,US- 000003606558,A nombre propio,MUJER,33,DE 30 A 37 AÑOS,Ninguno,Contributivo,No Aplica,Desplazado,25,25754,SALUD TOTAL,RÉGIMEN CONTRIBUTIVO,EPS002,SALUD TOTAL,25,25754,1,BARRERAS EN EL ACCESO A TECNOLOGÍAS Y SERVICIOS DE SALUD; Y OTROS ELEMENTOS COMPLEMENTARIOS PARA LA ATENCIÓN DEL USUARIO,102,NEGACIÓN DE TECNOLOGÍAS EN SALUD Y OTROS ELEMENTOS COMPLEMENTARIOS PARA LA ATENCIÓN DEL USUARIO,10203,NEGACIÓN EN LA ATENCIÓN EN OTROS SERVICIOS DE SALUD,1020308,PROCEDIMIENTOS NO QUIRÚRGICOS,1020308006,OTROS PROCEDIMIENTOS NO QUIRÚRGICOS,ENFERMEDADES OSTEOARTICULARES,NEUROLÓGICAS,APNEA DEL SUEÑO,No aplica,SIMPLE
553,2024,6,Telefónico,17,17042,US- 000003606559,A nombre propio,MUJER,34,DE 30 A 37 AÑOS,Universitario Incompleto,Contributivo,No Aplica,No Aplica,17,17042,SALUD TOTAL,RÉGIMEN CONTRIBUTIVO,EPS002,SALUD TOTAL,17,17042,4,INSATISFACCIÓN DEL USUARIO CON EL PROCESO ADMINISTRATIVO,404,INSATISFACCIÓN RELACIONADA CON TRÁMITES ADMINISTRATIVOS,40401,RESTRICCIÓN EN LA LIBRE ESCOGENCIA,4040101,EPS,,,PROBLEMAS RELACIONADOS CON FACILIDADES DE ATENCIÓN MÉDICA U OTROS SERVICIOS DE SALUD,PROBLEMAS RELACIONADOS CON FACILIDADES DE ATENCIÓN MÉDICA U OTROS SERVICIOS DE SALUD,PROBLEMAS RELACIONADOS CON FACILIDADES DE ATENCIÓN MEDICA U OTROS SERVICIOS DE SALUD,No aplica,SIMPLE
554,2024,6,Escrito,11,11001,US- 000002216859,Otro,MUJER,40,DE 38 A 49 AÑOS,Ninguno,Contributivo,No Aplica,No Aplica,11,11001,COOSALUD,RÉGIMEN SUBSIDIADO,ESS024,COOSALUD,11,11001,4,INSATISFACCIÓN DEL USUARIO CON EL PROCESO ADMINISTRATIVO,405,PROBLEMAS EN EL RECONOCIMIENTO Y/O PAGO DE PRESTACIONES ECONÓMICAS,40501,NO RECONOCIMIENTO Y/O PAGO DE LAS PRESTACIONES ECONÓMICAS,4050107,INCAPACIDAD DE ENFERMEDAD GENERAL,,,PROBLEMAS RELACIONADOS CON FACILIDADES DE ATENCIÓN MÉDICA U OTROS SERVICIOS DE SALUD,PROBLEMAS RELACIONADOS CON FACILIDADES DE ATENCIÓN MÉDICA U OTROS SERVICIOS DE SALUD,PROBLEMAS RELACIONADOS CON FACILIDADES DE ATENCIÓN MEDICA U OTROS SERVICIOS DE SALUD,No aplica,SIMPLE
555,2024,6,Telefónico,5,5756,US- 000003606560,Nieto (A),MUJER,4,DE 0 A 5 AÑOS,Ninguno,Subsidiado,No Aplica,No Aplica,5,5756,SAVIA SALUD,RÉGIMEN SUBSIDIADO,EPSS40,SAVIA SALUD EPS,5,5756,1,BARRERAS EN EL ACCESO A TECNOLOGÍAS Y SERVICIOS DE SALUD; Y OTROS ELEMENTOS COMPLEMENTARIOS PARA LA ATENCIÓN DEL USUARIO,102,NEGACIÓN DE TECNOLOGÍAS EN SALUD Y OTROS ELEMENTOS COMPLEMENTARIOS PARA LA ATENCIÓN DEL USUARIO,10201,NEGACIÓN EN LA ASIGNACIÓN DE CITAS O CONSULTAS,1020103,ESPECIALIDADES MÉDICAS ,1020103080,OTORRINOLARINGOLOGÍA,MATERNO INFANTIL,ATENCIÓN NIÑOS MENORES DE 5 AÑOS,"AMIGDALITIS AGUDA, NO ESPECIFICADA",No aplica,SIMPLE
556,2024,5,Web,11,11001,US- 000000017386,A nombre propio,MUJER,31,DE 30 A 37 AÑOS,No Aplica,Contributivo,No Aplica,No Aplica,11,11001,COMPENSAR,RÉGIMEN CONTRIBUTIVO,EPS008,COMPENSAR,11,11001,1,BARRERAS EN EL ACCESO A TECNOLOGÍAS Y SERVICIOS DE SALUD; Y OTROS ELEMENTOS COMPLEMENTARIOS PARA LA ATENCIÓN DEL USUARIO,102,NEGACIÓN DE TECNOLOGÍAS EN SALUD Y OTROS ELEMENTOS COMPLEMENTARIOS PARA LA ATENCIÓN DEL USUARIO,10204,NEGACIÓN PARA LA ENTREGA DE TECNOLOGÍAS EN SALUD Y/O DE OTROS SERVICIOS AUTORIZADOS,1020401,MEDICAMENTOS UPC,,,ENFERMEDADES OSTEOARTICULARES,NEUROLÓGICAS,"MIGRAÑA, NO ESPECIFICADA",No aplica,SIMPLE
557,2024,6,Personalizado,52,52001,US- 000001202872,A nombre propio,MUJER,47,DE 38 A 49 AÑOS,Universitario Incompleto,Contributivo,No Aplica,No Aplica,52,52001,NUEVA EPS,RÉGIMEN CONTRIBUTIVO,EPS037,NUEVA EPS,52,52001,1,BARRERAS EN EL ACCESO A TECNOLOGÍAS Y SERVICIOS DE SALUD; Y OTROS ELEMENTOS COMPLEMENTARIOS PARA LA ATENCIÓN DEL USUARIO,102,NEGACIÓN DE TECNOLOGÍAS EN SALUD Y OTROS ELEMENTOS COMPLEMENTARIOS PARA LA ATENCIÓN DEL USUARIO,10204,NEGACIÓN PARA LA ENTREGA DE TECNOLOGÍAS EN SALUD Y/O DE OTROS SERVICIOS AUTORIZADOS,1020401,MEDICAMENTOS UPC,,,PROBLEMAS RELACIONADOS CON FACILIDADES DE ATENCIÓN MÉDICA U OTROS SERVICIOS DE SALUD,PROBLEMAS RELACIONADOS CON FACILIDADES DE ATENCIÓN MÉDICA U OTROS SERVICIOS DE SALUD,OTROS DOLORES ABDOMINALES Y LOS NO ESPECIFICADOS,No aplica,SIMPLE
558,2024,6,Personalizado,76,76001,US- 000003606561,A nombre propio,HOMBRE,68,MAYOR DE 63 AÑOS ,No Aplica,Subsidiado,No Aplica,No Aplica,76,76001,COOSALUD,RÉGIMEN SUBSIDIADO,ESS024,COOSALUD,76,76001,1,BARRERAS EN EL ACCESO A TECNOLOGÍAS Y SERVICIOS DE SALUD; Y OTROS ELEMENTOS COMPLEMENTARIOS PARA LA ATENCIÓN DEL USUARIO,101,FALTA DE OPORTUNIDAD EN LA PRESTACIÓN DE TECNOLOGÍAS EN SALUD Y OTROS ELEMENTOS COMPLEMENTARIOS PARA LA ATENCIÓN DEL USUARIO,10101,FALTA DE OPORTUNIDAD EN LAS CITAS O CONSULTAS,1010103,ESPECIALIDADES MÉDICAS ,1010103071,NEUROCIRUGÍA,ENFERMEDADES OSTEOARTICULARES,OTROS,TRASTORNO DE DISCO CERVICAL CON MIELOPATÍA (G99.2*),No aplica,SIMPLE
559,2024,2,Web,11,11001,US- 000003606562,A nombre propio,MUJER,34,DE 30 A 37 AÑOS,No Aplica,Contributivo,No Aplica,No Aplica,11,11001,COMPENSAR,RÉGIMEN CONTRIBUTIVO,EPS008,COMPENSAR,11,11001,1,BARRERAS EN EL ACCESO A TECNOLOGÍAS Y SERVICIOS DE SALUD; Y OTROS ELEMENTOS COMPLEMENTARIOS PARA LA ATENCIÓN DEL USUARIO,102,NEGACIÓN DE TECNOLOGÍAS EN SALUD Y OTROS ELEMENTOS COMPLEMENTARIOS PARA LA ATENCIÓN DEL USUARIO,10203,NEGACIÓN EN LA ATENCIÓN EN OTROS SERVICIOS DE SALUD,1020309,PROCEDIMIENTOS QUIRÚRGICOS,1020309003,OTROS PROCEDIMIENTOS QUIRÚRGICOS,PROBLEMAS RELACIONADOS CON FACILIDADES DE ATENCIÓN MÉDICA U OTROS SERVICIOS DE SALUD,PROBLEMAS RELACIONADOS CON FACILIDADES DE ATENCIÓN MÉDICA U OTROS SERVICIOS DE SALUD,CALCULO DEL RIÑÓN,No aplica,SIMPLE
560,2024,5,Web,76,76001,US- 000003606563,A nombre propio,HOMBRE,60,DE 50 A 62 AÑOS,No Aplica,Contributivo,No Aplica,No Aplica,76,76001,SURAMERICANA EPS,RÉGIMEN CONTRIBUTIVO,EPS010,EPS SURA,76,76001,1,BARRERAS EN EL ACCESO A TECNOLOGÍAS Y SERVICIOS DE SALUD; Y OTROS ELEMENTOS COMPLEMENTARIOS PARA LA ATENCIÓN DEL USUARIO,102,NEGACIÓN DE TECNOLOGÍAS EN SALUD Y OTROS ELEMENTOS COMPLEMENTARIOS PARA LA ATENCIÓN DEL USUARIO,10201,NEGACIÓN EN LA ASIGNACIÓN DE CITAS O CONSULTAS,1020103,ESPECIALIDADES MÉDICAS ,1020103078,ORTOPEDIA Y TRAUMATOLOGÍA,PROBLEMAS RELACIONADOS CON FACILIDADES DE ATENCIÓN MÉDICA U OTROS SERVICIOS DE SALUD,PROBLEMAS RELACIONADOS CON FACILIDADES DE ATENCIÓN MÉDICA U OTROS SERVICIOS DE SALUD,OTROS PROBLEMAS RELACIONADOS CON SERVICIOS MÉDICOS Y DE SALUD,No aplica,SIMPLE
561,2024,6,Personalizado,68,68001,US- 000002761175,A nombre propio,HOMBRE,66,MAYOR DE 63 AÑOS ,Universitario Incompleto,Contributivo,No Aplica,No Aplica,68,68001,NUEVA EPS,RÉGIMEN CONTRIBUTIVO,EPS037,NUEVA EPS,68,68001,1,BARRERAS EN EL ACCESO A TECNOLOGÍAS Y SERVICIOS DE SALUD; Y OTROS ELEMENTOS COMPLEMENTARIOS PARA LA ATENCIÓN DEL USUARIO,101,FALTA DE OPORTUNIDAD EN LA PRESTACIÓN DE TECNOLOGÍAS EN SALUD Y OTROS ELEMENTOS COMPLEMENTARIOS PARA LA ATENCIÓN DEL USUARIO,10104,FALTA DE OPORTUNIDAD EN LA ENTREGA O ENTREGA INCOMPLETA DE TECNOLOGÍAS EN SALUD Y/O PRESTACIÓN DE OTROS SERVICIOS,1010401,MEDICAMENTOS UPC,,,ENFERMEDADES CRÓNICAS NO TRASMISIBLES CARDIOVASCULARES,HTA (HIPERTENSIÓN ARTERIAL),HIPERTENSIÓN ESENCIAL (PRIMARIA),No aplica,PRIORIZADO
562,2024,6,Web,66,66001,US- 000003606564,A nombre propio,MUJER,42,DE 38 A 49 AÑOS,No Aplica,Contributivo,No Aplica,No Aplica,66,66001,SOS -SERVICIO OCCIDENTAL DE SALUD,RÉGIMEN CONTRIBUTIVO,EPS018,SERVICIO OCCIDENTAL DE SALUD (SOS),66,66001,1,BARRERAS EN EL ACCESO A TECNOLOGÍAS Y SERVICIOS DE SALUD; Y OTROS ELEMENTOS COMPLEMENTARIOS PARA LA ATENCIÓN DEL USUARIO,102,NEGACIÓN DE TECNOLOGÍAS EN SALUD Y OTROS ELEMENTOS COMPLEMENTARIOS PARA LA ATENCIÓN DEL USUARIO,10201,NEGACIÓN EN LA ASIGNACIÓN DE CITAS O CONSULTAS,1020103,ESPECIALIDADES MÉDICAS ,1020103047,GINECOLOGÍA Y OBSTETRICIA,ENFERMEDADES CRÓNICAS NO TRANSMISIBLES –DIABETES,DIABETES,OTRAS HEMORRAGIAS UTERINAS O VAGINALES ANORMALES ESPECIFICADAS,No aplica,SIMPLE
563,2024,6,Web,68,68081,US- 000000908314,A nombre propio,MUJER,25,DE 25 A 29 AÑOS,Secundaria,Subsidiado,No Aplica,No Aplica,68,68081,NUEVA EPS,RÉGIMEN CONTRIBUTIVO,EPS037,NUEVA EPS,68,68081,1,BARRERAS EN EL ACCESO A TECNOLOGÍAS Y SERVICIOS DE SALUD; Y OTROS ELEMENTOS COMPLEMENTARIOS PARA LA ATENCIÓN DEL USUARIO,102,NEGACIÓN DE TECNOLOGÍAS EN SALUD Y OTROS ELEMENTOS COMPLEMENTARIOS PARA LA ATENCIÓN DEL USUARIO,10204,NEGACIÓN PARA LA ENTREGA DE TECNOLOGÍAS EN SALUD Y/O DE OTROS SERVICIOS AUTORIZADOS,1020401,MEDICAMENTOS UPC,,,ENFERMEDADES CRÓNICAS NO TRANSMISIBLES –DIABETES,DIABETES,DIABETES MELLITUS INSULINODEPENDIENTE SIN MENCIÓN DE COMPLICACIÓN,No aplica,PRIORIZADO
564,2024,6,Chat,19,19050,US- 000003606565,Cónyuge,MUJER,27,DE 25 A 29 AÑOS,Primaria,Subsidiado,No Aplica,Desplazado,19,19050,ASMET SALUD EPS,RÉGIMEN SUBSIDIADO,ESS062,ASMET SALUD,19,19050,1,BARRERAS EN EL ACCESO A TECNOLOGÍAS Y SERVICIOS DE SALUD; Y OTROS ELEMENTOS COMPLEMENTARIOS PARA LA ATENCIÓN DEL USUARIO,103,FALTA DE OPORTUNIDAD EN LA AUTORIZACIÓN DE TECNOLOGÍAS EN SALUD Y OTROS ELEMENTOS COMPLEMENTARIOS PARA LA ATENCIÓN DEL USUARIO,10304,FALTA DE OPORTUNIDAD EN LA AUTORIZACIÓN DE OTROS SERVICIOS DE SALUD,1030408,PROCEDIMIENTOS NO QUIRÚRGICOS,1030408001,IMAGENOLOGÍA,PROBLEMAS RELACIONADOS CON FACILIDADES DE ATENCIÓN MÉDICA U OTROS SERVICIOS DE SALUD,PROBLEMAS RELACIONADOS CON FACILIDADES DE ATENCIÓN MÉDICA U OTROS SERVICIOS DE SALUD,"TRASTORNO DE LA GLÁNDULA HIPÓFISIS, NO ESPECIFICADO",No aplica,PRIORIZADO
565,2024,6,Telefónico,66,66682,US- 000003606566,Hijo (A),MUJER,82,MAYOR DE 63 AÑOS ,Primaria Incompleta,Subsidiado,No Aplica,Desplazado,66,66682,NUEVA EPS,RÉGIMEN CONTRIBUTIVO,EPS037,NUEVA EPS,66,66682,1,BARRERAS EN EL ACCESO A TECNOLOGÍAS Y SERVICIOS DE SALUD; Y OTROS ELEMENTOS COMPLEMENTARIOS PARA LA ATENCIÓN DEL USUARIO,102,NEGACIÓN DE TECNOLOGÍAS EN SALUD Y OTROS ELEMENTOS COMPLEMENTARIOS PARA LA ATENCIÓN DEL USUARIO,10203,NEGACIÓN EN LA ATENCIÓN EN OTROS SERVICIOS DE SALUD,1020309,PROCEDIMIENTOS QUIRÚRGICOS,1020309003,OTROS PROCEDIMIENTOS QUIRÚRGICOS,ENFERMEDADES OSTEOARTICULARES,OTROS,OTROS TRAUMATISMOS ESPECIFICADOS DE LA CADERA Y DEL MUSLO,Reemplazos articulares,PRIORIZADO
566,2024,6,Personalizado,68,68001,US- 000003606567,Hijo (A),MUJER,68,MAYOR DE 63 AÑOS ,Primaria,Contributivo,No Aplica,No Aplica,68,68001,SANITAS,RÉGIMEN CONTRIBUTIVO,EPS005,SANITAS,68,68001,1,BARRERAS EN EL ACCESO A TECNOLOGÍAS Y SERVICIOS DE SALUD; Y OTROS ELEMENTOS COMPLEMENTARIOS PARA LA ATENCIÓN DEL USUARIO,103,FALTA DE OPORTUNIDAD EN LA AUTORIZACIÓN DE TECNOLOGÍAS EN SALUD Y OTROS ELEMENTOS COMPLEMENTARIOS PARA LA ATENCIÓN DEL USUARIO,10304,FALTA DE OPORTUNIDAD EN LA AUTORIZACIÓN DE OTROS SERVICIOS DE SALUD,1030408,PROCEDIMIENTOS NO QUIRÚRGICOS,1030408001,IMAGENOLOGÍA,PROBLEMAS RELACIONADOS CON FACILIDADES DE ATENCIÓN MÉDICA U OTROS SERVICIOS DE SALUD,PROBLEMAS RELACIONADOS CON FACILIDADES DE ATENCIÓN MÉDICA U OTROS SERVICIOS DE SALUD,CATARATA SENIL,No aplica,SIMPLE
567,2024,6,Personalizado,8,8001,US- 000003606568,A nombre propio,MUJER,56,DE 50 A 62 AÑOS,No Aplica,Subsidiado,No Aplica,No Aplica,8,8001,MUTUAL SER,RÉGIMEN SUBSIDIADO,ESS207,MUTUAL SER,8,8001,1,BARRERAS EN EL ACCESO A TECNOLOGÍAS Y SERVICIOS DE SALUD; Y OTROS ELEMENTOS COMPLEMENTARIOS PARA LA ATENCIÓN DEL USUARIO,101,FALTA DE OPORTUNIDAD EN LA PRESTACIÓN DE TECNOLOGÍAS EN SALUD Y OTROS ELEMENTOS COMPLEMENTARIOS PARA LA ATENCIÓN DEL USUARIO,10104,FALTA DE OPORTUNIDAD EN LA ENTREGA O ENTREGA INCOMPLETA DE TECNOLOGÍAS EN SALUD Y/O PRESTACIÓN DE OTROS SERVICIOS,1010401,MEDICAMENTOS UPC,,,PROBLEMAS RELACIONADOS CON FACILIDADES DE ATENCIÓN MÉDICA U OTROS SERVICIOS DE SALUD,PROBLEMAS RELACIONADOS CON FACILIDADES DE ATENCIÓN MÉDICA U OTROS SERVICIOS DE SALUD,SOSPECHA DE GLAUCOMA,No aplica,SIMPLE
568,2024,4,Chat,11,11001,US- 000000002674,A nombre propio,MUJER,23,DE 18 A 24 AÑOS,Secundaria,Contributivo,No Aplica,No Aplica,11,11001,SALUD TOTAL,RÉGIMEN CONTRIBUTIVO,EPS002,SALUD TOTAL,11,11001,1,BARRERAS EN EL ACCESO A TECNOLOGÍAS Y SERVICIOS DE SALUD; Y OTROS ELEMENTOS COMPLEMENTARIOS PARA LA ATENCIÓN DEL USUARIO,102,NEGACIÓN DE TECNOLOGÍAS EN SALUD Y OTROS ELEMENTOS COMPLEMENTARIOS PARA LA ATENCIÓN DEL USUARIO,10201,NEGACIÓN EN LA ASIGNACIÓN DE CITAS O CONSULTAS,1020103,ESPECIALIDADES MÉDICAS ,1020103088,REUMATOLOGÍA,PROBLEMAS RELACIONADOS CON FACILIDADES DE ATENCIÓN MÉDICA U OTROS SERVICIOS DE SALUD,PROBLEMAS RELACIONADOS CON FACILIDADES DE ATENCIÓN MÉDICA U OTROS SERVICIOS DE SALUD,"ENFERMEDAD DE CROHN, NO ESPECIFICADA",No aplica,SIMPLE
569,2024,6,Web,8,8001,US- 000002663660,Madre,HOMBRE,6,DE 6 A 12 AÑOS,Ninguno,Subsidiado,No Aplica,No Aplica,8,8001,SURAMERICANA EPS,RÉGIMEN CONTRIBUTIVO,EPS010,EPS SURA,8,8001,4,INSATISFACCIÓN DEL USUARIO CON EL PROCESO ADMINISTRATIVO,401,INSATISFACCIÓN CON LA COMUNICACIÓN O INFORMACIÓN ENTREGADA POR PARTE DEL PERSONAL ADMINISTRATIVO,40101,INSATISFACCIÓN RELACIONADA CON INSUFICIENCIA O DEFICIENCIAS EN LA CALIDAD DE LA INFORMACIÓN BRINDADA AL USUARIO,,,,,PROBLEMAS RELACIONADOS CON FACILIDADES DE ATENCIÓN MÉDICA U OTROS SERVICIOS DE SALUD,PROBLEMAS RELACIONADOS CON FACILIDADES DE ATENCIÓN MÉDICA U OTROS SERVICIOS DE SALUD,CONTROL DE SALUD DE RUTINA DEL NIÑO,No aplica,SIMPLE
570,2024,6,Web,11,11001,US- 000000264341,A nombre propio,MUJER,65,MAYOR DE 63 AÑOS ,Ninguno,Contributivo,No Aplica,Persona con discapacidad,11,11001,SALUD TOTAL,RÉGIMEN CONTRIBUTIVO,EPS002,SALUD TOTAL,11,11001,1,BARRERAS EN EL ACCESO A TECNOLOGÍAS Y SERVICIOS DE SALUD; Y OTROS ELEMENTOS COMPLEMENTARIOS PARA LA ATENCIÓN DEL USUARIO,102,NEGACIÓN DE TECNOLOGÍAS EN SALUD Y OTROS ELEMENTOS COMPLEMENTARIOS PARA LA ATENCIÓN DEL USUARIO,10204,NEGACIÓN PARA LA ENTREGA DE TECNOLOGÍAS EN SALUD Y/O DE OTROS SERVICIOS AUTORIZADOS,1020401,MEDICAMENTOS UPC,,,PROBLEMAS RELACIONADOS CON FACILIDADES DE ATENCIÓN MÉDICA U OTROS SERVICIOS DE SALUD,PROBLEMAS RELACIONADOS CON FACILIDADES DE ATENCIÓN MÉDICA U OTROS SERVICIOS DE SALUD,PROBLEMAS RELACIONADOS CON FACILIDADES DE ATENCIÓN MEDICA U OTROS SERVICIOS DE SALUD,No aplica,SIMPLE
571,2024,6,Personalizado,5,5030,US- 000001155517,A nombre propio,MUJER,50,DE 50 A 62 AÑOS,Primaria Incompleta,Contributivo,No Aplica,No Aplica,5,5030,NUEVA EPS,RÉGIMEN CONTRIBUTIVO,EPS037,NUEVA EPS,5,5030,1,BARRERAS EN EL ACCESO A TECNOLOGÍAS Y SERVICIOS DE SALUD; Y OTROS ELEMENTOS COMPLEMENTARIOS PARA LA ATENCIÓN DEL USUARIO,101,FALTA DE OPORTUNIDAD EN LA PRESTACIÓN DE TECNOLOGÍAS EN SALUD Y OTROS ELEMENTOS COMPLEMENTARIOS PARA LA ATENCIÓN DEL USUARIO,10101,FALTA DE OPORTUNIDAD EN LAS CITAS O CONSULTAS,1010103,ESPECIALIDADES MÉDICAS ,1010103029,CIRUGÍA VASCULAR,PROBLEMAS RELACIONADOS CON FACILIDADES DE ATENCIÓN MÉDICA U OTROS SERVICIOS DE SALUD,PROBLEMAS RELACIONADOS CON FACILIDADES DE ATENCIÓN MÉDICA U OTROS SERVICIOS DE SALUD,INSUFICIENCIA VENOSA (CRÓNICA) (PERIFÉRICA),No aplica,SIMPLE
572,2024,5,Escrito,11,11001,US- 000003606569,A nombre propio,MUJER,28,DE 25 A 29 AÑOS,No Aplica,Contributivo,No Aplica,No Aplica,11,11001,COMPENSAR,RÉGIMEN CONTRIBUTIVO,EPS008,COMPENSAR,11,11001,1,BARRERAS EN EL ACCESO A TECNOLOGÍAS Y SERVICIOS DE SALUD; Y OTROS ELEMENTOS COMPLEMENTARIOS PARA LA ATENCIÓN DEL USUARIO,102,NEGACIÓN DE TECNOLOGÍAS EN SALUD Y OTROS ELEMENTOS COMPLEMENTARIOS PARA LA ATENCIÓN DEL USUARIO,10204,NEGACIÓN PARA LA ENTREGA DE TECNOLOGÍAS EN SALUD Y/O DE OTROS SERVICIOS AUTORIZADOS,1020401,MEDICAMENTOS UPC,,,SALUD MENTAL,OTROS TRASTORNOS MENTALES,TRASTORNO MIXTO DE ANSIEDAD Y DEPRESIÓN,No aplica,PRIORIZADO
573,2024,6,Web,76,76892,US- 000003606570,A nombre propio,HOMBRE,31,DE 30 A 37 AÑOS,No Aplica,Contributivo,No Aplica,No Aplica,76,76892,SALUD TOTAL,RÉGIMEN CONTRIBUTIVO,EPS002,SALUD TOTAL,76,76001,1,BARRERAS EN EL ACCESO A TECNOLOGÍAS Y SERVICIOS DE SALUD; Y OTROS ELEMENTOS COMPLEMENTARIOS PARA LA ATENCIÓN DEL USUARIO,101,FALTA DE OPORTUNIDAD EN LA PRESTACIÓN DE TECNOLOGÍAS EN SALUD Y OTROS ELEMENTOS COMPLEMENTARIOS PARA LA ATENCIÓN DEL USUARIO,10101,FALTA DE OPORTUNIDAD EN LAS CITAS O CONSULTAS,1010103,ESPECIALIDADES MÉDICAS ,1010103031,COLOPROCTOLOGÍA,VIH SIDA Y OTRAS ET SEXUAL,VIH SIDA,VERRUGAS VÍRICAS,Diagnóstico y manejo del paciente infectado por VIH,SIMPLE
574,2024,6,Telefónico,8,8758,US- 000003606571,Amigo (A),MUJER,35,DE 30 A 37 AÑOS,Secundaria,Contributivo,No Aplica,No Aplica,8,8758,SALUD TOTAL,RÉGIMEN CONTRIBUTIVO,EPS002,SALUD TOTAL,8,8001,1,BARRERAS EN EL ACCESO A TECNOLOGÍAS Y SERVICIOS DE SALUD; Y OTROS ELEMENTOS COMPLEMENTARIOS PARA LA ATENCIÓN DEL USUARIO,101,FALTA DE OPORTUNIDAD EN LA PRESTACIÓN DE TECNOLOGÍAS EN SALUD Y OTROS ELEMENTOS COMPLEMENTARIOS PARA LA ATENCIÓN DEL USUARIO,10103,FALTA DE OPORTUNIDAD EN LA ATENCIÓN EN OTROS SERVICIOS DE SALUD,1010308,PROCEDIMIENTOS NO QUIRÚRGICOS,1010308003,QUIMIOTERAPIA,CÁNCER ,CÁNCER DE ÚTERO,CARCINOMA IN SITU DEL CUELLO DEL ÚTERO,Quimioterapia y radioterapia para el cáncer,PRIORIZADO
575,2024,6,Web,5,5088,US- 000003606572,A nombre propio,HOMBRE,64,MAYOR DE 63 AÑOS ,No Aplica,Subsidiado,No Aplica,Persona con discapacidad,5,5088,SAVIA SALUD,RÉGIMEN SUBSIDIADO,EPSS40,SAVIA SALUD EPS,5,5088,1,BARRERAS EN EL ACCESO A TECNOLOGÍAS Y SERVICIOS DE SALUD; Y OTROS ELEMENTOS COMPLEMENTARIOS PARA LA ATENCIÓN DEL USUARIO,101,FALTA DE OPORTUNIDAD EN LA PRESTACIÓN DE TECNOLOGÍAS EN SALUD Y OTROS ELEMENTOS COMPLEMENTARIOS PARA LA ATENCIÓN DEL USUARIO,10104,FALTA DE OPORTUNIDAD EN LA ENTREGA O ENTREGA INCOMPLETA DE TECNOLOGÍAS EN SALUD Y/O PRESTACIÓN DE OTROS SERVICIOS,1010401,MEDICAMENTOS UPC,,,ENFERMEDADES NEUROLÓGICAS,EPILEPSIA,EPILEPSIA,No aplica,SIMPLE
576,2024,6,Escrito,70,70713,US- 000002700059,A nombre propio,HOMBRE,28,DE 25 A 29 AÑOS,No Aplica,Subsidiado,No Aplica,No Aplica,70,70713,SALUD TOTAL,RÉGIMEN CONTRIBUTIVO,EPS002,SALUD TOTAL,70,70713,1,BARRERAS EN EL ACCESO A TECNOLOGÍAS Y SERVICIOS DE SALUD; Y OTROS ELEMENTOS COMPLEMENTARIOS PARA LA ATENCIÓN DEL USUARIO,101,FALTA DE OPORTUNIDAD EN LA PRESTACIÓN DE TECNOLOGÍAS EN SALUD Y OTROS ELEMENTOS COMPLEMENTARIOS PARA LA ATENCIÓN DEL USUARIO,10104,FALTA DE OPORTUNIDAD EN LA ENTREGA O ENTREGA INCOMPLETA DE TECNOLOGÍAS EN SALUD Y/O PRESTACIÓN DE OTROS SERVICIOS,1010406,SOPORTE NUTRICIONAL,,,CÁNCER ,OTROS,TUMOR MALIGNO DEL COLON TRANSVERSO,No aplica,PRIORIZADO
577,2024,5,Personalizado,54,54001,US- 000001654916,Hijo (A),HOMBRE,84,MAYOR DE 63 AÑOS ,No Aplica,Subsidiado,No Aplica,Persona con discapacidad,54,54001,NUEVA EPS,RÉGIMEN SUBSIDIADO,EPSS41,NUEVA EPS,54,54001,1,BARRERAS EN EL ACCESO A TECNOLOGÍAS Y SERVICIOS DE SALUD; Y OTROS ELEMENTOS COMPLEMENTARIOS PARA LA ATENCIÓN DEL USUARIO,103,FALTA DE OPORTUNIDAD EN LA AUTORIZACIÓN DE TECNOLOGÍAS EN SALUD Y OTROS ELEMENTOS COMPLEMENTARIOS PARA LA ATENCIÓN DEL USUARIO,10301,FALTA DE OPORTUNIDAD EN LA AUTORIZACIÓN DE TECNOLOGÍAS EN SALUD Y/O DE OTROS SERVICIOS,1030101,MEDICAMENTOS UPC,,,ENFERMEDADES CRÓNICAS NO TRANSMISIBLES RESPIRATORIAS,"EPOC (ENFERMEDAD PULMONAR OBSTRUCTIVA CRÓNICA, BRONQUITIS CRÓNICA O ENFISEMA)",ENFERMEDAD PULMONAR OBSTRUCTIVA CRÓNICA CON INFECCIÓN AGUDA DE LAS VÍAS RESPIRATORIAS INFERIORES,No aplica,PRIORIZADO
578,2024,6,Personalizado,19,19001,US- 000003606573,A nombre propio,HOMBRE,90,MAYOR DE 63 AÑOS ,Primaria,Subsidiado,No Aplica,No Aplica,19,19001,EMSSANAR EPS,RÉGIMEN SUBSIDIADO,ESS118,EMSSANAR,19,19001,1,BARRERAS EN EL ACCESO A TECNOLOGÍAS Y SERVICIOS DE SALUD; Y OTROS ELEMENTOS COMPLEMENTARIOS PARA LA ATENCIÓN DEL USUARIO,102,NEGACIÓN DE TECNOLOGÍAS EN SALUD Y OTROS ELEMENTOS COMPLEMENTARIOS PARA LA ATENCIÓN DEL USUARIO,10204,NEGACIÓN PARA LA ENTREGA DE TECNOLOGÍAS EN SALUD Y/O DE OTROS SERVICIOS AUTORIZADOS,1020406,SOPORTE NUTRICIONAL,,,PROBLEMAS RELACIONADOS CON FACILIDADES DE ATENCIÓN MÉDICA U OTROS SERVICIOS DE SALUD,PROBLEMAS RELACIONADOS CON FACILIDADES DE ATENCIÓN MÉDICA U OTROS SERVICIOS DE SALUD,DESNUTRICIÓN PROTEICOCALORICA MODERADA,No aplica,PRIORIZADO
579,2024,6,Telefónico,19,19573,US- 000003606574,Hermano (A),HOMBRE,22,DE 18 A 24 AÑOS,Secundaria,Subsidiado,No Aplica,No Aplica,19,19573,ASMET SALUD EPS,RÉGIMEN SUBSIDIADO,ESS062,ASMET SALUD,19,19573,1,BARRERAS EN EL ACCESO A TECNOLOGÍAS Y SERVICIOS DE SALUD; Y OTROS ELEMENTOS COMPLEMENTARIOS PARA LA ATENCIÓN DEL USUARIO,101,FALTA DE OPORTUNIDAD EN LA PRESTACIÓN DE TECNOLOGÍAS EN SALUD Y OTROS ELEMENTOS COMPLEMENTARIOS PARA LA ATENCIÓN DEL USUARIO,10101,FALTA DE OPORTUNIDAD EN LAS CITAS O CONSULTAS,1010103,ESPECIALIDADES MÉDICAS ,1010103002,ANESTESIOLOGÍA,PROBLEMAS RELACIONADOS CON FACILIDADES DE ATENCIÓN MÉDICA U OTROS SERVICIOS DE SALUD,PROBLEMAS RELACIONADOS CON FACILIDADES DE ATENCIÓN MÉDICA U OTROS SERVICIOS DE SALUD,OTROS PROBLEMAS RELACIONADOS CON SERVICIOS MÉDICOS Y DE SALUD,No aplica,SIMPLE
580,2024,6,Web,11,11001,US- 000002893693,A nombre propio,MUJER,41,DE 38 A 49 AÑOS,Ninguno,Contributivo,No Aplica,No Aplica,11,11001,SALUD TOTAL,RÉGIMEN CONTRIBUTIVO,EPS002,SALUD TOTAL,11,11001,1,BARRERAS EN EL ACCESO A TECNOLOGÍAS Y SERVICIOS DE SALUD; Y OTROS ELEMENTOS COMPLEMENTARIOS PARA LA ATENCIÓN DEL USUARIO,101,FALTA DE OPORTUNIDAD EN LA PRESTACIÓN DE TECNOLOGÍAS EN SALUD Y OTROS ELEMENTOS COMPLEMENTARIOS PARA LA ATENCIÓN DEL USUARIO,10103,FALTA DE OPORTUNIDAD EN LA ATENCIÓN EN OTROS SERVICIOS DE SALUD,1010308,PROCEDIMIENTOS NO QUIRÚRGICOS,1010308006,OTROS PROCEDIMIENTOS NO QUIRÚRGICOS,PROBLEMAS RELACIONADOS CON FACILIDADES DE ATENCIÓN MÉDICA U OTROS SERVICIOS DE SALUD,PROBLEMAS RELACIONADOS CON FACILIDADES DE ATENCIÓN MÉDICA U OTROS SERVICIOS DE SALUD,EXAMEN MEDICO GENERAL,No aplica,SIMPLE
581,2024,6,Web,50,50001,US- 000000952529,A nombre propio,HOMBRE,78,MAYOR DE 63 AÑOS ,Posgrado,Contributivo,No Aplica,No Aplica,50,50001,NUEVA EPS,RÉGIMEN CONTRIBUTIVO,EPS037,NUEVA EPS,50,50001,1,BARRERAS EN EL ACCESO A TECNOLOGÍAS Y SERVICIOS DE SALUD; Y OTROS ELEMENTOS COMPLEMENTARIOS PARA LA ATENCIÓN DEL USUARIO,102,NEGACIÓN DE TECNOLOGÍAS EN SALUD Y OTROS ELEMENTOS COMPLEMENTARIOS PARA LA ATENCIÓN DEL USUARIO,10201,NEGACIÓN EN LA ASIGNACIÓN DE CITAS O CONSULTAS,1020103,ESPECIALIDADES MÉDICAS ,1020103029,CIRUGÍA VASCULAR,PROBLEMAS RELACIONADOS CON FACILIDADES DE ATENCIÓN MÉDICA U OTROS SERVICIOS DE SALUD,PROBLEMAS RELACIONADOS CON FACILIDADES DE ATENCIÓN MÉDICA U OTROS SERVICIOS DE SALUD,PROBLEMAS RELACIONADOS CON FACILIDADES DE ATENCIÓN MEDICA U OTROS SERVICIOS DE SALUD,No aplica,SIMPLE
582,2024,6,Personalizado,19,19698,US- 000003153609,A nombre propio,MUJER,51,DE 50 A 62 AÑOS,Primaria,Subsidiado,No Aplica,No Aplica,19,19698,ASMET SALUD EPS,RÉGIMEN SUBSIDIADO,ESS062,ASMET SALUD,19,19698,1,BARRERAS EN EL ACCESO A TECNOLOGÍAS Y SERVICIOS DE SALUD; Y OTROS ELEMENTOS COMPLEMENTARIOS PARA LA ATENCIÓN DEL USUARIO,101,FALTA DE OPORTUNIDAD EN LA PRESTACIÓN DE TECNOLOGÍAS EN SALUD Y OTROS ELEMENTOS COMPLEMENTARIOS PARA LA ATENCIÓN DEL USUARIO,10101,FALTA DE OPORTUNIDAD EN LAS CITAS O CONSULTAS,1010103,ESPECIALIDADES MÉDICAS ,1010103063,MEDICINA INTERNA,SALUD MENTAL,OTROS TRASTORNOS MENTALES,"ENFERMEDAD PULMONAR OBSTRUCTIVA CRÓNICA, NO ESPECIFICADA",No aplica,PRIORIZADO
583,2024,6,Web,11,11001,US- 000003606575,A nombre propio,HOMBRE,65,MAYOR DE 63 AÑOS ,No Aplica,Contributivo,No Aplica,No Aplica,11,11001,SURAMERICANA EPS,RÉGIMEN CONTRIBUTIVO,EPS010,EPS SURA,11,11001,1,BARRERAS EN EL ACCESO A TECNOLOGÍAS Y SERVICIOS DE SALUD; Y OTROS ELEMENTOS COMPLEMENTARIOS PARA LA ATENCIÓN DEL USUARIO,101,FALTA DE OPORTUNIDAD EN LA PRESTACIÓN DE TECNOLOGÍAS EN SALUD Y OTROS ELEMENTOS COMPLEMENTARIOS PARA LA ATENCIÓN DEL USUARIO,10105,FALTA DE OPORTUNIDAD EN EL PROCESO DE REFERENCIA Y CONTRARREFERENCIA,,,,,PROBLEMAS RELACIONADOS CON FACILIDADES DE ATENCIÓN MÉDICA U OTROS SERVICIOS DE SALUD,PROBLEMAS RELACIONADOS CON FACILIDADES DE ATENCIÓN MÉDICA U OTROS SERVICIOS DE SALUD,DISFAGIA,No aplica,PRIORIZADO
584,2024,6,Web,50,50313,US- 000003606576,A nombre propio,MUJER,41,DE 38 A 49 AÑOS,No Aplica,Subsidiado,No Aplica,No Aplica,50,50313,NUEVA EPS,RÉGIMEN SUBSIDIADO,EPSS41,NUEVA EPS,50,50313,1,BARRERAS EN EL ACCESO A TECNOLOGÍAS Y SERVICIOS DE SALUD; Y OTROS ELEMENTOS COMPLEMENTARIOS PARA LA ATENCIÓN DEL USUARIO,101,FALTA DE OPORTUNIDAD EN LA PRESTACIÓN DE TECNOLOGÍAS EN SALUD Y OTROS ELEMENTOS COMPLEMENTARIOS PARA LA ATENCIÓN DEL USUARIO,10101,FALTA DE OPORTUNIDAD EN LAS CITAS O CONSULTAS,1010103,ESPECIALIDADES MÉDICAS ,1010103047,GINECOLOGÍA Y OBSTETRICIA,PROBLEMAS RELACIONADOS CON FACILIDADES DE ATENCIÓN MÉDICA U OTROS SERVICIOS DE SALUD,PROBLEMAS RELACIONADOS CON FACILIDADES DE ATENCIÓN MÉDICA U OTROS SERVICIOS DE SALUD,OTRAS CONSULTAS ESPECIFICADAS,No aplica,SIMPLE
585,2024,6,Personalizado,66,66001,US- 000000767980,A nombre propio,HOMBRE,53,DE 50 A 62 AÑOS,Primaria Incompleta,Subsidiado,No Aplica,No Aplica,66,66001,COOSALUD,RÉGIMEN SUBSIDIADO,ESS024,COOSALUD,66,66001,1,BARRERAS EN EL ACCESO A TECNOLOGÍAS Y SERVICIOS DE SALUD; Y OTROS ELEMENTOS COMPLEMENTARIOS PARA LA ATENCIÓN DEL USUARIO,102,NEGACIÓN DE TECNOLOGÍAS EN SALUD Y OTROS ELEMENTOS COMPLEMENTARIOS PARA LA ATENCIÓN DEL USUARIO,10201,NEGACIÓN EN LA ASIGNACIÓN DE CITAS O CONSULTAS,1020103,ESPECIALIDADES MÉDICAS ,1020103022,CIRUGÍA GENERAL,PROBLEMAS RELACIONADOS CON FACILIDADES DE ATENCIÓN MÉDICA U OTROS SERVICIOS DE SALUD,PROBLEMAS RELACIONADOS CON FACILIDADES DE ATENCIÓN MÉDICA U OTROS SERVICIOS DE SALUD,HERNIA INGUINAL,No aplica,SIMPLE
586,2024,6,Redes Sociales,47,47551,US- 000003606577,Padre,HOMBRE,2,DE 0 A 5 AÑOS,No Aplica,Contributivo,No Aplica,No Aplica,47,47551,NUEVA EPS,RÉGIMEN CONTRIBUTIVO,EPS037,NUEVA EPS,47,47551,1,BARRERAS EN EL ACCESO A TECNOLOGÍAS Y SERVICIOS DE SALUD; Y OTROS ELEMENTOS COMPLEMENTARIOS PARA LA ATENCIÓN DEL USUARIO,101,FALTA DE OPORTUNIDAD EN LA PRESTACIÓN DE TECNOLOGÍAS EN SALUD Y OTROS ELEMENTOS COMPLEMENTARIOS PARA LA ATENCIÓN DEL USUARIO,10101,FALTA DE OPORTUNIDAD EN LAS CITAS O CONSULTAS,1010103,ESPECIALIDADES MÉDICAS ,1010103033,DERMATOLOGÍA,MATERNO INFANTIL,ATENCIÓN NIÑOS MENORES DE 5 AÑOS,ALERGIA NO ESPECIFICADA,No aplica,PRIORIZADO
587,2024,6,Web,11,11001,US- 000000126338,A nombre propio,HOMBRE,67,MAYOR DE 63 AÑOS ,No Aplica,Contributivo,No Aplica,No Aplica,11,11001,COMPENSAR,RÉGIMEN CONTRIBUTIVO,EPS008,COMPENSAR,11,11001,1,BARRERAS EN EL ACCESO A TECNOLOGÍAS Y SERVICIOS DE SALUD; Y OTROS ELEMENTOS COMPLEMENTARIOS PARA LA ATENCIÓN DEL USUARIO,102,NEGACIÓN DE TECNOLOGÍAS EN SALUD Y OTROS ELEMENTOS COMPLEMENTARIOS PARA LA ATENCIÓN DEL USUARIO,10201,NEGACIÓN EN LA ASIGNACIÓN DE CITAS O CONSULTAS,1020103,ESPECIALIDADES MÉDICAS ,1020103094,UROLOGÍA,CÁNCER ,CÁNCER DE PRÓSTATA,TUMOR MALIGNO DE LA PRÓSTATA,No aplica,PRIORIZADO
588,2024,6,Telefónico,76,76520,US- 000003606578,Cónyuge,HOMBRE,46,DE 38 A 49 AÑOS,Secundaria,Contributivo,No Aplica,No Aplica,76,76520,EMSSANAR EPS,RÉGIMEN SUBSIDIADO,ESS118,EMSSANAR,76,76520,1,BARRERAS EN EL ACCESO A TECNOLOGÍAS Y SERVICIOS DE SALUD; Y OTROS ELEMENTOS COMPLEMENTARIOS PARA LA ATENCIÓN DEL USUARIO,101,FALTA DE OPORTUNIDAD EN LA PRESTACIÓN DE TECNOLOGÍAS EN SALUD Y OTROS ELEMENTOS COMPLEMENTARIOS PARA LA ATENCIÓN DEL USUARIO,10101,FALTA DE OPORTUNIDAD EN LAS CITAS O CONSULTAS,1010101,MEDICINA GENERAL,,,PROBLEMAS RELACIONADOS CON FACILIDADES DE ATENCIÓN MÉDICA U OTROS SERVICIOS DE SALUD,PROBLEMAS RELACIONADOS CON FACILIDADES DE ATENCIÓN MÉDICA U OTROS SERVICIOS DE SALUD,FISTULA DEL INTESTINO,No aplica,SIMPLE
589,2024,6,Web,5,5615,US- 000003606579,Otro,HOMBRE,78,MAYOR DE 63 AÑOS ,No Aplica,Contributivo,No Aplica,Persona con discapacidad,5,5615,NUEVA EPS,RÉGIMEN CONTRIBUTIVO,EPS037,NUEVA EPS,5,5001,1,BARRERAS EN EL ACCESO A TECNOLOGÍAS Y SERVICIOS DE SALUD; Y OTROS ELEMENTOS COMPLEMENTARIOS PARA LA ATENCIÓN DEL USUARIO,103,FALTA DE OPORTUNIDAD EN LA AUTORIZACIÓN DE TECNOLOGÍAS EN SALUD Y OTROS ELEMENTOS COMPLEMENTARIOS PARA LA ATENCIÓN DEL USUARIO,10304,FALTA DE OPORTUNIDAD EN LA AUTORIZACIÓN DE OTROS SERVICIOS DE SALUD,1030402,HOSPITALIZACIÓN,,,ENFERMEDADES CRÓNICAS NO TRASMISIBLES CARDIOVASCULARES,ICC (INSUFICIENCIA CARDIACA CONGESTIVA),"INSUFICIENCIA CARDIACA, NO ESPECIFICADA",Manejo quirúrgico para enfermedades del corazón,PRIORIZADO
590,2024,6,Web,11,11001,US- 000000802037,A nombre propio,MUJER,36,DE 30 A 37 AÑOS,No Aplica,Contributivo,No Aplica,No Aplica,11,11001,SURAMERICANA EPS,RÉGIMEN CONTRIBUTIVO,EPS010,EPS SURA,11,11001,1,BARRERAS EN EL ACCESO A TECNOLOGÍAS Y SERVICIOS DE SALUD; Y OTROS ELEMENTOS COMPLEMENTARIOS PARA LA ATENCIÓN DEL USUARIO,101,FALTA DE OPORTUNIDAD EN LA PRESTACIÓN DE TECNOLOGÍAS EN SALUD Y OTROS ELEMENTOS COMPLEMENTARIOS PARA LA ATENCIÓN DEL USUARIO,10101,FALTA DE OPORTUNIDAD EN LAS CITAS O CONSULTAS,1010103,ESPECIALIDADES MÉDICAS ,1010103071,NEUROCIRUGÍA,CÁNCER ,OTROS,TUMOR MALIGNO DE LA GLÁNDULA TIROIDES,Quimioterapia y radioterapia para el cáncer,PRIORIZADO
591,2024,6,Web,73,73001,US- 000003606580,A nombre propio,HOMBRE,8,DE 6 A 12 AÑOS,No Aplica,Subsidiado,No Aplica,Persona con discapacidad,73,73001,NUEVA EPS,RÉGIMEN SUBSIDIADO,EPSS41,NUEVA EPS,73,73001,1,BARRERAS EN EL ACCESO A TECNOLOGÍAS Y SERVICIOS DE SALUD; Y OTROS ELEMENTOS COMPLEMENTARIOS PARA LA ATENCIÓN DEL USUARIO,102,NEGACIÓN DE TECNOLOGÍAS EN SALUD Y OTROS ELEMENTOS COMPLEMENTARIOS PARA LA ATENCIÓN DEL USUARIO,10203,NEGACIÓN EN LA ATENCIÓN EN OTROS SERVICIOS DE SALUD,1020308,PROCEDIMIENTOS NO QUIRÚRGICOS,1020308006,OTROS PROCEDIMIENTOS NO QUIRÚRGICOS,ENFERMEDADES HUÉRFANAS,OTROS,SÍNDROMES DE MALFORMACIONES CONGÉNITAS ASOCIADAS PRINCIPALMENTE CON ESTATURA BAJA,No aplica,PRIORIZADO
592,2024,6,Personalizado,47,47001,US- 000001198946,A nombre propio,MUJER,59,DE 50 A 62 AÑOS,Universitario,Régimen Especial,No Aplica,No Aplica,47,47001,MAGISTERIO,REGÍMENES DE EXCEPCIÓN Y ESPECIALES,REMG01,MAGISTERIO,47,47001,1,BARRERAS EN EL ACCESO A TECNOLOGÍAS Y SERVICIOS DE SALUD; Y OTROS ELEMENTOS COMPLEMENTARIOS PARA LA ATENCIÓN DEL USUARIO,101,FALTA DE OPORTUNIDAD EN LA PRESTACIÓN DE TECNOLOGÍAS EN SALUD Y OTROS ELEMENTOS COMPLEMENTARIOS PARA LA ATENCIÓN DEL USUARIO,10101,FALTA DE OPORTUNIDAD EN LAS CITAS O CONSULTAS,1010103,ESPECIALIDADES MÉDICAS ,1010103039,ENDOCRINOLOGÍA,ENFERMEDADES CRÓNICAS NO TRANSMISIBLES –DIABETES,DIABETES,DIABETES MELLITUS INSULINODEPENDIENTE,No aplica,PRIORIZADO
593,2024,6,Escrito,11,11001,US- 000003606581,Hijo (A),MUJER,92,MAYOR DE 63 AÑOS ,No Aplica,Contributivo,No Aplica,No Aplica,11,11001,NUEVA EPS,RÉGIMEN CONTRIBUTIVO,EPS037,NUEVA EPS,11,11001,1,BARRERAS EN EL ACCESO A TECNOLOGÍAS Y SERVICIOS DE SALUD; Y OTROS ELEMENTOS COMPLEMENTARIOS PARA LA ATENCIÓN DEL USUARIO,102,NEGACIÓN DE TECNOLOGÍAS EN SALUD Y OTROS ELEMENTOS COMPLEMENTARIOS PARA LA ATENCIÓN DEL USUARIO,10204,NEGACIÓN PARA LA ENTREGA DE TECNOLOGÍAS EN SALUD Y/O DE OTROS SERVICIOS AUTORIZADOS,1020401,MEDICAMENTOS UPC,,,ENFERMEDADES CRÓNICAS NO TRASMISIBLES CARDIOVASCULARES,OTROS,INSUFICIENCIA VENOSA (CRÓNICA) (PERIFÉRICA),No aplica,SIMPLE
594,2024,6,Telefónico,66,66001,US- 000002034238,A nombre propio,MUJER,71,MAYOR DE 63 AÑOS ,Primaria Incompleta,Subsidiado,No Aplica,No Aplica,66,66001,ASMET SALUD EPS,RÉGIMEN SUBSIDIADO,ESS062,ASMET SALUD,66,66001,1,BARRERAS EN EL ACCESO A TECNOLOGÍAS Y SERVICIOS DE SALUD; Y OTROS ELEMENTOS COMPLEMENTARIOS PARA LA ATENCIÓN DEL USUARIO,102,NEGACIÓN DE TECNOLOGÍAS EN SALUD Y OTROS ELEMENTOS COMPLEMENTARIOS PARA LA ATENCIÓN DEL USUARIO,10201,NEGACIÓN EN LA ASIGNACIÓN DE CITAS O CONSULTAS,1020101,MEDICINA GENERAL,,,PROBLEMAS RELACIONADOS CON FACILIDADES DE ATENCIÓN MÉDICA U OTROS SERVICIOS DE SALUD,PROBLEMAS RELACIONADOS CON FACILIDADES DE ATENCIÓN MÉDICA U OTROS SERVICIOS DE SALUD,"INFECCIÓN DE VÍAS URINARIAS, SITIO NO ESPECIFICADO",No aplica,SIMPLE
595,2024,6,Personalizado,63,63001,US- 000003606582,A nombre propio,MUJER,46,DE 38 A 49 AÑOS,Secundaria,Contributivo,No Aplica,No Aplica,63,63001,SURAMERICANA EPS,RÉGIMEN CONTRIBUTIVO,EPS010,EPS SURA,63,63001,1,BARRERAS EN EL ACCESO A TECNOLOGÍAS Y SERVICIOS DE SALUD; Y OTROS ELEMENTOS COMPLEMENTARIOS PARA LA ATENCIÓN DEL USUARIO,102,NEGACIÓN DE TECNOLOGÍAS EN SALUD Y OTROS ELEMENTOS COMPLEMENTARIOS PARA LA ATENCIÓN DEL USUARIO,10201,NEGACIÓN EN LA ASIGNACIÓN DE CITAS O CONSULTAS,1020103,ESPECIALIDADES MÉDICAS ,1020103061,MEDICINA FÍSICA Y REHABILITACIÓN - FISIATRÍA,ENFERMEDADES OSTEOARTICULARES,OTROS,SÍNDROME DEL TÚNEL CARPIANO,No aplica,SIMPLE
596,2024,5,Web,5,5001,US- 000003606583,A nombre propio,MUJER,54,DE 50 A 62 AÑOS,No Aplica,Contributivo,No Aplica,No Aplica,5,5001,SURAMERICANA EPS,RÉGIMEN CONTRIBUTIVO,EPS010,EPS SURA,5,5001,1,BARRERAS EN EL ACCESO A TECNOLOGÍAS Y SERVICIOS DE SALUD; Y OTROS ELEMENTOS COMPLEMENTARIOS PARA LA ATENCIÓN DEL USUARIO,102,NEGACIÓN DE TECNOLOGÍAS EN SALUD Y OTROS ELEMENTOS COMPLEMENTARIOS PARA LA ATENCIÓN DEL USUARIO,10201,NEGACIÓN EN LA ASIGNACIÓN DE CITAS O CONSULTAS,1020103,ESPECIALIDADES MÉDICAS ,1020103039,ENDOCRINOLOGÍA,ENFERMEDADES OSTEOARTICULARES,OTROS,"OSTEOPOROSIS POSTMENOPÁUSICA, SIN FRACTURA PATOLÓGICA",No aplica,SIMPLE
597,2024,6,Web,73,73001,US- 000003606584,A nombre propio,MUJER,60,DE 50 A 62 AÑOS,No Aplica,Subsidiado,No Aplica,No Aplica,73,73001,SALUD TOTAL,RÉGIMEN CONTRIBUTIVO,EPS002,SALUD TOTAL,73,73001,1,BARRERAS EN EL ACCESO A TECNOLOGÍAS Y SERVICIOS DE SALUD; Y OTROS ELEMENTOS COMPLEMENTARIOS PARA LA ATENCIÓN DEL USUARIO,103,FALTA DE OPORTUNIDAD EN LA AUTORIZACIÓN DE TECNOLOGÍAS EN SALUD Y OTROS ELEMENTOS COMPLEMENTARIOS PARA LA ATENCIÓN DEL USUARIO,10301,FALTA DE OPORTUNIDAD EN LA AUTORIZACIÓN DE TECNOLOGÍAS EN SALUD Y/O DE OTROS SERVICIOS,1030101,MEDICAMENTOS UPC,,,PROBLEMAS RELACIONADOS CON FACILIDADES DE ATENCIÓN MÉDICA U OTROS SERVICIOS DE SALUD,PROBLEMAS RELACIONADOS CON FACILIDADES DE ATENCIÓN MÉDICA U OTROS SERVICIOS DE SALUD,OTROS PROBLEMAS RELACIONADOS CON SERVICIOS MÉDICOS Y DE SALUD,No aplica,SIMPLE
598,2024,6,Web,11,11001,US- 000003606585,A nombre propio,MUJER,54,DE 50 A 62 AÑOS,No Aplica,Contributivo,No Aplica,No Aplica,11,11001,COMPENSAR,RÉGIMEN CONTRIBUTIVO,EPS008,COMPENSAR,11,11001,2,INSATISFACCIÓN RELACIONADA CON LA ATENCIÓN EN SALUD,201,INSATISFACCIÓN RELACIONADA CON LA ATENCIÓN EN SALUD POR FALTA DE OPORTUNIDAD,20101,INSATISFACCIÓN POR FALTA DE OPORTUNIDAD EN LA ATENCIÓN POR PARTE DEL PERSONAL DE SALUD,2010106,SERVICIO HOSPITALARIO,,,PROBLEMAS RELACIONADOS CON FACILIDADES DE ATENCIÓN MÉDICA U OTROS SERVICIOS DE SALUD,PROBLEMAS RELACIONADOS CON FACILIDADES DE ATENCIÓN MÉDICA U OTROS SERVICIOS DE SALUD,"TUMEFACCIÓN, MASA O PROMINENCIA INTRAABDOMINAL Y PÉLVICA",No aplica,SIMPLE
599,2024,6,Web,11,11001,US- 000001642284,A nombre propio,MUJER,52,DE 50 A 62 AÑOS,No Aplica,Contributivo,No Aplica,No Aplica,11,11001,SANITAS,RÉGIMEN CONTRIBUTIVO,EPS005,SANITAS,11,11001,1,BARRERAS EN EL ACCESO A TECNOLOGÍAS Y SERVICIOS DE SALUD; Y OTROS ELEMENTOS COMPLEMENTARIOS PARA LA ATENCIÓN DEL USUARIO,101,FALTA DE OPORTUNIDAD EN LA PRESTACIÓN DE TECNOLOGÍAS EN SALUD Y OTROS ELEMENTOS COMPLEMENTARIOS PARA LA ATENCIÓN DEL USUARIO,10103,FALTA DE OPORTUNIDAD EN LA ATENCIÓN EN OTROS SERVICIOS DE SALUD,1010309,PROCEDIMIENTOS QUIRÚRGICOS,1010309003,OTROS PROCEDIMIENTOS QUIRÚRGICOS,PROBLEMAS RELACIONADOS CON FACILIDADES DE ATENCIÓN MÉDICA U OTROS SERVICIOS DE SALUD,PROBLEMAS RELACIONADOS CON FACILIDADES DE ATENCIÓN MÉDICA U OTROS SERVICIOS DE SALUD,PROBLEMAS RELACIONADOS CON FACILIDADES DE ATENCIÓN MEDICA U OTROS SERVICIOS DE SALUD,No aplica,SIMPLE
600,2024,6,Web,66,66456,US- 000003606416,A nombre propio,HOMBRE,37,DE 30 A 37 AÑOS,No Aplica,Subsidiado,No Aplica,Víctima del conflicto armado,66,66456,ASMET SALUD EPS,RÉGIMEN SUBSIDIADO,ESS062,ASMET SALUD,66,66456,1,BARRERAS EN EL ACCESO A TECNOLOGÍAS Y SERVICIOS DE SALUD; Y OTROS ELEMENTOS COMPLEMENTARIOS PARA LA ATENCIÓN DEL USUARIO,102,NEGACIÓN DE TECNOLOGÍAS EN SALUD Y OTROS ELEMENTOS COMPLEMENTARIOS PARA LA ATENCIÓN DEL USUARIO,10201,NEGACIÓN EN LA ASIGNACIÓN DE CITAS O CONSULTAS,1020103,ESPECIALIDADES MÉDICAS ,1020103094,UROLOGÍA,PROBLEMAS RELACIONADOS CON FACILIDADES DE ATENCIÓN MÉDICA U OTROS SERVICIOS DE SALUD,PROBLEMAS RELACIONADOS CON FACILIDADES DE ATENCIÓN MÉDICA U OTROS SERVICIOS DE SALUD,CALCULO DEL RIÑÓN,No aplica,SIMPLE
601,2024,6,Web,5,5088,US- 000003606587,A nombre propio,HOMBRE,2,DE 0 A 5 AÑOS,No Aplica,Subsidiado,No Aplica,No Aplica,5,5088,SALUD TOTAL,RÉGIMEN CONTRIBUTIVO,EPS002,SALUD TOTAL,5,5088,1,BARRERAS EN EL ACCESO A TECNOLOGÍAS Y SERVICIOS DE SALUD; Y OTROS ELEMENTOS COMPLEMENTARIOS PARA LA ATENCIÓN DEL USUARIO,101,FALTA DE OPORTUNIDAD EN LA PRESTACIÓN DE TECNOLOGÍAS EN SALUD Y OTROS ELEMENTOS COMPLEMENTARIOS PARA LA ATENCIÓN DEL USUARIO,10101,FALTA DE OPORTUNIDAD EN LAS CITAS O CONSULTAS,1010103,ESPECIALIDADES MÉDICAS ,1010103070,NEUMOLOGÍA PEDIÁTRICA,MATERNO INFANTIL,ATENCIÓN NIÑOS MENORES DE 5 AÑOS,"NEUMONÍA, NO ESPECIFICADA",No aplica,SIMPLE
602,2024,6,Telefónico,41,41001,US- 000003606588,Padre,HOMBRE,9,DE 6 A 12 AÑOS,Primaria,Subsidiado,No Aplica,Desplazado,41,41001,NUEVA EPS,RÉGIMEN CONTRIBUTIVO,EPS037,NUEVA EPS,41,41001,1,BARRERAS EN EL ACCESO A TECNOLOGÍAS Y SERVICIOS DE SALUD; Y OTROS ELEMENTOS COMPLEMENTARIOS PARA LA ATENCIÓN DEL USUARIO,101,FALTA DE OPORTUNIDAD EN LA PRESTACIÓN DE TECNOLOGÍAS EN SALUD Y OTROS ELEMENTOS COMPLEMENTARIOS PARA LA ATENCIÓN DEL USUARIO,10101,FALTA DE OPORTUNIDAD EN LAS CITAS O CONSULTAS,1010112,OPTOMETRÍA,,,PROBLEMAS RELACIONADOS CON FACILIDADES DE ATENCIÓN MÉDICA U OTROS SERVICIOS DE SALUD,PROBLEMAS RELACIONADOS CON FACILIDADES DE ATENCIÓN MÉDICA U OTROS SERVICIOS DE SALUD,ESTRABISMO CONCOMITANTE CONVERGENTE,No aplica,SIMPLE
603,2024,6,Web,63,63001,US- 000000205261,A nombre propio,MUJER,83,MAYOR DE 63 AÑOS ,No Aplica,Contributivo,No Aplica,No Aplica,63,63001,SURAMERICANA EPS,RÉGIMEN CONTRIBUTIVO,EPS010,EPS SURA,63,63001,1,BARRERAS EN EL ACCESO A TECNOLOGÍAS Y SERVICIOS DE SALUD; Y OTROS ELEMENTOS COMPLEMENTARIOS PARA LA ATENCIÓN DEL USUARIO,101,FALTA DE OPORTUNIDAD EN LA PRESTACIÓN DE TECNOLOGÍAS EN SALUD Y OTROS ELEMENTOS COMPLEMENTARIOS PARA LA ATENCIÓN DEL USUARIO,10101,FALTA DE OPORTUNIDAD EN LAS CITAS O CONSULTAS,1010103,ESPECIALIDADES MÉDICAS ,1010103094,UROLOGÍA,CÁNCER ,CÁNCER DE MAMA,CISTITIS,No aplica,SIMPLE
604,2024,6,Web,11,11001,US- 000003606589,A nombre propio,MUJER,29,DE 25 A 29 AÑOS,No Aplica,Contributivo,No Aplica,No Aplica,11,11001,NUEVA EPS,RÉGIMEN CONTRIBUTIVO,EPS037,NUEVA EPS,11,11001,2,INSATISFACCIÓN RELACIONADA CON LA ATENCIÓN EN SALUD,201,INSATISFACCIÓN RELACIONADA CON LA ATENCIÓN EN SALUD POR FALTA DE OPORTUNIDAD,20101,INSATISFACCIÓN POR FALTA DE OPORTUNIDAD EN LA ATENCIÓN POR PARTE DEL PERSONAL DE SALUD,2010104,SERVICIO DE URGENCIAS,,,PROBLEMAS RELACIONADOS CON FACILIDADES DE ATENCIÓN MÉDICA U OTROS SERVICIOS DE SALUD,PROBLEMAS RELACIONADOS CON FACILIDADES DE ATENCIÓN MÉDICA U OTROS SERVICIOS DE SALUD,PARESTESIA DE LA PIEL,No aplica,SIMPLE
605,2024,5,Telefónico,76,76001,US- 000002090803,Hermano (A),MUJER,55,DE 50 A 62 AÑOS,Primaria,Contributivo,Indígena,No Aplica,76,76001,SOS -SERVICIO OCCIDENTAL DE SALUD,RÉGIMEN CONTRIBUTIVO,EPS018,SERVICIO OCCIDENTAL DE SALUD (SOS),76,76001,1,BARRERAS EN EL ACCESO A TECNOLOGÍAS Y SERVICIOS DE SALUD; Y OTROS ELEMENTOS COMPLEMENTARIOS PARA LA ATENCIÓN DEL USUARIO,101,FALTA DE OPORTUNIDAD EN LA PRESTACIÓN DE TECNOLOGÍAS EN SALUD Y OTROS ELEMENTOS COMPLEMENTARIOS PARA LA ATENCIÓN DEL USUARIO,10103,FALTA DE OPORTUNIDAD EN LA ATENCIÓN EN OTROS SERVICIOS DE SALUD,1010308,PROCEDIMIENTOS NO QUIRÚRGICOS,1010308006,OTROS PROCEDIMIENTOS NO QUIRÚRGICOS,CÁNCER ,OTROS,"TUMOR MALIGNO DEL COLON, PARTE NO ESPECIFICADA",No aplica,PRIORIZADO
606,2024,5,Telefónico,5,5001,US- 000003606590,A nombre propio,MUJER,38,DE 38 A 49 AÑOS,Secundaria Incompleta,Subsidiado,No Aplica,No Aplica,5,5001,SAVIA SALUD,RÉGIMEN SUBSIDIADO,EPSS40,SAVIA SALUD EPS,5,5001,1,BARRERAS EN EL ACCESO A TECNOLOGÍAS Y SERVICIOS DE SALUD; Y OTROS ELEMENTOS COMPLEMENTARIOS PARA LA ATENCIÓN DEL USUARIO,102,NEGACIÓN DE TECNOLOGÍAS EN SALUD Y OTROS ELEMENTOS COMPLEMENTARIOS PARA LA ATENCIÓN DEL USUARIO,10201,NEGACIÓN EN LA ASIGNACIÓN DE CITAS O CONSULTAS,1020103,ESPECIALIDADES MÉDICAS ,1020103078,ORTOPEDIA Y TRAUMATOLOGÍA,ENFERMEDADES CRÓNICAS NO TRANSMISIBLES- FACTORES DE RIESGO,MEDICIÓN DE FACTORES DE RIESGO,OTROS PROBLEMAS RELACIONADOS CON SERVICIOS MÉDICOS Y DE SALUD,No aplica,SIMPLE
607,2024,6,Escrito,20,20001,US- 000003606591,Otro,HOMBRE,87,MAYOR DE 63 AÑOS ,No Aplica,Subsidiado,No Aplica,No Aplica,20,20001,CAJACOPI EPS,RÉGIMEN SUBSIDIADO,CCF055,CAJACOPI EPS,20,20001,1,BARRERAS EN EL ACCESO A TECNOLOGÍAS Y SERVICIOS DE SALUD; Y OTROS ELEMENTOS COMPLEMENTARIOS PARA LA ATENCIÓN DEL USUARIO,101,FALTA DE OPORTUNIDAD EN LA PRESTACIÓN DE TECNOLOGÍAS EN SALUD Y OTROS ELEMENTOS COMPLEMENTARIOS PARA LA ATENCIÓN DEL USUARIO,10103,FALTA DE OPORTUNIDAD EN LA ATENCIÓN EN OTROS SERVICIOS DE SALUD,1010309,PROCEDIMIENTOS QUIRÚRGICOS,1010309003,OTROS PROCEDIMIENTOS QUIRÚRGICOS,ENFERMEDADES CRÓNICAS NO TRANSMISIBLES- FACTORES DE RIESGO,MEDICIÓN DE FACTORES DE RIESGO,GLAUCOMA,No aplica,SIMPLE
608,2024,6,Telefónico,5,5001,US- 000002106074,Cónyuge,MUJER,58,DE 50 A 62 AÑOS,Secundaria Incompleta,Contributivo,No Aplica,No Aplica,5,5001,SURAMERICANA EPS,RÉGIMEN CONTRIBUTIVO,EPS010,EPS SURA,5,5001,1,BARRERAS EN EL ACCESO A TECNOLOGÍAS Y SERVICIOS DE SALUD; Y OTROS ELEMENTOS COMPLEMENTARIOS PARA LA ATENCIÓN DEL USUARIO,101,FALTA DE OPORTUNIDAD EN LA PRESTACIÓN DE TECNOLOGÍAS EN SALUD Y OTROS ELEMENTOS COMPLEMENTARIOS PARA LA ATENCIÓN DEL USUARIO,10101,FALTA DE OPORTUNIDAD EN LAS CITAS O CONSULTAS,1010103,ESPECIALIDADES MÉDICAS ,1010103078,ORTOPEDIA Y TRAUMATOLOGÍA,ENFERMEDADES OSTEOARTICULARES,OTROS,SÍNDROME DE MANGUITO ROTATORIO,No aplica,SIMPLE
609,2024,6,Web,50,50006,US- 000003606592,A nombre propio,MUJER,59,DE 50 A 62 AÑOS,No Aplica,Contributivo,Indígena,Desplazado,50,50006,NUEVA EPS,RÉGIMEN CONTRIBUTIVO,EPS037,NUEVA EPS,50,50006,1,BARRERAS EN EL ACCESO A TECNOLOGÍAS Y SERVICIOS DE SALUD; Y OTROS ELEMENTOS COMPLEMENTARIOS PARA LA ATENCIÓN DEL USUARIO,102,NEGACIÓN DE TECNOLOGÍAS EN SALUD Y OTROS ELEMENTOS COMPLEMENTARIOS PARA LA ATENCIÓN DEL USUARIO,10203,NEGACIÓN EN LA ATENCIÓN EN OTROS SERVICIOS DE SALUD,1020309,PROCEDIMIENTOS QUIRÚRGICOS,1020309003,OTROS PROCEDIMIENTOS QUIRÚRGICOS,ENFERMEDADES OSTEOARTICULARES,OTROS,GONARTROSIS,No aplica,SIMPLE
610,2024,6,Web,11,11001,US- 000002927729,A nombre propio,HOMBRE,56,DE 50 A 62 AÑOS,No Aplica,Contributivo,No Aplica,No Aplica,11,11001,SANITAS,RÉGIMEN CONTRIBUTIVO,EPS005,SANITAS,11,11001,1,BARRERAS EN EL ACCESO A TECNOLOGÍAS Y SERVICIOS DE SALUD; Y OTROS ELEMENTOS COMPLEMENTARIOS PARA LA ATENCIÓN DEL USUARIO,101,FALTA DE OPORTUNIDAD EN LA PRESTACIÓN DE TECNOLOGÍAS EN SALUD Y OTROS ELEMENTOS COMPLEMENTARIOS PARA LA ATENCIÓN DEL USUARIO,10101,FALTA DE OPORTUNIDAD EN LAS CITAS O CONSULTAS,1010103,ESPECIALIDADES MÉDICAS ,1010103039,ENDOCRINOLOGÍA,PROBLEMAS RELACIONADOS CON FACILIDADES DE ATENCIÓN MÉDICA U OTROS SERVICIOS DE SALUD,PROBLEMAS RELACIONADOS CON FACILIDADES DE ATENCIÓN MÉDICA U OTROS SERVICIOS DE SALUD,PROBLEMAS RELACIONADOS CON FACILIDADES DE ATENCIÓN MEDICA U OTROS SERVICIOS DE SALUD,No aplica,SIMPLE
611,2024,6,Escrito,76,76001,US- 000000913511,Otro,HOMBRE,12,DE 6 A 12 AÑOS,No Aplica,Contributivo,No Aplica,No Aplica,76,76001,SANITAS,RÉGIMEN CONTRIBUTIVO,EPS005,SANITAS,76,76364,1,BARRERAS EN EL ACCESO A TECNOLOGÍAS Y SERVICIOS DE SALUD; Y OTROS ELEMENTOS COMPLEMENTARIOS PARA LA ATENCIÓN DEL USUARIO,101,FALTA DE OPORTUNIDAD EN LA PRESTACIÓN DE TECNOLOGÍAS EN SALUD Y OTROS ELEMENTOS COMPLEMENTARIOS PARA LA ATENCIÓN DEL USUARIO,10104,FALTA DE OPORTUNIDAD EN LA ENTREGA O ENTREGA INCOMPLETA DE TECNOLOGÍAS EN SALUD Y/O PRESTACIÓN DE OTROS SERVICIOS,1010402,MEDICAMENTOS NO UPC,,,PROBLEMAS RELACIONADOS CON FACILIDADES DE ATENCIÓN MÉDICA U OTROS SERVICIOS DE SALUD,PROBLEMAS RELACIONADOS CON FACILIDADES DE ATENCIÓN MÉDICA U OTROS SERVICIOS DE SALUD,OTROS PROBLEMAS RELACIONADOS CON SERVICIOS MÉDICOS Y DE SALUD,No aplica,SIMPLE
612,2024,6,Web,76,76400,US- 000003606593,A nombre propio,MUJER,48,DE 38 A 49 AÑOS,Ninguno,Contributivo,No Aplica,No Aplica,76,76400,NUEVA EPS,RÉGIMEN SUBSIDIADO,EPSS41,NUEVA EPS,76,76400,1,BARRERAS EN EL ACCESO A TECNOLOGÍAS Y SERVICIOS DE SALUD; Y OTROS ELEMENTOS COMPLEMENTARIOS PARA LA ATENCIÓN DEL USUARIO,101,FALTA DE OPORTUNIDAD EN LA PRESTACIÓN DE TECNOLOGÍAS EN SALUD Y OTROS ELEMENTOS COMPLEMENTARIOS PARA LA ATENCIÓN DEL USUARIO,10103,FALTA DE OPORTUNIDAD EN LA ATENCIÓN EN OTROS SERVICIOS DE SALUD,1010309,PROCEDIMIENTOS QUIRÚRGICOS,1010309003,OTROS PROCEDIMIENTOS QUIRÚRGICOS,PROBLEMAS RELACIONADOS CON FACILIDADES DE ATENCIÓN MÉDICA U OTROS SERVICIOS DE SALUD,PROBLEMAS RELACIONADOS CON FACILIDADES DE ATENCIÓN MÉDICA U OTROS SERVICIOS DE SALUD,OTRAS COLELITIASIS,No aplica,SIMPLE
613,2024,6,Telefónico,5,5001,US- 000003606594,Hermano (A),HOMBRE,40,DE 38 A 49 AÑOS,Primaria,Contributivo,No Aplica,No Aplica,5,5001,SALUD TOTAL,RÉGIMEN CONTRIBUTIVO,EPS002,SALUD TOTAL,5,5001,1,BARRERAS EN EL ACCESO A TECNOLOGÍAS Y SERVICIOS DE SALUD; Y OTROS ELEMENTOS COMPLEMENTARIOS PARA LA ATENCIÓN DEL USUARIO,103,FALTA DE OPORTUNIDAD EN LA AUTORIZACIÓN DE TECNOLOGÍAS EN SALUD Y OTROS ELEMENTOS COMPLEMENTARIOS PARA LA ATENCIÓN DEL USUARIO,10302,FALTA DE OPORTUNIDAD EN LA AUTORIZACIÓN DE CITAS DE CONSULTA,1030203,ESPECIALIDADES MÉDICAS ,1030203017,CIRUGÍA DE TÓRAX,VIH SIDA Y OTRAS ET SEXUAL,VIH SIDA,"ENFERMEDAD POR VIRUS DE LA INMUNODEFICIENCIA HUMANA [VIH], RESULTANTE EN ENFERMEDADES INFECCIOSAS Y PARASITARIAS",Diagnóstico y manejo del paciente infectado por VIH,PRIORIZADO
614,2024,6,Telefónico,81,81001,US- 000002646398,Madre,HOMBRE,4,DE 0 A 5 AÑOS,No Aplica,Contributivo,No Aplica,Desplazado,81,81001,SANITAS,RÉGIMEN CONTRIBUTIVO,EPS005,SANITAS,81,81001,1,BARRERAS EN EL ACCESO A TECNOLOGÍAS Y SERVICIOS DE SALUD; Y OTROS ELEMENTOS COMPLEMENTARIOS PARA LA ATENCIÓN DEL USUARIO,101,FALTA DE OPORTUNIDAD EN LA PRESTACIÓN DE TECNOLOGÍAS EN SALUD Y OTROS ELEMENTOS COMPLEMENTARIOS PARA LA ATENCIÓN DEL USUARIO,10102,FALTA DE OPORTUNIDAD PARA SERVICIOS DE COMPLEMENTACIÓN TERAPÉUTICA,1010203,TERAPIA OCUPACIONAL,,,MATERNO INFANTIL,ATENCIÓN NIÑOS MENORES DE 5 AÑOS,PROBLEMAS RELACIONADOS CON FACILIDADES DE ATENCIÓN MEDICA U OTROS SERVICIOS DE SALUD,No aplica,SIMPLE
615,2024,6,Personalizado,66,66001,US- 000001141548,A nombre propio,MUJER,48,DE 38 A 49 AÑOS,Primaria,Subsidiado,No Aplica,No Aplica,66,66001,SURAMERICANA EPS,RÉGIMEN CONTRIBUTIVO,EPS010,EPS SURA,66,66001,1,BARRERAS EN EL ACCESO A TECNOLOGÍAS Y SERVICIOS DE SALUD; Y OTROS ELEMENTOS COMPLEMENTARIOS PARA LA ATENCIÓN DEL USUARIO,102,NEGACIÓN DE TECNOLOGÍAS EN SALUD Y OTROS ELEMENTOS COMPLEMENTARIOS PARA LA ATENCIÓN DEL USUARIO,10203,NEGACIÓN EN LA ATENCIÓN EN OTROS SERVICIOS DE SALUD,1020308,PROCEDIMIENTOS NO QUIRÚRGICOS,1020308001,IMAGENOLOGÍA,CÁNCER ,CÁNCER DE MAMA,"TUMOR MALIGNO DE LA MAMA, PARTE NO ESPECIFICADA",Quimioterapia y radioterapia para el cáncer,PRIORIZADO
616,2024,6,Web,11,11001,US- 000001971031,A nombre propio,HOMBRE,81,MAYOR DE 63 AÑOS ,No Aplica,Contributivo,No Aplica,No Aplica,11,11001,FAMISANAR,RÉGIMEN CONTRIBUTIVO,EPS017,FAMISANAR,11,11001,1,BARRERAS EN EL ACCESO A TECNOLOGÍAS Y SERVICIOS DE SALUD; Y OTROS ELEMENTOS COMPLEMENTARIOS PARA LA ATENCIÓN DEL USUARIO,101,FALTA DE OPORTUNIDAD EN LA PRESTACIÓN DE TECNOLOGÍAS EN SALUD Y OTROS ELEMENTOS COMPLEMENTARIOS PARA LA ATENCIÓN DEL USUARIO,10104,FALTA DE OPORTUNIDAD EN LA ENTREGA O ENTREGA INCOMPLETA DE TECNOLOGÍAS EN SALUD Y/O PRESTACIÓN DE OTROS SERVICIOS,1010401,MEDICAMENTOS UPC,,,CÁNCER ,CÁNCER DE PRÓSTATA,TUMOR MALIGNO DE LA PRÓSTATA,No aplica,PRIORIZADO
617,2024,6,Telefónico,41,41298,US- 000000121240,Hijo (A),HOMBRE,64,MAYOR DE 63 AÑOS ,Primaria,Subsidiado,No Aplica,Persona con discapacidad,41,41298,ASOCIACIÓN INDÍGENA DEL CAUCA (AIC) -EPSI,RÉGIMEN SUBSIDIADO,EPSI03,AIC - ASOCIACIÓN INDÍGENA DEL CAUCA (EPS-I CAUCA),41,41298,4,INSATISFACCIÓN DEL USUARIO CON EL PROCESO ADMINISTRATIVO,404,INSATISFACCIÓN RELACIONADA CON TRÁMITES ADMINISTRATIVOS,40404,INCONSISTENCIA RELACIONADA CON COBROS Y/O APORTES,4040403,COBRO COPAGO,,,ENFERMEDADES CRÓNICAS NO TRANSMISIBLES –DIABETES,DIABETES,DIABETES MELLITUS NO INSULINODEPENDIENTE,No aplica,SIMPLE
618,2024,6,Web,50,50001,US- 000000981709,A nombre propio,MUJER,73,MAYOR DE 63 AÑOS ,No Aplica,Contributivo,No Aplica,No Aplica,50,50001,NUEVA EPS,RÉGIMEN CONTRIBUTIVO,EPS037,NUEVA EPS,50,50001,1,BARRERAS EN EL ACCESO A TECNOLOGÍAS Y SERVICIOS DE SALUD; Y OTROS ELEMENTOS COMPLEMENTARIOS PARA LA ATENCIÓN DEL USUARIO,102,NEGACIÓN DE TECNOLOGÍAS EN SALUD Y OTROS ELEMENTOS COMPLEMENTARIOS PARA LA ATENCIÓN DEL USUARIO,10201,NEGACIÓN EN LA ASIGNACIÓN DE CITAS O CONSULTAS,1020103,ESPECIALIDADES MÉDICAS ,1020103072,NEUROLOGÍA,ENFERMEDADES OSTEOARTICULARES,NEUROLÓGICAS,ENFERMEDAD DE PARKINSON,No aplica,SIMPLE
619,2024,5,Escrito,25,25718,US- 000003606595,A nombre propio,MUJER,27,DE 25 A 29 AÑOS,No Aplica,Subsidiado,No Aplica,No Aplica,25,25718,FAMISANAR,RÉGIMEN CONTRIBUTIVO,EPS017,FAMISANAR,25,25718,1,BARRERAS EN EL ACCESO A TECNOLOGÍAS Y SERVICIOS DE SALUD; Y OTROS ELEMENTOS COMPLEMENTARIOS PARA LA ATENCIÓN DEL USUARIO,103,FALTA DE OPORTUNIDAD EN LA AUTORIZACIÓN DE TECNOLOGÍAS EN SALUD Y OTROS ELEMENTOS COMPLEMENTARIOS PARA LA ATENCIÓN DEL USUARIO,10304,FALTA DE OPORTUNIDAD EN LA AUTORIZACIÓN DE OTROS SERVICIOS DE SALUD,1030408,PROCEDIMIENTOS NO QUIRÚRGICOS,1030408001,IMAGENOLOGÍA,CÁNCER ,LINFOMA NO HODGKING,"LINFOMA NO HODGKIN, NO ESPECIFICADO",No aplica,PRIORIZADO
620,2024,6,Telefónico,44,44847,US- 000003606596,A nombre propio,HOMBRE,25,DE 25 A 29 AÑOS,Universitario,Subsidiado,Indígena,No Aplica,44,44847,NUEVA EPS,RÉGIMEN SUBSIDIADO,EPSS41,NUEVA EPS,44,44847,1,BARRERAS EN EL ACCESO A TECNOLOGÍAS Y SERVICIOS DE SALUD; Y OTROS ELEMENTOS COMPLEMENTARIOS PARA LA ATENCIÓN DEL USUARIO,101,FALTA DE OPORTUNIDAD EN LA PRESTACIÓN DE TECNOLOGÍAS EN SALUD Y OTROS ELEMENTOS COMPLEMENTARIOS PARA LA ATENCIÓN DEL USUARIO,10103,FALTA DE OPORTUNIDAD EN LA ATENCIÓN EN OTROS SERVICIOS DE SALUD,1010309,PROCEDIMIENTOS QUIRÚRGICOS,1010309003,OTROS PROCEDIMIENTOS QUIRÚRGICOS,PROBLEMAS RELACIONADOS CON FACILIDADES DE ATENCIÓN MÉDICA U OTROS SERVICIOS DE SALUD,PROBLEMAS RELACIONADOS CON FACILIDADES DE ATENCIÓN MÉDICA U OTROS SERVICIOS DE SALUD,"HIDROCELE, NO ESPECIFICADO",No aplica,SIMPLE
621,2024,6,Telefónico,70,70001,US- 000002239048,Hermano (A),MUJER,47,DE 38 A 49 AÑOS,No Aplica,Subsidiado,No Aplica,No Aplica,70,70001,CCF DE SUCRE,RÉGIMEN SUBSIDIADO,CCF033,CCF DE SUCRE Y/O FAMILIAR DE COLOMBIA,70,70001,1,BARRERAS EN EL ACCESO A TECNOLOGÍAS Y SERVICIOS DE SALUD; Y OTROS ELEMENTOS COMPLEMENTARIOS PARA LA ATENCIÓN DEL USUARIO,102,NEGACIÓN DE TECNOLOGÍAS EN SALUD Y OTROS ELEMENTOS COMPLEMENTARIOS PARA LA ATENCIÓN DEL USUARIO,10204,NEGACIÓN PARA LA ENTREGA DE TECNOLOGÍAS EN SALUD Y/O DE OTROS SERVICIOS AUTORIZADOS,1020401,MEDICAMENTOS UPC,,,PROBLEMAS RELACIONADOS CON FACILIDADES DE ATENCIÓN MÉDICA U OTROS SERVICIOS DE SALUD,PROBLEMAS RELACIONADOS CON FACILIDADES DE ATENCIÓN MÉDICA U OTROS SERVICIOS DE SALUD,RADIODERMATITIS AGUDA,No aplica,SIMPLE
622,2024,5,Correo,66,66001,US- 000001002943,A nombre propio,MUJER,24,DE 18 A 24 AÑOS,No Aplica,Régimen Especial,No Aplica,No Aplica,66,66001,MAGISTERIO,REGÍMENES DE EXCEPCIÓN Y ESPECIALES,REMG01,MAGISTERIO,66,66001,1,BARRERAS EN EL ACCESO A TECNOLOGÍAS Y SERVICIOS DE SALUD; Y OTROS ELEMENTOS COMPLEMENTARIOS PARA LA ATENCIÓN DEL USUARIO,103,FALTA DE OPORTUNIDAD EN LA AUTORIZACIÓN DE TECNOLOGÍAS EN SALUD Y OTROS ELEMENTOS COMPLEMENTARIOS PARA LA ATENCIÓN DEL USUARIO,10302,FALTA DE OPORTUNIDAD EN LA AUTORIZACIÓN DE CITAS DE CONSULTA,1030203,ESPECIALIDADES MÉDICAS ,1030203088,REUMATOLOGÍA,PROBLEMAS RELACIONADOS CON FACILIDADES DE ATENCIÓN MÉDICA U OTROS SERVICIOS DE SALUD,PROBLEMAS RELACIONADOS CON FACILIDADES DE ATENCIÓN MÉDICA U OTROS SERVICIOS DE SALUD,"TUMOR MALIGNO PLURIGLANDULAR, NO ESPECIFICADO",No aplica,SIMPLE
623,2024,6,Web,76,76001,US- 000001965888,A nombre propio,HOMBRE,63,MAYOR DE 63 AÑOS ,Secundaria,Subsidiado,No Aplica,No Aplica,76,76001,EMSSANAR EPS,RÉGIMEN SUBSIDIADO,ESS118,EMSSANAR,76,76001,1,BARRERAS EN EL ACCESO A TECNOLOGÍAS Y SERVICIOS DE SALUD; Y OTROS ELEMENTOS COMPLEMENTARIOS PARA LA ATENCIÓN DEL USUARIO,103,FALTA DE OPORTUNIDAD EN LA AUTORIZACIÓN DE TECNOLOGÍAS EN SALUD Y OTROS ELEMENTOS COMPLEMENTARIOS PARA LA ATENCIÓN DEL USUARIO,10301,FALTA DE OPORTUNIDAD EN LA AUTORIZACIÓN DE TECNOLOGÍAS EN SALUD Y/O DE OTROS SERVICIOS,1030103,DISPOSITIVOS MÉDICOS UPC,,,PROBLEMAS RELACIONADOS CON FACILIDADES DE ATENCIÓN MÉDICA U OTROS SERVICIOS DE SALUD,PROBLEMAS RELACIONADOS CON FACILIDADES DE ATENCIÓN MÉDICA U OTROS SERVICIOS DE SALUD,PROBLEMAS RELACIONADOS CON FACILIDADES DE ATENCIÓN MEDICA U OTROS SERVICIOS DE SALUD,No aplica,SIMPLE
624,2024,6,Web,11,11001,US- 000003606597,A nombre propio,MUJER,75,MAYOR DE 63 AÑOS ,No Aplica,Contributivo,No Aplica,No Aplica,11,11001,FAMISANAR,RÉGIMEN CONTRIBUTIVO,EPS017,FAMISANAR,11,11001,1,BARRERAS EN EL ACCESO A TECNOLOGÍAS Y SERVICIOS DE SALUD; Y OTROS ELEMENTOS COMPLEMENTARIOS PARA LA ATENCIÓN DEL USUARIO,102,NEGACIÓN DE TECNOLOGÍAS EN SALUD Y OTROS ELEMENTOS COMPLEMENTARIOS PARA LA ATENCIÓN DEL USUARIO,10204,NEGACIÓN PARA LA ENTREGA DE TECNOLOGÍAS EN SALUD Y/O DE OTROS SERVICIOS AUTORIZADOS,1020401,MEDICAMENTOS UPC,,,PROBLEMAS RELACIONADOS CON FACILIDADES DE ATENCIÓN MÉDICA U OTROS SERVICIOS DE SALUD,PROBLEMAS RELACIONADOS CON FACILIDADES DE ATENCIÓN MÉDICA U OTROS SERVICIOS DE SALUD,OTROS PROBLEMAS RELACIONADOS CON SERVICIOS MÉDICOS Y DE SALUD,No aplica,SIMPLE
625,2024,4,Escrito,11,11001,US- 000003606598,A nombre propio,MUJER,54,DE 50 A 62 AÑOS,Universitario Incompleto,Contributivo,No Aplica,No Aplica,11,11001,COMPENSAR,RÉGIMEN CONTRIBUTIVO,EPS008,COMPENSAR,11,11001,1,BARRERAS EN EL ACCESO A TECNOLOGÍAS Y SERVICIOS DE SALUD; Y OTROS ELEMENTOS COMPLEMENTARIOS PARA LA ATENCIÓN DEL USUARIO,103,FALTA DE OPORTUNIDAD EN LA AUTORIZACIÓN DE TECNOLOGÍAS EN SALUD Y OTROS ELEMENTOS COMPLEMENTARIOS PARA LA ATENCIÓN DEL USUARIO,10304,FALTA DE OPORTUNIDAD EN LA AUTORIZACIÓN DE OTROS SERVICIOS DE SALUD,1030408,PROCEDIMIENTOS NO QUIRÚRGICOS,1030408001,IMAGENOLOGÍA,CÁNCER ,OTROS,"TUMOR MALIGNO DEL ESTOMAGO, PARTE NO ESPECIFICADA",No aplica,PRIORIZADO
626,2024,6,Web,20,20001,US- 000003606599,A nombre propio,HOMBRE,64,MAYOR DE 63 AÑOS ,No Aplica,Contributivo,No Aplica,No Aplica,20,20001,NUEVA EPS,RÉGIMEN CONTRIBUTIVO,EPS037,NUEVA EPS,20,20001,1,BARRERAS EN EL ACCESO A TECNOLOGÍAS Y SERVICIOS DE SALUD; Y OTROS ELEMENTOS COMPLEMENTARIOS PARA LA ATENCIÓN DEL USUARIO,102,NEGACIÓN DE TECNOLOGÍAS EN SALUD Y OTROS ELEMENTOS COMPLEMENTARIOS PARA LA ATENCIÓN DEL USUARIO,10204,NEGACIÓN PARA LA ENTREGA DE TECNOLOGÍAS EN SALUD Y/O DE OTROS SERVICIOS AUTORIZADOS,1020401,MEDICAMENTOS UPC,,,PROBLEMAS RELACIONADOS CON FACILIDADES DE ATENCIÓN MÉDICA U OTROS SERVICIOS DE SALUD,PROBLEMAS RELACIONADOS CON FACILIDADES DE ATENCIÓN MÉDICA U OTROS SERVICIOS DE SALUD,OTROS PROBLEMAS RELACIONADOS CON SERVICIOS MÉDICOS Y DE SALUD,No aplica,SIMPLE
627,2024,5,Web,5,5001,US- 000003606600,A nombre propio,HOMBRE,26,DE 25 A 29 AÑOS,No Aplica,Contributivo,No Aplica,No Aplica,5,5001,SURAMERICANA EPS,RÉGIMEN CONTRIBUTIVO,EPS010,EPS SURA,5,5001,1,BARRERAS EN EL ACCESO A TECNOLOGÍAS Y SERVICIOS DE SALUD; Y OTROS ELEMENTOS COMPLEMENTARIOS PARA LA ATENCIÓN DEL USUARIO,101,FALTA DE OPORTUNIDAD EN LA PRESTACIÓN DE TECNOLOGÍAS EN SALUD Y OTROS ELEMENTOS COMPLEMENTARIOS PARA LA ATENCIÓN DEL USUARIO,10101,FALTA DE OPORTUNIDAD EN LAS CITAS O CONSULTAS,1010103,ESPECIALIDADES MÉDICAS ,1010103028,"CIRUGÍA PLÁSTICA, ESTÉTICA Y RECONSTRUCTIVA",PROBLEMAS RELACIONADOS CON FACILIDADES DE ATENCIÓN MÉDICA U OTROS SERVICIOS DE SALUD,PROBLEMAS RELACIONADOS CON FACILIDADES DE ATENCIÓN MÉDICA U OTROS SERVICIOS DE SALUD,TRASTORNO DE LA IDENTIDAD DE GENERO EN LA NIÑEZ,No aplica,SIMPLE
628,2024,6,Personalizado,11,11001,US- 000001481599,A nombre propio,MUJER,70,MAYOR DE 63 AÑOS ,Universitario Incompleto,Contributivo,No Aplica,No Aplica,11,11001,NUEVA EPS,RÉGIMEN CONTRIBUTIVO,EPS037,NUEVA EPS,11,11001,1,BARRERAS EN EL ACCESO A TECNOLOGÍAS Y SERVICIOS DE SALUD; Y OTROS ELEMENTOS COMPLEMENTARIOS PARA LA ATENCIÓN DEL USUARIO,102,NEGACIÓN DE TECNOLOGÍAS EN SALUD Y OTROS ELEMENTOS COMPLEMENTARIOS PARA LA ATENCIÓN DEL USUARIO,10201,NEGACIÓN EN LA ASIGNACIÓN DE CITAS O CONSULTAS,1020103,ESPECIALIDADES MÉDICAS ,1020103069,NEUMOLOGÍA,PROBLEMAS RELACIONADOS CON FACILIDADES DE ATENCIÓN MÉDICA U OTROS SERVICIOS DE SALUD,PROBLEMAS RELACIONADOS CON FACILIDADES DE ATENCIÓN MÉDICA U OTROS SERVICIOS DE SALUD,"ENFERMEDAD PULMONAR OBSTRUCTIVA CRÓNICA, NO ESPECIFICADA",No aplica,PRIORIZADO
629,2024,6,Telefónico,68,68001,US- 000003606601,A nombre propio,MUJER,38,DE 38 A 49 AÑOS,Secundaria,Contributivo,No Aplica,No Aplica,68,68001,FAMISANAR,RÉGIMEN CONTRIBUTIVO,EPS017,FAMISANAR,68,68001,1,BARRERAS EN EL ACCESO A TECNOLOGÍAS Y SERVICIOS DE SALUD; Y OTROS ELEMENTOS COMPLEMENTARIOS PARA LA ATENCIÓN DEL USUARIO,101,FALTA DE OPORTUNIDAD EN LA PRESTACIÓN DE TECNOLOGÍAS EN SALUD Y OTROS ELEMENTOS COMPLEMENTARIOS PARA LA ATENCIÓN DEL USUARIO,10101,FALTA DE OPORTUNIDAD EN LAS CITAS O CONSULTAS,1010103,ESPECIALIDADES MÉDICAS ,1010103071,NEUROCIRUGÍA,PROBLEMAS RELACIONADOS CON FACILIDADES DE ATENCIÓN MÉDICA U OTROS SERVICIOS DE SALUD,PROBLEMAS RELACIONADOS CON FACILIDADES DE ATENCIÓN MÉDICA U OTROS SERVICIOS DE SALUD,SECUELAS DE TRAUMATISMO INTRACRANEAL,No aplica,SIMPLE
630,2024,6,Telefónico,76,76109,US- 000003606602,Hijo (A),MUJER,76,MAYOR DE 63 AÑOS ,Primaria Incompleta,Subsidiado,No Aplica,Desplazado,76,76109,EMSSANAR EPS,RÉGIMEN SUBSIDIADO,ESS118,EMSSANAR,76,76109,1,BARRERAS EN EL ACCESO A TECNOLOGÍAS Y SERVICIOS DE SALUD; Y OTROS ELEMENTOS COMPLEMENTARIOS PARA LA ATENCIÓN DEL USUARIO,102,NEGACIÓN DE TECNOLOGÍAS EN SALUD Y OTROS ELEMENTOS COMPLEMENTARIOS PARA LA ATENCIÓN DEL USUARIO,10204,NEGACIÓN PARA LA ENTREGA DE TECNOLOGÍAS EN SALUD Y/O DE OTROS SERVICIOS AUTORIZADOS,1020401,MEDICAMENTOS UPC,,,SALUD MENTAL,OTROS TRASTORNOS MENTALES,ESQUIZOFRENIA,No aplica,PRIORIZADO
631,2024,5,Web,15,15204,US- 000003606603,A nombre propio,MUJER,84,MAYOR DE 63 AÑOS ,No Aplica,Subsidiado,No Aplica,No Aplica,15,15204,COOSALUD,RÉGIMEN SUBSIDIADO,ESS024,COOSALUD,15,15204,1,BARRERAS EN EL ACCESO A TECNOLOGÍAS Y SERVICIOS DE SALUD; Y OTROS ELEMENTOS COMPLEMENTARIOS PARA LA ATENCIÓN DEL USUARIO,103,FALTA DE OPORTUNIDAD EN LA AUTORIZACIÓN DE TECNOLOGÍAS EN SALUD Y OTROS ELEMENTOS COMPLEMENTARIOS PARA LA ATENCIÓN DEL USUARIO,10301,FALTA DE OPORTUNIDAD EN LA AUTORIZACIÓN DE TECNOLOGÍAS EN SALUD Y/O DE OTROS SERVICIOS,1030101,MEDICAMENTOS UPC,,,ENFERMEDADES OSTEOARTICULARES,OTROS,OSTEOPOROSIS SIN FRACTURA PATOLÓGICA,No aplica,SIMPLE
632,2024,5,Web,25,25899,US- 000002287279,A nombre propio,HOMBRE,41,DE 38 A 49 AÑOS,No Aplica,Contributivo,No Aplica,No Aplica,25,25899,FAMISANAR,RÉGIMEN CONTRIBUTIVO,EPS017,FAMISANAR,25,25899,1,BARRERAS EN EL ACCESO A TECNOLOGÍAS Y SERVICIOS DE SALUD; Y OTROS ELEMENTOS COMPLEMENTARIOS PARA LA ATENCIÓN DEL USUARIO,101,FALTA DE OPORTUNIDAD EN LA PRESTACIÓN DE TECNOLOGÍAS EN SALUD Y OTROS ELEMENTOS COMPLEMENTARIOS PARA LA ATENCIÓN DEL USUARIO,10103,FALTA DE OPORTUNIDAD EN LA ATENCIÓN EN OTROS SERVICIOS DE SALUD,1010308,PROCEDIMIENTOS NO QUIRÚRGICOS,1010308006,OTROS PROCEDIMIENTOS NO QUIRÚRGICOS,PROBLEMAS RELACIONADOS CON FACILIDADES DE ATENCIÓN MÉDICA U OTROS SERVICIOS DE SALUD,PROBLEMAS RELACIONADOS CON FACILIDADES DE ATENCIÓN MÉDICA U OTROS SERVICIOS DE SALUD,OTROS PROBLEMAS RELACIONADOS CON SERVICIOS MÉDICOS Y DE SALUD,No aplica,SIMPLE
633,2024,6,Web,76,76001,US- 000003606604,A nombre propio,MUJER,42,DE 38 A 49 AÑOS,No Aplica,Subsidiado,No Aplica,No Aplica,76,76001,COOSALUD,RÉGIMEN SUBSIDIADO,ESS024,COOSALUD,76,76001,1,BARRERAS EN EL ACCESO A TECNOLOGÍAS Y SERVICIOS DE SALUD; Y OTROS ELEMENTOS COMPLEMENTARIOS PARA LA ATENCIÓN DEL USUARIO,102,NEGACIÓN DE TECNOLOGÍAS EN SALUD Y OTROS ELEMENTOS COMPLEMENTARIOS PARA LA ATENCIÓN DEL USUARIO,10201,NEGACIÓN EN LA ASIGNACIÓN DE CITAS O CONSULTAS,1020103,ESPECIALIDADES MÉDICAS ,1020103002,ANESTESIOLOGÍA,PROBLEMAS RELACIONADOS CON FACILIDADES DE ATENCIÓN MÉDICA U OTROS SERVICIOS DE SALUD,PROBLEMAS RELACIONADOS CON FACILIDADES DE ATENCIÓN MÉDICA U OTROS SERVICIOS DE SALUD,HERNIA UMBILICAL SIN OBSTRUCCIÓN NI GANGRENA,No aplica,SIMPLE
634,2024,1,Personalizado,76,76001,US- 000001888030,Madre,MUJER,14,DE 13 A 17 AÑOS,No Aplica,Subsidiado,Afrocolombiano o Afrodescendiente,Persona con discapacidad,76,76001,EMSSANAR EPS,RÉGIMEN SUBSIDIADO,ESS118,EMSSANAR,76,76001,1,BARRERAS EN EL ACCESO A TECNOLOGÍAS Y SERVICIOS DE SALUD; Y OTROS ELEMENTOS COMPLEMENTARIOS PARA LA ATENCIÓN DEL USUARIO,102,NEGACIÓN DE TECNOLOGÍAS EN SALUD Y OTROS ELEMENTOS COMPLEMENTARIOS PARA LA ATENCIÓN DEL USUARIO,10204,NEGACIÓN PARA LA ENTREGA DE TECNOLOGÍAS EN SALUD Y/O DE OTROS SERVICIOS AUTORIZADOS,1020404,DISPOSITIVOS MÉDICOS NO UPC,,,ENFERMEDADES OSTEOARTICULARES,NEUROLÓGICAS,PARÁLISIS CEREBRAL ESPÁSTICA,No aplica,SIMPLE
635,2024,6,Web,25,25019,US- 000003606605,A nombre propio,MUJER,62,DE 50 A 62 AÑOS,No Aplica,Subsidiado,No Aplica,No Aplica,25,25019,NUEVA EPS,RÉGIMEN CONTRIBUTIVO,EPS037,NUEVA EPS,25,25019,1,BARRERAS EN EL ACCESO A TECNOLOGÍAS Y SERVICIOS DE SALUD; Y OTROS ELEMENTOS COMPLEMENTARIOS PARA LA ATENCIÓN DEL USUARIO,101,FALTA DE OPORTUNIDAD EN LA PRESTACIÓN DE TECNOLOGÍAS EN SALUD Y OTROS ELEMENTOS COMPLEMENTARIOS PARA LA ATENCIÓN DEL USUARIO,10103,FALTA DE OPORTUNIDAD EN LA ATENCIÓN EN OTROS SERVICIOS DE SALUD,1010308,PROCEDIMIENTOS NO QUIRÚRGICOS,1010308001,IMAGENOLOGÍA,PROBLEMAS RELACIONADOS CON FACILIDADES DE ATENCIÓN MÉDICA U OTROS SERVICIOS DE SALUD,PROBLEMAS RELACIONADOS CON FACILIDADES DE ATENCIÓN MÉDICA U OTROS SERVICIOS DE SALUD,OTROS EXÁMENES GENERALES,No aplica,SIMPLE
636,2024,6,Telefónico,5,5001,US- 000000222599,Hijo (A),MUJER,78,MAYOR DE 63 AÑOS ,Universitario Incompleto,Contributivo,No Aplica,No Aplica,5,5001,SURAMERICANA EPS,RÉGIMEN CONTRIBUTIVO,EPS010,EPS SURA,5,5001,1,BARRERAS EN EL ACCESO A TECNOLOGÍAS Y SERVICIOS DE SALUD; Y OTROS ELEMENTOS COMPLEMENTARIOS PARA LA ATENCIÓN DEL USUARIO,103,FALTA DE OPORTUNIDAD EN LA AUTORIZACIÓN DE TECNOLOGÍAS EN SALUD Y OTROS ELEMENTOS COMPLEMENTARIOS PARA LA ATENCIÓN DEL USUARIO,10302,FALTA DE OPORTUNIDAD EN LA AUTORIZACIÓN DE CITAS DE CONSULTA,1030203,ESPECIALIDADES MÉDICAS ,1030203078,ORTOPEDIA Y TRAUMATOLOGÍA,PROBLEMAS RELACIONADOS CON FACILIDADES DE ATENCIÓN MÉDICA U OTROS SERVICIOS DE SALUD,PROBLEMAS RELACIONADOS CON FACILIDADES DE ATENCIÓN MÉDICA U OTROS SERVICIOS DE SALUD,PROBLEMAS RELACIONADOS CON FACILIDADES DE ATENCIÓN MEDICA U OTROS SERVICIOS DE SALUD,No aplica,SIMPLE
637,2024,6,Personalizado,66,66001,US- 000003606606,A nombre propio,MUJER,24,DE 18 A 24 AÑOS,No Aplica,Régimen Especial,No Aplica,No Aplica,66,66001,POLICIA NACIONAL,REGÍMENES DE EXCEPCIÓN Y ESPECIALES,REPN01,POLICIA NACIONAL,66,66001,1,BARRERAS EN EL ACCESO A TECNOLOGÍAS Y SERVICIOS DE SALUD; Y OTROS ELEMENTOS COMPLEMENTARIOS PARA LA ATENCIÓN DEL USUARIO,103,FALTA DE OPORTUNIDAD EN LA AUTORIZACIÓN DE TECNOLOGÍAS EN SALUD Y OTROS ELEMENTOS COMPLEMENTARIOS PARA LA ATENCIÓN DEL USUARIO,10302,FALTA DE OPORTUNIDAD EN LA AUTORIZACIÓN DE CITAS DE CONSULTA,1030205,PSICOLOGÍA,,,PROBLEMAS RELACIONADOS CON FACILIDADES DE ATENCIÓN MÉDICA U OTROS SERVICIOS DE SALUD,PROBLEMAS RELACIONADOS CON FACILIDADES DE ATENCIÓN MÉDICA U OTROS SERVICIOS DE SALUD,PROBLEMAS RELACIONADOS CON FACILIDADES DE ATENCIÓN MEDICA U OTROS SERVICIOS DE SALUD,No aplica,SIMPLE
638,2024,6,Web,8,8001,US- 000003606607,Otro,MUJER,73,MAYOR DE 63 AÑOS ,No Aplica,Subsidiado,No Aplica,No Aplica,8,8758,MUTUAL SER,RÉGIMEN SUBSIDIADO,ESS207,MUTUAL SER,8,8001,2,INSATISFACCIÓN RELACIONADA CON LA ATENCIÓN EN SALUD,201,INSATISFACCIÓN RELACIONADA CON LA ATENCIÓN EN SALUD POR FALTA DE OPORTUNIDAD,20102,INSATISFACCIÓN POR FALTA DE OPORTUNIDAD EN LA ENTREGA DE RESULTADOS DE AYUDAS DIAGNÓSTICAS,,,,,PROBLEMAS RELACIONADOS CON FACILIDADES DE ATENCIÓN MÉDICA U OTROS SERVICIOS DE SALUD,PROBLEMAS RELACIONADOS CON FACILIDADES DE ATENCIÓN MÉDICA U OTROS SERVICIOS DE SALUD,OTROS PROBLEMAS RELACIONADOS CON SERVICIOS MÉDICOS Y DE SALUD,No aplica,SIMPLE
639,2024,6,Web,76,76400,US- 000003606608,Hijo (A),HOMBRE,60,DE 50 A 62 AÑOS,No Aplica,Subsidiado,No Aplica,No Aplica,76,76400,COMPENSAR,RÉGIMEN CONTRIBUTIVO,EPS008,COMPENSAR,76,76400,1,BARRERAS EN EL ACCESO A TECNOLOGÍAS Y SERVICIOS DE SALUD; Y OTROS ELEMENTOS COMPLEMENTARIOS PARA LA ATENCIÓN DEL USUARIO,101,FALTA DE OPORTUNIDAD EN LA PRESTACIÓN DE TECNOLOGÍAS EN SALUD Y OTROS ELEMENTOS COMPLEMENTARIOS PARA LA ATENCIÓN DEL USUARIO,10105,FALTA DE OPORTUNIDAD EN EL PROCESO DE REFERENCIA Y CONTRARREFERENCIA,,,,,PROBLEMAS RELACIONADOS CON FACILIDADES DE ATENCIÓN MÉDICA U OTROS SERVICIOS DE SALUD,PROBLEMAS RELACIONADOS CON FACILIDADES DE ATENCIÓN MÉDICA U OTROS SERVICIOS DE SALUD,OTRAS ENFERMEDADES DE LA VESÍCULA BILIAR,No aplica,PRIORIZADO
640,2024,6,Web,76,76400,US- 000000321119,A nombre propio,MUJER,54,DE 50 A 62 AÑOS,Ninguno,Subsidiado,No Aplica,No Aplica,76,76400,NUEVA EPS,RÉGIMEN SUBSIDIADO,EPSS41,NUEVA EPS,76,76400,1,BARRERAS EN EL ACCESO A TECNOLOGÍAS Y SERVICIOS DE SALUD; Y OTROS ELEMENTOS COMPLEMENTARIOS PARA LA ATENCIÓN DEL USUARIO,101,FALTA DE OPORTUNIDAD EN LA PRESTACIÓN DE TECNOLOGÍAS EN SALUD Y OTROS ELEMENTOS COMPLEMENTARIOS PARA LA ATENCIÓN DEL USUARIO,10103,FALTA DE OPORTUNIDAD EN LA ATENCIÓN EN OTROS SERVICIOS DE SALUD,1010309,PROCEDIMIENTOS QUIRÚRGICOS,1010309003,OTROS PROCEDIMIENTOS QUIRÚRGICOS,PROBLEMAS RELACIONADOS CON FACILIDADES DE ATENCIÓN MÉDICA U OTROS SERVICIOS DE SALUD,PROBLEMAS RELACIONADOS CON FACILIDADES DE ATENCIÓN MÉDICA U OTROS SERVICIOS DE SALUD,CALCULO DE LA VESÍCULA BILIAR SIN COLECISTITIS,No aplica,SIMPLE
641,2024,6,Web,66,66088,US- 000003606609,A nombre propio,HOMBRE,43,DE 38 A 49 AÑOS,No Aplica,Contributivo,No Aplica,No Aplica,66,66088,NUEVA EPS,RÉGIMEN CONTRIBUTIVO,EPS037,NUEVA EPS,66,66088,1,BARRERAS EN EL ACCESO A TECNOLOGÍAS Y SERVICIOS DE SALUD; Y OTROS ELEMENTOS COMPLEMENTARIOS PARA LA ATENCIÓN DEL USUARIO,101,FALTA DE OPORTUNIDAD EN LA PRESTACIÓN DE TECNOLOGÍAS EN SALUD Y OTROS ELEMENTOS COMPLEMENTARIOS PARA LA ATENCIÓN DEL USUARIO,10101,FALTA DE OPORTUNIDAD EN LAS CITAS O CONSULTAS,1010103,ESPECIALIDADES MÉDICAS ,1010103078,ORTOPEDIA Y TRAUMATOLOGÍA,ENFERMEDADES OSTEOARTICULARES,OTROS,LUMBAGO NO ESPECIFICADO,No aplica,SIMPLE
642,2024,6,Telefónico,44,44078,US- 000003050705,Madre,HOMBRE,5,DE 0 A 5 AÑOS,Ninguno,Contributivo,No Aplica,No Aplica,44,44078,NUEVA EPS,RÉGIMEN CONTRIBUTIVO,EPS037,NUEVA EPS,44,44078,1,BARRERAS EN EL ACCESO A TECNOLOGÍAS Y SERVICIOS DE SALUD; Y OTROS ELEMENTOS COMPLEMENTARIOS PARA LA ATENCIÓN DEL USUARIO,102,NEGACIÓN DE TECNOLOGÍAS EN SALUD Y OTROS ELEMENTOS COMPLEMENTARIOS PARA LA ATENCIÓN DEL USUARIO,10201,NEGACIÓN EN LA ASIGNACIÓN DE CITAS O CONSULTAS,1020103,ESPECIALIDADES MÉDICAS ,1020103073,NEUROLOGÍA PEDIÁTRICA - NEUROPEDIATRÍA,MATERNO INFANTIL,ATENCIÓN NIÑOS MENORES DE 5 AÑOS,AUTISMO EN LA NIÑEZ,No aplica,SIMPLE
643,2024,3,Web,73,73124,US- 000003606610,A nombre propio,HOMBRE,28,DE 25 A 29 AÑOS,No Aplica,Subsidiado,No Aplica,No Aplica,73,73124,ASMET SALUD EPS,RÉGIMEN SUBSIDIADO,ESS062,ASMET SALUD,73,73124,1,BARRERAS EN EL ACCESO A TECNOLOGÍAS Y SERVICIOS DE SALUD; Y OTROS ELEMENTOS COMPLEMENTARIOS PARA LA ATENCIÓN DEL USUARIO,101,FALTA DE OPORTUNIDAD EN LA PRESTACIÓN DE TECNOLOGÍAS EN SALUD Y OTROS ELEMENTOS COMPLEMENTARIOS PARA LA ATENCIÓN DEL USUARIO,10103,FALTA DE OPORTUNIDAD EN LA ATENCIÓN EN OTROS SERVICIOS DE SALUD,1010309,PROCEDIMIENTOS QUIRÚRGICOS,1010309003,OTROS PROCEDIMIENTOS QUIRÚRGICOS,ENFERMEDADES OSTEOARTICULARES,NEUROLÓGICAS,SECUELAS DE TRAUMATISMO INTRACRANEAL,Manejo quirúrgico para enfermedades del sistema nervioso central,SIMPLE
644,2024,6,Web,11,11001,US- 000000301472,A nombre propio,MUJER,63,MAYOR DE 63 AÑOS ,No Aplica,Contributivo,No Aplica,No Aplica,11,11001,FAMISANAR,RÉGIMEN CONTRIBUTIVO,EPS017,FAMISANAR,11,11001,1,BARRERAS EN EL ACCESO A TECNOLOGÍAS Y SERVICIOS DE SALUD; Y OTROS ELEMENTOS COMPLEMENTARIOS PARA LA ATENCIÓN DEL USUARIO,101,FALTA DE OPORTUNIDAD EN LA PRESTACIÓN DE TECNOLOGÍAS EN SALUD Y OTROS ELEMENTOS COMPLEMENTARIOS PARA LA ATENCIÓN DEL USUARIO,10104,FALTA DE OPORTUNIDAD EN LA ENTREGA O ENTREGA INCOMPLETA DE TECNOLOGÍAS EN SALUD Y/O PRESTACIÓN DE OTROS SERVICIOS,1010406,SOPORTE NUTRICIONAL,,,PROBLEMAS RELACIONADOS CON FACILIDADES DE ATENCIÓN MÉDICA U OTROS SERVICIOS DE SALUD,PROBLEMAS RELACIONADOS CON FACILIDADES DE ATENCIÓN MÉDICA U OTROS SERVICIOS DE SALUD,DESNUTRICIÓN PROTEICOCALORICA MODERADA,No aplica,PRIORIZADO
645,2024,6,Web,68,68081,US- 000003606611,A nombre propio,MUJER,27,DE 25 A 29 AÑOS,No Aplica,Contributivo,No Aplica,No Aplica,68,68081,FAMISANAR,RÉGIMEN CONTRIBUTIVO,EPS017,FAMISANAR,68,68081,1,BARRERAS EN EL ACCESO A TECNOLOGÍAS Y SERVICIOS DE SALUD; Y OTROS ELEMENTOS COMPLEMENTARIOS PARA LA ATENCIÓN DEL USUARIO,101,FALTA DE OPORTUNIDAD EN LA PRESTACIÓN DE TECNOLOGÍAS EN SALUD Y OTROS ELEMENTOS COMPLEMENTARIOS PARA LA ATENCIÓN DEL USUARIO,10101,FALTA DE OPORTUNIDAD EN LAS CITAS O CONSULTAS,1010101,MEDICINA GENERAL,,,PROBLEMAS RELACIONADOS CON FACILIDADES DE ATENCIÓN MÉDICA U OTROS SERVICIOS DE SALUD,PROBLEMAS RELACIONADOS CON FACILIDADES DE ATENCIÓN MÉDICA U OTROS SERVICIOS DE SALUD,CALCULO DE LA VESÍCULA BILIAR SIN COLECISTITIS,No aplica,SIMPLE
646,2024,5,Personalizado,76,76001,US- 000003606612,A nombre propio,HOMBRE,40,DE 38 A 49 AÑOS,No Aplica,Contributivo,No Aplica,No Aplica,76,76001,SOS -SERVICIO OCCIDENTAL DE SALUD,RÉGIMEN CONTRIBUTIVO,EPS018,SERVICIO OCCIDENTAL DE SALUD (SOS),76,76001,1,BARRERAS EN EL ACCESO A TECNOLOGÍAS Y SERVICIOS DE SALUD; Y OTROS ELEMENTOS COMPLEMENTARIOS PARA LA ATENCIÓN DEL USUARIO,103,FALTA DE OPORTUNIDAD EN LA AUTORIZACIÓN DE TECNOLOGÍAS EN SALUD Y OTROS ELEMENTOS COMPLEMENTARIOS PARA LA ATENCIÓN DEL USUARIO,10304,FALTA DE OPORTUNIDAD EN LA AUTORIZACIÓN DE OTROS SERVICIOS DE SALUD,1030409,PROCEDIMIENTOS QUIRÚRGICOS,1030409003,OTROS PROCEDIMIENTOS QUIRÚRGICOS,ENFERMEDADES OSTEOARTICULARES,OTROS,RUPTURA DE LIGAMENTOS A NIVEL DEL TOBILLO Y DEL PIE,No aplica,SIMPLE
647,2024,6,Telefónico,5,5088,US- 000003105122,Hijo (A),MUJER,76,MAYOR DE 63 AÑOS ,Primaria Incompleta,Subsidiado,No Aplica,No Aplica,5,5088,SAVIA SALUD,RÉGIMEN SUBSIDIADO,EPSS40,SAVIA SALUD EPS,5,5088,1,BARRERAS EN EL ACCESO A TECNOLOGÍAS Y SERVICIOS DE SALUD; Y OTROS ELEMENTOS COMPLEMENTARIOS PARA LA ATENCIÓN DEL USUARIO,102,NEGACIÓN DE TECNOLOGÍAS EN SALUD Y OTROS ELEMENTOS COMPLEMENTARIOS PARA LA ATENCIÓN DEL USUARIO,10203,NEGACIÓN EN LA ATENCIÓN EN OTROS SERVICIOS DE SALUD,1020308,PROCEDIMIENTOS NO QUIRÚRGICOS,1020308001,IMAGENOLOGÍA,ENFERMEDADES CRÓNICAS NO TRASMISIBLES CARDIOVASCULARES,OTROS,ESTENOSIS (DE LA VÁLVULA) AORTICA,No aplica,PRIORIZADO
648,2024,6,Web,76,76001,US- 000001673587,A nombre propio,MUJER,54,DE 50 A 62 AÑOS,No Aplica,Régimen Especial,Afrocolombiano o Afrodescendiente,No Aplica,76,76001,MAGISTERIO,REGÍMENES DE EXCEPCIÓN Y ESPECIALES,REMG01,MAGISTERIO,76,76001,1,BARRERAS EN EL ACCESO A TECNOLOGÍAS Y SERVICIOS DE SALUD; Y OTROS ELEMENTOS COMPLEMENTARIOS PARA LA ATENCIÓN DEL USUARIO,102,NEGACIÓN DE TECNOLOGÍAS EN SALUD Y OTROS ELEMENTOS COMPLEMENTARIOS PARA LA ATENCIÓN DEL USUARIO,10201,NEGACIÓN EN LA ASIGNACIÓN DE CITAS O CONSULTAS,1020103,ESPECIALIDADES MÉDICAS ,1020103088,REUMATOLOGÍA,ENFERMEDADES OSTEOARTICULARES,OTROS,OTRAS ARTRITIS ESPECIFICADAS,No aplica,SIMPLE
649,2024,6,Web,11,11001,US- 000000970624,A nombre propio,MUJER,90,MAYOR DE 63 AÑOS ,No Aplica,Contributivo,No Aplica,No Aplica,11,11001,FAMISANAR,RÉGIMEN CONTRIBUTIVO,EPS017,FAMISANAR,11,11001,1,BARRERAS EN EL ACCESO A TECNOLOGÍAS Y SERVICIOS DE SALUD; Y OTROS ELEMENTOS COMPLEMENTARIOS PARA LA ATENCIÓN DEL USUARIO,101,FALTA DE OPORTUNIDAD EN LA PRESTACIÓN DE TECNOLOGÍAS EN SALUD Y OTROS ELEMENTOS COMPLEMENTARIOS PARA LA ATENCIÓN DEL USUARIO,10101,FALTA DE OPORTUNIDAD EN LAS CITAS O CONSULTAS,1010103,ESPECIALIDADES MÉDICAS ,1010103083,PSIQUIATRÍA,SALUD MENTAL,OTROS TRASTORNOS MENTALES,OTROS TRASTORNOS DE ANSIEDAD,No aplica,PRIORIZADO
650,2024,4,Web,11,11001,US- 000003606613,A nombre propio,MUJER,43,DE 38 A 49 AÑOS,No Aplica,Subsidiado,No Aplica,No Aplica,11,11001,NUEVA EPS,RÉGIMEN SUBSIDIADO,EPSS41,NUEVA EPS,11,11001,1,BARRERAS EN EL ACCESO A TECNOLOGÍAS Y SERVICIOS DE SALUD; Y OTROS ELEMENTOS COMPLEMENTARIOS PARA LA ATENCIÓN DEL USUARIO,102,NEGACIÓN DE TECNOLOGÍAS EN SALUD Y OTROS ELEMENTOS COMPLEMENTARIOS PARA LA ATENCIÓN DEL USUARIO,10204,NEGACIÓN PARA LA ENTREGA DE TECNOLOGÍAS EN SALUD Y/O DE OTROS SERVICIOS AUTORIZADOS,1020406,SOPORTE NUTRICIONAL,,,CÁNCER ,OTROS,TUMOR MALIGNO DE LA PORCIÓN CENTRAL DE LA MAMA,No aplica,PRIORIZADO
651,2024,6,Web,66,66170,US- 000002160695,A nombre propio,MUJER,57,DE 50 A 62 AÑOS,No Aplica,Contributivo,No Aplica,No Aplica,66,66170,FAMISANAR,RÉGIMEN CONTRIBUTIVO,EPS017,FAMISANAR,66,66001,1,BARRERAS EN EL ACCESO A TECNOLOGÍAS Y SERVICIOS DE SALUD; Y OTROS ELEMENTOS COMPLEMENTARIOS PARA LA ATENCIÓN DEL USUARIO,102,NEGACIÓN DE TECNOLOGÍAS EN SALUD Y OTROS ELEMENTOS COMPLEMENTARIOS PARA LA ATENCIÓN DEL USUARIO,10203,NEGACIÓN EN LA ATENCIÓN EN OTROS SERVICIOS DE SALUD,1020309,PROCEDIMIENTOS QUIRÚRGICOS,1020309003,OTROS PROCEDIMIENTOS QUIRÚRGICOS,PROBLEMAS RELACIONADOS CON FACILIDADES DE ATENCIÓN MÉDICA U OTROS SERVICIOS DE SALUD,PROBLEMAS RELACIONADOS CON FACILIDADES DE ATENCIÓN MÉDICA U OTROS SERVICIOS DE SALUD,OTROS TRASTORNOS HIPERTRÓFICOS DE LA PIEL,No aplica,SIMPLE
652,2024,6,Personalizado,68,68276,US- 000003606614,A nombre propio,HOMBRE,22,DE 18 A 24 AÑOS,Universitario Incompleto,Subsidiado,No Aplica,Persona con discapacidad,68,68276,FAMISANAR,RÉGIMEN CONTRIBUTIVO,EPS017,FAMISANAR,68,68276,1,BARRERAS EN EL ACCESO A TECNOLOGÍAS Y SERVICIOS DE SALUD; Y OTROS ELEMENTOS COMPLEMENTARIOS PARA LA ATENCIÓN DEL USUARIO,102,NEGACIÓN DE TECNOLOGÍAS EN SALUD Y OTROS ELEMENTOS COMPLEMENTARIOS PARA LA ATENCIÓN DEL USUARIO,10203,NEGACIÓN EN LA ATENCIÓN EN OTROS SERVICIOS DE SALUD,1020305,ATENCIÓN DOMICILIARIA,,,ENFERMEDADES OSTEOARTICULARES,OTROS,FRACTURA DE VERTEBRA TORÁCICA,No aplica,PRIORIZADO
653,2024,6,Web,76,76892,US- 000003606615,A nombre propio,HOMBRE,59,DE 50 A 62 AÑOS,No Aplica,Subsidiado,No Aplica,No Aplica,76,76892,ASMET SALUD EPS,RÉGIMEN SUBSIDIADO,ESS062,ASMET SALUD,76,76892,1,BARRERAS EN EL ACCESO A TECNOLOGÍAS Y SERVICIOS DE SALUD; Y OTROS ELEMENTOS COMPLEMENTARIOS PARA LA ATENCIÓN DEL USUARIO,101,FALTA DE OPORTUNIDAD EN LA PRESTACIÓN DE TECNOLOGÍAS EN SALUD Y OTROS ELEMENTOS COMPLEMENTARIOS PARA LA ATENCIÓN DEL USUARIO,10101,FALTA DE OPORTUNIDAD EN LAS CITAS O CONSULTAS,1010103,ESPECIALIDADES MÉDICAS ,1010103022,CIRUGÍA GENERAL,ENFERMEDADES CRÓNICAS NO TRASMISIBLES CARDIOVASCULARES,HTA (HIPERTENSIÓN ARTERIAL),HERNIA UMBILICAL SIN OBSTRUCCIÓN NI GANGRENA,No aplica,SIMPLE
654,2024,6,Telefónico,70,70001,US- 000002238810,A nombre propio,MUJER,53,DE 50 A 62 AÑOS,Universitario,Subsidiado,Indígena,No Aplica,70,70001,MUTUAL SER,RÉGIMEN SUBSIDIADO,ESS207,MUTUAL SER,70,70001,1,BARRERAS EN EL ACCESO A TECNOLOGÍAS Y SERVICIOS DE SALUD; Y OTROS ELEMENTOS COMPLEMENTARIOS PARA LA ATENCIÓN DEL USUARIO,102,NEGACIÓN DE TECNOLOGÍAS EN SALUD Y OTROS ELEMENTOS COMPLEMENTARIOS PARA LA ATENCIÓN DEL USUARIO,10204,NEGACIÓN PARA LA ENTREGA DE TECNOLOGÍAS EN SALUD Y/O DE OTROS SERVICIOS AUTORIZADOS,1020401,MEDICAMENTOS UPC,,,PROBLEMAS RELACIONADOS CON FACILIDADES DE ATENCIÓN MÉDICA U OTROS SERVICIOS DE SALUD,PROBLEMAS RELACIONADOS CON FACILIDADES DE ATENCIÓN MÉDICA U OTROS SERVICIOS DE SALUD,ALERGIA NO ESPECIFICADA,No aplica,SIMPLE
655,2024,6,Personalizado,19,19142,US- 000003606616,Otro,HOMBRE,78,MAYOR DE 63 AÑOS ,Ninguno,Contributivo,Indígena,No Aplica,19,19142,NUEVA EPS,RÉGIMEN CONTRIBUTIVO,EPS037,NUEVA EPS,19,19142,1,BARRERAS EN EL ACCESO A TECNOLOGÍAS Y SERVICIOS DE SALUD; Y OTROS ELEMENTOS COMPLEMENTARIOS PARA LA ATENCIÓN DEL USUARIO,102,NEGACIÓN DE TECNOLOGÍAS EN SALUD Y OTROS ELEMENTOS COMPLEMENTARIOS PARA LA ATENCIÓN DEL USUARIO,10201,NEGACIÓN EN LA ASIGNACIÓN DE CITAS O CONSULTAS,1020103,ESPECIALIDADES MÉDICAS ,1020103039,ENDOCRINOLOGÍA,CÁNCER ,OTROS,"MENINGITIS BACTERIANA, NO ESPECIFICADA",No aplica,PRIORIZADO
656,2024,4,Personalizado,66,66001,US- 000000266319,A nombre propio,MUJER,66,MAYOR DE 63 AÑOS ,Secundaria,Subsidiado,No Aplica,No Aplica,66,66001,SALUD TOTAL,RÉGIMEN CONTRIBUTIVO,EPS002,SALUD TOTAL,66,66001,1,BARRERAS EN EL ACCESO A TECNOLOGÍAS Y SERVICIOS DE SALUD; Y OTROS ELEMENTOS COMPLEMENTARIOS PARA LA ATENCIÓN DEL USUARIO,102,NEGACIÓN DE TECNOLOGÍAS EN SALUD Y OTROS ELEMENTOS COMPLEMENTARIOS PARA LA ATENCIÓN DEL USUARIO,10204,NEGACIÓN PARA LA ENTREGA DE TECNOLOGÍAS EN SALUD Y/O DE OTROS SERVICIOS AUTORIZADOS,1020401,MEDICAMENTOS UPC,,,CÁNCER ,CÁNCER DE PULMÓN,"TUMOR MALIGNO DE LOS BRONQUIOS O DEL PULMÓN, PARTE NO ESPECIFICADA",Quimioterapia y radioterapia para el cáncer,PRIORIZADO
657,2024,6,Web,11,11001,US- 000003606617,A nombre propio,MUJER,43,DE 38 A 49 AÑOS,No Aplica,Régimen Especial,No Aplica,No Aplica,11,11001,MAGISTERIO,REGÍMENES DE EXCEPCIÓN Y ESPECIALES,REMG01,MAGISTERIO,11,11001,1,BARRERAS EN EL ACCESO A TECNOLOGÍAS Y SERVICIOS DE SALUD; Y OTROS ELEMENTOS COMPLEMENTARIOS PARA LA ATENCIÓN DEL USUARIO,101,FALTA DE OPORTUNIDAD EN LA PRESTACIÓN DE TECNOLOGÍAS EN SALUD Y OTROS ELEMENTOS COMPLEMENTARIOS PARA LA ATENCIÓN DEL USUARIO,10103,FALTA DE OPORTUNIDAD EN LA ATENCIÓN EN OTROS SERVICIOS DE SALUD,1010309,PROCEDIMIENTOS QUIRÚRGICOS,1010309003,OTROS PROCEDIMIENTOS QUIRÚRGICOS,PROBLEMAS RELACIONADOS CON FACILIDADES DE ATENCIÓN MÉDICA U OTROS SERVICIOS DE SALUD,PROBLEMAS RELACIONADOS CON FACILIDADES DE ATENCIÓN MÉDICA U OTROS SERVICIOS DE SALUD,"CATARATA SENIL, NO ESPECIFICADA",No aplica,SIMPLE
658,2024,6,Web,20,20001,US- 000003606618,A nombre propio,MUJER,36,DE 30 A 37 AÑOS,No Aplica,Subsidiado,No Aplica,No Aplica,20,20001,MUTUAL SER,RÉGIMEN SUBSIDIADO,ESS207,MUTUAL SER,20,20001,1,BARRERAS EN EL ACCESO A TECNOLOGÍAS Y SERVICIOS DE SALUD; Y OTROS ELEMENTOS COMPLEMENTARIOS PARA LA ATENCIÓN DEL USUARIO,102,NEGACIÓN DE TECNOLOGÍAS EN SALUD Y OTROS ELEMENTOS COMPLEMENTARIOS PARA LA ATENCIÓN DEL USUARIO,10201,NEGACIÓN EN LA ASIGNACIÓN DE CITAS O CONSULTAS,1020101,MEDICINA GENERAL,,,PROBLEMAS RELACIONADOS CON FACILIDADES DE ATENCIÓN MÉDICA U OTROS SERVICIOS DE SALUD,PROBLEMAS RELACIONADOS CON FACILIDADES DE ATENCIÓN MÉDICA U OTROS SERVICIOS DE SALUD,OTROS PROBLEMAS RELACIONADOS CON SERVICIOS MÉDICOS Y DE SALUD,No aplica,SIMPLE
659,2024,5,Web,5,5001,US- 000002872811,A nombre propio,MUJER,43,DE 38 A 49 AÑOS,No Aplica,Contributivo,No Aplica,No Aplica,5,5001,SURAMERICANA EPS,RÉGIMEN CONTRIBUTIVO,EPS010,EPS SURA,5,5001,4,INSATISFACCIÓN DEL USUARIO CON EL PROCESO ADMINISTRATIVO,404,INSATISFACCIÓN RELACIONADA CON TRÁMITES ADMINISTRATIVOS,40401,RESTRICCIÓN EN LA LIBRE ESCOGENCIA,4040102,PRESTADOR DE SERVICIO DE SALUD,,,PROBLEMAS RELACIONADOS CON FACILIDADES DE ATENCIÓN MÉDICA U OTROS SERVICIOS DE SALUD,PROBLEMAS RELACIONADOS CON FACILIDADES DE ATENCIÓN MÉDICA U OTROS SERVICIOS DE SALUD,PROBLEMAS RELACIONADOS CON FACILIDADES DE ATENCIÓN MEDICA U OTROS SERVICIOS DE SALUD,No aplica,SIMPLE
660,2024,4,Personalizado,68,68276,US- 000003128600,Otro,MUJER,86,MAYOR DE 63 AÑOS ,Primaria Incompleta,Contributivo,No Aplica,Persona con discapacidad,68,68276,SANITAS,RÉGIMEN CONTRIBUTIVO,EPS005,SANITAS,68,68001,1,BARRERAS EN EL ACCESO A TECNOLOGÍAS Y SERVICIOS DE SALUD; Y OTROS ELEMENTOS COMPLEMENTARIOS PARA LA ATENCIÓN DEL USUARIO,102,NEGACIÓN DE TECNOLOGÍAS EN SALUD Y OTROS ELEMENTOS COMPLEMENTARIOS PARA LA ATENCIÓN DEL USUARIO,10204,NEGACIÓN PARA LA ENTREGA DE TECNOLOGÍAS EN SALUD Y/O DE OTROS SERVICIOS AUTORIZADOS,1020406,SOPORTE NUTRICIONAL,,,ENFERMEDADES CRÓNICAS NO TRASMISIBLES CARDIOVASCULARES,OTROS,DESNUTRICIÓN PROTEICOCALORICA MODERADA,No aplica,PRIORIZADO
661,2024,6,Web,41,41551,US- 000000854904,Otro,HOMBRE,34,DE 30 A 37 AÑOS,No Aplica,Contributivo,No Aplica,No Aplica,41,41551,NUEVA EPS,RÉGIMEN CONTRIBUTIVO,EPS037,NUEVA EPS,41,41551,4,INSATISFACCIÓN DEL USUARIO CON EL PROCESO ADMINISTRATIVO,405,PROBLEMAS EN EL RECONOCIMIENTO Y/O PAGO DE PRESTACIONES ECONÓMICAS,40501,NO RECONOCIMIENTO Y/O PAGO DE LAS PRESTACIONES ECONÓMICAS,4050107,INCAPACIDAD DE ENFERMEDAD GENERAL,,,PROBLEMAS RELACIONADOS CON FACILIDADES DE ATENCIÓN MÉDICA U OTROS SERVICIOS DE SALUD,PROBLEMAS RELACIONADOS CON FACILIDADES DE ATENCIÓN MÉDICA U OTROS SERVICIOS DE SALUD,PROBLEMAS RELACIONADOS CON FACILIDADES DE ATENCIÓN MEDICA U OTROS SERVICIOS DE SALUD,No aplica,SIMPLE
662,2024,6,Personalizado,8,8758,US- 000003606619,A nombre propio,HOMBRE,36,DE 30 A 37 AÑOS,Secundaria,Contributivo,No Aplica,No Aplica,8,8758,NUEVA EPS,RÉGIMEN CONTRIBUTIVO,EPS037,NUEVA EPS,8,8758,1,BARRERAS EN EL ACCESO A TECNOLOGÍAS Y SERVICIOS DE SALUD; Y OTROS ELEMENTOS COMPLEMENTARIOS PARA LA ATENCIÓN DEL USUARIO,102,NEGACIÓN DE TECNOLOGÍAS EN SALUD Y OTROS ELEMENTOS COMPLEMENTARIOS PARA LA ATENCIÓN DEL USUARIO,10201,NEGACIÓN EN LA ASIGNACIÓN DE CITAS O CONSULTAS,1020103,ESPECIALIDADES MÉDICAS ,1020103063,MEDICINA INTERNA,ENFERMEDADES OSTEOARTICULARES,OTROS,FRACTURA DE LA DIÁFISIS DE LA TIBIA,No aplica,SIMPLE
663,2024,6,Web,15,15001,US- 000001356254,A nombre propio,MUJER,37,DE 30 A 37 AÑOS,No Aplica,Contributivo,No Aplica,No Aplica,15,15001,FAMISANAR,RÉGIMEN CONTRIBUTIVO,EPS017,FAMISANAR,15,15001,1,BARRERAS EN EL ACCESO A TECNOLOGÍAS Y SERVICIOS DE SALUD; Y OTROS ELEMENTOS COMPLEMENTARIOS PARA LA ATENCIÓN DEL USUARIO,101,FALTA DE OPORTUNIDAD EN LA PRESTACIÓN DE TECNOLOGÍAS EN SALUD Y OTROS ELEMENTOS COMPLEMENTARIOS PARA LA ATENCIÓN DEL USUARIO,10101,FALTA DE OPORTUNIDAD EN LAS CITAS O CONSULTAS,1010103,ESPECIALIDADES MÉDICAS ,1010103039,ENDOCRINOLOGÍA,PROBLEMAS RELACIONADOS CON FACILIDADES DE ATENCIÓN MÉDICA U OTROS SERVICIOS DE SALUD,PROBLEMAS RELACIONADOS CON FACILIDADES DE ATENCIÓN MÉDICA U OTROS SERVICIOS DE SALUD,TRASPLANTE DE HÍGADO,Trasplante de hígado,SIMPLE
664,2024,6,Web,76,76001,US- 000003606620,A nombre propio,HOMBRE,44,DE 38 A 49 AÑOS,No Aplica,Subsidiado,No Aplica,No Aplica,76,76001,SANITAS,RÉGIMEN CONTRIBUTIVO,EPS005,SANITAS,76,76001,1,BARRERAS EN EL ACCESO A TECNOLOGÍAS Y SERVICIOS DE SALUD; Y OTROS ELEMENTOS COMPLEMENTARIOS PARA LA ATENCIÓN DEL USUARIO,102,NEGACIÓN DE TECNOLOGÍAS EN SALUD Y OTROS ELEMENTOS COMPLEMENTARIOS PARA LA ATENCIÓN DEL USUARIO,10201,NEGACIÓN EN LA ASIGNACIÓN DE CITAS O CONSULTAS,1020103,ESPECIALIDADES MÉDICAS ,1020103072,NEUROLOGÍA,PROBLEMAS RELACIONADOS CON FACILIDADES DE ATENCIÓN MÉDICA U OTROS SERVICIOS DE SALUD,PROBLEMAS RELACIONADOS CON FACILIDADES DE ATENCIÓN MÉDICA U OTROS SERVICIOS DE SALUD,PROBLEMAS RELACIONADOS CON FACILIDADES DE ATENCIÓN MEDICA U OTROS SERVICIOS DE SALUD,No aplica,SIMPLE
665,2024,6,Web,5,5001,US- 000002400275,A nombre propio,HOMBRE,30,DE 30 A 37 AÑOS,No Aplica,Contributivo,No Aplica,No Aplica,5,5001,NUEVA EPS,RÉGIMEN CONTRIBUTIVO,EPS037,NUEVA EPS,5,5001,2,INSATISFACCIÓN RELACIONADA CON LA ATENCIÓN EN SALUD,201,INSATISFACCIÓN RELACIONADA CON LA ATENCIÓN EN SALUD POR FALTA DE OPORTUNIDAD,20101,INSATISFACCIÓN POR FALTA DE OPORTUNIDAD EN LA ATENCIÓN POR PARTE DEL PERSONAL DE SALUD,2010101,SERVICIO DE CONSULTA EXTERNA,,,PROBLEMAS RELACIONADOS CON FACILIDADES DE ATENCIÓN MÉDICA U OTROS SERVICIOS DE SALUD,PROBLEMAS RELACIONADOS CON FACILIDADES DE ATENCIÓN MÉDICA U OTROS SERVICIOS DE SALUD,OTRAS CONSULTAS ESPECIFICADAS,No aplica,SIMPLE
666,2024,6,Chat,70,70670,US- 000003606621,A nombre propio,MUJER,64,MAYOR DE 63 AÑOS ,Secundaria,Subsidiado,No Aplica,No Aplica,70,70670,MUTUAL SER,RÉGIMEN SUBSIDIADO,ESS207,MUTUAL SER,70,70670,1,BARRERAS EN EL ACCESO A TECNOLOGÍAS Y SERVICIOS DE SALUD; Y OTROS ELEMENTOS COMPLEMENTARIOS PARA LA ATENCIÓN DEL USUARIO,101,FALTA DE OPORTUNIDAD EN LA PRESTACIÓN DE TECNOLOGÍAS EN SALUD Y OTROS ELEMENTOS COMPLEMENTARIOS PARA LA ATENCIÓN DEL USUARIO,10104,FALTA DE OPORTUNIDAD EN LA ENTREGA O ENTREGA INCOMPLETA DE TECNOLOGÍAS EN SALUD Y/O PRESTACIÓN DE OTROS SERVICIOS,1010401,MEDICAMENTOS UPC,,,ENFERMEDADES NEUROLÓGICAS,EPILEPSIA,EPILEPSIA,No aplica,SIMPLE
667,2024,3,Web,5,5001,US- 000001232103,A nombre propio,HOMBRE,52,DE 50 A 62 AÑOS,No Aplica,Contributivo,No Aplica,Persona con discapacidad,5,5001,SAVIA SALUD,RÉGIMEN SUBSIDIADO,EPSS40,SAVIA SALUD EPS,5,5001,1,BARRERAS EN EL ACCESO A TECNOLOGÍAS Y SERVICIOS DE SALUD; Y OTROS ELEMENTOS COMPLEMENTARIOS PARA LA ATENCIÓN DEL USUARIO,102,NEGACIÓN DE TECNOLOGÍAS EN SALUD Y OTROS ELEMENTOS COMPLEMENTARIOS PARA LA ATENCIÓN DEL USUARIO,10201,NEGACIÓN EN LA ASIGNACIÓN DE CITAS O CONSULTAS,1020103,ESPECIALIDADES MÉDICAS ,1020103078,ORTOPEDIA Y TRAUMATOLOGÍA,ENFERMEDADES OSTEOARTICULARES,OTROS,OTRO DOLOR CRÓNICO,No aplica,SIMPLE
668,2024,6,Telefónico,5,5079,US- 000003606622,Hermano (A),HOMBRE,54,DE 50 A 62 AÑOS,Primaria,Subsidiado,No Aplica,No Aplica,5,5079,SAVIA SALUD,RÉGIMEN SUBSIDIADO,EPSS40,SAVIA SALUD EPS,5,5079,1,BARRERAS EN EL ACCESO A TECNOLOGÍAS Y SERVICIOS DE SALUD; Y OTROS ELEMENTOS COMPLEMENTARIOS PARA LA ATENCIÓN DEL USUARIO,101,FALTA DE OPORTUNIDAD EN LA PRESTACIÓN DE TECNOLOGÍAS EN SALUD Y OTROS ELEMENTOS COMPLEMENTARIOS PARA LA ATENCIÓN DEL USUARIO,10105,FALTA DE OPORTUNIDAD EN EL PROCESO DE REFERENCIA Y CONTRARREFERENCIA,,,,,ENFERMEDADES CRÓNICAS NO TRANSMISIBLES –DIABETES,DIABETES,"ENFERMEDAD DEL HIGADO, NO ESPECIFICADA",No aplica,PRIORIZADO
669,2024,6,Telefónico,76,76248,US- 000001672121,A nombre propio,MUJER,53,DE 50 A 62 AÑOS,Primaria Incompleta,Contributivo,No Aplica,No Aplica,76,76248,NUEVA EPS,RÉGIMEN CONTRIBUTIVO,EPS037,NUEVA EPS,76,76248,1,BARRERAS EN EL ACCESO A TECNOLOGÍAS Y SERVICIOS DE SALUD; Y OTROS ELEMENTOS COMPLEMENTARIOS PARA LA ATENCIÓN DEL USUARIO,101,FALTA DE OPORTUNIDAD EN LA PRESTACIÓN DE TECNOLOGÍAS EN SALUD Y OTROS ELEMENTOS COMPLEMENTARIOS PARA LA ATENCIÓN DEL USUARIO,10101,FALTA DE OPORTUNIDAD EN LAS CITAS O CONSULTAS,1010103,ESPECIALIDADES MÉDICAS ,1010103033,DERMATOLOGÍA,PROBLEMAS RELACIONADOS CON FACILIDADES DE ATENCIÓN MÉDICA U OTROS SERVICIOS DE SALUD,PROBLEMAS RELACIONADOS CON FACILIDADES DE ATENCIÓN MÉDICA U OTROS SERVICIOS DE SALUD,TUMOR BENIGNO LIPOMATOSO DE PIEL Y DE TEJIDO SUBCUTÁNEO DE OTROS SITIOS Y DE LOS NO ESPECIFICADOS,No aplica,SIMPLE
670,2024,6,Web,73,73563,US- 000003606623,Otro,MUJER,55,DE 50 A 62 AÑOS,No Aplica,Contributivo,No Aplica,No Aplica,73,73001,SALUD TOTAL,RÉGIMEN CONTRIBUTIVO,EPS002,SALUD TOTAL,73,73001,1,BARRERAS EN EL ACCESO A TECNOLOGÍAS Y SERVICIOS DE SALUD; Y OTROS ELEMENTOS COMPLEMENTARIOS PARA LA ATENCIÓN DEL USUARIO,101,FALTA DE OPORTUNIDAD EN LA PRESTACIÓN DE TECNOLOGÍAS EN SALUD Y OTROS ELEMENTOS COMPLEMENTARIOS PARA LA ATENCIÓN DEL USUARIO,10101,FALTA DE OPORTUNIDAD EN LAS CITAS O CONSULTAS,1010103,ESPECIALIDADES MÉDICAS ,1010103071,NEUROCIRUGÍA,PROBLEMAS RELACIONADOS CON FACILIDADES DE ATENCIÓN MÉDICA U OTROS SERVICIOS DE SALUD,PROBLEMAS RELACIONADOS CON FACILIDADES DE ATENCIÓN MÉDICA U OTROS SERVICIOS DE SALUD,"TUMOR DE COMPORTAMIENTO INCIERTO O DESCONOCIDO DEL ENCÉFALO, SUPRATENTORIAL",No aplica,SIMPLE
671,2024,6,Web,73,73001,US- 000003606624,A nombre propio,MUJER,26,DE 25 A 29 AÑOS,No Aplica,Contributivo,No Aplica,No Aplica,73,73001,NUEVA EPS,RÉGIMEN CONTRIBUTIVO,EPS037,NUEVA EPS,73,73001,1,BARRERAS EN EL ACCESO A TECNOLOGÍAS Y SERVICIOS DE SALUD; Y OTROS ELEMENTOS COMPLEMENTARIOS PARA LA ATENCIÓN DEL USUARIO,102,NEGACIÓN DE TECNOLOGÍAS EN SALUD Y OTROS ELEMENTOS COMPLEMENTARIOS PARA LA ATENCIÓN DEL USUARIO,10203,NEGACIÓN EN LA ATENCIÓN EN OTROS SERVICIOS DE SALUD,1020309,PROCEDIMIENTOS QUIRÚRGICOS,1020309003,OTROS PROCEDIMIENTOS QUIRÚRGICOS,ENFERMEDADES CRÓNICAS NO TRANSMISIBLES- FACTORES DE RIESGO,OBESIDAD,OBESIDAD DEBIDA A EXCESO DE CALORÍAS,No aplica,SIMPLE
672,2024,6,Web,76,76001,US- 000003606625,Otro,MUJER,12,DE 6 A 12 AÑOS,No Aplica,Subsidiado,No Aplica,No Aplica,76,76001,EMSSANAR EPS,RÉGIMEN SUBSIDIADO,ESS118,EMSSANAR,76,76520,1,BARRERAS EN EL ACCESO A TECNOLOGÍAS Y SERVICIOS DE SALUD; Y OTROS ELEMENTOS COMPLEMENTARIOS PARA LA ATENCIÓN DEL USUARIO,101,FALTA DE OPORTUNIDAD EN LA PRESTACIÓN DE TECNOLOGÍAS EN SALUD Y OTROS ELEMENTOS COMPLEMENTARIOS PARA LA ATENCIÓN DEL USUARIO,10101,FALTA DE OPORTUNIDAD EN LAS CITAS O CONSULTAS,1010101,MEDICINA GENERAL,,,PROBLEMAS RELACIONADOS CON FACILIDADES DE ATENCIÓN MÉDICA U OTROS SERVICIOS DE SALUD,PROBLEMAS RELACIONADOS CON FACILIDADES DE ATENCIÓN MÉDICA U OTROS SERVICIOS DE SALUD,OTROS PROBLEMAS RELACIONADOS CON SERVICIOS MÉDICOS Y DE SALUD,No aplica,SIMPLE
673,2024,6,Web,66,66682,US- 000000576827,Nieto (A),MUJER,77,MAYOR DE 63 AÑOS ,No Aplica,Contributivo,No Aplica,No Aplica,66,66682,NUEVA EPS,RÉGIMEN CONTRIBUTIVO,EPS037,NUEVA EPS,66,66682,1,BARRERAS EN EL ACCESO A TECNOLOGÍAS Y SERVICIOS DE SALUD; Y OTROS ELEMENTOS COMPLEMENTARIOS PARA LA ATENCIÓN DEL USUARIO,102,NEGACIÓN DE TECNOLOGÍAS EN SALUD Y OTROS ELEMENTOS COMPLEMENTARIOS PARA LA ATENCIÓN DEL USUARIO,10201,NEGACIÓN EN LA ASIGNACIÓN DE CITAS O CONSULTAS,1020103,ESPECIALIDADES MÉDICAS ,1020103039,ENDOCRINOLOGÍA,ENFERMEDADES OSTEOARTICULARES,OTROS,PROBLEMAS RELACIONADOS CON FACILIDADES DE ATENCIÓN MEDICA U OTROS SERVICIOS DE SALUD,No aplica,SIMPLE
674,2024,6,Web,76,76400,US- 000003606626,A nombre propio,MUJER,42,DE 38 A 49 AÑOS,No Aplica,Subsidiado,No Aplica,No Aplica,76,76400,NUEVA EPS,RÉGIMEN SUBSIDIADO,EPSS41,NUEVA EPS,76,76400,1,BARRERAS EN EL ACCESO A TECNOLOGÍAS Y SERVICIOS DE SALUD; Y OTROS ELEMENTOS COMPLEMENTARIOS PARA LA ATENCIÓN DEL USUARIO,101,FALTA DE OPORTUNIDAD EN LA PRESTACIÓN DE TECNOLOGÍAS EN SALUD Y OTROS ELEMENTOS COMPLEMENTARIOS PARA LA ATENCIÓN DEL USUARIO,10103,FALTA DE OPORTUNIDAD EN LA ATENCIÓN EN OTROS SERVICIOS DE SALUD,1010309,PROCEDIMIENTOS QUIRÚRGICOS,1010309003,OTROS PROCEDIMIENTOS QUIRÚRGICOS,PROBLEMAS RELACIONADOS CON FACILIDADES DE ATENCIÓN MÉDICA U OTROS SERVICIOS DE SALUD,PROBLEMAS RELACIONADOS CON FACILIDADES DE ATENCIÓN MÉDICA U OTROS SERVICIOS DE SALUD,"HEMORRAGIA VAGINAL Y UTERINA ANORMAL, NO ESPECIFICADA",No aplica,SIMPLE
675,2024,5,Web,76,76147,US- 000000720379,A nombre propio,HOMBRE,43,DE 38 A 49 AÑOS,No Aplica,Contributivo,No Aplica,No Aplica,76,76147,NUEVA EPS,RÉGIMEN CONTRIBUTIVO,EPS037,NUEVA EPS,76,76147,1,BARRERAS EN EL ACCESO A TECNOLOGÍAS Y SERVICIOS DE SALUD; Y OTROS ELEMENTOS COMPLEMENTARIOS PARA LA ATENCIÓN DEL USUARIO,101,FALTA DE OPORTUNIDAD EN LA PRESTACIÓN DE TECNOLOGÍAS EN SALUD Y OTROS ELEMENTOS COMPLEMENTARIOS PARA LA ATENCIÓN DEL USUARIO,10104,FALTA DE OPORTUNIDAD EN LA ENTREGA O ENTREGA INCOMPLETA DE TECNOLOGÍAS EN SALUD Y/O PRESTACIÓN DE OTROS SERVICIOS,1010403,DISPOSITIVOS MÉDICOS UPC,,,ENFERMEDADES CRÓNICAS NO TRANSMISIBLES –DIABETES,DIABETES,DIABETES MELLITUS INSULINODEPENDIENTE SIN MENCIÓN DE COMPLICACIÓN,No aplica,PRIORIZADO
676,2024,6,Personalizado,63,63001,US- 000003606627,Otro,HOMBRE,43,DE 38 A 49 AÑOS,Secundaria,No aplica,No Aplica,No Aplica,63,63001,INSTITUTO SECCIONAL DE SALUD DEL QUINDIO,ENTIDADES TERRITORIALES,999998,INSTITUTO SECCIONAL DE SALUD DEL QUINDIO,63,63001,1,BARRERAS EN EL ACCESO A TECNOLOGÍAS Y SERVICIOS DE SALUD; Y OTROS ELEMENTOS COMPLEMENTARIOS PARA LA ATENCIÓN DEL USUARIO,102,NEGACIÓN DE TECNOLOGÍAS EN SALUD Y OTROS ELEMENTOS COMPLEMENTARIOS PARA LA ATENCIÓN DEL USUARIO,10203,NEGACIÓN EN LA ATENCIÓN EN OTROS SERVICIOS DE SALUD,1020302,HOSPITALIZACIÓN,,,CÁNCER ,OTROS,"TUMOR MALIGNO DEL TEJIDO CONJUNTIVO Y TEJIDO BLANDO DEL MIEMBRO SUPERIOR, INCLUIDO EL HOMBRO",No aplica,PRIORIZADO
677,2024,6,Personalizado,68,68001,US- 000000497638,Madre,MUJER,11,DE 6 A 12 AÑOS,Ninguno,Subsidiado,No Aplica,Persona con discapacidad,68,68001,NUEVA EPS,RÉGIMEN CONTRIBUTIVO,EPS037,NUEVA EPS,68,68001,1,BARRERAS EN EL ACCESO A TECNOLOGÍAS Y SERVICIOS DE SALUD; Y OTROS ELEMENTOS COMPLEMENTARIOS PARA LA ATENCIÓN DEL USUARIO,101,FALTA DE OPORTUNIDAD EN LA PRESTACIÓN DE TECNOLOGÍAS EN SALUD Y OTROS ELEMENTOS COMPLEMENTARIOS PARA LA ATENCIÓN DEL USUARIO,10103,FALTA DE OPORTUNIDAD EN LA ATENCIÓN EN OTROS SERVICIOS DE SALUD,1010305,ATENCIÓN DOMICILIARIA,,,ENFERMEDADES NEUROLÓGICAS,EPILEPSIA,"EPILEPSIA, TIPO NO ESPECIFICADO",No aplica,PRIORIZADO
678,2024,3,Evento,20,20001,US- 000003606628,A nombre propio,HOMBRE,15,DE 13 A 17 AÑOS,Secundaria Incompleta,Subsidiado,No Aplica,Persona con discapacidad,20,20001,COOSALUD,RÉGIMEN SUBSIDIADO,ESS024,COOSALUD,20,20001,1,BARRERAS EN EL ACCESO A TECNOLOGÍAS Y SERVICIOS DE SALUD; Y OTROS ELEMENTOS COMPLEMENTARIOS PARA LA ATENCIÓN DEL USUARIO,103,FALTA DE OPORTUNIDAD EN LA AUTORIZACIÓN DE TECNOLOGÍAS EN SALUD Y OTROS ELEMENTOS COMPLEMENTARIOS PARA LA ATENCIÓN DEL USUARIO,10304,FALTA DE OPORTUNIDAD EN LA AUTORIZACIÓN DE OTROS SERVICIOS DE SALUD,1030408,PROCEDIMIENTOS NO QUIRÚRGICOS,1030408001,IMAGENOLOGÍA,ENFERMEDADES OSTEOARTICULARES,NEUROLÓGICAS,OTRAS HIPOACUSIAS,No aplica,PRIORIZADO
679,2024,6,Personalizado,11,11001,US- 000000155056,Hijo (A),MUJER,84,MAYOR DE 63 AÑOS ,No Aplica,Contributivo,No Aplica,Persona con discapacidad,11,11001,COMPENSAR,RÉGIMEN CONTRIBUTIVO,EPS008,COMPENSAR,11,11001,1,BARRERAS EN EL ACCESO A TECNOLOGÍAS Y SERVICIOS DE SALUD; Y OTROS ELEMENTOS COMPLEMENTARIOS PARA LA ATENCIÓN DEL USUARIO,103,FALTA DE OPORTUNIDAD EN LA AUTORIZACIÓN DE TECNOLOGÍAS EN SALUD Y OTROS ELEMENTOS COMPLEMENTARIOS PARA LA ATENCIÓN DEL USUARIO,10301,FALTA DE OPORTUNIDAD EN LA AUTORIZACIÓN DE TECNOLOGÍAS EN SALUD Y/O DE OTROS SERVICIOS,1030103,DISPOSITIVOS MÉDICOS UPC,,,ENFERMEDADES OSTEOARTICULARES,OTROS,OSTEOPOROSIS SIN FRACTURA PATOLÓGICA,No aplica,SIMPLE
680,2024,6,Telefónico,76,76001,US- 000000113992,A nombre propio,MUJER,30,DE 30 A 37 AÑOS,Universitario,Contributivo,No Aplica,No Aplica,76,76001,SOS -SERVICIO OCCIDENTAL DE SALUD,RÉGIMEN CONTRIBUTIVO,EPS018,SERVICIO OCCIDENTAL DE SALUD (SOS),76,76001,1,BARRERAS EN EL ACCESO A TECNOLOGÍAS Y SERVICIOS DE SALUD; Y OTROS ELEMENTOS COMPLEMENTARIOS PARA LA ATENCIÓN DEL USUARIO,102,NEGACIÓN DE TECNOLOGÍAS EN SALUD Y OTROS ELEMENTOS COMPLEMENTARIOS PARA LA ATENCIÓN DEL USUARIO,10201,NEGACIÓN EN LA ASIGNACIÓN DE CITAS O CONSULTAS,1020103,ESPECIALIDADES MÉDICAS ,1020103033,DERMATOLOGÍA,PROBLEMAS RELACIONADOS CON FACILIDADES DE ATENCIÓN MÉDICA U OTROS SERVICIOS DE SALUD,PROBLEMAS RELACIONADOS CON FACILIDADES DE ATENCIÓN MÉDICA U OTROS SERVICIOS DE SALUD,DERMATITIS ATÓPICA,No aplica,SIMPLE
681,2024,5,Web,5,5209,US- 000003606629,A nombre propio,MUJER,43,DE 38 A 49 AÑOS,No Aplica,Subsidiado,No Aplica,No Aplica,5,5209,SAVIA SALUD,RÉGIMEN SUBSIDIADO,EPSS40,SAVIA SALUD EPS,5,5209,1,BARRERAS EN EL ACCESO A TECNOLOGÍAS Y SERVICIOS DE SALUD; Y OTROS ELEMENTOS COMPLEMENTARIOS PARA LA ATENCIÓN DEL USUARIO,102,NEGACIÓN DE TECNOLOGÍAS EN SALUD Y OTROS ELEMENTOS COMPLEMENTARIOS PARA LA ATENCIÓN DEL USUARIO,10201,NEGACIÓN EN LA ASIGNACIÓN DE CITAS O CONSULTAS,1020103,ESPECIALIDADES MÉDICAS ,1020103078,ORTOPEDIA Y TRAUMATOLOGÍA,PROBLEMAS RELACIONADOS CON FACILIDADES DE ATENCIÓN MÉDICA U OTROS SERVICIOS DE SALUD,PROBLEMAS RELACIONADOS CON FACILIDADES DE ATENCIÓN MÉDICA U OTROS SERVICIOS DE SALUD,PROBLEMAS RELACIONADOS CON FACILIDADES DE ATENCIÓN MEDICA U OTROS SERVICIOS DE SALUD,No aplica,SIMPLE
682,2024,6,Web,50,50001,US- 000003070017,A nombre propio,HOMBRE,39,DE 38 A 49 AÑOS,Ninguno,Contributivo,No Aplica,No Aplica,50,50001,SANITAS,RÉGIMEN CONTRIBUTIVO,EPS005,SANITAS,50,50001,1,BARRERAS EN EL ACCESO A TECNOLOGÍAS Y SERVICIOS DE SALUD; Y OTROS ELEMENTOS COMPLEMENTARIOS PARA LA ATENCIÓN DEL USUARIO,103,FALTA DE OPORTUNIDAD EN LA AUTORIZACIÓN DE TECNOLOGÍAS EN SALUD Y OTROS ELEMENTOS COMPLEMENTARIOS PARA LA ATENCIÓN DEL USUARIO,10302,FALTA DE OPORTUNIDAD EN LA AUTORIZACIÓN DE CITAS DE CONSULTA,1030213,JUNTA MÉDICA,,,ENFERMEDADES OSTEOARTICULARES,OTROS,AMPUTACIÓN DE MIEMBRO(S),No aplica,SIMPLE
683,2024,6,Web,11,11001,US- 000001802083,A nombre propio,MUJER,36,DE 30 A 37 AÑOS,No Aplica,Contributivo,No Aplica,Persona con discapacidad,11,11001,COMPENSAR,RÉGIMEN CONTRIBUTIVO,EPS008,COMPENSAR,11,11001,1,BARRERAS EN EL ACCESO A TECNOLOGÍAS Y SERVICIOS DE SALUD; Y OTROS ELEMENTOS COMPLEMENTARIOS PARA LA ATENCIÓN DEL USUARIO,103,FALTA DE OPORTUNIDAD EN LA AUTORIZACIÓN DE TECNOLOGÍAS EN SALUD Y OTROS ELEMENTOS COMPLEMENTARIOS PARA LA ATENCIÓN DEL USUARIO,10301,FALTA DE OPORTUNIDAD EN LA AUTORIZACIÓN DE TECNOLOGÍAS EN SALUD Y/O DE OTROS SERVICIOS,1030103,DISPOSITIVOS MÉDICOS UPC,,,PROBLEMAS RELACIONADOS CON FACILIDADES DE ATENCIÓN MÉDICA U OTROS SERVICIOS DE SALUD,PROBLEMAS RELACIONADOS CON FACILIDADES DE ATENCIÓN MÉDICA U OTROS SERVICIOS DE SALUD,"AMPUTACIÓN TRAUMÁTICA DE LA PIERNA, NIVEL NO ESPECIFICADO",No aplica,SIMPLE
684,2024,6,Telefónico,41,41396,US- 000002836275,Cónyuge,MUJER,45,DE 38 A 49 AÑOS,Secundaria,Subsidiado,No Aplica,No Aplica,41,41396,NUEVA EPS,RÉGIMEN SUBSIDIADO,EPSS41,NUEVA EPS,41,41396,1,BARRERAS EN EL ACCESO A TECNOLOGÍAS Y SERVICIOS DE SALUD; Y OTROS ELEMENTOS COMPLEMENTARIOS PARA LA ATENCIÓN DEL USUARIO,102,NEGACIÓN DE TECNOLOGÍAS EN SALUD Y OTROS ELEMENTOS COMPLEMENTARIOS PARA LA ATENCIÓN DEL USUARIO,10204,NEGACIÓN PARA LA ENTREGA DE TECNOLOGÍAS EN SALUD Y/O DE OTROS SERVICIOS AUTORIZADOS,1020401,MEDICAMENTOS UPC,,,ENFERMEDADES NEUROLÓGICAS,EPILEPSIA,EPILEPSIA,No aplica,PRIORIZADO
685,2024,6,Web,5,5266,US- 000003606630,A nombre propio,MUJER,30,DE 30 A 37 AÑOS,No Aplica,Contributivo,No Aplica,No Aplica,5,5266,SURAMERICANA EPS,RÉGIMEN CONTRIBUTIVO,EPS010,EPS SURA,5,5266,1,BARRERAS EN EL ACCESO A TECNOLOGÍAS Y SERVICIOS DE SALUD; Y OTROS ELEMENTOS COMPLEMENTARIOS PARA LA ATENCIÓN DEL USUARIO,101,FALTA DE OPORTUNIDAD EN LA PRESTACIÓN DE TECNOLOGÍAS EN SALUD Y OTROS ELEMENTOS COMPLEMENTARIOS PARA LA ATENCIÓN DEL USUARIO,10103,FALTA DE OPORTUNIDAD EN LA ATENCIÓN EN OTROS SERVICIOS DE SALUD,1010308,PROCEDIMIENTOS NO QUIRÚRGICOS,1010308001,IMAGENOLOGÍA,PROBLEMAS RELACIONADOS CON FACILIDADES DE ATENCIÓN MÉDICA U OTROS SERVICIOS DE SALUD,PROBLEMAS RELACIONADOS CON FACILIDADES DE ATENCIÓN MÉDICA U OTROS SERVICIOS DE SALUD,OTRAS CONSULTAS ESPECIFICADAS,No aplica,SIMPLE
686,2024,6,Web,76,76248,US- 000002809427,A nombre propio,MUJER,54,DE 50 A 62 AÑOS,No Aplica,Contributivo,No Aplica,No Aplica,76,76248,SOS -SERVICIO OCCIDENTAL DE SALUD,RÉGIMEN CONTRIBUTIVO,EPS018,SERVICIO OCCIDENTAL DE SALUD (SOS),76,76248,1,BARRERAS EN EL ACCESO A TECNOLOGÍAS Y SERVICIOS DE SALUD; Y OTROS ELEMENTOS COMPLEMENTARIOS PARA LA ATENCIÓN DEL USUARIO,101,FALTA DE OPORTUNIDAD EN LA PRESTACIÓN DE TECNOLOGÍAS EN SALUD Y OTROS ELEMENTOS COMPLEMENTARIOS PARA LA ATENCIÓN DEL USUARIO,10101,FALTA DE OPORTUNIDAD EN LAS CITAS O CONSULTAS,1010103,ESPECIALIDADES MÉDICAS ,1010103061,MEDICINA FÍSICA Y REHABILITACIÓN - FISIATRÍA,ENFERMEDADES OSTEOARTICULARES,ARTRITIS REUMATOIDEA,ARTRITIS REUMATOIDE SERONEGATIVA,No aplica,SIMPLE
687,2024,6,Web,11,11001,US- 000003606631,A nombre propio,MUJER,73,MAYOR DE 63 AÑOS ,No Aplica,Contributivo,No Aplica,No Aplica,11,11001,SALUD TOTAL,RÉGIMEN CONTRIBUTIVO,EPS002,SALUD TOTAL,11,11001,1,BARRERAS EN EL ACCESO A TECNOLOGÍAS Y SERVICIOS DE SALUD; Y OTROS ELEMENTOS COMPLEMENTARIOS PARA LA ATENCIÓN DEL USUARIO,102,NEGACIÓN DE TECNOLOGÍAS EN SALUD Y OTROS ELEMENTOS COMPLEMENTARIOS PARA LA ATENCIÓN DEL USUARIO,10201,NEGACIÓN EN LA ASIGNACIÓN DE CITAS O CONSULTAS,1020103,ESPECIALIDADES MÉDICAS ,1020103075,OFTALMOLOGÍA,ENFERMEDADES CRÓNICAS NO TRANSMISIBLES –DIABETES,DIABETES,DIABETES MELLITUS NO INSULINODEPENDIENTE,No aplica,SIMPLE
688,2024,6,Web,5,5088,US- 000003101016,A nombre propio,MUJER,86,MAYOR DE 63 AÑOS ,No Aplica,Contributivo,No Aplica,No Aplica,5,5088,NUEVA EPS,RÉGIMEN CONTRIBUTIVO,EPS037,NUEVA EPS,5,5088,1,BARRERAS EN EL ACCESO A TECNOLOGÍAS Y SERVICIOS DE SALUD; Y OTROS ELEMENTOS COMPLEMENTARIOS PARA LA ATENCIÓN DEL USUARIO,101,FALTA DE OPORTUNIDAD EN LA PRESTACIÓN DE TECNOLOGÍAS EN SALUD Y OTROS ELEMENTOS COMPLEMENTARIOS PARA LA ATENCIÓN DEL USUARIO,10101,FALTA DE OPORTUNIDAD EN LAS CITAS O CONSULTAS,1010103,ESPECIALIDADES MÉDICAS ,1010103006,CARDIOLOGÍA,ENFERMEDADES CRÓNICAS NO TRASMISIBLES CARDIOVASCULARES,OTROS,ASFIXIA,No aplica,SIMPLE
689,2024,6,Web,23,23001,US- 000001634594,A nombre propio,MUJER,43,DE 38 A 49 AÑOS,No Aplica,Contributivo,No Aplica,Mujer en estado de gestación,23,23001,SANITAS,RÉGIMEN CONTRIBUTIVO,EPS005,SANITAS,23,23001,1,BARRERAS EN EL ACCESO A TECNOLOGÍAS Y SERVICIOS DE SALUD; Y OTROS ELEMENTOS COMPLEMENTARIOS PARA LA ATENCIÓN DEL USUARIO,103,FALTA DE OPORTUNIDAD EN LA AUTORIZACIÓN DE TECNOLOGÍAS EN SALUD Y OTROS ELEMENTOS COMPLEMENTARIOS PARA LA ATENCIÓN DEL USUARIO,10301,FALTA DE OPORTUNIDAD EN LA AUTORIZACIÓN DE TECNOLOGÍAS EN SALUD Y/O DE OTROS SERVICIOS,1030108,"TRANSPORTE, ALOJAMIENTO O ALIMENTACIÓN",,,MATERNO INFANTIL,ATENCIÓN EN EL EMBARAZO,EMBARAZO CONFIRMADO,No aplica,PRIORIZADO
690,2024,6,Personalizado,76,76001,US- 000003606632,A nombre propio,HOMBRE,64,MAYOR DE 63 AÑOS ,Universitario,Contributivo,No Aplica,No Aplica,76,76001,COOSALUD,RÉGIMEN CONTRIBUTIVO,EPS042,COOSALUD,76,76001,1,BARRERAS EN EL ACCESO A TECNOLOGÍAS Y SERVICIOS DE SALUD; Y OTROS ELEMENTOS COMPLEMENTARIOS PARA LA ATENCIÓN DEL USUARIO,102,NEGACIÓN DE TECNOLOGÍAS EN SALUD Y OTROS ELEMENTOS COMPLEMENTARIOS PARA LA ATENCIÓN DEL USUARIO,10201,NEGACIÓN EN LA ASIGNACIÓN DE CITAS O CONSULTAS,1020103,ESPECIALIDADES MÉDICAS ,1020103002,ANESTESIOLOGÍA,ENFERMEDADES CRÓNICAS NO TRASMISIBLES CARDIOVASCULARES,HTA (HIPERTENSIÓN ARTERIAL),HIPERPLASIA DE LA PRÓSTATA,No aplica,SIMPLE
691,2024,6,Web,11,11001,US- 000003606633,A nombre propio,MUJER,46,DE 38 A 49 AÑOS,No Aplica,Contributivo,No Aplica,No Aplica,11,11001,SALUD TOTAL,RÉGIMEN CONTRIBUTIVO,EPS002,SALUD TOTAL,11,11001,4,INSATISFACCIÓN DEL USUARIO CON EL PROCESO ADMINISTRATIVO,404,INSATISFACCIÓN RELACIONADA CON TRÁMITES ADMINISTRATIVOS,40401,RESTRICCIÓN EN LA LIBRE ESCOGENCIA,4040101,EPS,,,PROBLEMAS RELACIONADOS CON FACILIDADES DE ATENCIÓN MÉDICA U OTROS SERVICIOS DE SALUD,PROBLEMAS RELACIONADOS CON FACILIDADES DE ATENCIÓN MÉDICA U OTROS SERVICIOS DE SALUD,PROBLEMAS RELACIONADOS CON FACILIDADES DE ATENCIÓN MEDICA U OTROS SERVICIOS DE SALUD,No aplica,SIMPLE
692,2024,6,Web,5,5001,US- 000003606634,A nombre propio,MUJER,64,MAYOR DE 63 AÑOS ,No Aplica,Contributivo,No Aplica,Persona con discapacidad,5,5001,NUEVA EPS,RÉGIMEN CONTRIBUTIVO,EPS037,NUEVA EPS,5,5001,1,BARRERAS EN EL ACCESO A TECNOLOGÍAS Y SERVICIOS DE SALUD; Y OTROS ELEMENTOS COMPLEMENTARIOS PARA LA ATENCIÓN DEL USUARIO,102,NEGACIÓN DE TECNOLOGÍAS EN SALUD Y OTROS ELEMENTOS COMPLEMENTARIOS PARA LA ATENCIÓN DEL USUARIO,10201,NEGACIÓN EN LA ASIGNACIÓN DE CITAS O CONSULTAS,1020103,ESPECIALIDADES MÉDICAS ,1020103083,PSIQUIATRÍA,PROBLEMAS RELACIONADOS CON FACILIDADES DE ATENCIÓN MÉDICA U OTROS SERVICIOS DE SALUD,PROBLEMAS RELACIONADOS CON FACILIDADES DE ATENCIÓN MÉDICA U OTROS SERVICIOS DE SALUD,OTROS CONTROLES GENERALES DE SALUD DE RUTINA DE OTRAS SUBPOBLACIONES DEFINIDAS,No aplica,SIMPLE
693,2024,6,Telefónico,23,23660,US- 000002041809,A nombre propio,MUJER,83,MAYOR DE 63 AÑOS ,Primaria,Contributivo,No Aplica,No Aplica,23,23660,NUEVA EPS,RÉGIMEN CONTRIBUTIVO,EPS037,NUEVA EPS,23,23660,1,BARRERAS EN EL ACCESO A TECNOLOGÍAS Y SERVICIOS DE SALUD; Y OTROS ELEMENTOS COMPLEMENTARIOS PARA LA ATENCIÓN DEL USUARIO,101,FALTA DE OPORTUNIDAD EN LA PRESTACIÓN DE TECNOLOGÍAS EN SALUD Y OTROS ELEMENTOS COMPLEMENTARIOS PARA LA ATENCIÓN DEL USUARIO,10101,FALTA DE OPORTUNIDAD EN LAS CITAS O CONSULTAS,1010103,ESPECIALIDADES MÉDICAS ,1010103006,CARDIOLOGÍA,ENFERMEDADES CRÓNICAS NO TRASMISIBLES CARDIOVASCULARES,OTROS,PROBLEMAS RELACIONADOS CON FACILIDADES DE ATENCIÓN MEDICA U OTROS SERVICIOS DE SALUD,No aplica,SIMPLE
694,2024,6,Web,76,76147,US- 000001552413,A nombre propio,MUJER,64,MAYOR DE 63 AÑOS ,No Aplica,Contributivo,No Aplica,No Aplica,76,76147,NUEVA EPS,RÉGIMEN CONTRIBUTIVO,EPS037,NUEVA EPS,76,76147,1,BARRERAS EN EL ACCESO A TECNOLOGÍAS Y SERVICIOS DE SALUD; Y OTROS ELEMENTOS COMPLEMENTARIOS PARA LA ATENCIÓN DEL USUARIO,102,NEGACIÓN DE TECNOLOGÍAS EN SALUD Y OTROS ELEMENTOS COMPLEMENTARIOS PARA LA ATENCIÓN DEL USUARIO,10201,NEGACIÓN EN LA ASIGNACIÓN DE CITAS O CONSULTAS,1020103,ESPECIALIDADES MÉDICAS ,1020103039,ENDOCRINOLOGÍA,ENFERMEDADES OSTEOARTICULARES,OTROS,OTROS TRASTORNOS ESPECIFICADOS DE LA DENSIDAD Y DE LA ESTRUCTURA OSEAS,No aplica,SIMPLE
695,2024,5,Web,8,8001,US- 000003606635,A nombre propio,MUJER,26,DE 25 A 29 AÑOS,No Aplica,Contributivo,No Aplica,No Aplica,8,8001,SURAMERICANA EPS,RÉGIMEN CONTRIBUTIVO,EPS010,EPS SURA,8,8001,1,BARRERAS EN EL ACCESO A TECNOLOGÍAS Y SERVICIOS DE SALUD; Y OTROS ELEMENTOS COMPLEMENTARIOS PARA LA ATENCIÓN DEL USUARIO,103,FALTA DE OPORTUNIDAD EN LA AUTORIZACIÓN DE TECNOLOGÍAS EN SALUD Y OTROS ELEMENTOS COMPLEMENTARIOS PARA LA ATENCIÓN DEL USUARIO,10304,FALTA DE OPORTUNIDAD EN LA AUTORIZACIÓN DE OTROS SERVICIOS DE SALUD,1030409,PROCEDIMIENTOS QUIRÚRGICOS,1030409003,OTROS PROCEDIMIENTOS QUIRÚRGICOS,PROBLEMAS RELACIONADOS CON FACILIDADES DE ATENCIÓN MÉDICA U OTROS SERVICIOS DE SALUD,PROBLEMAS RELACIONADOS CON FACILIDADES DE ATENCIÓN MÉDICA U OTROS SERVICIOS DE SALUD,OTROS PROBLEMAS RELACIONADOS CON SERVICIOS MÉDICOS Y DE SALUD,No aplica,SIMPLE
696,2024,1,Web,5,5308,US- 000003606636,A nombre propio,MUJER,62,DE 50 A 62 AÑOS,No Aplica,Subsidiado,No Aplica,No Aplica,5,5308,SAVIA SALUD,RÉGIMEN SUBSIDIADO,EPSS40,SAVIA SALUD EPS,5,5308,1,BARRERAS EN EL ACCESO A TECNOLOGÍAS Y SERVICIOS DE SALUD; Y OTROS ELEMENTOS COMPLEMENTARIOS PARA LA ATENCIÓN DEL USUARIO,102,NEGACIÓN DE TECNOLOGÍAS EN SALUD Y OTROS ELEMENTOS COMPLEMENTARIOS PARA LA ATENCIÓN DEL USUARIO,10201,NEGACIÓN EN LA ASIGNACIÓN DE CITAS O CONSULTAS,1020103,ESPECIALIDADES MÉDICAS ,1020103014,CIRUGÍA DE MANO - ORTOPEDIA O CIRUGÍA PLÁSTICA,PROBLEMAS RELACIONADOS CON FACILIDADES DE ATENCIÓN MÉDICA U OTROS SERVICIOS DE SALUD,PROBLEMAS RELACIONADOS CON FACILIDADES DE ATENCIÓN MÉDICA U OTROS SERVICIOS DE SALUD,OTROS PROBLEMAS RELACIONADOS CON SERVICIOS MÉDICOS Y DE SALUD,No aplica,SIMPLE
697,2024,6,Telefónico,76,76001,US- 000001588611,A nombre propio,MUJER,48,DE 38 A 49 AÑOS,Universitario Incompleto,Contributivo,No Aplica,No Aplica,76,76001,NUEVA EPS,RÉGIMEN CONTRIBUTIVO,EPS037,NUEVA EPS,76,76001,2,INSATISFACCIÓN RELACIONADA CON LA ATENCIÓN EN SALUD,202,INSATISFACCIÓN RELACIONADA CON LA ATENCIÓN DEL PERSONAL EN SALUD,20201,INSATISFACCIÓN RELACIONADA CON LA ATENCIÓN DEL PERSONAL EN SALUD,2020102,FALLAS EN LA PRÁCTICA MÉDICA,,,PROBLEMAS RELACIONADOS CON FACILIDADES DE ATENCIÓN MÉDICA U OTROS SERVICIOS DE SALUD,PROBLEMAS RELACIONADOS CON FACILIDADES DE ATENCIÓN MÉDICA U OTROS SERVICIOS DE SALUD,OTROS TRASTORNOS ESPECIFICADOS DEL OJO Y SUS ANEXOS,No aplica,SIMPLE
698,2024,4,Personalizado,11,11001,US- 000003173973,A nombre propio,MUJER,77,MAYOR DE 63 AÑOS ,Secundaria Incompleta,Contributivo,No Aplica,No Aplica,11,11001,NUEVA EPS,RÉGIMEN CONTRIBUTIVO,EPS037,NUEVA EPS,11,11001,1,BARRERAS EN EL ACCESO A TECNOLOGÍAS Y SERVICIOS DE SALUD; Y OTROS ELEMENTOS COMPLEMENTARIOS PARA LA ATENCIÓN DEL USUARIO,102,NEGACIÓN DE TECNOLOGÍAS EN SALUD Y OTROS ELEMENTOS COMPLEMENTARIOS PARA LA ATENCIÓN DEL USUARIO,10207,NEGACIÓN EN LA AUTORIZACIÓN DE TECNOLOGÍAS EN SALUD Y/O DE OTROS SERVICIOS,1020701,MEDICAMENTOS UPC,,,ENFERMEDADES OSTEOARTICULARES,OTROS,DOLOR CRÓNICO INTRATABLE,No aplica,SIMPLE
699,2024,2,Telefónico,76,76736,US- 000001522112,Hijo (A),MUJER,73,MAYOR DE 63 AÑOS ,No Aplica,Subsidiado,No Aplica,No Aplica,76,76736,EMSSANAR EPS,RÉGIMEN SUBSIDIADO,ESS118,EMSSANAR,76,76736,1,BARRERAS EN EL ACCESO A TECNOLOGÍAS Y SERVICIOS DE SALUD; Y OTROS ELEMENTOS COMPLEMENTARIOS PARA LA ATENCIÓN DEL USUARIO,103,FALTA DE OPORTUNIDAD EN LA AUTORIZACIÓN DE TECNOLOGÍAS EN SALUD Y OTROS ELEMENTOS COMPLEMENTARIOS PARA LA ATENCIÓN DEL USUARIO,10301,FALTA DE OPORTUNIDAD EN LA AUTORIZACIÓN DE TECNOLOGÍAS EN SALUD Y/O DE OTROS SERVICIOS,1030102,MEDICAMENTOS NO UPC,,,ENFERMEDADES CRÓNICAS NO TRANSMISIBLES –RENALES,IRC-ENFERMEDAD RENAL,"INCONTINENCIA URINARIA, NO ESPECIFICADA",No aplica,SIMPLE
700,2024,6,Web,25,25754,US- 000000303444,A nombre propio,MUJER,40,DE 38 A 49 AÑOS,Universitario Incompleto,Contributivo,No Aplica,No Aplica,25,25754,SURAMERICANA EPS,RÉGIMEN CONTRIBUTIVO,EPS010,EPS SURA,25,25754,1,BARRERAS EN EL ACCESO A TECNOLOGÍAS Y SERVICIOS DE SALUD; Y OTROS ELEMENTOS COMPLEMENTARIOS PARA LA ATENCIÓN DEL USUARIO,101,FALTA DE OPORTUNIDAD EN LA PRESTACIÓN DE TECNOLOGÍAS EN SALUD Y OTROS ELEMENTOS COMPLEMENTARIOS PARA LA ATENCIÓN DEL USUARIO,10104,FALTA DE OPORTUNIDAD EN LA ENTREGA O ENTREGA INCOMPLETA DE TECNOLOGÍAS EN SALUD Y/O PRESTACIÓN DE OTROS SERVICIOS,1010401,MEDICAMENTOS UPC,,,ENFERMEDADES NEUROLÓGICAS,EPILEPSIA,EPILEPSIA,No aplica,PRIORIZADO
701,2024,4,Telefónico,25,25126,US- 000002722220,Hijo (A),HOMBRE,73,MAYOR DE 63 AÑOS ,Primaria,Contributivo,No Aplica,No Aplica,25,25126,NUEVA EPS,RÉGIMEN CONTRIBUTIVO,EPS037,NUEVA EPS,25,25126,1,BARRERAS EN EL ACCESO A TECNOLOGÍAS Y SERVICIOS DE SALUD; Y OTROS ELEMENTOS COMPLEMENTARIOS PARA LA ATENCIÓN DEL USUARIO,101,FALTA DE OPORTUNIDAD EN LA PRESTACIÓN DE TECNOLOGÍAS EN SALUD Y OTROS ELEMENTOS COMPLEMENTARIOS PARA LA ATENCIÓN DEL USUARIO,10101,FALTA DE OPORTUNIDAD EN LAS CITAS O CONSULTAS,1010102,ODONTOLOGÍA GENERAL,,,ENFERMEDADES CRÓNICAS NO TRASMISIBLES CARDIOVASCULARES,HTA (HIPERTENSIÓN ARTERIAL),PROBLEMAS RELACIONADOS CON FACILIDADES DE ATENCIÓN MEDICA U OTROS SERVICIOS DE SALUD,No aplica,SIMPLE
702,2024,6,Web,5,5001,US- 000003606637,Hijo (A),MUJER,87,MAYOR DE 63 AÑOS ,No Aplica,Contributivo,No Aplica,No Aplica,5,5001,NUEVA EPS,RÉGIMEN CONTRIBUTIVO,EPS037,NUEVA EPS,5,5376,1,BARRERAS EN EL ACCESO A TECNOLOGÍAS Y SERVICIOS DE SALUD; Y OTROS ELEMENTOS COMPLEMENTARIOS PARA LA ATENCIÓN DEL USUARIO,103,FALTA DE OPORTUNIDAD EN LA AUTORIZACIÓN DE TECNOLOGÍAS EN SALUD Y OTROS ELEMENTOS COMPLEMENTARIOS PARA LA ATENCIÓN DEL USUARIO,10304,FALTA DE OPORTUNIDAD EN LA AUTORIZACIÓN DE OTROS SERVICIOS DE SALUD,1030408,PROCEDIMIENTOS NO QUIRÚRGICOS,1030408004,RADIOTERAPIA,CÁNCER ,OTROS,TUMOR MALIGNO DEL ENDOMETRIO,Quimioterapia y radioterapia para el cáncer,PRIORIZADO
703,2024,6,Web,8,8001,US- 000001824255,Otro,MUJER,34,DE 30 A 37 AÑOS,No Aplica,Contributivo,No Aplica,No Aplica,8,8758,MUTUAL SER,RÉGIMEN CONTRIBUTIVO,EPS048,MUTUAL SER,8,8758,4,INSATISFACCIÓN DEL USUARIO CON EL PROCESO ADMINISTRATIVO,405,PROBLEMAS EN EL RECONOCIMIENTO Y/O PAGO DE PRESTACIONES ECONÓMICAS,40501,NO RECONOCIMIENTO Y/O PAGO DE LAS PRESTACIONES ECONÓMICAS,4050107,INCAPACIDAD DE ENFERMEDAD GENERAL,,,PROBLEMAS RELACIONADOS CON FACILIDADES DE ATENCIÓN MÉDICA U OTROS SERVICIOS DE SALUD,PROBLEMAS RELACIONADOS CON FACILIDADES DE ATENCIÓN MÉDICA U OTROS SERVICIOS DE SALUD,OTROS PROBLEMAS RELACIONADOS CON SERVICIOS MÉDICOS Y DE SALUD,No aplica,SIMPLE
704,2024,6,Escrito,8,8758,US- 000003606638,Hijo (A),MUJER,47,DE 38 A 49 AÑOS,No Aplica,Contributivo,No Aplica,No Aplica,8,8758,NUEVA EPS,RÉGIMEN CONTRIBUTIVO,EPS037,NUEVA EPS,8,8758,1,BARRERAS EN EL ACCESO A TECNOLOGÍAS Y SERVICIOS DE SALUD; Y OTROS ELEMENTOS COMPLEMENTARIOS PARA LA ATENCIÓN DEL USUARIO,101,FALTA DE OPORTUNIDAD EN LA PRESTACIÓN DE TECNOLOGÍAS EN SALUD Y OTROS ELEMENTOS COMPLEMENTARIOS PARA LA ATENCIÓN DEL USUARIO,10102,FALTA DE OPORTUNIDAD PARA SERVICIOS DE COMPLEMENTACIÓN TERAPÉUTICA,1010201,TERAPIA FÍSICA,,,ENFERMEDADES CRÓNICAS NO TRASMISIBLES CARDIOVASCULARES,ACV (ACCIDENTE CEREBRO VASCULAR),SECUELAS DE INFARTO CEREBRAL,No aplica,SIMPLE
705,2024,5,Telefónico,44,44001,US- 000002797004,A nombre propio,MUJER,39,DE 38 A 49 AÑOS,Posgrado,Contributivo,No Aplica,No Aplica,44,44001,NUEVA EPS,RÉGIMEN CONTRIBUTIVO,EPS037,NUEVA EPS,44,44001,1,BARRERAS EN EL ACCESO A TECNOLOGÍAS Y SERVICIOS DE SALUD; Y OTROS ELEMENTOS COMPLEMENTARIOS PARA LA ATENCIÓN DEL USUARIO,102,NEGACIÓN DE TECNOLOGÍAS EN SALUD Y OTROS ELEMENTOS COMPLEMENTARIOS PARA LA ATENCIÓN DEL USUARIO,10201,NEGACIÓN EN LA ASIGNACIÓN DE CITAS O CONSULTAS,1020103,ESPECIALIDADES MÉDICAS ,1020103054,INFECTOLOGÍA,PROBLEMAS RELACIONADOS CON FACILIDADES DE ATENCIÓN MÉDICA U OTROS SERVICIOS DE SALUD,PROBLEMAS RELACIONADOS CON FACILIDADES DE ATENCIÓN MÉDICA U OTROS SERVICIOS DE SALUD,TOXOPLASMOSIS,No aplica,SIMPLE
706,2024,6,Web,11,11001,US- 000003606639,A nombre propio,MUJER,35,DE 30 A 37 AÑOS,No Aplica,Contributivo,No Aplica,No Aplica,11,11001,SALUD TOTAL,RÉGIMEN CONTRIBUTIVO,EPS002,SALUD TOTAL,11,11001,4,INSATISFACCIÓN DEL USUARIO CON EL PROCESO ADMINISTRATIVO,401,INSATISFACCIÓN CON LA COMUNICACIÓN O INFORMACIÓN ENTREGADA POR PARTE DEL PERSONAL ADMINISTRATIVO,40101,INSATISFACCIÓN RELACIONADA CON INSUFICIENCIA O DEFICIENCIAS EN LA CALIDAD DE LA INFORMACIÓN BRINDADA AL USUARIO,,,,,PROBLEMAS RELACIONADOS CON FACILIDADES DE ATENCIÓN MÉDICA U OTROS SERVICIOS DE SALUD,PROBLEMAS RELACIONADOS CON FACILIDADES DE ATENCIÓN MÉDICA U OTROS SERVICIOS DE SALUD,OTROS PROBLEMAS RELACIONADOS CON SERVICIOS MÉDICOS Y DE SALUD,No aplica,SIMPLE
707,2024,6,Personalizado,11,11001,US- 000000191857,A nombre propio,MUJER,81,MAYOR DE 63 AÑOS ,Universitario,Subsidiado,Afrocolombiano o Afrodescendiente,No Aplica,11,11001,NUEVA EPS,RÉGIMEN SUBSIDIADO,EPSS41,NUEVA EPS,47,47001,1,BARRERAS EN EL ACCESO A TECNOLOGÍAS Y SERVICIOS DE SALUD; Y OTROS ELEMENTOS COMPLEMENTARIOS PARA LA ATENCIÓN DEL USUARIO,102,NEGACIÓN DE TECNOLOGÍAS EN SALUD Y OTROS ELEMENTOS COMPLEMENTARIOS PARA LA ATENCIÓN DEL USUARIO,10201,NEGACIÓN EN LA ASIGNACIÓN DE CITAS O CONSULTAS,1020103,ESPECIALIDADES MÉDICAS ,1020103080,OTORRINOLARINGOLOGÍA,ENFERMEDADES OSTEOARTICULARES,OTROS,OTRAS GONARTROSIS PRIMARIAS,No aplica,SIMPLE
708,2024,6,Web,8,8758,US- 000003606640,A nombre propio,HOMBRE,20,DE 18 A 24 AÑOS,Ninguno,Subsidiado,No Aplica,No Aplica,8,8758,NUEVA EPS,RÉGIMEN CONTRIBUTIVO,EPS037,NUEVA EPS,91,91001,2,INSATISFACCIÓN RELACIONADA CON LA ATENCIÓN EN SALUD,202,INSATISFACCIÓN RELACIONADA CON LA ATENCIÓN DEL PERSONAL EN SALUD,20201,INSATISFACCIÓN RELACIONADA CON LA ATENCIÓN DEL PERSONAL EN SALUD,2020103,FALTA DE IDONEIDAD EN EL TALENTO HUMANO EN SALUD,,,ENFERMEDADES CRÓNICAS NO TRANSMISIBLES –DIABETES,DIABETES,DIABETES INSÍPIDA,No aplica,SIMPLE
709,2024,6,Escrito,13,13001,US- 000003606641,A nombre propio,MUJER,41,DE 38 A 49 AÑOS,No Aplica,Régimen Especial,No Aplica,No Aplica,13,13001,MAGISTERIO,REGÍMENES DE EXCEPCIÓN Y ESPECIALES,REMG01,MAGISTERIO,13,13001,1,BARRERAS EN EL ACCESO A TECNOLOGÍAS Y SERVICIOS DE SALUD; Y OTROS ELEMENTOS COMPLEMENTARIOS PARA LA ATENCIÓN DEL USUARIO,103,FALTA DE OPORTUNIDAD EN LA AUTORIZACIÓN DE TECNOLOGÍAS EN SALUD Y OTROS ELEMENTOS COMPLEMENTARIOS PARA LA ATENCIÓN DEL USUARIO,10304,FALTA DE OPORTUNIDAD EN LA AUTORIZACIÓN DE OTROS SERVICIOS DE SALUD,1030408,PROCEDIMIENTOS NO QUIRÚRGICOS,1030408001,IMAGENOLOGÍA,SALUD MENTAL,OTROS TRASTORNOS MENTALES,"TRASTORNO DE ANSIEDAD , NO ESPECIFICADO",No aplica,PRIORIZADO
710,2024,6,Telefónico,5,5001,US- 000003228670,Cónyuge,HOMBRE,65,MAYOR DE 63 AÑOS ,Secundaria Incompleta,Contributivo,No Aplica,No Aplica,5,5001,NUEVA EPS,RÉGIMEN CONTRIBUTIVO,EPS037,NUEVA EPS,5,5088,1,BARRERAS EN EL ACCESO A TECNOLOGÍAS Y SERVICIOS DE SALUD; Y OTROS ELEMENTOS COMPLEMENTARIOS PARA LA ATENCIÓN DEL USUARIO,101,FALTA DE OPORTUNIDAD EN LA PRESTACIÓN DE TECNOLOGÍAS EN SALUD Y OTROS ELEMENTOS COMPLEMENTARIOS PARA LA ATENCIÓN DEL USUARIO,10103,FALTA DE OPORTUNIDAD EN LA ATENCIÓN EN OTROS SERVICIOS DE SALUD,1010308,PROCEDIMIENTOS NO QUIRÚRGICOS,1010308001,IMAGENOLOGÍA,ENFERMEDADES CRÓNICAS NO TRASMISIBLES CARDIOVASCULARES,HTA (HIPERTENSIÓN ARTERIAL),CIRROSIS HEPÁTICA ALCOHÓLICA,No aplica,SIMPLE
711,2024,6,Personalizado,44,44001,US- 000003606642,Tío (A),HOMBRE,17,DE 13 A 17 AÑOS,Secundaria Incompleta,Subsidiado,No Aplica,No Aplica,44,44001,MUTUAL SER,RÉGIMEN SUBSIDIADO,ESS207,MUTUAL SER,47,47189,1,BARRERAS EN EL ACCESO A TECNOLOGÍAS Y SERVICIOS DE SALUD; Y OTROS ELEMENTOS COMPLEMENTARIOS PARA LA ATENCIÓN DEL USUARIO,103,FALTA DE OPORTUNIDAD EN LA AUTORIZACIÓN DE TECNOLOGÍAS EN SALUD Y OTROS ELEMENTOS COMPLEMENTARIOS PARA LA ATENCIÓN DEL USUARIO,10301,FALTA DE OPORTUNIDAD EN LA AUTORIZACIÓN DE TECNOLOGÍAS EN SALUD Y/O DE OTROS SERVICIOS,1030103,DISPOSITIVOS MÉDICOS UPC,,,ENFERMEDADES OSTEOARTICULARES,OTROS,FRACTURA DEL HOMBRO Y DEL BRAZO,No aplica,PRIORIZADO
712,2024,6,Telefónico,66,66170,US- 000000561605,A nombre propio,MUJER,75,MAYOR DE 63 AÑOS ,Primaria,Contributivo,No Aplica,No Aplica,66,66170,NUEVA EPS,RÉGIMEN CONTRIBUTIVO,EPS037,NUEVA EPS,66,66170,1,BARRERAS EN EL ACCESO A TECNOLOGÍAS Y SERVICIOS DE SALUD; Y OTROS ELEMENTOS COMPLEMENTARIOS PARA LA ATENCIÓN DEL USUARIO,101,FALTA DE OPORTUNIDAD EN LA PRESTACIÓN DE TECNOLOGÍAS EN SALUD Y OTROS ELEMENTOS COMPLEMENTARIOS PARA LA ATENCIÓN DEL USUARIO,10103,FALTA DE OPORTUNIDAD EN LA ATENCIÓN EN OTROS SERVICIOS DE SALUD,1010309,PROCEDIMIENTOS QUIRÚRGICOS,1010309003,OTROS PROCEDIMIENTOS QUIRÚRGICOS,ENFERMEDADES OSTEOARTICULARES,OTROS,GONARTROSIS,Reemplazos articulares,SIMPLE
713,2024,6,Escrito,76,76001,US- 000001010317,A nombre propio,MUJER,77,MAYOR DE 63 AÑOS ,No Aplica,Contributivo,No Aplica,No Aplica,76,76001,SURAMERICANA EPS,RÉGIMEN CONTRIBUTIVO,EPS010,EPS SURA,76,76001,1,BARRERAS EN EL ACCESO A TECNOLOGÍAS Y SERVICIOS DE SALUD; Y OTROS ELEMENTOS COMPLEMENTARIOS PARA LA ATENCIÓN DEL USUARIO,102,NEGACIÓN DE TECNOLOGÍAS EN SALUD Y OTROS ELEMENTOS COMPLEMENTARIOS PARA LA ATENCIÓN DEL USUARIO,10204,NEGACIÓN PARA LA ENTREGA DE TECNOLOGÍAS EN SALUD Y/O DE OTROS SERVICIOS AUTORIZADOS,1020407,"ELEMENTOS COMPLEMENTARIOS PARA LA ATENCIÓN DEL USUARIO (PAÑALES, PAÑITOS, ETC.)",,,PROBLEMAS RELACIONADOS CON FACILIDADES DE ATENCIÓN MÉDICA U OTROS SERVICIOS DE SALUD,PROBLEMAS RELACIONADOS CON FACILIDADES DE ATENCIÓN MÉDICA U OTROS SERVICIOS DE SALUD,OTROS PROBLEMAS RELACIONADOS CON SERVICIOS MÉDICOS Y DE SALUD,No aplica,SIMPLE
714,2024,6,Web,11,11001,US- 000000370791,A nombre propio,HOMBRE,23,DE 18 A 24 AÑOS,No Aplica,Contributivo,No Aplica,No Aplica,11,11001,SANITAS,RÉGIMEN CONTRIBUTIVO,EPS005,SANITAS,11,11001,1,BARRERAS EN EL ACCESO A TECNOLOGÍAS Y SERVICIOS DE SALUD; Y OTROS ELEMENTOS COMPLEMENTARIOS PARA LA ATENCIÓN DEL USUARIO,101,FALTA DE OPORTUNIDAD EN LA PRESTACIÓN DE TECNOLOGÍAS EN SALUD Y OTROS ELEMENTOS COMPLEMENTARIOS PARA LA ATENCIÓN DEL USUARIO,10104,FALTA DE OPORTUNIDAD EN LA ENTREGA O ENTREGA INCOMPLETA DE TECNOLOGÍAS EN SALUD Y/O PRESTACIÓN DE OTROS SERVICIOS,1010401,MEDICAMENTOS UPC,,,ENFERMEDADES NEUROLÓGICAS,EPILEPSIA,EPILEPSIA Y SÍNDROMES EPILÉPTICOS SINTOMÁTICOS RELACIONADOS CON LOCALIZACIONES (FOCALES) (PARCIALES) Y CON ATAQUES PARCIALES COMPLEJOS,No aplica,PRIORIZADO
715,2024,6,Telefónico,54,54874,US- 000003606643,Hijo (A),MUJER,63,MAYOR DE 63 AÑOS ,Universitario,Contributivo,No Aplica,No Aplica,54,54874,NUEVA EPS,RÉGIMEN CONTRIBUTIVO,EPS037,NUEVA EPS,54,54874,1,BARRERAS EN EL ACCESO A TECNOLOGÍAS Y SERVICIOS DE SALUD; Y OTROS ELEMENTOS COMPLEMENTARIOS PARA LA ATENCIÓN DEL USUARIO,102,NEGACIÓN DE TECNOLOGÍAS EN SALUD Y OTROS ELEMENTOS COMPLEMENTARIOS PARA LA ATENCIÓN DEL USUARIO,10201,NEGACIÓN EN LA ASIGNACIÓN DE CITAS O CONSULTAS,1020103,ESPECIALIDADES MÉDICAS ,1020103072,NEUROLOGÍA,ENFERMEDADES OSTEOARTICULARES,OTROS,OTROS TRASTORNOS DE LOS DISCOS INTERVERTEBRALES,No aplica,SIMPLE
716,2024,6,Personalizado,20,20001,US- 000003123799,Hijo (A),MUJER,76,MAYOR DE 63 AÑOS ,Primaria,Subsidiado,No Aplica,No Aplica,20,20001,COOSALUD,RÉGIMEN SUBSIDIADO,ESS024,COOSALUD,20,20001,1,BARRERAS EN EL ACCESO A TECNOLOGÍAS Y SERVICIOS DE SALUD; Y OTROS ELEMENTOS COMPLEMENTARIOS PARA LA ATENCIÓN DEL USUARIO,101,FALTA DE OPORTUNIDAD EN LA PRESTACIÓN DE TECNOLOGÍAS EN SALUD Y OTROS ELEMENTOS COMPLEMENTARIOS PARA LA ATENCIÓN DEL USUARIO,10103,FALTA DE OPORTUNIDAD EN LA ATENCIÓN EN OTROS SERVICIOS DE SALUD,1010309,PROCEDIMIENTOS QUIRÚRGICOS,1010309003,OTROS PROCEDIMIENTOS QUIRÚRGICOS,ENFERMEDADES CRÓNICAS NO TRASMISIBLES CARDIOVASCULARES,HTA (HIPERTENSIÓN ARTERIAL),CATARATA SENIL NUCLEAR,No aplica,SIMPLE
717,2024,6,Web,11,11001,US- 000003606644,A nombre propio,MUJER,65,MAYOR DE 63 AÑOS ,No Aplica,Contributivo,No Aplica,No Aplica,11,11001,COMPENSAR,RÉGIMEN CONTRIBUTIVO,EPS008,COMPENSAR,11,11001,1,BARRERAS EN EL ACCESO A TECNOLOGÍAS Y SERVICIOS DE SALUD; Y OTROS ELEMENTOS COMPLEMENTARIOS PARA LA ATENCIÓN DEL USUARIO,102,NEGACIÓN DE TECNOLOGÍAS EN SALUD Y OTROS ELEMENTOS COMPLEMENTARIOS PARA LA ATENCIÓN DEL USUARIO,10201,NEGACIÓN EN LA ASIGNACIÓN DE CITAS O CONSULTAS,1020101,MEDICINA GENERAL,,,PROBLEMAS RELACIONADOS CON FACILIDADES DE ATENCIÓN MÉDICA U OTROS SERVICIOS DE SALUD,PROBLEMAS RELACIONADOS CON FACILIDADES DE ATENCIÓN MÉDICA U OTROS SERVICIOS DE SALUD,CATARATA SENIL,No aplica,SIMPLE
718,2024,5,Web,18,18001,US- 000003606645,A nombre propio,HOMBRE,35,DE 30 A 37 AÑOS,No Aplica,No aplica,No Aplica,No Aplica,18,18001,POSITIVA,ADMINISTRADORAS DE RIESGOS LABORALES,ARL002,ARL - POSITIVA,18,18001,1,BARRERAS EN EL ACCESO A TECNOLOGÍAS Y SERVICIOS DE SALUD; Y OTROS ELEMENTOS COMPLEMENTARIOS PARA LA ATENCIÓN DEL USUARIO,103,FALTA DE OPORTUNIDAD EN LA AUTORIZACIÓN DE TECNOLOGÍAS EN SALUD Y OTROS ELEMENTOS COMPLEMENTARIOS PARA LA ATENCIÓN DEL USUARIO,10301,FALTA DE OPORTUNIDAD EN LA AUTORIZACIÓN DE TECNOLOGÍAS EN SALUD Y/O DE OTROS SERVICIOS,1030108,"TRANSPORTE, ALOJAMIENTO O ALIMENTACIÓN",,,PROBLEMAS RELACIONADOS CON FACILIDADES DE ATENCIÓN MÉDICA U OTROS SERVICIOS DE SALUD,PROBLEMAS RELACIONADOS CON FACILIDADES DE ATENCIÓN MÉDICA U OTROS SERVICIOS DE SALUD,PROBLEMAS RELACIONADOS CON DEPENDENCIA DEL PRESTADOR DE SERVICIOS,No aplica,SIMPLE
719,2024,5,Web,5,5001,US- 000002176448,A nombre propio,MUJER,53,DE 50 A 62 AÑOS,No Aplica,Régimen Especial,No Aplica,No Aplica,5,5001,MAGISTERIO,REGÍMENES DE EXCEPCIÓN Y ESPECIALES,REMG01,MAGISTERIO,5,5001,1,BARRERAS EN EL ACCESO A TECNOLOGÍAS Y SERVICIOS DE SALUD; Y OTROS ELEMENTOS COMPLEMENTARIOS PARA LA ATENCIÓN DEL USUARIO,101,FALTA DE OPORTUNIDAD EN LA PRESTACIÓN DE TECNOLOGÍAS EN SALUD Y OTROS ELEMENTOS COMPLEMENTARIOS PARA LA ATENCIÓN DEL USUARIO,10101,FALTA DE OPORTUNIDAD EN LAS CITAS O CONSULTAS,1010103,ESPECIALIDADES MÉDICAS ,1010103033,DERMATOLOGÍA,PROBLEMAS RELACIONADOS CON FACILIDADES DE ATENCIÓN MÉDICA U OTROS SERVICIOS DE SALUD,PROBLEMAS RELACIONADOS CON FACILIDADES DE ATENCIÓN MÉDICA U OTROS SERVICIOS DE SALUD,PROBLEMAS RELACIONADOS CON FACILIDADES DE ATENCIÓN MEDICA U OTROS SERVICIOS DE SALUD,No aplica,SIMPLE
720,2024,4,Web,15,15572,US- 000003606646,A nombre propio,HOMBRE,66,MAYOR DE 63 AÑOS ,No Aplica,Contributivo,No Aplica,No Aplica,15,15572,FAMISANAR,RÉGIMEN CONTRIBUTIVO,EPS017,FAMISANAR,15,15572,4,INSATISFACCIÓN DEL USUARIO CON EL PROCESO ADMINISTRATIVO,405,PROBLEMAS EN EL RECONOCIMIENTO Y/O PAGO DE PRESTACIONES ECONÓMICAS,40502,NEGACIÓN Y/O FALTA DE OPORTUNIDAD EN EL RECONOCIMIENTO DE REEMBOLSOS,4050202,PROCEDIMIENTOS QUIRÚRGICOS Y NO QUIRÚRGICOS,,,PROBLEMAS RELACIONADOS CON FACILIDADES DE ATENCIÓN MÉDICA U OTROS SERVICIOS DE SALUD,PROBLEMAS RELACIONADOS CON FACILIDADES DE ATENCIÓN MÉDICA U OTROS SERVICIOS DE SALUD,OTROS PROBLEMAS RELACIONADOS CON SERVICIOS MÉDICOS Y DE SALUD,No aplica,SIMPLE
721,2024,6,Web,5,5120,US- 000003606647,A nombre propio,MUJER,0,DE 0 A 5 AÑOS,No Aplica,Subsidiado,No Aplica,No Aplica,5,5120,COOSALUD,RÉGIMEN SUBSIDIADO,ESS024,COOSALUD,5,5154,1,BARRERAS EN EL ACCESO A TECNOLOGÍAS Y SERVICIOS DE SALUD; Y OTROS ELEMENTOS COMPLEMENTARIOS PARA LA ATENCIÓN DEL USUARIO,101,FALTA DE OPORTUNIDAD EN LA PRESTACIÓN DE TECNOLOGÍAS EN SALUD Y OTROS ELEMENTOS COMPLEMENTARIOS PARA LA ATENCIÓN DEL USUARIO,10104,FALTA DE OPORTUNIDAD EN LA ENTREGA O ENTREGA INCOMPLETA DE TECNOLOGÍAS EN SALUD Y/O PRESTACIÓN DE OTROS SERVICIOS,1010401,MEDICAMENTOS UPC,,,MATERNO INFANTIL,ATENCIÓN NIÑOS MENORES DE 5 AÑOS,OTROS RECIÉN NACIDOS PRETÉRMINO,No aplica,PRIORIZADO
722,2024,6,Telefónico,76,76001,US- 000001069659,A nombre propio,MUJER,76,MAYOR DE 63 AÑOS ,Ninguno,Subsidiado,Afrocolombiano o Afrodescendiente,Desplazado,76,76001,COOSALUD,RÉGIMEN SUBSIDIADO,ESS024,COOSALUD,76,76001,4,INSATISFACCIÓN DEL USUARIO CON EL PROCESO ADMINISTRATIVO,404,INSATISFACCIÓN RELACIONADA CON TRÁMITES ADMINISTRATIVOS,40401,RESTRICCIÓN EN LA LIBRE ESCOGENCIA,4040102,PRESTADOR DE SERVICIO DE SALUD,,,PROBLEMAS RELACIONADOS CON FACILIDADES DE ATENCIÓN MÉDICA U OTROS SERVICIOS DE SALUD,PROBLEMAS RELACIONADOS CON FACILIDADES DE ATENCIÓN MÉDICA U OTROS SERVICIOS DE SALUD,OTROS PROBLEMAS RELACIONADOS CON SERVICIOS MÉDICOS Y DE SALUD,No aplica,SIMPLE
723,2024,6,Web,11,11001,US- 000003606648,A nombre propio,HOMBRE,75,MAYOR DE 63 AÑOS ,No Aplica,Contributivo,No Aplica,No Aplica,11,11001,NUEVA EPS,RÉGIMEN CONTRIBUTIVO,EPS037,NUEVA EPS,17,17614,1,BARRERAS EN EL ACCESO A TECNOLOGÍAS Y SERVICIOS DE SALUD; Y OTROS ELEMENTOS COMPLEMENTARIOS PARA LA ATENCIÓN DEL USUARIO,101,FALTA DE OPORTUNIDAD EN LA PRESTACIÓN DE TECNOLOGÍAS EN SALUD Y OTROS ELEMENTOS COMPLEMENTARIOS PARA LA ATENCIÓN DEL USUARIO,10101,FALTA DE OPORTUNIDAD EN LAS CITAS O CONSULTAS,1010103,ESPECIALIDADES MÉDICAS ,1010103075,OFTALMOLOGÍA,PROBLEMAS RELACIONADOS CON FACILIDADES DE ATENCIÓN MÉDICA U OTROS SERVICIOS DE SALUD,PROBLEMAS RELACIONADOS CON FACILIDADES DE ATENCIÓN MÉDICA U OTROS SERVICIOS DE SALUD,ALTERACIONES DE LA VISION,No aplica,SIMPLE
724,2024,5,Web,11,11001,US- 000003606649,A nombre propio,MUJER,64,MAYOR DE 63 AÑOS ,No Aplica,Subsidiado,No Aplica,No Aplica,11,11001,COMPENSAR,RÉGIMEN CONTRIBUTIVO,EPS008,COMPENSAR,11,11001,1,BARRERAS EN EL ACCESO A TECNOLOGÍAS Y SERVICIOS DE SALUD; Y OTROS ELEMENTOS COMPLEMENTARIOS PARA LA ATENCIÓN DEL USUARIO,102,NEGACIÓN DE TECNOLOGÍAS EN SALUD Y OTROS ELEMENTOS COMPLEMENTARIOS PARA LA ATENCIÓN DEL USUARIO,10204,NEGACIÓN PARA LA ENTREGA DE TECNOLOGÍAS EN SALUD Y/O DE OTROS SERVICIOS AUTORIZADOS,1020401,MEDICAMENTOS UPC,,,PROBLEMAS RELACIONADOS CON FACILIDADES DE ATENCIÓN MÉDICA U OTROS SERVICIOS DE SALUD,PROBLEMAS RELACIONADOS CON FACILIDADES DE ATENCIÓN MÉDICA U OTROS SERVICIOS DE SALUD,OTROS PROBLEMAS RELACIONADOS CON SERVICIOS MÉDICOS Y DE SALUD,No aplica,SIMPLE
725,2024,6,Web,11,11001,US- 000003606650,Madre,MUJER,9,DE 6 A 12 AÑOS,No Aplica,Contributivo,No Aplica,No Aplica,11,11001,SANITAS,RÉGIMEN CONTRIBUTIVO,EPS005,SANITAS,11,11001,1,BARRERAS EN EL ACCESO A TECNOLOGÍAS Y SERVICIOS DE SALUD; Y OTROS ELEMENTOS COMPLEMENTARIOS PARA LA ATENCIÓN DEL USUARIO,101,FALTA DE OPORTUNIDAD EN LA PRESTACIÓN DE TECNOLOGÍAS EN SALUD Y OTROS ELEMENTOS COMPLEMENTARIOS PARA LA ATENCIÓN DEL USUARIO,10103,FALTA DE OPORTUNIDAD EN LA ATENCIÓN EN OTROS SERVICIOS DE SALUD,1010308,PROCEDIMIENTOS NO QUIRÚRGICOS,1010308006,OTROS PROCEDIMIENTOS NO QUIRÚRGICOS,PROBLEMAS RELACIONADOS CON FACILIDADES DE ATENCIÓN MÉDICA U OTROS SERVICIOS DE SALUD,PROBLEMAS RELACIONADOS CON FACILIDADES DE ATENCIÓN MÉDICA U OTROS SERVICIOS DE SALUD,OTROS EXÁMENES ESPECIALES ESPECIFICADOS,No aplica,SIMPLE
726,2024,6,Telefónico,76,76001,US- 000002081776,Hijo (A),MUJER,74,MAYOR DE 63 AÑOS ,Universitario Incompleto,Contributivo,No Aplica,No Aplica,76,76001,COOSALUD,RÉGIMEN CONTRIBUTIVO,EPS042,COOSALUD,76,76001,1,BARRERAS EN EL ACCESO A TECNOLOGÍAS Y SERVICIOS DE SALUD; Y OTROS ELEMENTOS COMPLEMENTARIOS PARA LA ATENCIÓN DEL USUARIO,101,FALTA DE OPORTUNIDAD EN LA PRESTACIÓN DE TECNOLOGÍAS EN SALUD Y OTROS ELEMENTOS COMPLEMENTARIOS PARA LA ATENCIÓN DEL USUARIO,10101,FALTA DE OPORTUNIDAD EN LAS CITAS O CONSULTAS,1010103,ESPECIALIDADES MÉDICAS ,1010103072,NEUROLOGÍA,ENFERMEDADES OSTEOARTICULARES,NEUROLÓGICAS,DEMENCIA EN LA ENFERMEDAD DE ALZHEIMER,No aplica,SIMPLE
727,2024,6,Personalizado,8,8001,US- 000003606651,Madre,HOMBRE,3,DE 0 A 5 AÑOS,Ninguno,Contributivo,No Aplica,No Aplica,8,8001,SURAMERICANA EPS,RÉGIMEN CONTRIBUTIVO,EPS010,EPS SURA,8,8001,1,BARRERAS EN EL ACCESO A TECNOLOGÍAS Y SERVICIOS DE SALUD; Y OTROS ELEMENTOS COMPLEMENTARIOS PARA LA ATENCIÓN DEL USUARIO,103,FALTA DE OPORTUNIDAD EN LA AUTORIZACIÓN DE TECNOLOGÍAS EN SALUD Y OTROS ELEMENTOS COMPLEMENTARIOS PARA LA ATENCIÓN DEL USUARIO,10304,FALTA DE OPORTUNIDAD EN LA AUTORIZACIÓN DE OTROS SERVICIOS DE SALUD,1030408,PROCEDIMIENTOS NO QUIRÚRGICOS,1030408006,OTROS PROCEDIMIENTOS NO QUIRÚRGICOS,ENFERMEDADES OSTEOARTICULARES,NEUROLÓGICAS,AUTISMO ATÍPICO,No aplica,SIMPLE
728,2024,6,Web,5,5837,US- 000001816524,A nombre propio,MUJER,20,DE 18 A 24 AÑOS,No Aplica,Contributivo,Afrocolombiano o Afrodescendiente,Desplazado,5,5837,SURAMERICANA EPS,RÉGIMEN CONTRIBUTIVO,EPS010,EPS SURA,5,5837,1,BARRERAS EN EL ACCESO A TECNOLOGÍAS Y SERVICIOS DE SALUD; Y OTROS ELEMENTOS COMPLEMENTARIOS PARA LA ATENCIÓN DEL USUARIO,102,NEGACIÓN DE TECNOLOGÍAS EN SALUD Y OTROS ELEMENTOS COMPLEMENTARIOS PARA LA ATENCIÓN DEL USUARIO,10201,NEGACIÓN EN LA ASIGNACIÓN DE CITAS O CONSULTAS,1020103,ESPECIALIDADES MÉDICAS ,1020103033,DERMATOLOGÍA,PROBLEMAS RELACIONADOS CON FACILIDADES DE ATENCIÓN MÉDICA U OTROS SERVICIOS DE SALUD,PROBLEMAS RELACIONADOS CON FACILIDADES DE ATENCIÓN MÉDICA U OTROS SERVICIOS DE SALUD,ACNÉ VULGAR,No aplica,SIMPLE
729,2024,6,Web,76,76364,US- 000003164031,A nombre propio,MUJER,39,DE 38 A 49 AÑOS,Primaria,Contributivo,No Aplica,No Aplica,76,76364,COMFENALCO VALLE,RÉGIMEN CONTRIBUTIVO,EPS012,COMFENALCO  VALLE,76,76364,1,BARRERAS EN EL ACCESO A TECNOLOGÍAS Y SERVICIOS DE SALUD; Y OTROS ELEMENTOS COMPLEMENTARIOS PARA LA ATENCIÓN DEL USUARIO,103,FALTA DE OPORTUNIDAD EN LA AUTORIZACIÓN DE TECNOLOGÍAS EN SALUD Y OTROS ELEMENTOS COMPLEMENTARIOS PARA LA ATENCIÓN DEL USUARIO,10304,FALTA DE OPORTUNIDAD EN LA AUTORIZACIÓN DE OTROS SERVICIOS DE SALUD,1030409,PROCEDIMIENTOS QUIRÚRGICOS,1030409003,OTROS PROCEDIMIENTOS QUIRÚRGICOS,PROBLEMAS RELACIONADOS CON FACILIDADES DE ATENCIÓN MÉDICA U OTROS SERVICIOS DE SALUD,PROBLEMAS RELACIONADOS CON FACILIDADES DE ATENCIÓN MÉDICA U OTROS SERVICIOS DE SALUD,OTROS PROBLEMAS RELACIONADOS CON SERVICIOS MÉDICOS Y DE SALUD,No aplica,SIMPLE
730,2024,5,Personalizado,76,76001,US- 000003606652,A nombre propio,HOMBRE,62,DE 50 A 62 AÑOS,Secundaria,Contributivo,No Aplica,No Aplica,76,76001,SURAMERICANA EPS,RÉGIMEN CONTRIBUTIVO,EPS010,EPS SURA,76,76001,1,BARRERAS EN EL ACCESO A TECNOLOGÍAS Y SERVICIOS DE SALUD; Y OTROS ELEMENTOS COMPLEMENTARIOS PARA LA ATENCIÓN DEL USUARIO,102,NEGACIÓN DE TECNOLOGÍAS EN SALUD Y OTROS ELEMENTOS COMPLEMENTARIOS PARA LA ATENCIÓN DEL USUARIO,10203,NEGACIÓN EN LA ATENCIÓN EN OTROS SERVICIOS DE SALUD,1020309,PROCEDIMIENTOS QUIRÚRGICOS,1020309003,OTROS PROCEDIMIENTOS QUIRÚRGICOS,ENFERMEDADES OSTEOARTICULARES,OTROS,OTRAS GONARTROSIS PRIMARIAS,No aplica,SIMPLE
731,2024,6,Web,11,11001,US- 000003606653,A nombre propio,MUJER,38,DE 38 A 49 AÑOS,No Aplica,Contributivo,No Aplica,No Aplica,11,11001,SALUD TOTAL,RÉGIMEN CONTRIBUTIVO,EPS002,SALUD TOTAL,11,11001,1,BARRERAS EN EL ACCESO A TECNOLOGÍAS Y SERVICIOS DE SALUD; Y OTROS ELEMENTOS COMPLEMENTARIOS PARA LA ATENCIÓN DEL USUARIO,102,NEGACIÓN DE TECNOLOGÍAS EN SALUD Y OTROS ELEMENTOS COMPLEMENTARIOS PARA LA ATENCIÓN DEL USUARIO,10201,NEGACIÓN EN LA ASIGNACIÓN DE CITAS O CONSULTAS,1020103,ESPECIALIDADES MÉDICAS ,1020103022,CIRUGÍA GENERAL,PROBLEMAS RELACIONADOS CON FACILIDADES DE ATENCIÓN MÉDICA U OTROS SERVICIOS DE SALUD,PROBLEMAS RELACIONADOS CON FACILIDADES DE ATENCIÓN MÉDICA U OTROS SERVICIOS DE SALUD,OTRAS COLELITIASIS,No aplica,SIMPLE
732,2024,6,Web,19,19001,US- 000003606654,A nombre propio,MUJER,28,DE 25 A 29 AÑOS,Ninguno,Contributivo,No Aplica,No Aplica,19,19001,NUEVA EPS,RÉGIMEN CONTRIBUTIVO,EPS037,NUEVA EPS,19,19001,1,BARRERAS EN EL ACCESO A TECNOLOGÍAS Y SERVICIOS DE SALUD; Y OTROS ELEMENTOS COMPLEMENTARIOS PARA LA ATENCIÓN DEL USUARIO,102,NEGACIÓN DE TECNOLOGÍAS EN SALUD Y OTROS ELEMENTOS COMPLEMENTARIOS PARA LA ATENCIÓN DEL USUARIO,10204,NEGACIÓN PARA LA ENTREGA DE TECNOLOGÍAS EN SALUD Y/O DE OTROS SERVICIOS AUTORIZADOS,1020401,MEDICAMENTOS UPC,,,ENFERMEDADES NEUROLÓGICAS,EPILEPSIA,"EPILEPSIA, TIPO NO ESPECIFICADO",No aplica,SIMPLE
733,2024,4,Personalizado,68,68001,US- 000003253662,Cónyuge,HOMBRE,62,DE 50 A 62 AÑOS,Secundaria Incompleta,Contributivo,No Aplica,No Aplica,68,68001,FAMISANAR,RÉGIMEN CONTRIBUTIVO,EPS017,FAMISANAR,68,68001,1,BARRERAS EN EL ACCESO A TECNOLOGÍAS Y SERVICIOS DE SALUD; Y OTROS ELEMENTOS COMPLEMENTARIOS PARA LA ATENCIÓN DEL USUARIO,103,FALTA DE OPORTUNIDAD EN LA AUTORIZACIÓN DE TECNOLOGÍAS EN SALUD Y OTROS ELEMENTOS COMPLEMENTARIOS PARA LA ATENCIÓN DEL USUARIO,10304,FALTA DE OPORTUNIDAD EN LA AUTORIZACIÓN DE OTROS SERVICIOS DE SALUD,1030409,PROCEDIMIENTOS QUIRÚRGICOS,1030409003,OTROS PROCEDIMIENTOS QUIRÚRGICOS,PROBLEMAS RELACIONADOS CON FACILIDADES DE ATENCIÓN MÉDICA U OTROS SERVICIOS DE SALUD,PROBLEMAS RELACIONADOS CON FACILIDADES DE ATENCIÓN MÉDICA U OTROS SERVICIOS DE SALUD,HIPERPLASIA DE LA PRÓSTATA,No aplica,SIMPLE
734,2024,6,Web,25,25823,US- 000003606655,A nombre propio,HOMBRE,82,MAYOR DE 63 AÑOS ,No Aplica,Subsidiado,No Aplica,Desplazado,25,25823,SALUD TOTAL,RÉGIMEN CONTRIBUTIVO,EPS002,SALUD TOTAL,25,25823,1,BARRERAS EN EL ACCESO A TECNOLOGÍAS Y SERVICIOS DE SALUD; Y OTROS ELEMENTOS COMPLEMENTARIOS PARA LA ATENCIÓN DEL USUARIO,101,FALTA DE OPORTUNIDAD EN LA PRESTACIÓN DE TECNOLOGÍAS EN SALUD Y OTROS ELEMENTOS COMPLEMENTARIOS PARA LA ATENCIÓN DEL USUARIO,10103,FALTA DE OPORTUNIDAD EN LA ATENCIÓN EN OTROS SERVICIOS DE SALUD,1010309,PROCEDIMIENTOS QUIRÚRGICOS,1010309003,OTROS PROCEDIMIENTOS QUIRÚRGICOS,PROBLEMAS RELACIONADOS CON FACILIDADES DE ATENCIÓN MÉDICA U OTROS SERVICIOS DE SALUD,PROBLEMAS RELACIONADOS CON FACILIDADES DE ATENCIÓN MÉDICA U OTROS SERVICIOS DE SALUD,OTROS PROBLEMAS RELACIONADOS CON SERVICIOS MÉDICOS Y DE SALUD,No aplica,SIMPLE
735,2024,6,Web,15,15001,US- 000002664921,Hijo (A),HOMBRE,16,DE 13 A 17 AÑOS,No Aplica,Contributivo,No Aplica,No Aplica,15,15001,SANITAS,RÉGIMEN CONTRIBUTIVO,EPS005,SANITAS,15,15001,1,BARRERAS EN EL ACCESO A TECNOLOGÍAS Y SERVICIOS DE SALUD; Y OTROS ELEMENTOS COMPLEMENTARIOS PARA LA ATENCIÓN DEL USUARIO,101,FALTA DE OPORTUNIDAD EN LA PRESTACIÓN DE TECNOLOGÍAS EN SALUD Y OTROS ELEMENTOS COMPLEMENTARIOS PARA LA ATENCIÓN DEL USUARIO,10101,FALTA DE OPORTUNIDAD EN LAS CITAS O CONSULTAS,1010103,ESPECIALIDADES MÉDICAS ,1010103084,PSIQUIATRÍA PEDIÁTRICA,SALUD MENTAL,OTROS TRASTORNOS MENTALES,TRASTORNO MIXTO DE ANSIEDAD Y DEPRESIÓN,No aplica,PRIORIZADO
736,2024,6,Web,8,8001,US- 000003606656,Otro,HOMBRE,25,DE 25 A 29 AÑOS,No Aplica,Contributivo,No Aplica,No Aplica,8,8634,MUTUAL SER,RÉGIMEN SUBSIDIADO,ESS207,MUTUAL SER,8,8634,4,INSATISFACCIÓN DEL USUARIO CON EL PROCESO ADMINISTRATIVO,405,PROBLEMAS EN EL RECONOCIMIENTO Y/O PAGO DE PRESTACIONES ECONÓMICAS,40501,NO RECONOCIMIENTO Y/O PAGO DE LAS PRESTACIONES ECONÓMICAS,4050107,INCAPACIDAD DE ENFERMEDAD GENERAL,,,PROBLEMAS RELACIONADOS CON FACILIDADES DE ATENCIÓN MÉDICA U OTROS SERVICIOS DE SALUD,PROBLEMAS RELACIONADOS CON FACILIDADES DE ATENCIÓN MÉDICA U OTROS SERVICIOS DE SALUD,OTRA ATENCIÓN MEDICA,No aplica,SIMPLE
737,2024,6,Web,8,8001,US- 000003606657,A nombre propio,HOMBRE,55,DE 50 A 62 AÑOS,No Aplica,Subsidiado,No Aplica,No Aplica,8,8001,NUEVA EPS,RÉGIMEN SUBSIDIADO,EPSS41,NUEVA EPS,8,8001,1,BARRERAS EN EL ACCESO A TECNOLOGÍAS Y SERVICIOS DE SALUD; Y OTROS ELEMENTOS COMPLEMENTARIOS PARA LA ATENCIÓN DEL USUARIO,103,FALTA DE OPORTUNIDAD EN LA AUTORIZACIÓN DE TECNOLOGÍAS EN SALUD Y OTROS ELEMENTOS COMPLEMENTARIOS PARA LA ATENCIÓN DEL USUARIO,10301,FALTA DE OPORTUNIDAD EN LA AUTORIZACIÓN DE TECNOLOGÍAS EN SALUD Y/O DE OTROS SERVICIOS,1030101,MEDICAMENTOS UPC,,,ENFERMEDADES CRÓNICAS NO TRANSMISIBLES –DIABETES,DIABETES,VENAS VARICOSAS DE LOS MIEMBROS INFERIORES CON ULCERA,No aplica,SIMPLE
738,2024,5,Web,5,5001,US- 000003606658,Madre,HOMBRE,11,DE 6 A 12 AÑOS,Ninguno,Régimen Especial,No Aplica,Persona con discapacidad,5,5001,MAGISTERIO,REGÍMENES DE EXCEPCIÓN Y ESPECIALES,REMG01,MAGISTERIO,5,5001,1,BARRERAS EN EL ACCESO A TECNOLOGÍAS Y SERVICIOS DE SALUD; Y OTROS ELEMENTOS COMPLEMENTARIOS PARA LA ATENCIÓN DEL USUARIO,102,NEGACIÓN DE TECNOLOGÍAS EN SALUD Y OTROS ELEMENTOS COMPLEMENTARIOS PARA LA ATENCIÓN DEL USUARIO,10204,NEGACIÓN PARA LA ENTREGA DE TECNOLOGÍAS EN SALUD Y/O DE OTROS SERVICIOS AUTORIZADOS,1020401,MEDICAMENTOS UPC,,,PROBLEMAS RELACIONADOS CON FACILIDADES DE ATENCIÓN MÉDICA U OTROS SERVICIOS DE SALUD,PROBLEMAS RELACIONADOS CON FACILIDADES DE ATENCIÓN MÉDICA U OTROS SERVICIOS DE SALUD,"TRASTORNO ADRENOGENITAL, NO ESPECIFICADO",No aplica,SIMPLE
739,2024,6,Telefónico,50,50568,US- 000002914358,A nombre propio,MUJER,45,DE 38 A 49 AÑOS,Secundaria,Subsidiado,No Aplica,Desplazado,50,50568,NUEVA EPS,RÉGIMEN SUBSIDIADO,EPSS41,NUEVA EPS,50,50568,1,BARRERAS EN EL ACCESO A TECNOLOGÍAS Y SERVICIOS DE SALUD; Y OTROS ELEMENTOS COMPLEMENTARIOS PARA LA ATENCIÓN DEL USUARIO,101,FALTA DE OPORTUNIDAD EN LA PRESTACIÓN DE TECNOLOGÍAS EN SALUD Y OTROS ELEMENTOS COMPLEMENTARIOS PARA LA ATENCIÓN DEL USUARIO,10101,FALTA DE OPORTUNIDAD EN LAS CITAS O CONSULTAS,1010103,ESPECIALIDADES MÉDICAS ,1010103071,NEUROCIRUGÍA,PROBLEMAS RELACIONADOS CON FACILIDADES DE ATENCIÓN MÉDICA U OTROS SERVICIOS DE SALUD,PROBLEMAS RELACIONADOS CON FACILIDADES DE ATENCIÓN MÉDICA U OTROS SERVICIOS DE SALUD,MIGRAÑA CON AURA [MIGRAÑA CLÁSICA],No aplica,SIMPLE
740,2024,5,Telefónico,19,19573,US- 000003606659,A nombre propio,HOMBRE,35,DE 30 A 37 AÑOS,Secundaria,Contributivo,No Aplica,No Aplica,19,19573,NUEVA EPS,RÉGIMEN CONTRIBUTIVO,EPS037,NUEVA EPS,19,19573,1,BARRERAS EN EL ACCESO A TECNOLOGÍAS Y SERVICIOS DE SALUD; Y OTROS ELEMENTOS COMPLEMENTARIOS PARA LA ATENCIÓN DEL USUARIO,102,NEGACIÓN DE TECNOLOGÍAS EN SALUD Y OTROS ELEMENTOS COMPLEMENTARIOS PARA LA ATENCIÓN DEL USUARIO,10204,NEGACIÓN PARA LA ENTREGA DE TECNOLOGÍAS EN SALUD Y/O DE OTROS SERVICIOS AUTORIZADOS,1020401,MEDICAMENTOS UPC,,,PROBLEMAS RELACIONADOS CON FACILIDADES DE ATENCIÓN MÉDICA U OTROS SERVICIOS DE SALUD,PROBLEMAS RELACIONADOS CON FACILIDADES DE ATENCIÓN MÉDICA U OTROS SERVICIOS DE SALUD,"GASTRITIS, NO ESPECIFICADA",No aplica,SIMPLE
741,2024,6,Web,19,19573,US- 000000608474,A nombre propio,MUJER,58,DE 50 A 62 AÑOS,No Aplica,Subsidiado,No Aplica,No Aplica,19,19573,ASMET SALUD EPS,RÉGIMEN SUBSIDIADO,ESS062,ASMET SALUD,19,19573,1,BARRERAS EN EL ACCESO A TECNOLOGÍAS Y SERVICIOS DE SALUD; Y OTROS ELEMENTOS COMPLEMENTARIOS PARA LA ATENCIÓN DEL USUARIO,101,FALTA DE OPORTUNIDAD EN LA PRESTACIÓN DE TECNOLOGÍAS EN SALUD Y OTROS ELEMENTOS COMPLEMENTARIOS PARA LA ATENCIÓN DEL USUARIO,10104,FALTA DE OPORTUNIDAD EN LA ENTREGA O ENTREGA INCOMPLETA DE TECNOLOGÍAS EN SALUD Y/O PRESTACIÓN DE OTROS SERVICIOS,1010401,MEDICAMENTOS UPC,,,ENFERMEDADES OSTEOARTICULARES,OTROS,ESPONDILITIS ANQUILOSANTE,No aplica,SIMPLE
742,2024,6,Personalizado,11,11001,US- 000003085942,A nombre propio,HOMBRE,76,MAYOR DE 63 AÑOS ,Primaria,Contributivo,No Aplica,No Aplica,11,11001,COMPENSAR,RÉGIMEN CONTRIBUTIVO,EPS008,COMPENSAR,11,11001,1,BARRERAS EN EL ACCESO A TECNOLOGÍAS Y SERVICIOS DE SALUD; Y OTROS ELEMENTOS COMPLEMENTARIOS PARA LA ATENCIÓN DEL USUARIO,102,NEGACIÓN DE TECNOLOGÍAS EN SALUD Y OTROS ELEMENTOS COMPLEMENTARIOS PARA LA ATENCIÓN DEL USUARIO,10201,NEGACIÓN EN LA ASIGNACIÓN DE CITAS O CONSULTAS,1020103,ESPECIALIDADES MÉDICAS ,1020103075,OFTALMOLOGÍA,PROBLEMAS RELACIONADOS CON FACILIDADES DE ATENCIÓN MÉDICA U OTROS SERVICIOS DE SALUD,PROBLEMAS RELACIONADOS CON FACILIDADES DE ATENCIÓN MÉDICA U OTROS SERVICIOS DE SALUD,OTROS TRASTORNOS ESPECIFICADOS DE LA RETINA,No aplica,SIMPLE
743,2024,5,Web,44,44430,US- 000000817911,A nombre propio,MUJER,29,DE 25 A 29 AÑOS,No Aplica,Contributivo,Afrocolombiano o Afrodescendiente,No Aplica,44,44430,NUEVA EPS,RÉGIMEN CONTRIBUTIVO,EPS037,NUEVA EPS,44,44430,1,BARRERAS EN EL ACCESO A TECNOLOGÍAS Y SERVICIOS DE SALUD; Y OTROS ELEMENTOS COMPLEMENTARIOS PARA LA ATENCIÓN DEL USUARIO,103,FALTA DE OPORTUNIDAD EN LA AUTORIZACIÓN DE TECNOLOGÍAS EN SALUD Y OTROS ELEMENTOS COMPLEMENTARIOS PARA LA ATENCIÓN DEL USUARIO,10304,FALTA DE OPORTUNIDAD EN LA AUTORIZACIÓN DE OTROS SERVICIOS DE SALUD,1030408,PROCEDIMIENTOS NO QUIRÚRGICOS,1030408006,OTROS PROCEDIMIENTOS NO QUIRÚRGICOS,PROBLEMAS RELACIONADOS CON FACILIDADES DE ATENCIÓN MÉDICA U OTROS SERVICIOS DE SALUD,PROBLEMAS RELACIONADOS CON FACILIDADES DE ATENCIÓN MÉDICA U OTROS SERVICIOS DE SALUD,ATENCIÓN PARA LA ANTICONCEPCIÓN,No aplica,SIMPLE
744,2024,5,Web,76,76001,US- 000001889667,Madre,MUJER,6,DE 6 A 12 AÑOS,No Aplica,Contributivo,No Aplica,No Aplica,76,76001,SOS -SERVICIO OCCIDENTAL DE SALUD,RÉGIMEN CONTRIBUTIVO,EPS018,SERVICIO OCCIDENTAL DE SALUD (SOS),76,76001,1,BARRERAS EN EL ACCESO A TECNOLOGÍAS Y SERVICIOS DE SALUD; Y OTROS ELEMENTOS COMPLEMENTARIOS PARA LA ATENCIÓN DEL USUARIO,101,FALTA DE OPORTUNIDAD EN LA PRESTACIÓN DE TECNOLOGÍAS EN SALUD Y OTROS ELEMENTOS COMPLEMENTARIOS PARA LA ATENCIÓN DEL USUARIO,10102,FALTA DE OPORTUNIDAD PARA SERVICIOS DE COMPLEMENTACIÓN TERAPÉUTICA,1010202,TERAPIA RESPIRATORIA,,,PROBLEMAS RELACIONADOS CON FACILIDADES DE ATENCIÓN MÉDICA U OTROS SERVICIOS DE SALUD,PROBLEMAS RELACIONADOS CON FACILIDADES DE ATENCIÓN MÉDICA U OTROS SERVICIOS DE SALUD,OTROS PROBLEMAS RELACIONADOS CON SERVICIOS MÉDICOS Y DE SALUD,No aplica,SIMPLE
745,2024,6,Personalizado,76,76001,US- 000002911967,Hijo (A),MUJER,49,DE 38 A 49 AÑOS,Secundaria,Contributivo,No Aplica,No Aplica,76,76001,SOS -SERVICIO OCCIDENTAL DE SALUD,RÉGIMEN CONTRIBUTIVO,EPS018,SERVICIO OCCIDENTAL DE SALUD (SOS),76,76001,1,BARRERAS EN EL ACCESO A TECNOLOGÍAS Y SERVICIOS DE SALUD; Y OTROS ELEMENTOS COMPLEMENTARIOS PARA LA ATENCIÓN DEL USUARIO,102,NEGACIÓN DE TECNOLOGÍAS EN SALUD Y OTROS ELEMENTOS COMPLEMENTARIOS PARA LA ATENCIÓN DEL USUARIO,10204,NEGACIÓN PARA LA ENTREGA DE TECNOLOGÍAS EN SALUD Y/O DE OTROS SERVICIOS AUTORIZADOS,1020401,MEDICAMENTOS UPC,,,PROBLEMAS RELACIONADOS CON FACILIDADES DE ATENCIÓN MÉDICA U OTROS SERVICIOS DE SALUD,PROBLEMAS RELACIONADOS CON FACILIDADES DE ATENCIÓN MÉDICA U OTROS SERVICIOS DE SALUD,OTROS TRASTORNOS DE LA GLÁNDULA LAGRIMAL,No aplica,SIMPLE
746,2024,6,Telefónico,63,63470,US- 000001621232,A nombre propio,HOMBRE,65,MAYOR DE 63 AÑOS ,Posgrado,Contributivo,No Aplica,No Aplica,63,63470,SURAMERICANA EPS,RÉGIMEN CONTRIBUTIVO,EPS010,EPS SURA,63,63001,1,BARRERAS EN EL ACCESO A TECNOLOGÍAS Y SERVICIOS DE SALUD; Y OTROS ELEMENTOS COMPLEMENTARIOS PARA LA ATENCIÓN DEL USUARIO,102,NEGACIÓN DE TECNOLOGÍAS EN SALUD Y OTROS ELEMENTOS COMPLEMENTARIOS PARA LA ATENCIÓN DEL USUARIO,10201,NEGACIÓN EN LA ASIGNACIÓN DE CITAS O CONSULTAS,1020103,ESPECIALIDADES MÉDICAS ,1020103063,MEDICINA INTERNA,ENFERMEDADES CRÓNICAS NO TRASMISIBLES CARDIOVASCULARES,HTA (HIPERTENSIÓN ARTERIAL),HIPERTENSIÓN ESENCIAL (PRIMARIA),No aplica,SIMPLE
747,2024,6,Web,76,76130,US- 000003606660,A nombre propio,HOMBRE,63,MAYOR DE 63 AÑOS ,No Aplica,Contributivo,No Aplica,Persona con discapacidad,76,76130,NUEVA EPS,RÉGIMEN CONTRIBUTIVO,EPS037,NUEVA EPS,76,76130,1,BARRERAS EN EL ACCESO A TECNOLOGÍAS Y SERVICIOS DE SALUD; Y OTROS ELEMENTOS COMPLEMENTARIOS PARA LA ATENCIÓN DEL USUARIO,101,FALTA DE OPORTUNIDAD EN LA PRESTACIÓN DE TECNOLOGÍAS EN SALUD Y OTROS ELEMENTOS COMPLEMENTARIOS PARA LA ATENCIÓN DEL USUARIO,10103,FALTA DE OPORTUNIDAD EN LA ATENCIÓN EN OTROS SERVICIOS DE SALUD,1010309,PROCEDIMIENTOS QUIRÚRGICOS,1010309003,OTROS PROCEDIMIENTOS QUIRÚRGICOS,PROBLEMAS RELACIONADOS CON FACILIDADES DE ATENCIÓN MÉDICA U OTROS SERVICIOS DE SALUD,PROBLEMAS RELACIONADOS CON FACILIDADES DE ATENCIÓN MÉDICA U OTROS SERVICIOS DE SALUD,CALCULO DE LA VESÍCULA BILIAR SIN COLECISTITIS,No aplica,SIMPLE
748,2024,6,Telefónico,5,5001,US- 000001225762,A nombre propio,HOMBRE,68,MAYOR DE 63 AÑOS ,Secundaria,Contributivo,No Aplica,No Aplica,5,5001,NUEVA EPS,RÉGIMEN CONTRIBUTIVO,EPS037,NUEVA EPS,5,5001,1,BARRERAS EN EL ACCESO A TECNOLOGÍAS Y SERVICIOS DE SALUD; Y OTROS ELEMENTOS COMPLEMENTARIOS PARA LA ATENCIÓN DEL USUARIO,102,NEGACIÓN DE TECNOLOGÍAS EN SALUD Y OTROS ELEMENTOS COMPLEMENTARIOS PARA LA ATENCIÓN DEL USUARIO,10204,NEGACIÓN PARA LA ENTREGA DE TECNOLOGÍAS EN SALUD Y/O DE OTROS SERVICIOS AUTORIZADOS,1020401,MEDICAMENTOS UPC,,,SALUD MENTAL,OTROS TRASTORNOS MENTALES,TRASTORNO MIXTO DE ANSIEDAD Y DEPRESIÓN,No aplica,PRIORIZADO
749,2024,4,Web,76,76001,US- 000002433174,A nombre propio,MUJER,33,DE 30 A 37 AÑOS,No Aplica,Subsidiado,No Aplica,No Aplica,76,76001,EMSSANAR EPS,RÉGIMEN SUBSIDIADO,ESS118,EMSSANAR,76,76001,1,BARRERAS EN EL ACCESO A TECNOLOGÍAS Y SERVICIOS DE SALUD; Y OTROS ELEMENTOS COMPLEMENTARIOS PARA LA ATENCIÓN DEL USUARIO,103,FALTA DE OPORTUNIDAD EN LA AUTORIZACIÓN DE TECNOLOGÍAS EN SALUD Y OTROS ELEMENTOS COMPLEMENTARIOS PARA LA ATENCIÓN DEL USUARIO,10302,FALTA DE OPORTUNIDAD EN LA AUTORIZACIÓN DE CITAS DE CONSULTA,1030203,ESPECIALIDADES MÉDICAS ,1030203009,CIRUGÍA CABEZA Y CUELLO - OTORRINOLARINGOLOGÍA,PROBLEMAS RELACIONADOS CON FACILIDADES DE ATENCIÓN MÉDICA U OTROS SERVICIOS DE SALUD,PROBLEMAS RELACIONADOS CON FACILIDADES DE ATENCIÓN MÉDICA U OTROS SERVICIOS DE SALUD,OTROS PROBLEMAS RELACIONADOS CON SERVICIOS MÉDICOS Y DE SALUD,No aplica,SIMPLE
750,2024,6,Telefónico,5,5212,US- 000003606661,Hijo (A),HOMBRE,69,MAYOR DE 63 AÑOS ,Ninguno,Subsidiado,No Aplica,Desplazado,5,5212,SAVIA SALUD,RÉGIMEN SUBSIDIADO,EPSS40,SAVIA SALUD EPS,5,5212,1,BARRERAS EN EL ACCESO A TECNOLOGÍAS Y SERVICIOS DE SALUD; Y OTROS ELEMENTOS COMPLEMENTARIOS PARA LA ATENCIÓN DEL USUARIO,101,FALTA DE OPORTUNIDAD EN LA PRESTACIÓN DE TECNOLOGÍAS EN SALUD Y OTROS ELEMENTOS COMPLEMENTARIOS PARA LA ATENCIÓN DEL USUARIO,10101,FALTA DE OPORTUNIDAD EN LAS CITAS O CONSULTAS,1010103,ESPECIALIDADES MÉDICAS ,1010103094,UROLOGÍA,PROBLEMAS RELACIONADOS CON FACILIDADES DE ATENCIÓN MÉDICA U OTROS SERVICIOS DE SALUD,PROBLEMAS RELACIONADOS CON FACILIDADES DE ATENCIÓN MÉDICA U OTROS SERVICIOS DE SALUD,ATROFIA DEL TESTÍCULO,No aplica,SIMPLE
751,2024,6,Personalizado,18,18001,US- 000003606662,Madre,MUJER,13,DE 13 A 17 AÑOS,No Aplica,Subsidiado,No Aplica,Persona con discapacidad,18,18001,ASMET SALUD EPS,RÉGIMEN SUBSIDIADO,ESS062,ASMET SALUD,18,18001,1,BARRERAS EN EL ACCESO A TECNOLOGÍAS Y SERVICIOS DE SALUD; Y OTROS ELEMENTOS COMPLEMENTARIOS PARA LA ATENCIÓN DEL USUARIO,103,FALTA DE OPORTUNIDAD EN LA AUTORIZACIÓN DE TECNOLOGÍAS EN SALUD Y OTROS ELEMENTOS COMPLEMENTARIOS PARA LA ATENCIÓN DEL USUARIO,10302,FALTA DE OPORTUNIDAD EN LA AUTORIZACIÓN DE CITAS DE CONSULTA,1030203,ESPECIALIDADES MÉDICAS ,1030203008,CARDIOLOGÍA PEDIÁTRICA,MATERNO INFANTIL,OTROS,PROBLEMAS RELACIONADOS CON EL BAJO RENDIMIENTO ESCOLAR,No aplica,SIMPLE
752,2024,6,Telefónico,47,47001,US- 000003606663,Madre,MUJER,9,DE 6 A 12 AÑOS,Primaria Incompleta,Subsidiado,No Aplica,No Aplica,47,47001,MUTUAL SER,RÉGIMEN SUBSIDIADO,ESS207,MUTUAL SER,47,47001,1,BARRERAS EN EL ACCESO A TECNOLOGÍAS Y SERVICIOS DE SALUD; Y OTROS ELEMENTOS COMPLEMENTARIOS PARA LA ATENCIÓN DEL USUARIO,102,NEGACIÓN DE TECNOLOGÍAS EN SALUD Y OTROS ELEMENTOS COMPLEMENTARIOS PARA LA ATENCIÓN DEL USUARIO,10201,NEGACIÓN EN LA ASIGNACIÓN DE CITAS O CONSULTAS,1020103,ESPECIALIDADES MÉDICAS ,1020103084,PSIQUIATRÍA PEDIÁTRICA,PROBLEMAS RELACIONADOS CON FACILIDADES DE ATENCIÓN MÉDICA U OTROS SERVICIOS DE SALUD,PROBLEMAS RELACIONADOS CON FACILIDADES DE ATENCIÓN MÉDICA U OTROS SERVICIOS DE SALUD,"TRASTORNO DE LA CONDUCTA, NO ESPECIFICADO",No aplica,PRIORIZADO
753,2024,4,Web,11,11001,US- 000003606664,A nombre propio,MUJER,70,MAYOR DE 63 AÑOS ,Secundaria,Contributivo,No Aplica,No Aplica,11,11001,NUEVA EPS,RÉGIMEN CONTRIBUTIVO,EPS037,NUEVA EPS,11,11001,1,BARRERAS EN EL ACCESO A TECNOLOGÍAS Y SERVICIOS DE SALUD; Y OTROS ELEMENTOS COMPLEMENTARIOS PARA LA ATENCIÓN DEL USUARIO,102,NEGACIÓN DE TECNOLOGÍAS EN SALUD Y OTROS ELEMENTOS COMPLEMENTARIOS PARA LA ATENCIÓN DEL USUARIO,10201,NEGACIÓN EN LA ASIGNACIÓN DE CITAS O CONSULTAS,1020103,ESPECIALIDADES MÉDICAS ,1020103039,ENDOCRINOLOGÍA,PROBLEMAS RELACIONADOS CON FACILIDADES DE ATENCIÓN MÉDICA U OTROS SERVICIOS DE SALUD,PROBLEMAS RELACIONADOS CON FACILIDADES DE ATENCIÓN MÉDICA U OTROS SERVICIOS DE SALUD,PROBLEMAS RELACIONADOS CON FACILIDADES DE ATENCIÓN MEDICA U OTROS SERVICIOS DE SALUD,No aplica,SIMPLE
754,2024,6,Web,18,18753,US- 000002045528,A nombre propio,MUJER,68,MAYOR DE 63 AÑOS ,No Aplica,Subsidiado,No Aplica,Persona con discapacidad,18,18753,ASMET SALUD EPS,RÉGIMEN SUBSIDIADO,ESS062,ASMET SALUD,18,18753,1,BARRERAS EN EL ACCESO A TECNOLOGÍAS Y SERVICIOS DE SALUD; Y OTROS ELEMENTOS COMPLEMENTARIOS PARA LA ATENCIÓN DEL USUARIO,102,NEGACIÓN DE TECNOLOGÍAS EN SALUD Y OTROS ELEMENTOS COMPLEMENTARIOS PARA LA ATENCIÓN DEL USUARIO,10204,NEGACIÓN PARA LA ENTREGA DE TECNOLOGÍAS EN SALUD Y/O DE OTROS SERVICIOS AUTORIZADOS,1020407,"ELEMENTOS COMPLEMENTARIOS PARA LA ATENCIÓN DEL USUARIO (PAÑALES, PAÑITOS, ETC.)",,,ENFERMEDADES CRÓNICAS NO TRASMISIBLES CARDIOVASCULARES,ACV (ACCIDENTE CEREBRO VASCULAR),"ENFERMEDAD CEREBROVASCULAR, NO ESPECIFICADA",No aplica,SIMPLE
755,2024,6,Escrito,11,11001,US- 000003606665,A nombre propio,MUJER,32,DE 30 A 37 AÑOS,No Aplica,Contributivo,No Aplica,No Aplica,11,11001,ALIANSALUD,RÉGIMEN CONTRIBUTIVO,EPS001,ALIANSALUD,11,11001,1,BARRERAS EN EL ACCESO A TECNOLOGÍAS Y SERVICIOS DE SALUD; Y OTROS ELEMENTOS COMPLEMENTARIOS PARA LA ATENCIÓN DEL USUARIO,101,FALTA DE OPORTUNIDAD EN LA PRESTACIÓN DE TECNOLOGÍAS EN SALUD Y OTROS ELEMENTOS COMPLEMENTARIOS PARA LA ATENCIÓN DEL USUARIO,10101,FALTA DE OPORTUNIDAD EN LAS CITAS O CONSULTAS,1010102,ODONTOLOGÍA GENERAL,,,PROBLEMAS RELACIONADOS CON FACILIDADES DE ATENCIÓN MÉDICA U OTROS SERVICIOS DE SALUD,PROBLEMAS RELACIONADOS CON FACILIDADES DE ATENCIÓN MÉDICA U OTROS SERVICIOS DE SALUD,OTROS PROBLEMAS RELACIONADOS CON SERVICIOS MÉDICOS Y DE SALUD,No aplica,SIMPLE
756,2024,6,Personalizado,41,41001,US- 000000237291,A nombre propio,MUJER,63,MAYOR DE 63 AÑOS ,Secundaria,Contributivo,No Aplica,No Aplica,41,41001,NUEVA EPS,RÉGIMEN CONTRIBUTIVO,EPS037,NUEVA EPS,41,41001,1,BARRERAS EN EL ACCESO A TECNOLOGÍAS Y SERVICIOS DE SALUD; Y OTROS ELEMENTOS COMPLEMENTARIOS PARA LA ATENCIÓN DEL USUARIO,102,NEGACIÓN DE TECNOLOGÍAS EN SALUD Y OTROS ELEMENTOS COMPLEMENTARIOS PARA LA ATENCIÓN DEL USUARIO,10201,NEGACIÓN EN LA ASIGNACIÓN DE CITAS O CONSULTAS,1020103,ESPECIALIDADES MÉDICAS ,1020103078,ORTOPEDIA Y TRAUMATOLOGÍA,ENFERMEDADES OSTEOARTICULARES,OTROS,SÍNDROME DE MANGUITO ROTATORIO,No aplica,SIMPLE
757,2024,6,Web,76,76001,US- 000003606666,A nombre propio,MUJER,24,DE 18 A 24 AÑOS,No Aplica,Contributivo,No Aplica,No Aplica,76,76001,EMSSANAR EPS,RÉGIMEN SUBSIDIADO,ESS118,EMSSANAR,76,76001,1,BARRERAS EN EL ACCESO A TECNOLOGÍAS Y SERVICIOS DE SALUD; Y OTROS ELEMENTOS COMPLEMENTARIOS PARA LA ATENCIÓN DEL USUARIO,101,FALTA DE OPORTUNIDAD EN LA PRESTACIÓN DE TECNOLOGÍAS EN SALUD Y OTROS ELEMENTOS COMPLEMENTARIOS PARA LA ATENCIÓN DEL USUARIO,10101,FALTA DE OPORTUNIDAD EN LAS CITAS O CONSULTAS,1010101,MEDICINA GENERAL,,,PROBLEMAS RELACIONADOS CON FACILIDADES DE ATENCIÓN MÉDICA U OTROS SERVICIOS DE SALUD,PROBLEMAS RELACIONADOS CON FACILIDADES DE ATENCIÓN MÉDICA U OTROS SERVICIOS DE SALUD,DOLOR ABDOMINAL LOCALIZADO EN PARTE SUPERIOR,No aplica,SIMPLE
758,2024,6,Escrito,11,11001,US- 000003606667,Otro,HOMBRE,65,MAYOR DE 63 AÑOS ,No Aplica,Subsidiado,No Aplica,No Aplica,76,76001,EMSSANAR EPS,RÉGIMEN SUBSIDIADO,ESS118,EMSSANAR,76,76001,1,BARRERAS EN EL ACCESO A TECNOLOGÍAS Y SERVICIOS DE SALUD; Y OTROS ELEMENTOS COMPLEMENTARIOS PARA LA ATENCIÓN DEL USUARIO,102,NEGACIÓN DE TECNOLOGÍAS EN SALUD Y OTROS ELEMENTOS COMPLEMENTARIOS PARA LA ATENCIÓN DEL USUARIO,10201,NEGACIÓN EN LA ASIGNACIÓN DE CITAS O CONSULTAS,1020103,ESPECIALIDADES MÉDICAS ,1020103094,UROLOGÍA,PROBLEMAS RELACIONADOS CON FACILIDADES DE ATENCIÓN MÉDICA U OTROS SERVICIOS DE SALUD,PROBLEMAS RELACIONADOS CON FACILIDADES DE ATENCIÓN MÉDICA U OTROS SERVICIOS DE SALUD,HIPERPLASIA DE LA PRÓSTATA,No aplica,SIMPLE
759,2024,6,Web,76,76130,US- 000001049683,A nombre propio,MUJER,67,MAYOR DE 63 AÑOS ,No Aplica,Contributivo,No Aplica,No Aplica,76,76130,NUEVA EPS,RÉGIMEN CONTRIBUTIVO,EPS037,NUEVA EPS,76,76130,1,BARRERAS EN EL ACCESO A TECNOLOGÍAS Y SERVICIOS DE SALUD; Y OTROS ELEMENTOS COMPLEMENTARIOS PARA LA ATENCIÓN DEL USUARIO,101,FALTA DE OPORTUNIDAD EN LA PRESTACIÓN DE TECNOLOGÍAS EN SALUD Y OTROS ELEMENTOS COMPLEMENTARIOS PARA LA ATENCIÓN DEL USUARIO,10103,FALTA DE OPORTUNIDAD EN LA ATENCIÓN EN OTROS SERVICIOS DE SALUD,1010309,PROCEDIMIENTOS QUIRÚRGICOS,1010309003,OTROS PROCEDIMIENTOS QUIRÚRGICOS,CÁNCER ,OTROS,PROBLEMAS RELACIONADOS CON FACILIDADES DE ATENCIÓN MEDICA U OTROS SERVICIOS DE SALUD,No aplica,SIMPLE
760,2024,6,Web,25,25430,US- 000001846801,A nombre propio,HOMBRE,35,DE 30 A 37 AÑOS,No Aplica,Contributivo,No Aplica,No Aplica,25,25430,SALUD TOTAL,RÉGIMEN CONTRIBUTIVO,EPS002,SALUD TOTAL,25,25214,4,INSATISFACCIÓN DEL USUARIO CON EL PROCESO ADMINISTRATIVO,404,INSATISFACCIÓN RELACIONADA CON TRÁMITES ADMINISTRATIVOS,40401,RESTRICCIÓN EN LA LIBRE ESCOGENCIA,4040102,PRESTADOR DE SERVICIO DE SALUD,,,ENFERMEDADES CRÓNICAS NO TRASMISIBLES CARDIOVASCULARES,OTROS,FIBRILACIÓN Y ALETEO AURICULAR,No aplica,SIMPLE
761,2024,6,Personalizado,76,76001,US- 000003606668,A nombre propio,MUJER,33,DE 30 A 37 AÑOS,Primaria,Subsidiado,Afrocolombiano o Afrodescendiente,No Aplica,76,76001,ASMET SALUD EPS,RÉGIMEN SUBSIDIADO,ESS062,ASMET SALUD,19,19573,1,BARRERAS EN EL ACCESO A TECNOLOGÍAS Y SERVICIOS DE SALUD; Y OTROS ELEMENTOS COMPLEMENTARIOS PARA LA ATENCIÓN DEL USUARIO,102,NEGACIÓN DE TECNOLOGÍAS EN SALUD Y OTROS ELEMENTOS COMPLEMENTARIOS PARA LA ATENCIÓN DEL USUARIO,10201,NEGACIÓN EN LA ASIGNACIÓN DE CITAS O CONSULTAS,1020103,ESPECIALIDADES MÉDICAS ,1020103047,GINECOLOGÍA Y OBSTETRICIA,PROBLEMAS RELACIONADOS CON FACILIDADES DE ATENCIÓN MÉDICA U OTROS SERVICIOS DE SALUD,PROBLEMAS RELACIONADOS CON FACILIDADES DE ATENCIÓN MÉDICA U OTROS SERVICIOS DE SALUD,CONSTIPACIÓN,No aplica,SIMPLE
762,2024,1,Chat,11,11001,US- 000002293555,Hermano (A),HOMBRE,38,DE 38 A 49 AÑOS,Universitario Incompleto,Subsidiado,No Aplica,Persona con discapacidad,11,11001,CAPITAL SALUD,RÉGIMEN SUBSIDIADO,EPSS34,CAPITAL SALUD,11,11001,1,BARRERAS EN EL ACCESO A TECNOLOGÍAS Y SERVICIOS DE SALUD; Y OTROS ELEMENTOS COMPLEMENTARIOS PARA LA ATENCIÓN DEL USUARIO,102,NEGACIÓN DE TECNOLOGÍAS EN SALUD Y OTROS ELEMENTOS COMPLEMENTARIOS PARA LA ATENCIÓN DEL USUARIO,10201,NEGACIÓN EN LA ASIGNACIÓN DE CITAS O CONSULTAS,1020103,ESPECIALIDADES MÉDICAS ,1020103075,OFTALMOLOGÍA,PROBLEMAS RELACIONADOS CON FACILIDADES DE ATENCIÓN MÉDICA U OTROS SERVICIOS DE SALUD,PROBLEMAS RELACIONADOS CON FACILIDADES DE ATENCIÓN MÉDICA U OTROS SERVICIOS DE SALUD,"TRAUMATISMO INTRACRANEAL, NO ESPECIFICADO",No aplica,PRIORIZADO
763,2024,5,Personalizado,11,11001,US- 000003606669,A nombre propio,HOMBRE,73,MAYOR DE 63 AÑOS ,Primaria,Contributivo,No Aplica,No Aplica,11,11001,NUEVA EPS,RÉGIMEN CONTRIBUTIVO,EPS037,NUEVA EPS,11,11001,1,BARRERAS EN EL ACCESO A TECNOLOGÍAS Y SERVICIOS DE SALUD; Y OTROS ELEMENTOS COMPLEMENTARIOS PARA LA ATENCIÓN DEL USUARIO,102,NEGACIÓN DE TECNOLOGÍAS EN SALUD Y OTROS ELEMENTOS COMPLEMENTARIOS PARA LA ATENCIÓN DEL USUARIO,10204,NEGACIÓN PARA LA ENTREGA DE TECNOLOGÍAS EN SALUD Y/O DE OTROS SERVICIOS AUTORIZADOS,1020401,MEDICAMENTOS UPC,,,ENFERMEDADES CRÓNICAS NO TRASMISIBLES CARDIOVASCULARES,HTA (HIPERTENSIÓN ARTERIAL),HIPERTENSIÓN ESENCIAL (PRIMARIA),No aplica,SIMPLE
764,2024,5,Web,5,5001,US- 000001562353,Otro,MUJER,80,MAYOR DE 63 AÑOS ,No Aplica,Contributivo,No Aplica,No Aplica,5,5001,NUEVA EPS,RÉGIMEN CONTRIBUTIVO,EPS037,NUEVA EPS,5,5001,1,BARRERAS EN EL ACCESO A TECNOLOGÍAS Y SERVICIOS DE SALUD; Y OTROS ELEMENTOS COMPLEMENTARIOS PARA LA ATENCIÓN DEL USUARIO,101,FALTA DE OPORTUNIDAD EN LA PRESTACIÓN DE TECNOLOGÍAS EN SALUD Y OTROS ELEMENTOS COMPLEMENTARIOS PARA LA ATENCIÓN DEL USUARIO,10103,FALTA DE OPORTUNIDAD EN LA ATENCIÓN EN OTROS SERVICIOS DE SALUD,1010309,PROCEDIMIENTOS QUIRÚRGICOS,1010309003,OTROS PROCEDIMIENTOS QUIRÚRGICOS,PROBLEMAS RELACIONADOS CON FACILIDADES DE ATENCIÓN MÉDICA U OTROS SERVICIOS DE SALUD,PROBLEMAS RELACIONADOS CON FACILIDADES DE ATENCIÓN MÉDICA U OTROS SERVICIOS DE SALUD,PROBLEMAS RELACIONADOS CON FACILIDADES DE ATENCIÓN MEDICA U OTROS SERVICIOS DE SALUD,No aplica,SIMPLE
765,2024,6,Web,5,5088,US- 000003606670,Hijo (A),HOMBRE,74,MAYOR DE 63 AÑOS ,Primaria,Subsidiado,No Aplica,No Aplica,5,5209,SAVIA SALUD,RÉGIMEN SUBSIDIADO,EPSS40,SAVIA SALUD EPS,5,5209,1,BARRERAS EN EL ACCESO A TECNOLOGÍAS Y SERVICIOS DE SALUD; Y OTROS ELEMENTOS COMPLEMENTARIOS PARA LA ATENCIÓN DEL USUARIO,102,NEGACIÓN DE TECNOLOGÍAS EN SALUD Y OTROS ELEMENTOS COMPLEMENTARIOS PARA LA ATENCIÓN DEL USUARIO,10204,NEGACIÓN PARA LA ENTREGA DE TECNOLOGÍAS EN SALUD Y/O DE OTROS SERVICIOS AUTORIZADOS,1020401,MEDICAMENTOS UPC,,,PROBLEMAS RELACIONADOS CON FACILIDADES DE ATENCIÓN MÉDICA U OTROS SERVICIOS DE SALUD,PROBLEMAS RELACIONADOS CON FACILIDADES DE ATENCIÓN MÉDICA U OTROS SERVICIOS DE SALUD,OTROS PROBLEMAS RELACIONADOS CON SERVICIOS MÉDICOS Y DE SALUD,No aplica,PRIORIZADO
766,2024,6,Telefónico,11,11001,US- 000002282271,Cónyuge,HOMBRE,46,DE 38 A 49 AÑOS,Universitario,Contributivo,No Aplica,No Aplica,11,11001,SURAMERICANA EPS,RÉGIMEN CONTRIBUTIVO,EPS010,EPS SURA,11,11001,1,BARRERAS EN EL ACCESO A TECNOLOGÍAS Y SERVICIOS DE SALUD; Y OTROS ELEMENTOS COMPLEMENTARIOS PARA LA ATENCIÓN DEL USUARIO,101,FALTA DE OPORTUNIDAD EN LA PRESTACIÓN DE TECNOLOGÍAS EN SALUD Y OTROS ELEMENTOS COMPLEMENTARIOS PARA LA ATENCIÓN DEL USUARIO,10101,FALTA DE OPORTUNIDAD EN LAS CITAS O CONSULTAS,1010103,ESPECIALIDADES MÉDICAS ,1010103006,CARDIOLOGÍA,ENFERMEDADES CRÓNICAS NO TRASMISIBLES CARDIOVASCULARES,HTA (HIPERTENSIÓN ARTERIAL),INFARTO AGUDO DEL MIOCARDIO,No aplica,PRIORIZADO
767,2024,6,Telefónico,11,11001,US- 000000002273,Madre,HOMBRE,23,DE 18 A 24 AÑOS,Secundaria,Contributivo,No Aplica,Persona con discapacidad,11,11001,COMPENSAR,RÉGIMEN CONTRIBUTIVO,EPS008,COMPENSAR,11,11001,1,BARRERAS EN EL ACCESO A TECNOLOGÍAS Y SERVICIOS DE SALUD; Y OTROS ELEMENTOS COMPLEMENTARIOS PARA LA ATENCIÓN DEL USUARIO,102,NEGACIÓN DE TECNOLOGÍAS EN SALUD Y OTROS ELEMENTOS COMPLEMENTARIOS PARA LA ATENCIÓN DEL USUARIO,10204,NEGACIÓN PARA LA ENTREGA DE TECNOLOGÍAS EN SALUD Y/O DE OTROS SERVICIOS AUTORIZADOS,1020401,MEDICAMENTOS UPC,,,ENFERMEDADES OSTEOARTICULARES,NEUROLÓGICAS,EPILEPSIA,No aplica,SIMPLE
768,2024,6,Escrito,54,54344,US- 000003606671,A nombre propio,MUJER,48,DE 38 A 49 AÑOS,No Aplica,Contributivo,No Aplica,No Aplica,54,54344,COOSALUD,RÉGIMEN SUBSIDIADO,ESS024,COOSALUD,54,54344,1,BARRERAS EN EL ACCESO A TECNOLOGÍAS Y SERVICIOS DE SALUD; Y OTROS ELEMENTOS COMPLEMENTARIOS PARA LA ATENCIÓN DEL USUARIO,101,FALTA DE OPORTUNIDAD EN LA PRESTACIÓN DE TECNOLOGÍAS EN SALUD Y OTROS ELEMENTOS COMPLEMENTARIOS PARA LA ATENCIÓN DEL USUARIO,10103,FALTA DE OPORTUNIDAD EN LA ATENCIÓN EN OTROS SERVICIOS DE SALUD,1010308,PROCEDIMIENTOS NO QUIRÚRGICOS,1010308006,OTROS PROCEDIMIENTOS NO QUIRÚRGICOS,PROBLEMAS RELACIONADOS CON FACILIDADES DE ATENCIÓN MÉDICA U OTROS SERVICIOS DE SALUD,PROBLEMAS RELACIONADOS CON FACILIDADES DE ATENCIÓN MÉDICA U OTROS SERVICIOS DE SALUD,EXAMEN MEDICO GENERAL,No aplica,SIMPLE
769,2024,6,Web,25,25754,US- 000002141576,A nombre propio,MUJER,55,DE 50 A 62 AÑOS,No Aplica,Contributivo,No Aplica,No Aplica,25,25754,SANITAS,RÉGIMEN CONTRIBUTIVO,EPS005,SANITAS,25,25754,4,INSATISFACCIÓN DEL USUARIO CON EL PROCESO ADMINISTRATIVO,404,INSATISFACCIÓN RELACIONADA CON TRÁMITES ADMINISTRATIVOS,40401,RESTRICCIÓN EN LA LIBRE ESCOGENCIA,4040102,PRESTADOR DE SERVICIO DE SALUD,,,ENFERMEDADES OSTEOARTICULARES,OTROS,TRAUMATISMO DEL TENDÓN DE AQUILES,No aplica,SIMPLE
770,2024,4,Telefónico,5,5212,US- 000003606672,A nombre propio,MUJER,35,DE 30 A 37 AÑOS,Universitario Incompleto,Subsidiado,No Aplica,No Aplica,5,5212,SURAMERICANA EPS,RÉGIMEN CONTRIBUTIVO,EPS010,EPS SURA,5,5212,1,BARRERAS EN EL ACCESO A TECNOLOGÍAS Y SERVICIOS DE SALUD; Y OTROS ELEMENTOS COMPLEMENTARIOS PARA LA ATENCIÓN DEL USUARIO,103,FALTA DE OPORTUNIDAD EN LA AUTORIZACIÓN DE TECNOLOGÍAS EN SALUD Y OTROS ELEMENTOS COMPLEMENTARIOS PARA LA ATENCIÓN DEL USUARIO,10304,FALTA DE OPORTUNIDAD EN LA AUTORIZACIÓN DE OTROS SERVICIOS DE SALUD,1030408,PROCEDIMIENTOS NO QUIRÚRGICOS,1030408002,LABORATORIO CLÍNICO Y ANATOMOPATOLÓGICO,CÁNCER ,OTROS,EXAMEN DE PESQUISA ESPECIAL PARA TUMORES,No aplica,PRIORIZADO
771,2024,6,Web,5,5579,US- 000003606673,A nombre propio,MUJER,38,DE 38 A 49 AÑOS,No Aplica,Contributivo,No Aplica,No Aplica,5,5579,NUEVA EPS,RÉGIMEN CONTRIBUTIVO,EPS037,NUEVA EPS,5,5579,4,INSATISFACCIÓN DEL USUARIO CON EL PROCESO ADMINISTRATIVO,401,INSATISFACCIÓN CON LA COMUNICACIÓN O INFORMACIÓN ENTREGADA POR PARTE DEL PERSONAL ADMINISTRATIVO,40101,INSATISFACCIÓN RELACIONADA CON INSUFICIENCIA O DEFICIENCIAS EN LA CALIDAD DE LA INFORMACIÓN BRINDADA AL USUARIO,,,,,PROBLEMAS RELACIONADOS CON FACILIDADES DE ATENCIÓN MÉDICA U OTROS SERVICIOS DE SALUD,PROBLEMAS RELACIONADOS CON FACILIDADES DE ATENCIÓN MÉDICA U OTROS SERVICIOS DE SALUD,OTROS PROBLEMAS RELACIONADOS CON SERVICIOS MÉDICOS Y DE SALUD,No aplica,SIMPLE
772,2024,6,Telefónico,5,5837,US- 000000274702,A nombre propio,MUJER,56,DE 50 A 62 AÑOS,Universitario Incompleto,Contributivo,No Aplica,No Aplica,5,5837,SURAMERICANA EPS,RÉGIMEN CONTRIBUTIVO,EPS010,EPS SURA,5,5837,1,BARRERAS EN EL ACCESO A TECNOLOGÍAS Y SERVICIOS DE SALUD; Y OTROS ELEMENTOS COMPLEMENTARIOS PARA LA ATENCIÓN DEL USUARIO,103,FALTA DE OPORTUNIDAD EN LA AUTORIZACIÓN DE TECNOLOGÍAS EN SALUD Y OTROS ELEMENTOS COMPLEMENTARIOS PARA LA ATENCIÓN DEL USUARIO,10301,FALTA DE OPORTUNIDAD EN LA AUTORIZACIÓN DE TECNOLOGÍAS EN SALUD Y/O DE OTROS SERVICIOS,1030108,"TRANSPORTE, ALOJAMIENTO O ALIMENTACIÓN",,,ENFERMEDADES CRÓNICAS NO TRANSMISIBLES- FACTORES DE RIESGO,OBESIDAD,OBESIDAD,No aplica,SIMPLE
773,2024,6,Web,66,66001,US- 000003606674,A nombre propio,HOMBRE,43,DE 38 A 49 AÑOS,No Aplica,Contributivo,No Aplica,No Aplica,66,66001,NUEVA EPS,RÉGIMEN CONTRIBUTIVO,EPS037,NUEVA EPS,66,66001,1,BARRERAS EN EL ACCESO A TECNOLOGÍAS Y SERVICIOS DE SALUD; Y OTROS ELEMENTOS COMPLEMENTARIOS PARA LA ATENCIÓN DEL USUARIO,101,FALTA DE OPORTUNIDAD EN LA PRESTACIÓN DE TECNOLOGÍAS EN SALUD Y OTROS ELEMENTOS COMPLEMENTARIOS PARA LA ATENCIÓN DEL USUARIO,10101,FALTA DE OPORTUNIDAD EN LAS CITAS O CONSULTAS,1010103,ESPECIALIDADES MÉDICAS ,1010103065,MIEMBRO SUPERIOR - ORTOPEDIA,ENFERMEDADES OSTEOARTICULARES,OTROS,TRASTORNO DE DISCO CERVICAL CON MIELOPATÍA (G99.2*),No aplica,SIMPLE
774,2024,5,Web,73,73001,US- 000001885234,A nombre propio,MUJER,4,DE 0 A 5 AÑOS,No Aplica,Subsidiado,No Aplica,No Aplica,73,73001,SALUD TOTAL,RÉGIMEN CONTRIBUTIVO,EPS002,SALUD TOTAL,73,73001,1,BARRERAS EN EL ACCESO A TECNOLOGÍAS Y SERVICIOS DE SALUD; Y OTROS ELEMENTOS COMPLEMENTARIOS PARA LA ATENCIÓN DEL USUARIO,102,NEGACIÓN DE TECNOLOGÍAS EN SALUD Y OTROS ELEMENTOS COMPLEMENTARIOS PARA LA ATENCIÓN DEL USUARIO,10204,NEGACIÓN PARA LA ENTREGA DE TECNOLOGÍAS EN SALUD Y/O DE OTROS SERVICIOS AUTORIZADOS,1020401,MEDICAMENTOS UPC,,,MATERNO INFANTIL,ATENCIÓN NIÑOS MENORES DE 5 AÑOS,"TRASTORNO NO ESPECIFICADO, RESULTANTE DE LA FUNCIÓN TUBULAR RENAL ALTERADA",No aplica,PRIORIZADO
775,2024,6,Web,5,5631,US- 000001215601,Otro,MUJER,59,DE 50 A 62 AÑOS,No Aplica,Contributivo,No Aplica,Persona con discapacidad,73,73001,SALUD TOTAL,RÉGIMEN CONTRIBUTIVO,EPS002,SALUD TOTAL,73,73001,1,BARRERAS EN EL ACCESO A TECNOLOGÍAS Y SERVICIOS DE SALUD; Y OTROS ELEMENTOS COMPLEMENTARIOS PARA LA ATENCIÓN DEL USUARIO,102,NEGACIÓN DE TECNOLOGÍAS EN SALUD Y OTROS ELEMENTOS COMPLEMENTARIOS PARA LA ATENCIÓN DEL USUARIO,10204,NEGACIÓN PARA LA ENTREGA DE TECNOLOGÍAS EN SALUD Y/O DE OTROS SERVICIOS AUTORIZADOS,1020407,"ELEMENTOS COMPLEMENTARIOS PARA LA ATENCIÓN DEL USUARIO (PAÑALES, PAÑITOS, ETC.)",,,PROBLEMAS RELACIONADOS CON FACILIDADES DE ATENCIÓN MÉDICA U OTROS SERVICIOS DE SALUD,PROBLEMAS RELACIONADOS CON FACILIDADES DE ATENCIÓN MÉDICA U OTROS SERVICIOS DE SALUD,OTROS PROBLEMAS RELACIONADOS CON SERVICIOS MÉDICOS Y DE SALUD,No aplica,SIMPLE
776,2024,6,Telefónico,13,13001,US- 000000604826,A nombre propio,MUJER,68,MAYOR DE 63 AÑOS ,Universitario,Contributivo,No Aplica,No Aplica,13,13001,SURAMERICANA EPS,RÉGIMEN CONTRIBUTIVO,EPS010,EPS SURA,13,13001,1,BARRERAS EN EL ACCESO A TECNOLOGÍAS Y SERVICIOS DE SALUD; Y OTROS ELEMENTOS COMPLEMENTARIOS PARA LA ATENCIÓN DEL USUARIO,103,FALTA DE OPORTUNIDAD EN LA AUTORIZACIÓN DE TECNOLOGÍAS EN SALUD Y OTROS ELEMENTOS COMPLEMENTARIOS PARA LA ATENCIÓN DEL USUARIO,10304,FALTA DE OPORTUNIDAD EN LA AUTORIZACIÓN DE OTROS SERVICIOS DE SALUD,1030408,PROCEDIMIENTOS NO QUIRÚRGICOS,1030408002,LABORATORIO CLÍNICO Y ANATOMOPATOLÓGICO,ENFERMEDADES CRÓNICAS NO TRASMISIBLES CARDIOVASCULARES,OTROS,INSUFICIENCIA RENAL CRÓNICA,No aplica,PRIORIZADO
777,2024,6,Telefónico,11,11001,US- 000000258798,Hijo (A),MUJER,76,MAYOR DE 63 AÑOS ,Secundaria,Contributivo,No Aplica,No Aplica,11,11001,NUEVA EPS,RÉGIMEN CONTRIBUTIVO,EPS037,NUEVA EPS,11,11001,1,BARRERAS EN EL ACCESO A TECNOLOGÍAS Y SERVICIOS DE SALUD; Y OTROS ELEMENTOS COMPLEMENTARIOS PARA LA ATENCIÓN DEL USUARIO,102,NEGACIÓN DE TECNOLOGÍAS EN SALUD Y OTROS ELEMENTOS COMPLEMENTARIOS PARA LA ATENCIÓN DEL USUARIO,10201,NEGACIÓN EN LA ASIGNACIÓN DE CITAS O CONSULTAS,1020103,ESPECIALIDADES MÉDICAS ,1020103075,OFTALMOLOGÍA,PROBLEMAS RELACIONADOS CON FACILIDADES DE ATENCIÓN MÉDICA U OTROS SERVICIOS DE SALUD,PROBLEMAS RELACIONADOS CON FACILIDADES DE ATENCIÓN MÉDICA U OTROS SERVICIOS DE SALUD,DEGENERACION DE LA MACULA Y DEL POLO POSTERIOR DEL OJO,No aplica,SIMPLE
778,2024,6,Web,66,66170,US- 000003606675,A nombre propio,HOMBRE,58,DE 50 A 62 AÑOS,No Aplica,Contributivo,No Aplica,Desplazado,66,66170,SURAMERICANA EPS,RÉGIMEN CONTRIBUTIVO,EPS010,EPS SURA,66,66170,1,BARRERAS EN EL ACCESO A TECNOLOGÍAS Y SERVICIOS DE SALUD; Y OTROS ELEMENTOS COMPLEMENTARIOS PARA LA ATENCIÓN DEL USUARIO,101,FALTA DE OPORTUNIDAD EN LA PRESTACIÓN DE TECNOLOGÍAS EN SALUD Y OTROS ELEMENTOS COMPLEMENTARIOS PARA LA ATENCIÓN DEL USUARIO,10103,FALTA DE OPORTUNIDAD EN LA ATENCIÓN EN OTROS SERVICIOS DE SALUD,1010309,PROCEDIMIENTOS QUIRÚRGICOS,1010309003,OTROS PROCEDIMIENTOS QUIRÚRGICOS,PROBLEMAS RELACIONADOS CON FACILIDADES DE ATENCIÓN MÉDICA U OTROS SERVICIOS DE SALUD,PROBLEMAS RELACIONADOS CON FACILIDADES DE ATENCIÓN MÉDICA U OTROS SERVICIOS DE SALUD,HIPERPLASIA DE LA PRÓSTATA,No aplica,SIMPLE
779,2024,6,Personalizado,76,76001,US- 000003606676,A nombre propio,MUJER,57,DE 50 A 62 AÑOS,Secundaria,Contributivo,No Aplica,No Aplica,76,76001,SURAMERICANA EPS,RÉGIMEN CONTRIBUTIVO,EPS010,EPS SURA,76,76001,1,BARRERAS EN EL ACCESO A TECNOLOGÍAS Y SERVICIOS DE SALUD; Y OTROS ELEMENTOS COMPLEMENTARIOS PARA LA ATENCIÓN DEL USUARIO,102,NEGACIÓN DE TECNOLOGÍAS EN SALUD Y OTROS ELEMENTOS COMPLEMENTARIOS PARA LA ATENCIÓN DEL USUARIO,10201,NEGACIÓN EN LA ASIGNACIÓN DE CITAS O CONSULTAS,1020103,ESPECIALIDADES MÉDICAS ,1020103002,ANESTESIOLOGÍA,PROBLEMAS RELACIONADOS CON FACILIDADES DE ATENCIÓN MÉDICA U OTROS SERVICIOS DE SALUD,PROBLEMAS RELACIONADOS CON FACILIDADES DE ATENCIÓN MÉDICA U OTROS SERVICIOS DE SALUD,OTRAS PERFORACIONES MARGINALES DE LA MEMBRANA TIMPÁNICA,No aplica,SIMPLE
780,2024,5,Telefónico,25,25386,US- 000000519881,Hijo (A),HOMBRE,79,MAYOR DE 63 AÑOS ,Universitario,No aplica,No Aplica,No Aplica,25,25386,SECRETARÍA DE SALUD DE CUNDINAMARCA,ENTIDADES TERRITORIALES,999998,SECRETARIA DE SALUD DE CUNDINAMARCA,25,25386,1,BARRERAS EN EL ACCESO A TECNOLOGÍAS Y SERVICIOS DE SALUD; Y OTROS ELEMENTOS COMPLEMENTARIOS PARA LA ATENCIÓN DEL USUARIO,101,FALTA DE OPORTUNIDAD EN LA PRESTACIÓN DE TECNOLOGÍAS EN SALUD Y OTROS ELEMENTOS COMPLEMENTARIOS PARA LA ATENCIÓN DEL USUARIO,10103,FALTA DE OPORTUNIDAD EN LA ATENCIÓN EN OTROS SERVICIOS DE SALUD,1010308,PROCEDIMIENTOS NO QUIRÚRGICOS,1010308006,OTROS PROCEDIMIENTOS NO QUIRÚRGICOS,PROBLEMAS RELACIONADOS CON FACILIDADES DE ATENCIÓN MÉDICA U OTROS SERVICIOS DE SALUD,PROBLEMAS RELACIONADOS CON FACILIDADES DE ATENCIÓN MÉDICA U OTROS SERVICIOS DE SALUD,DIENTES INCLUIDOS E IMPACTADOS,No aplica,SIMPLE
781,2024,6,Personalizado,70,70001,US- 000003606677,A nombre propio,HOMBRE,23,DE 18 A 24 AÑOS,Secundaria,Subsidiado,Indígena,Desplazado,70,70001,COOSALUD,RÉGIMEN SUBSIDIADO,ESS024,COOSALUD,70,70001,1,BARRERAS EN EL ACCESO A TECNOLOGÍAS Y SERVICIOS DE SALUD; Y OTROS ELEMENTOS COMPLEMENTARIOS PARA LA ATENCIÓN DEL USUARIO,103,FALTA DE OPORTUNIDAD EN LA AUTORIZACIÓN DE TECNOLOGÍAS EN SALUD Y OTROS ELEMENTOS COMPLEMENTARIOS PARA LA ATENCIÓN DEL USUARIO,10304,FALTA DE OPORTUNIDAD EN LA AUTORIZACIÓN DE OTROS SERVICIOS DE SALUD,1030408,PROCEDIMIENTOS NO QUIRÚRGICOS,1030408001,IMAGENOLOGÍA,PROBLEMAS RELACIONADOS CON FACILIDADES DE ATENCIÓN MÉDICA U OTROS SERVICIOS DE SALUD,PROBLEMAS RELACIONADOS CON FACILIDADES DE ATENCIÓN MÉDICA U OTROS SERVICIOS DE SALUD,ATROFIA ÓPTICA,No aplica,SIMPLE
782,2024,6,Telefónico,76,76364,US- 000000206702,Hijo (A),MUJER,77,MAYOR DE 63 AÑOS ,Primaria,Contributivo,No Aplica,Persona con discapacidad,76,76364,NUEVA EPS,RÉGIMEN CONTRIBUTIVO,EPS037,NUEVA EPS,76,76364,1,BARRERAS EN EL ACCESO A TECNOLOGÍAS Y SERVICIOS DE SALUD; Y OTROS ELEMENTOS COMPLEMENTARIOS PARA LA ATENCIÓN DEL USUARIO,102,NEGACIÓN DE TECNOLOGÍAS EN SALUD Y OTROS ELEMENTOS COMPLEMENTARIOS PARA LA ATENCIÓN DEL USUARIO,10202,NEGACIÓN DE SERVICIOS DE COMPLEMENTACIÓN TERAPÉUTICA,1020209,OTRAS TERAPIAS,,,PROBLEMAS RELACIONADOS CON FACILIDADES DE ATENCIÓN MÉDICA U OTROS SERVICIOS DE SALUD,PROBLEMAS RELACIONADOS CON FACILIDADES DE ATENCIÓN MÉDICA U OTROS SERVICIOS DE SALUD,DIABETES MELLITUS INSULINODEPENDIENTE,No aplica,SIMPLE
783,2024,3,Web,66,66001,US- 000003606678,Otro,HOMBRE,13,DE 13 A 17 AÑOS,No Aplica,Subsidiado,No Aplica,Persona con discapacidad,66,66001,ASMET SALUD EPS,RÉGIMEN SUBSIDIADO,ESS062,ASMET SALUD,66,66001,1,BARRERAS EN EL ACCESO A TECNOLOGÍAS Y SERVICIOS DE SALUD; Y OTROS ELEMENTOS COMPLEMENTARIOS PARA LA ATENCIÓN DEL USUARIO,102,NEGACIÓN DE TECNOLOGÍAS EN SALUD Y OTROS ELEMENTOS COMPLEMENTARIOS PARA LA ATENCIÓN DEL USUARIO,10201,NEGACIÓN EN LA ASIGNACIÓN DE CITAS O CONSULTAS,1020103,ESPECIALIDADES MÉDICAS ,1020103073,NEUROLOGÍA PEDIÁTRICA - NEUROPEDIATRÍA,CÁNCER ,OTROS,RETRASO MENTAL MODERADO,No aplica,PRIORIZADO
784,2024,4,Telefónico,11,11001,US- 000000039638,Madre,HOMBRE,31,DE 30 A 37 AÑOS,No Aplica,Subsidiado,No Aplica,Persona con discapacidad,11,11001,NUEVA EPS,RÉGIMEN CONTRIBUTIVO,EPS037,NUEVA EPS,11,11001,1,BARRERAS EN EL ACCESO A TECNOLOGÍAS Y SERVICIOS DE SALUD; Y OTROS ELEMENTOS COMPLEMENTARIOS PARA LA ATENCIÓN DEL USUARIO,101,FALTA DE OPORTUNIDAD EN LA PRESTACIÓN DE TECNOLOGÍAS EN SALUD Y OTROS ELEMENTOS COMPLEMENTARIOS PARA LA ATENCIÓN DEL USUARIO,10103,FALTA DE OPORTUNIDAD EN LA ATENCIÓN EN OTROS SERVICIOS DE SALUD,1010308,PROCEDIMIENTOS NO QUIRÚRGICOS,1010308001,IMAGENOLOGÍA,ENFERMEDADES OSTEOARTICULARES,NEUROLÓGICAS,AUTISMO ATÍPICO,No aplica,SIMPLE
785,2024,6,Web,81,81065,US- 000003606679,A nombre propio,MUJER,77,MAYOR DE 63 AÑOS ,No Aplica,Subsidiado,No Aplica,No Aplica,81,81065,SANITAS,RÉGIMEN CONTRIBUTIVO,EPS005,SANITAS,81,81065,1,BARRERAS EN EL ACCESO A TECNOLOGÍAS Y SERVICIOS DE SALUD; Y OTROS ELEMENTOS COMPLEMENTARIOS PARA LA ATENCIÓN DEL USUARIO,101,FALTA DE OPORTUNIDAD EN LA PRESTACIÓN DE TECNOLOGÍAS EN SALUD Y OTROS ELEMENTOS COMPLEMENTARIOS PARA LA ATENCIÓN DEL USUARIO,10103,FALTA DE OPORTUNIDAD EN LA ATENCIÓN EN OTROS SERVICIOS DE SALUD,1010308,PROCEDIMIENTOS NO QUIRÚRGICOS,1010308006,OTROS PROCEDIMIENTOS NO QUIRÚRGICOS,PROBLEMAS RELACIONADOS CON FACILIDADES DE ATENCIÓN MÉDICA U OTROS SERVICIOS DE SALUD,PROBLEMAS RELACIONADOS CON FACILIDADES DE ATENCIÓN MÉDICA U OTROS SERVICIOS DE SALUD,OTROS PROBLEMAS RELACIONADOS CON SERVICIOS MÉDICOS Y DE SALUD,No aplica,SIMPLE
786,2024,1,Web,5,5001,US- 000003606680,Otro,MUJER,82,MAYOR DE 63 AÑOS ,No Aplica,Subsidiado,No Aplica,No Aplica,5,5001,SAVIA SALUD,RÉGIMEN SUBSIDIADO,EPSS40,SAVIA SALUD EPS,5,5001,1,BARRERAS EN EL ACCESO A TECNOLOGÍAS Y SERVICIOS DE SALUD; Y OTROS ELEMENTOS COMPLEMENTARIOS PARA LA ATENCIÓN DEL USUARIO,102,NEGACIÓN DE TECNOLOGÍAS EN SALUD Y OTROS ELEMENTOS COMPLEMENTARIOS PARA LA ATENCIÓN DEL USUARIO,10203,NEGACIÓN EN LA ATENCIÓN EN OTROS SERVICIOS DE SALUD,1020305,ATENCIÓN DOMICILIARIA,,,ENFERMEDADES OSTEOARTICULARES,NEUROLÓGICAS,"DEMENCIA EN LA ENFERMEDAD DE ALZHEIMER, NO ESPECIFICADA (G30.9†)",No aplica,SIMPLE
787,2024,6,Web,5,5467,US- 000003606681,A nombre propio,HOMBRE,41,DE 38 A 49 AÑOS,No Aplica,Régimen Especial,No Aplica,No Aplica,5,5467,MAGISTERIO,REGÍMENES DE EXCEPCIÓN Y ESPECIALES,REMG01,MAGISTERIO,5,5360,4,INSATISFACCIÓN DEL USUARIO CON EL PROCESO ADMINISTRATIVO,404,INSATISFACCIÓN RELACIONADA CON TRÁMITES ADMINISTRATIVOS,40405,INCONSISTENCIA CON TRASLADOS DEL MUNICIPIO DE LA AFILIACIÓN Y SOLICITUDES DE MOVILIDAD O PORTABILIDAD,4040501,DEMORA EN EL TRASLADO A OTRO MUNICIPIO,,,ENFERMEDADES CRÓNICAS NO TRANSMISIBLES –DIABETES,DIABETES,"TRASTORNO DE ANSIEDAD , NO ESPECIFICADO",No aplica,SIMPLE
788,2024,5,Web,76,76001,US- 000002945750,A nombre propio,HOMBRE,49,DE 38 A 49 AÑOS,No Aplica,Contributivo,No Aplica,No Aplica,76,76001,NUEVA EPS,RÉGIMEN CONTRIBUTIVO,EPS037,NUEVA EPS,76,76001,1,BARRERAS EN EL ACCESO A TECNOLOGÍAS Y SERVICIOS DE SALUD; Y OTROS ELEMENTOS COMPLEMENTARIOS PARA LA ATENCIÓN DEL USUARIO,101,FALTA DE OPORTUNIDAD EN LA PRESTACIÓN DE TECNOLOGÍAS EN SALUD Y OTROS ELEMENTOS COMPLEMENTARIOS PARA LA ATENCIÓN DEL USUARIO,10104,FALTA DE OPORTUNIDAD EN LA ENTREGA O ENTREGA INCOMPLETA DE TECNOLOGÍAS EN SALUD Y/O PRESTACIÓN DE OTROS SERVICIOS,1010401,MEDICAMENTOS UPC,,,ENFERMEDADES CRÓNICAS NO TRASMISIBLES CARDIOVASCULARES,HTA (HIPERTENSIÓN ARTERIAL),HIPERTENSIÓN ESENCIAL (PRIMARIA),No aplica,SIMPLE
789,2024,6,Telefónico,25,25754,US- 000000666840,A nombre propio,MUJER,55,DE 50 A 62 AÑOS,Universitario Incompleto,No aplica,No Aplica,No Aplica,25,25754,SECRETARÍA DISTRITAL DE SALUD  DE BOGOTA,ENTIDADES TERRITORIALES,999998,SECRETARIA DISTRITAL DE SALUD  DE BOGOTA,11,11001,4,INSATISFACCIÓN DEL USUARIO CON EL PROCESO ADMINISTRATIVO,404,INSATISFACCIÓN RELACIONADA CON TRÁMITES ADMINISTRATIVOS,40402,FALLAS O IRREGULARIDADES EN EL MANEJO TÉCNICO DE LA HISTORIA CLÍNICA Y/O REGISTROS ASISTENCIALES,,,,,PROBLEMAS RELACIONADOS CON FACILIDADES DE ATENCIÓN MÉDICA U OTROS SERVICIOS DE SALUD,PROBLEMAS RELACIONADOS CON FACILIDADES DE ATENCIÓN MÉDICA U OTROS SERVICIOS DE SALUD,SÍNDROME DEL TÚNEL CARPIANO,No aplica,SIMPLE
790,2024,6,Telefónico,73,73001,US- 000003606682,A nombre propio,HOMBRE,38,DE 38 A 49 AÑOS,Secundaria,Subsidiado,No Aplica,No Aplica,73,73001,SALUD TOTAL,RÉGIMEN CONTRIBUTIVO,EPS002,SALUD TOTAL,73,73001,4,INSATISFACCIÓN DEL USUARIO CON EL PROCESO ADMINISTRATIVO,404,INSATISFACCIÓN RELACIONADA CON TRÁMITES ADMINISTRATIVOS,40403,INCONSISTENCIAS EN LA AFILIACIÓN,4040306,CAMBIO DE RÉGIMEN,,,ENFERMEDADES CRÓNICAS NO TRANSMISIBLES- FACTORES DE RIESGO,MEDICIÓN DE FACTORES DE RIESGO,OTROS PROBLEMAS RELACIONADOS CON SERVICIOS MÉDICOS Y DE SALUD,No aplica,SIMPLE
791,2024,6,Web,11,11001,US- 000001170937,A nombre propio,MUJER,63,MAYOR DE 63 AÑOS ,No Aplica,Contributivo,No Aplica,No Aplica,11,11001,SANITAS,RÉGIMEN CONTRIBUTIVO,EPS005,SANITAS,11,11001,1,BARRERAS EN EL ACCESO A TECNOLOGÍAS Y SERVICIOS DE SALUD; Y OTROS ELEMENTOS COMPLEMENTARIOS PARA LA ATENCIÓN DEL USUARIO,102,NEGACIÓN DE TECNOLOGÍAS EN SALUD Y OTROS ELEMENTOS COMPLEMENTARIOS PARA LA ATENCIÓN DEL USUARIO,10201,NEGACIÓN EN LA ASIGNACIÓN DE CITAS O CONSULTAS,1020103,ESPECIALIDADES MÉDICAS ,1020103014,CIRUGÍA DE MANO - ORTOPEDIA O CIRUGÍA PLÁSTICA,PROBLEMAS RELACIONADOS CON FACILIDADES DE ATENCIÓN MÉDICA U OTROS SERVICIOS DE SALUD,PROBLEMAS RELACIONADOS CON FACILIDADES DE ATENCIÓN MÉDICA U OTROS SERVICIOS DE SALUD,OTROS PROBLEMAS RELACIONADOS CON SERVICIOS MÉDICOS Y DE SALUD,No aplica,SIMPLE
792,2024,6,Web,11,11001,US- 000003606683,A nombre propio,MUJER,36,DE 30 A 37 AÑOS,No Aplica,Contributivo,No Aplica,No Aplica,11,11001,SALUD TOTAL,RÉGIMEN CONTRIBUTIVO,EPS002,SALUD TOTAL,11,11001,1,BARRERAS EN EL ACCESO A TECNOLOGÍAS Y SERVICIOS DE SALUD; Y OTROS ELEMENTOS COMPLEMENTARIOS PARA LA ATENCIÓN DEL USUARIO,102,NEGACIÓN DE TECNOLOGÍAS EN SALUD Y OTROS ELEMENTOS COMPLEMENTARIOS PARA LA ATENCIÓN DEL USUARIO,10201,NEGACIÓN EN LA ASIGNACIÓN DE CITAS O CONSULTAS,1020103,ESPECIALIDADES MÉDICAS ,1020103078,ORTOPEDIA Y TRAUMATOLOGÍA,PROBLEMAS RELACIONADOS CON FACILIDADES DE ATENCIÓN MÉDICA U OTROS SERVICIOS DE SALUD,PROBLEMAS RELACIONADOS CON FACILIDADES DE ATENCIÓN MÉDICA U OTROS SERVICIOS DE SALUD,OTROS PROBLEMAS RELACIONADOS CON SERVICIOS MÉDICOS Y DE SALUD,No aplica,SIMPLE
793,2024,5,Web,54,54498,US- 000003606684,A nombre propio,MUJER,19,DE 18 A 24 AÑOS,No Aplica,Subsidiado,No Aplica,No Aplica,54,54498,NUEVA EPS,RÉGIMEN SUBSIDIADO,EPSS41,NUEVA EPS,54,54498,1,BARRERAS EN EL ACCESO A TECNOLOGÍAS Y SERVICIOS DE SALUD; Y OTROS ELEMENTOS COMPLEMENTARIOS PARA LA ATENCIÓN DEL USUARIO,102,NEGACIÓN DE TECNOLOGÍAS EN SALUD Y OTROS ELEMENTOS COMPLEMENTARIOS PARA LA ATENCIÓN DEL USUARIO,10204,NEGACIÓN PARA LA ENTREGA DE TECNOLOGÍAS EN SALUD Y/O DE OTROS SERVICIOS AUTORIZADOS,1020401,MEDICAMENTOS UPC,,,PROBLEMAS RELACIONADOS CON FACILIDADES DE ATENCIÓN MÉDICA U OTROS SERVICIOS DE SALUD,PROBLEMAS RELACIONADOS CON FACILIDADES DE ATENCIÓN MÉDICA U OTROS SERVICIOS DE SALUD,QUISTE EN DESARROLLO DEL OVARIO,No aplica,SIMPLE
794,2024,5,Chat,5,5376,US- 000003606685,A nombre propio,MUJER,26,DE 25 A 29 AÑOS,Universitario Incompleto,Contributivo,No Aplica,No Aplica,5,5376,SURAMERICANA EPS,RÉGIMEN CONTRIBUTIVO,EPS010,EPS SURA,5,5376,1,BARRERAS EN EL ACCESO A TECNOLOGÍAS Y SERVICIOS DE SALUD; Y OTROS ELEMENTOS COMPLEMENTARIOS PARA LA ATENCIÓN DEL USUARIO,103,FALTA DE OPORTUNIDAD EN LA AUTORIZACIÓN DE TECNOLOGÍAS EN SALUD Y OTROS ELEMENTOS COMPLEMENTARIOS PARA LA ATENCIÓN DEL USUARIO,10302,FALTA DE OPORTUNIDAD EN LA AUTORIZACIÓN DE CITAS DE CONSULTA,1030203,ESPECIALIDADES MÉDICAS ,1030203048,HEMATOLOGÍA,ENFERMEDADES CRÓNICAS NO TRANSMISIBLES- FACTORES DE RIESGO,OBESIDAD,OTRAS TROMBOCITOPENIAS PRIMARIAS,No aplica,PRIORIZADO
795,2024,6,Web,23,23670,US- 000003606686,A nombre propio,HOMBRE,59,DE 50 A 62 AÑOS,No Aplica,Contributivo,Indígena,No Aplica,23,23670,NUEVA EPS,RÉGIMEN CONTRIBUTIVO,EPS037,NUEVA EPS,23,23670,1,BARRERAS EN EL ACCESO A TECNOLOGÍAS Y SERVICIOS DE SALUD; Y OTROS ELEMENTOS COMPLEMENTARIOS PARA LA ATENCIÓN DEL USUARIO,101,FALTA DE OPORTUNIDAD EN LA PRESTACIÓN DE TECNOLOGÍAS EN SALUD Y OTROS ELEMENTOS COMPLEMENTARIOS PARA LA ATENCIÓN DEL USUARIO,10103,FALTA DE OPORTUNIDAD EN LA ATENCIÓN EN OTROS SERVICIOS DE SALUD,1010309,PROCEDIMIENTOS QUIRÚRGICOS,1010309003,OTROS PROCEDIMIENTOS QUIRÚRGICOS,PROBLEMAS RELACIONADOS CON FACILIDADES DE ATENCIÓN MÉDICA U OTROS SERVICIOS DE SALUD,PROBLEMAS RELACIONADOS CON FACILIDADES DE ATENCIÓN MÉDICA U OTROS SERVICIOS DE SALUD,ALTERACIONES DE LA VISION,No aplica,SIMPLE
796,2024,6,Escrito,5,5001,US- 000003606687,Otro,MUJER,82,MAYOR DE 63 AÑOS ,No Aplica,Subsidiado,No Aplica,No Aplica,5,5001,SAVIA SALUD,RÉGIMEN SUBSIDIADO,EPSS40,SAVIA SALUD EPS,5,5001,1,BARRERAS EN EL ACCESO A TECNOLOGÍAS Y SERVICIOS DE SALUD; Y OTROS ELEMENTOS COMPLEMENTARIOS PARA LA ATENCIÓN DEL USUARIO,101,FALTA DE OPORTUNIDAD EN LA PRESTACIÓN DE TECNOLOGÍAS EN SALUD Y OTROS ELEMENTOS COMPLEMENTARIOS PARA LA ATENCIÓN DEL USUARIO,10104,FALTA DE OPORTUNIDAD EN LA ENTREGA O ENTREGA INCOMPLETA DE TECNOLOGÍAS EN SALUD Y/O PRESTACIÓN DE OTROS SERVICIOS,1010401,MEDICAMENTOS UPC,,,ENFERMEDADES CRÓNICAS NO TRASMISIBLES CARDIOVASCULARES,HTA (HIPERTENSIÓN ARTERIAL),HIPERTENSIÓN ESENCIAL (PRIMARIA),No aplica,SIMPLE
797,2024,5,Web,68,68307,US- 000002942449,A nombre propio,HOMBRE,59,DE 50 A 62 AÑOS,No Aplica,Contributivo,No Aplica,No Aplica,68,68307,NUEVA EPS,RÉGIMEN SUBSIDIADO,EPSS41,NUEVA EPS,68,68307,1,BARRERAS EN EL ACCESO A TECNOLOGÍAS Y SERVICIOS DE SALUD; Y OTROS ELEMENTOS COMPLEMENTARIOS PARA LA ATENCIÓN DEL USUARIO,102,NEGACIÓN DE TECNOLOGÍAS EN SALUD Y OTROS ELEMENTOS COMPLEMENTARIOS PARA LA ATENCIÓN DEL USUARIO,10204,NEGACIÓN PARA LA ENTREGA DE TECNOLOGÍAS EN SALUD Y/O DE OTROS SERVICIOS AUTORIZADOS,1020401,MEDICAMENTOS UPC,,,ENFERMEDADES OSTEOARTICULARES,NEUROLÓGICAS,ENFERMEDAD DE PARKINSON,No aplica,SIMPLE
798,2024,6,Personalizado,68,68001,US- 000003606688,A nombre propio,HOMBRE,37,DE 30 A 37 AÑOS,Primaria,Subsidiado,No Aplica,No Aplica,68,68001,NUEVA EPS,RÉGIMEN SUBSIDIADO,EPSS41,NUEVA EPS,68,68307,1,BARRERAS EN EL ACCESO A TECNOLOGÍAS Y SERVICIOS DE SALUD; Y OTROS ELEMENTOS COMPLEMENTARIOS PARA LA ATENCIÓN DEL USUARIO,102,NEGACIÓN DE TECNOLOGÍAS EN SALUD Y OTROS ELEMENTOS COMPLEMENTARIOS PARA LA ATENCIÓN DEL USUARIO,10204,NEGACIÓN PARA LA ENTREGA DE TECNOLOGÍAS EN SALUD Y/O DE OTROS SERVICIOS AUTORIZADOS,1020401,MEDICAMENTOS UPC,,,ENFERMEDAD CRÓNICA TRANSMISIBLE,TBC,"TUBERCULOSIS DEL PULMÓN, CONFIRMADA POR HALLAZGO MICROSCÓPICO DEL BACILO TUBERCULOSO EN ESPUTO, CON O SIN CULTIVO",No aplica,PRIORIZADO
799,2024,6,Telefónico,5,5736,US- 000003606689,Hijo (A),HOMBRE,59,DE 50 A 62 AÑOS,Primaria Incompleta,Subsidiado,No Aplica,Desplazado,5,5736,COOSALUD,RÉGIMEN SUBSIDIADO,ESS024,COOSALUD,5,5001,1,BARRERAS EN EL ACCESO A TECNOLOGÍAS Y SERVICIOS DE SALUD; Y OTROS ELEMENTOS COMPLEMENTARIOS PARA LA ATENCIÓN DEL USUARIO,103,FALTA DE OPORTUNIDAD EN LA AUTORIZACIÓN DE TECNOLOGÍAS EN SALUD Y OTROS ELEMENTOS COMPLEMENTARIOS PARA LA ATENCIÓN DEL USUARIO,10304,FALTA DE OPORTUNIDAD EN LA AUTORIZACIÓN DE OTROS SERVICIOS DE SALUD,1030408,PROCEDIMIENTOS NO QUIRÚRGICOS,1030408001,IMAGENOLOGÍA,PROBLEMAS RELACIONADOS CON FACILIDADES DE ATENCIÓN MÉDICA U OTROS SERVICIOS DE SALUD,PROBLEMAS RELACIONADOS CON FACILIDADES DE ATENCIÓN MÉDICA U OTROS SERVICIOS DE SALUD,TRAQUEOMALACIA CONGÉNITA,No aplica,RIESGO VITAL
800,2024,5,Web,11,11001,US- 000003606690,A nombre propio,MUJER,56,DE 50 A 62 AÑOS,No Aplica,Contributivo,No Aplica,No Aplica,11,11001,COMPENSAR,RÉGIMEN CONTRIBUTIVO,EPS008,COMPENSAR,11,11001,1,BARRERAS EN EL ACCESO A TECNOLOGÍAS Y SERVICIOS DE SALUD; Y OTROS ELEMENTOS COMPLEMENTARIOS PARA LA ATENCIÓN DEL USUARIO,101,FALTA DE OPORTUNIDAD EN LA PRESTACIÓN DE TECNOLOGÍAS EN SALUD Y OTROS ELEMENTOS COMPLEMENTARIOS PARA LA ATENCIÓN DEL USUARIO,10103,FALTA DE OPORTUNIDAD EN LA ATENCIÓN EN OTROS SERVICIOS DE SALUD,1010309,PROCEDIMIENTOS QUIRÚRGICOS,1010309003,OTROS PROCEDIMIENTOS QUIRÚRGICOS,PROBLEMAS RELACIONADOS CON FACILIDADES DE ATENCIÓN MÉDICA U OTROS SERVICIOS DE SALUD,PROBLEMAS RELACIONADOS CON FACILIDADES DE ATENCIÓN MÉDICA U OTROS SERVICIOS DE SALUD,PROBLEMAS RELACIONADOS CON FACILIDADES DE ATENCIÓN MEDICA U OTROS SERVICIOS DE SALUD,No aplica,SIMPLE
801,2024,6,Telefónico,47,47058,US- 000003606691,A nombre propio,HOMBRE,40,DE 38 A 49 AÑOS,Universitario Incompleto,Contributivo,No Aplica,No Aplica,47,47058,NUEVA EPS,RÉGIMEN CONTRIBUTIVO,EPS037,NUEVA EPS,47,47058,1,BARRERAS EN EL ACCESO A TECNOLOGÍAS Y SERVICIOS DE SALUD; Y OTROS ELEMENTOS COMPLEMENTARIOS PARA LA ATENCIÓN DEL USUARIO,103,FALTA DE OPORTUNIDAD EN LA AUTORIZACIÓN DE TECNOLOGÍAS EN SALUD Y OTROS ELEMENTOS COMPLEMENTARIOS PARA LA ATENCIÓN DEL USUARIO,10304,FALTA DE OPORTUNIDAD EN LA AUTORIZACIÓN DE OTROS SERVICIOS DE SALUD,1030408,PROCEDIMIENTOS NO QUIRÚRGICOS,1030408006,OTROS PROCEDIMIENTOS NO QUIRÚRGICOS,PROBLEMAS RELACIONADOS CON FACILIDADES DE ATENCIÓN MÉDICA U OTROS SERVICIOS DE SALUD,PROBLEMAS RELACIONADOS CON FACILIDADES DE ATENCIÓN MÉDICA U OTROS SERVICIOS DE SALUD,"CATARATA, NO ESPECIFICADA",No aplica,SIMPLE
802,2024,6,Web,8,8001,US- 000003606692,A nombre propio,MUJER,70,MAYOR DE 63 AÑOS ,No Aplica,Contributivo,No Aplica,No Aplica,8,8001,NUEVA EPS,RÉGIMEN CONTRIBUTIVO,EPS037,NUEVA EPS,8,8001,1,BARRERAS EN EL ACCESO A TECNOLOGÍAS Y SERVICIOS DE SALUD; Y OTROS ELEMENTOS COMPLEMENTARIOS PARA LA ATENCIÓN DEL USUARIO,101,FALTA DE OPORTUNIDAD EN LA PRESTACIÓN DE TECNOLOGÍAS EN SALUD Y OTROS ELEMENTOS COMPLEMENTARIOS PARA LA ATENCIÓN DEL USUARIO,10101,FALTA DE OPORTUNIDAD EN LAS CITAS O CONSULTAS,1010103,ESPECIALIDADES MÉDICAS ,1010103078,ORTOPEDIA Y TRAUMATOLOGÍA,PROBLEMAS RELACIONADOS CON FACILIDADES DE ATENCIÓN MÉDICA U OTROS SERVICIOS DE SALUD,PROBLEMAS RELACIONADOS CON FACILIDADES DE ATENCIÓN MÉDICA U OTROS SERVICIOS DE SALUD,OTROS ESTADOS POSTQUIRÚRGICOS,No aplica,SIMPLE
803,2024,6,Web,66,66682,US- 000003606693,A nombre propio,MUJER,33,DE 30 A 37 AÑOS,No Aplica,Contributivo,No Aplica,No Aplica,66,66682,NUEVA EPS,RÉGIMEN CONTRIBUTIVO,EPS037,NUEVA EPS,66,66682,1,BARRERAS EN EL ACCESO A TECNOLOGÍAS Y SERVICIOS DE SALUD; Y OTROS ELEMENTOS COMPLEMENTARIOS PARA LA ATENCIÓN DEL USUARIO,101,FALTA DE OPORTUNIDAD EN LA PRESTACIÓN DE TECNOLOGÍAS EN SALUD Y OTROS ELEMENTOS COMPLEMENTARIOS PARA LA ATENCIÓN DEL USUARIO,10101,FALTA DE OPORTUNIDAD EN LAS CITAS O CONSULTAS,1010103,ESPECIALIDADES MÉDICAS ,1010103039,ENDOCRINOLOGÍA,PROBLEMAS RELACIONADOS CON FACILIDADES DE ATENCIÓN MÉDICA U OTROS SERVICIOS DE SALUD,PROBLEMAS RELACIONADOS CON FACILIDADES DE ATENCIÓN MÉDICA U OTROS SERVICIOS DE SALUD,OTRAS CONSULTAS ESPECIFICADAS,No aplica,SIMPLE
804,2024,6,Web,70,70001,US- 000003606694,Madre,HOMBRE,22,DE 18 A 24 AÑOS,No Aplica,Contributivo,No Aplica,Persona con discapacidad,70,70001,SALUD TOTAL,RÉGIMEN CONTRIBUTIVO,EPS002,SALUD TOTAL,70,70001,1,BARRERAS EN EL ACCESO A TECNOLOGÍAS Y SERVICIOS DE SALUD; Y OTROS ELEMENTOS COMPLEMENTARIOS PARA LA ATENCIÓN DEL USUARIO,101,FALTA DE OPORTUNIDAD EN LA PRESTACIÓN DE TECNOLOGÍAS EN SALUD Y OTROS ELEMENTOS COMPLEMENTARIOS PARA LA ATENCIÓN DEL USUARIO,10101,FALTA DE OPORTUNIDAD EN LAS CITAS O CONSULTAS,1010103,ESPECIALIDADES MÉDICAS ,1010103080,OTORRINOLARINGOLOGÍA,PROBLEMAS RELACIONADOS CON FACILIDADES DE ATENCIÓN MÉDICA U OTROS SERVICIOS DE SALUD,PROBLEMAS RELACIONADOS CON FACILIDADES DE ATENCIÓN MÉDICA U OTROS SERVICIOS DE SALUD,OTROS VÉRTIGOS PERIFÉRICOS,No aplica,SIMPLE
805,2024,6,Telefónico,23,23417,US- 000003606695,Otro,MUJER,59,DE 50 A 62 AÑOS,Primaria,Subsidiado,No Aplica,No Aplica,23,23417,MUTUAL SER,RÉGIMEN SUBSIDIADO,ESS207,MUTUAL SER,23,23417,1,BARRERAS EN EL ACCESO A TECNOLOGÍAS Y SERVICIOS DE SALUD; Y OTROS ELEMENTOS COMPLEMENTARIOS PARA LA ATENCIÓN DEL USUARIO,101,FALTA DE OPORTUNIDAD EN LA PRESTACIÓN DE TECNOLOGÍAS EN SALUD Y OTROS ELEMENTOS COMPLEMENTARIOS PARA LA ATENCIÓN DEL USUARIO,10103,FALTA DE OPORTUNIDAD EN LA ATENCIÓN EN OTROS SERVICIOS DE SALUD,1010308,PROCEDIMIENTOS NO QUIRÚRGICOS,1010308001,IMAGENOLOGÍA,ENFERMEDADES OSTEOARTICULARES,NEUROLÓGICAS,OTRAS ISQUEMIAS CEREBRALES TRANSITORIAS Y SÍNDROMES AFINES,No aplica,SIMPLE
806,2024,6,Escrito,54,54344,US- 000003606696,A nombre propio,HOMBRE,57,DE 50 A 62 AÑOS,No Aplica,Subsidiado,No Aplica,No Aplica,54,54344,COOSALUD,RÉGIMEN SUBSIDIADO,ESS024,COOSALUD,54,54344,1,BARRERAS EN EL ACCESO A TECNOLOGÍAS Y SERVICIOS DE SALUD; Y OTROS ELEMENTOS COMPLEMENTARIOS PARA LA ATENCIÓN DEL USUARIO,101,FALTA DE OPORTUNIDAD EN LA PRESTACIÓN DE TECNOLOGÍAS EN SALUD Y OTROS ELEMENTOS COMPLEMENTARIOS PARA LA ATENCIÓN DEL USUARIO,10103,FALTA DE OPORTUNIDAD EN LA ATENCIÓN EN OTROS SERVICIOS DE SALUD,1010308,PROCEDIMIENTOS NO QUIRÚRGICOS,1010308001,IMAGENOLOGÍA,ENFERMEDADES CRÓNICAS NO TRANSMISIBLES- FACTORES DE RIESGO,MEDICIÓN DE FACTORES DE RIESGO,EXAMEN MEDICO GENERAL,No aplica,SIMPLE
807,2024,6,Telefónico,5,5212,US- 000000609187,A nombre propio,MUJER,69,MAYOR DE 63 AÑOS ,Universitario Incompleto,Contributivo,No Aplica,No Aplica,5,5212,SURAMERICANA EPS,RÉGIMEN CONTRIBUTIVO,EPS010,EPS SURA,5,5212,1,BARRERAS EN EL ACCESO A TECNOLOGÍAS Y SERVICIOS DE SALUD; Y OTROS ELEMENTOS COMPLEMENTARIOS PARA LA ATENCIÓN DEL USUARIO,101,FALTA DE OPORTUNIDAD EN LA PRESTACIÓN DE TECNOLOGÍAS EN SALUD Y OTROS ELEMENTOS COMPLEMENTARIOS PARA LA ATENCIÓN DEL USUARIO,10103,FALTA DE OPORTUNIDAD EN LA ATENCIÓN EN OTROS SERVICIOS DE SALUD,1010308,PROCEDIMIENTOS NO QUIRÚRGICOS,1010308001,IMAGENOLOGÍA,ENFERMEDADES CRÓNICAS NO TRASMISIBLES CARDIOVASCULARES,HTA (HIPERTENSIÓN ARTERIAL),HIPERTENSIÓN ESENCIAL (PRIMARIA),No aplica,SIMPLE
808,2024,6,Web,47,47745,US- 000003606697,Hijo (A),HOMBRE,79,MAYOR DE 63 AÑOS ,No Aplica,Subsidiado,No Aplica,Desplazado,47,47745,NUEVA EPS,RÉGIMEN SUBSIDIADO,EPSS41,NUEVA EPS,47,47745,1,BARRERAS EN EL ACCESO A TECNOLOGÍAS Y SERVICIOS DE SALUD; Y OTROS ELEMENTOS COMPLEMENTARIOS PARA LA ATENCIÓN DEL USUARIO,101,FALTA DE OPORTUNIDAD EN LA PRESTACIÓN DE TECNOLOGÍAS EN SALUD Y OTROS ELEMENTOS COMPLEMENTARIOS PARA LA ATENCIÓN DEL USUARIO,10104,FALTA DE OPORTUNIDAD EN LA ENTREGA O ENTREGA INCOMPLETA DE TECNOLOGÍAS EN SALUD Y/O PRESTACIÓN DE OTROS SERVICIOS,1010408,"TRANSPORTE, ALOJAMIENTO O ALIMENTACIÓN",,,ENFERMEDADES CRÓNICAS NO TRANSMISIBLES –RENALES,IRC-ENFERMEDAD RENAL,"INSUFICIENCIA RENAL CRÓNICA, NO ESPECIFICADA",Hemodiálisis,PRIORIZADO
809,2024,6,Web,11,11001,US- 000001307011,Madre,MUJER,4,DE 0 A 5 AÑOS,No Aplica,Subsidiado,No Aplica,No Aplica,11,11001,SALUD TOTAL,RÉGIMEN CONTRIBUTIVO,EPS002,SALUD TOTAL,11,11001,4,INSATISFACCIÓN DEL USUARIO CON EL PROCESO ADMINISTRATIVO,404,INSATISFACCIÓN RELACIONADA CON TRÁMITES ADMINISTRATIVOS,40402,FALLAS O IRREGULARIDADES EN EL MANEJO TÉCNICO DE LA HISTORIA CLÍNICA Y/O REGISTROS ASISTENCIALES,,,,,MATERNO INFANTIL,ATENCIÓN NIÑOS MENORES DE 5 AÑOS,OTROS PROBLEMAS RELACIONADOS CON SERVICIOS MÉDICOS Y DE SALUD,No aplica,SIMPLE
810,2024,6,Telefónico,5,5045,US- 000002733547,Madre,HOMBRE,29,DE 25 A 29 AÑOS,Universitario,Contributivo,Indígena,Desplazado,5,5045,NUEVA EPS,RÉGIMEN CONTRIBUTIVO,EPS037,NUEVA EPS,5,5045,1,BARRERAS EN EL ACCESO A TECNOLOGÍAS Y SERVICIOS DE SALUD; Y OTROS ELEMENTOS COMPLEMENTARIOS PARA LA ATENCIÓN DEL USUARIO,102,NEGACIÓN DE TECNOLOGÍAS EN SALUD Y OTROS ELEMENTOS COMPLEMENTARIOS PARA LA ATENCIÓN DEL USUARIO,10201,NEGACIÓN EN LA ASIGNACIÓN DE CITAS O CONSULTAS,1020103,ESPECIALIDADES MÉDICAS ,1020103042,GASTROENTEROLOGÍA,PROBLEMAS RELACIONADOS CON FACILIDADES DE ATENCIÓN MÉDICA U OTROS SERVICIOS DE SALUD,PROBLEMAS RELACIONADOS CON FACILIDADES DE ATENCIÓN MÉDICA U OTROS SERVICIOS DE SALUD,SÍNDROME DEL COLON IRRITABLE,No aplica,SIMPLE
811,2024,6,Web,76,76001,US- 000003606698,A nombre propio,HOMBRE,10,DE 6 A 12 AÑOS,No Aplica,Contributivo,No Aplica,No Aplica,76,76001,SOS -SERVICIO OCCIDENTAL DE SALUD,RÉGIMEN CONTRIBUTIVO,EPS018,SERVICIO OCCIDENTAL DE SALUD (SOS),76,76001,1,BARRERAS EN EL ACCESO A TECNOLOGÍAS Y SERVICIOS DE SALUD; Y OTROS ELEMENTOS COMPLEMENTARIOS PARA LA ATENCIÓN DEL USUARIO,102,NEGACIÓN DE TECNOLOGÍAS EN SALUD Y OTROS ELEMENTOS COMPLEMENTARIOS PARA LA ATENCIÓN DEL USUARIO,10201,NEGACIÓN EN LA ASIGNACIÓN DE CITAS O CONSULTAS,1020103,ESPECIALIDADES MÉDICAS ,1020103082,PEDIATRÍA,ENFERMEDADES CRÓNICAS NO TRANSMISIBLES –DIABETES,DIABETES,DIABETES MELLITUS NO ESPECIFICADA,No aplica,SIMPLE
812,2024,4,Telefónico,25,25430,US- 000003606699,A nombre propio,MUJER,28,DE 25 A 29 AÑOS,Universitario Incompleto,No aplica,No Aplica,No Aplica,25,25430,SECRETARÍA DE SALUD DE CUNDINAMARCA,ENTIDADES TERRITORIALES,999998,SECRETARIA DE SALUD DE CUNDINAMARCA,25,25430,1,BARRERAS EN EL ACCESO A TECNOLOGÍAS Y SERVICIOS DE SALUD; Y OTROS ELEMENTOS COMPLEMENTARIOS PARA LA ATENCIÓN DEL USUARIO,101,FALTA DE OPORTUNIDAD EN LA PRESTACIÓN DE TECNOLOGÍAS EN SALUD Y OTROS ELEMENTOS COMPLEMENTARIOS PARA LA ATENCIÓN DEL USUARIO,10101,FALTA DE OPORTUNIDAD EN LAS CITAS O CONSULTAS,1010101,MEDICINA GENERAL,,,ENFERMEDADES OSTEOARTICULARES,OTROS,TRAUMATISMO DE ESTRUCTURAS MÚLTIPLES DE LA RODILLA,No aplica,SIMPLE
813,2024,6,Web,11,11001,US- 000002286494,A nombre propio,HOMBRE,46,DE 38 A 49 AÑOS,No Aplica,Contributivo,No Aplica,No Aplica,11,11001,COMPENSAR,RÉGIMEN CONTRIBUTIVO,EPS008,COMPENSAR,11,11001,1,BARRERAS EN EL ACCESO A TECNOLOGÍAS Y SERVICIOS DE SALUD; Y OTROS ELEMENTOS COMPLEMENTARIOS PARA LA ATENCIÓN DEL USUARIO,101,FALTA DE OPORTUNIDAD EN LA PRESTACIÓN DE TECNOLOGÍAS EN SALUD Y OTROS ELEMENTOS COMPLEMENTARIOS PARA LA ATENCIÓN DEL USUARIO,10103,FALTA DE OPORTUNIDAD EN LA ATENCIÓN EN OTROS SERVICIOS DE SALUD,1010308,PROCEDIMIENTOS NO QUIRÚRGICOS,1010308001,IMAGENOLOGÍA,PROBLEMAS RELACIONADOS CON FACILIDADES DE ATENCIÓN MÉDICA U OTROS SERVICIOS DE SALUD,PROBLEMAS RELACIONADOS CON FACILIDADES DE ATENCIÓN MÉDICA U OTROS SERVICIOS DE SALUD,"ALTERACIÓN VISUAL, NO ESPECIFICADA",No aplica,SIMPLE
814,2024,6,Web,66,66400,US- 000001775986,Otro,HOMBRE,62,DE 50 A 62 AÑOS,Ninguno,Subsidiado,No Aplica,No Aplica,66,66400,COOSALUD,RÉGIMEN SUBSIDIADO,ESS024,COOSALUD,66,66400,1,BARRERAS EN EL ACCESO A TECNOLOGÍAS Y SERVICIOS DE SALUD; Y OTROS ELEMENTOS COMPLEMENTARIOS PARA LA ATENCIÓN DEL USUARIO,102,NEGACIÓN DE TECNOLOGÍAS EN SALUD Y OTROS ELEMENTOS COMPLEMENTARIOS PARA LA ATENCIÓN DEL USUARIO,10201,NEGACIÓN EN LA ASIGNACIÓN DE CITAS O CONSULTAS,1020103,ESPECIALIDADES MÉDICAS ,1020103033,DERMATOLOGÍA,PROBLEMAS RELACIONADOS CON FACILIDADES DE ATENCIÓN MÉDICA U OTROS SERVICIOS DE SALUD,PROBLEMAS RELACIONADOS CON FACILIDADES DE ATENCIÓN MÉDICA U OTROS SERVICIOS DE SALUD,OTROS PROBLEMAS RELACIONADOS CON SERVICIOS MÉDICOS Y DE SALUD,No aplica,SIMPLE
815,2024,6,Web,52,52001,US- 000003606700,Otro,MUJER,1,DE 0 A 5 AÑOS,No Aplica,Subsidiado,No Aplica,No Aplica,19,19001,COOSALUD,RÉGIMEN SUBSIDIADO,ESS024,COOSALUD,19,19001,1,BARRERAS EN EL ACCESO A TECNOLOGÍAS Y SERVICIOS DE SALUD; Y OTROS ELEMENTOS COMPLEMENTARIOS PARA LA ATENCIÓN DEL USUARIO,102,NEGACIÓN DE TECNOLOGÍAS EN SALUD Y OTROS ELEMENTOS COMPLEMENTARIOS PARA LA ATENCIÓN DEL USUARIO,10201,NEGACIÓN EN LA ASIGNACIÓN DE CITAS O CONSULTAS,1020103,ESPECIALIDADES MÉDICAS ,1020103075,OFTALMOLOGÍA,MATERNO INFANTIL,ATENCIÓN NIÑOS MENORES DE 5 AÑOS,CONTROL DE SALUD DE RUTINA DEL NIÑO,No aplica,SIMPLE
816,2024,6,Web,25,25175,US- 000003606701,A nombre propio,HOMBRE,78,MAYOR DE 63 AÑOS ,No Aplica,Contributivo,No Aplica,No Aplica,25,25175,SURAMERICANA EPS,RÉGIMEN CONTRIBUTIVO,EPS010,EPS SURA,25,25175,1,BARRERAS EN EL ACCESO A TECNOLOGÍAS Y SERVICIOS DE SALUD; Y OTROS ELEMENTOS COMPLEMENTARIOS PARA LA ATENCIÓN DEL USUARIO,103,FALTA DE OPORTUNIDAD EN LA AUTORIZACIÓN DE TECNOLOGÍAS EN SALUD Y OTROS ELEMENTOS COMPLEMENTARIOS PARA LA ATENCIÓN DEL USUARIO,10304,FALTA DE OPORTUNIDAD EN LA AUTORIZACIÓN DE OTROS SERVICIOS DE SALUD,1030402,HOSPITALIZACIÓN,,,CÁNCER ,LINFOMA HODGKING,"LINFOMA DE CÉLULAS B, SIN OTRA ESPECIFICACIÓN",No aplica,PRIORIZADO
817,2024,5,Web,76,76001,US- 000002238084,A nombre propio,HOMBRE,73,MAYOR DE 63 AÑOS ,No Aplica,Contributivo,No Aplica,No Aplica,76,76001,SOS -SERVICIO OCCIDENTAL DE SALUD,RÉGIMEN CONTRIBUTIVO,EPS018,SERVICIO OCCIDENTAL DE SALUD (SOS),76,76001,1,BARRERAS EN EL ACCESO A TECNOLOGÍAS Y SERVICIOS DE SALUD; Y OTROS ELEMENTOS COMPLEMENTARIOS PARA LA ATENCIÓN DEL USUARIO,102,NEGACIÓN DE TECNOLOGÍAS EN SALUD Y OTROS ELEMENTOS COMPLEMENTARIOS PARA LA ATENCIÓN DEL USUARIO,10204,NEGACIÓN PARA LA ENTREGA DE TECNOLOGÍAS EN SALUD Y/O DE OTROS SERVICIOS AUTORIZADOS,1020407,"ELEMENTOS COMPLEMENTARIOS PARA LA ATENCIÓN DEL USUARIO (PAÑALES, PAÑITOS, ETC.)",,,PROBLEMAS RELACIONADOS CON FACILIDADES DE ATENCIÓN MÉDICA U OTROS SERVICIOS DE SALUD,PROBLEMAS RELACIONADOS CON FACILIDADES DE ATENCIÓN MÉDICA U OTROS SERVICIOS DE SALUD,OTROS PROBLEMAS RELACIONADOS CON SERVICIOS MÉDICOS Y DE SALUD,No aplica,SIMPLE
818,2024,6,Telefónico,11,11001,US- 000003606702,Abuelo (A),HOMBRE,2,DE 0 A 5 AÑOS,Ninguno,Contributivo,No Aplica,No Aplica,11,11001,SALUD TOTAL,RÉGIMEN CONTRIBUTIVO,EPS002,SALUD TOTAL,11,11001,1,BARRERAS EN EL ACCESO A TECNOLOGÍAS Y SERVICIOS DE SALUD; Y OTROS ELEMENTOS COMPLEMENTARIOS PARA LA ATENCIÓN DEL USUARIO,102,NEGACIÓN DE TECNOLOGÍAS EN SALUD Y OTROS ELEMENTOS COMPLEMENTARIOS PARA LA ATENCIÓN DEL USUARIO,10201,NEGACIÓN EN LA ASIGNACIÓN DE CITAS O CONSULTAS,1020103,ESPECIALIDADES MÉDICAS ,1020103082,PEDIATRÍA,MATERNO INFANTIL,ATENCIÓN NIÑOS MENORES DE 5 AÑOS,TOS,No aplica,SIMPLE
819,2024,5,Web,76,76318,US- 000003606703,A nombre propio,MUJER,28,DE 25 A 29 AÑOS,No Aplica,Contributivo,No Aplica,No Aplica,76,76318,NUEVA EPS,RÉGIMEN CONTRIBUTIVO,EPS037,NUEVA EPS,76,76318,4,INSATISFACCIÓN DEL USUARIO CON EL PROCESO ADMINISTRATIVO,401,INSATISFACCIÓN CON LA COMUNICACIÓN O INFORMACIÓN ENTREGADA POR PARTE DEL PERSONAL ADMINISTRATIVO,40101,INSATISFACCIÓN RELACIONADA CON INSUFICIENCIA O DEFICIENCIAS EN LA CALIDAD DE LA INFORMACIÓN BRINDADA AL USUARIO,,,,,PROBLEMAS RELACIONADOS CON FACILIDADES DE ATENCIÓN MÉDICA U OTROS SERVICIOS DE SALUD,PROBLEMAS RELACIONADOS CON FACILIDADES DE ATENCIÓN MÉDICA U OTROS SERVICIOS DE SALUD,OTROS TRASTORNOS ESPECIFICADOS DE LA URETRA,No aplica,SIMPLE
820,2024,5,Web,52,52001,US- 000003606704,Otro,MUJER,19,DE 18 A 24 AÑOS,Secundaria,Contributivo,No Aplica,No Aplica,52,52001,NUEVA EPS,RÉGIMEN CONTRIBUTIVO,EPS037,NUEVA EPS,52,52001,1,BARRERAS EN EL ACCESO A TECNOLOGÍAS Y SERVICIOS DE SALUD; Y OTROS ELEMENTOS COMPLEMENTARIOS PARA LA ATENCIÓN DEL USUARIO,102,NEGACIÓN DE TECNOLOGÍAS EN SALUD Y OTROS ELEMENTOS COMPLEMENTARIOS PARA LA ATENCIÓN DEL USUARIO,10203,NEGACIÓN EN LA ATENCIÓN EN OTROS SERVICIOS DE SALUD,1020308,PROCEDIMIENTOS NO QUIRÚRGICOS,1020308006,OTROS PROCEDIMIENTOS NO QUIRÚRGICOS,SALUD MENTAL,OTROS TRASTORNOS MENTALES,"TRASTORNO DE ANSIEDAD , NO ESPECIFICADO",No aplica,SIMPLE
821,2024,6,Redes Sociales,15,15176,US- 000002613562,Madre,MUJER,23,DE 18 A 24 AÑOS,Primaria Incompleta,Subsidiado,No Aplica,No Aplica,15,15176,SANITAS,RÉGIMEN CONTRIBUTIVO,EPS005,SANITAS,15,15176,1,BARRERAS EN EL ACCESO A TECNOLOGÍAS Y SERVICIOS DE SALUD; Y OTROS ELEMENTOS COMPLEMENTARIOS PARA LA ATENCIÓN DEL USUARIO,101,FALTA DE OPORTUNIDAD EN LA PRESTACIÓN DE TECNOLOGÍAS EN SALUD Y OTROS ELEMENTOS COMPLEMENTARIOS PARA LA ATENCIÓN DEL USUARIO,10105,FALTA DE OPORTUNIDAD EN EL PROCESO DE REFERENCIA Y CONTRARREFERENCIA,,,,,SALUD MENTAL,OTROS TRASTORNOS MENTALES,TRASTORNO MIXTO DE ANSIEDAD Y DEPRESIÓN,No aplica,PRIORIZADO
822,2024,5,Personalizado,27,27001,US- 000000679240,A nombre propio,MUJER,57,DE 50 A 62 AÑOS,Secundaria,Contributivo,Afrocolombiano o Afrodescendiente,Desplazado,27,27001,SANITAS,RÉGIMEN CONTRIBUTIVO,EPS005,SANITAS,27,27001,1,BARRERAS EN EL ACCESO A TECNOLOGÍAS Y SERVICIOS DE SALUD; Y OTROS ELEMENTOS COMPLEMENTARIOS PARA LA ATENCIÓN DEL USUARIO,102,NEGACIÓN DE TECNOLOGÍAS EN SALUD Y OTROS ELEMENTOS COMPLEMENTARIOS PARA LA ATENCIÓN DEL USUARIO,10201,NEGACIÓN EN LA ASIGNACIÓN DE CITAS O CONSULTAS,1020103,ESPECIALIDADES MÉDICAS ,1020103047,GINECOLOGÍA Y OBSTETRICIA,VIH SIDA Y OTRAS ET SEXUAL,VIH SIDA,"ENFERMEDAD POR VIRUS DE LA INMUNODEFICIENCIA HUMANA (VIH), SIN OTRA ESPECIFICACIÓN",Diagnóstico y manejo del paciente infectado por VIH,PRIORIZADO
823,2024,6,Personalizado,76,76001,US- 000003606705,Madre,HOMBRE,9,DE 6 A 12 AÑOS,Primaria Incompleta,Contributivo,No Aplica,Persona con discapacidad,76,76001,SOS -SERVICIO OCCIDENTAL DE SALUD,RÉGIMEN CONTRIBUTIVO,EPS018,SERVICIO OCCIDENTAL DE SALUD (SOS),76,76001,1,BARRERAS EN EL ACCESO A TECNOLOGÍAS Y SERVICIOS DE SALUD; Y OTROS ELEMENTOS COMPLEMENTARIOS PARA LA ATENCIÓN DEL USUARIO,102,NEGACIÓN DE TECNOLOGÍAS EN SALUD Y OTROS ELEMENTOS COMPLEMENTARIOS PARA LA ATENCIÓN DEL USUARIO,10204,NEGACIÓN PARA LA ENTREGA DE TECNOLOGÍAS EN SALUD Y/O DE OTROS SERVICIOS AUTORIZADOS,1020401,MEDICAMENTOS UPC,,,SALUD MENTAL,OTROS TRASTORNOS MENTALES,AUTISMO EN LA NIÑEZ,No aplica,PRIORIZADO
824,2024,6,Web,5,5172,US- 000003606706,Madre,MUJER,3,DE 0 A 5 AÑOS,No Aplica,Subsidiado,No Aplica,No Aplica,5,5045,NUEVA EPS,RÉGIMEN CONTRIBUTIVO,EPS037,NUEVA EPS,5,5172,1,BARRERAS EN EL ACCESO A TECNOLOGÍAS Y SERVICIOS DE SALUD; Y OTROS ELEMENTOS COMPLEMENTARIOS PARA LA ATENCIÓN DEL USUARIO,102,NEGACIÓN DE TECNOLOGÍAS EN SALUD Y OTROS ELEMENTOS COMPLEMENTARIOS PARA LA ATENCIÓN DEL USUARIO,10201,NEGACIÓN EN LA ASIGNACIÓN DE CITAS O CONSULTAS,1020103,ESPECIALIDADES MÉDICAS ,1020103082,PEDIATRÍA,MATERNO INFANTIL,ATENCIÓN NIÑOS MENORES DE 5 AÑOS,TOS,No aplica,SIMPLE
825,2024,6,Web,73,73563,US- 000003606707,A nombre propio,HOMBRE,78,MAYOR DE 63 AÑOS ,No Aplica,Subsidiado,No Aplica,Desplazado,73,73563,ASMET SALUD EPS,RÉGIMEN SUBSIDIADO,ESS062,ASMET SALUD,73,73563,1,BARRERAS EN EL ACCESO A TECNOLOGÍAS Y SERVICIOS DE SALUD; Y OTROS ELEMENTOS COMPLEMENTARIOS PARA LA ATENCIÓN DEL USUARIO,101,FALTA DE OPORTUNIDAD EN LA PRESTACIÓN DE TECNOLOGÍAS EN SALUD Y OTROS ELEMENTOS COMPLEMENTARIOS PARA LA ATENCIÓN DEL USUARIO,10103,FALTA DE OPORTUNIDAD EN LA ATENCIÓN EN OTROS SERVICIOS DE SALUD,1010308,PROCEDIMIENTOS NO QUIRÚRGICOS,1010308001,IMAGENOLOGÍA,PROBLEMAS RELACIONADOS CON FACILIDADES DE ATENCIÓN MÉDICA U OTROS SERVICIOS DE SALUD,PROBLEMAS RELACIONADOS CON FACILIDADES DE ATENCIÓN MÉDICA U OTROS SERVICIOS DE SALUD,CATARATA SENIL NUCLEAR,No aplica,SIMPLE
826,2024,5,Web,11,11001,US- 000003606708,A nombre propio,HOMBRE,62,DE 50 A 62 AÑOS,No Aplica,Contributivo,No Aplica,No Aplica,11,11001,NUEVA EPS,RÉGIMEN CONTRIBUTIVO,EPS037,NUEVA EPS,11,11001,1,BARRERAS EN EL ACCESO A TECNOLOGÍAS Y SERVICIOS DE SALUD; Y OTROS ELEMENTOS COMPLEMENTARIOS PARA LA ATENCIÓN DEL USUARIO,101,FALTA DE OPORTUNIDAD EN LA PRESTACIÓN DE TECNOLOGÍAS EN SALUD Y OTROS ELEMENTOS COMPLEMENTARIOS PARA LA ATENCIÓN DEL USUARIO,10101,FALTA DE OPORTUNIDAD EN LAS CITAS O CONSULTAS,1010103,ESPECIALIDADES MÉDICAS ,1010103078,ORTOPEDIA Y TRAUMATOLOGÍA,ENFERMEDADES OSTEOARTICULARES,OTROS,DOLOR EN MIEMBRO,No aplica,SIMPLE
827,2024,6,Web,52,52001,US- 000001060998,A nombre propio,MUJER,57,DE 50 A 62 AÑOS,Secundaria,Contributivo,No Aplica,No Aplica,52,52001,NUEVA EPS,RÉGIMEN CONTRIBUTIVO,EPS037,NUEVA EPS,52,52001,1,BARRERAS EN EL ACCESO A TECNOLOGÍAS Y SERVICIOS DE SALUD; Y OTROS ELEMENTOS COMPLEMENTARIOS PARA LA ATENCIÓN DEL USUARIO,102,NEGACIÓN DE TECNOLOGÍAS EN SALUD Y OTROS ELEMENTOS COMPLEMENTARIOS PARA LA ATENCIÓN DEL USUARIO,10204,NEGACIÓN PARA LA ENTREGA DE TECNOLOGÍAS EN SALUD Y/O DE OTROS SERVICIOS AUTORIZADOS,1020401,MEDICAMENTOS UPC,,,SALUD MENTAL,OTROS TRASTORNOS MENTALES,TRASTORNO MIXTO DE ANSIEDAD Y DEPRESIÓN,No aplica,PRIORIZADO
828,2024,5,Web,54,54405,US- 000003606709,A nombre propio,MUJER,44,DE 38 A 49 AÑOS,No Aplica,Subsidiado,No Aplica,No Aplica,54,54405,NUEVA EPS,RÉGIMEN SUBSIDIADO,EPSS41,NUEVA EPS,54,54405,1,BARRERAS EN EL ACCESO A TECNOLOGÍAS Y SERVICIOS DE SALUD; Y OTROS ELEMENTOS COMPLEMENTARIOS PARA LA ATENCIÓN DEL USUARIO,102,NEGACIÓN DE TECNOLOGÍAS EN SALUD Y OTROS ELEMENTOS COMPLEMENTARIOS PARA LA ATENCIÓN DEL USUARIO,10204,NEGACIÓN PARA LA ENTREGA DE TECNOLOGÍAS EN SALUD Y/O DE OTROS SERVICIOS AUTORIZADOS,1020401,MEDICAMENTOS UPC,,,PROBLEMAS RELACIONADOS CON FACILIDADES DE ATENCIÓN MÉDICA U OTROS SERVICIOS DE SALUD,PROBLEMAS RELACIONADOS CON FACILIDADES DE ATENCIÓN MÉDICA U OTROS SERVICIOS DE SALUD,HIPERPROLACTINEMIA,No aplica,SIMPLE
829,2024,5,Telefónico,76,76130,US- 000003606710,Madre,HOMBRE,2,DE 0 A 5 AÑOS,No Aplica,Subsidiado,Afrocolombiano o Afrodescendiente,Desplazado,76,76130,NUEVA EPS,RÉGIMEN SUBSIDIADO,EPSS41,NUEVA EPS,76,76130,1,BARRERAS EN EL ACCESO A TECNOLOGÍAS Y SERVICIOS DE SALUD; Y OTROS ELEMENTOS COMPLEMENTARIOS PARA LA ATENCIÓN DEL USUARIO,101,FALTA DE OPORTUNIDAD EN LA PRESTACIÓN DE TECNOLOGÍAS EN SALUD Y OTROS ELEMENTOS COMPLEMENTARIOS PARA LA ATENCIÓN DEL USUARIO,10101,FALTA DE OPORTUNIDAD EN LAS CITAS O CONSULTAS,1010103,ESPECIALIDADES MÉDICAS ,1010103080,OTORRINOLARINGOLOGÍA,MATERNO INFANTIL,ATENCIÓN NIÑOS MENORES DE 5 AÑOS,"HIPOACUSIA, NO ESPECIFICADA",No aplica,SIMPLE
830,2024,6,Personalizado,54,54498,US- 000003606711,A nombre propio,HOMBRE,66,MAYOR DE 63 AÑOS ,Primaria,Subsidiado,No Aplica,Desplazado,54,54498,COOSALUD,RÉGIMEN SUBSIDIADO,ESS024,COOSALUD,54,54498,1,BARRERAS EN EL ACCESO A TECNOLOGÍAS Y SERVICIOS DE SALUD; Y OTROS ELEMENTOS COMPLEMENTARIOS PARA LA ATENCIÓN DEL USUARIO,102,NEGACIÓN DE TECNOLOGÍAS EN SALUD Y OTROS ELEMENTOS COMPLEMENTARIOS PARA LA ATENCIÓN DEL USUARIO,10201,NEGACIÓN EN LA ASIGNACIÓN DE CITAS O CONSULTAS,1020103,ESPECIALIDADES MÉDICAS ,1020103094,UROLOGÍA,PROBLEMAS RELACIONADOS CON FACILIDADES DE ATENCIÓN MÉDICA U OTROS SERVICIOS DE SALUD,PROBLEMAS RELACIONADOS CON FACILIDADES DE ATENCIÓN MÉDICA U OTROS SERVICIOS DE SALUD,HIPERPLASIA DE LA PRÓSTATA,No aplica,SIMPLE
831,2024,6,Web,5,5001,US- 000002935397,A nombre propio,HOMBRE,83,MAYOR DE 63 AÑOS ,No Aplica,Contributivo,Mulato ,No Aplica,5,5001,SALUD TOTAL,RÉGIMEN CONTRIBUTIVO,EPS002,SALUD TOTAL,5,5001,1,BARRERAS EN EL ACCESO A TECNOLOGÍAS Y SERVICIOS DE SALUD; Y OTROS ELEMENTOS COMPLEMENTARIOS PARA LA ATENCIÓN DEL USUARIO,103,FALTA DE OPORTUNIDAD EN LA AUTORIZACIÓN DE TECNOLOGÍAS EN SALUD Y OTROS ELEMENTOS COMPLEMENTARIOS PARA LA ATENCIÓN DEL USUARIO,10301,FALTA DE OPORTUNIDAD EN LA AUTORIZACIÓN DE TECNOLOGÍAS EN SALUD Y/O DE OTROS SERVICIOS,1030101,MEDICAMENTOS UPC,,,CÁNCER ,CÁNCER DE PRÓSTATA,TUMOR MALIGNO DE LA PRÓSTATA,No aplica,PRIORIZADO
832,2024,5,Personalizado,68,68001,US- 000003606712,Hijo (A),HOMBRE,60,DE 50 A 62 AÑOS,Primaria,Subsidiado,No Aplica,Persona con discapacidad,68,68001,NUEVA EPS,RÉGIMEN SUBSIDIADO,EPSS41,NUEVA EPS,68,68276,1,BARRERAS EN EL ACCESO A TECNOLOGÍAS Y SERVICIOS DE SALUD; Y OTROS ELEMENTOS COMPLEMENTARIOS PARA LA ATENCIÓN DEL USUARIO,102,NEGACIÓN DE TECNOLOGÍAS EN SALUD Y OTROS ELEMENTOS COMPLEMENTARIOS PARA LA ATENCIÓN DEL USUARIO,10204,NEGACIÓN PARA LA ENTREGA DE TECNOLOGÍAS EN SALUD Y/O DE OTROS SERVICIOS AUTORIZADOS,1020401,MEDICAMENTOS UPC,,,SALUD MENTAL,OTROS TRASTORNOS MENTALES,DESNUTRICIÓN PROTEICOCALORICA MODERADA,No aplica,PRIORIZADO
833,2024,6,Telefónico,76,76364,US- 000003606713,A nombre propio,MUJER,40,DE 38 A 49 AÑOS,Universitario Incompleto,Contributivo,No Aplica,No Aplica,76,76364,COMFENALCO VALLE,RÉGIMEN CONTRIBUTIVO,EPS012,COMFENALCO  VALLE,76,76364,1,BARRERAS EN EL ACCESO A TECNOLOGÍAS Y SERVICIOS DE SALUD; Y OTROS ELEMENTOS COMPLEMENTARIOS PARA LA ATENCIÓN DEL USUARIO,101,FALTA DE OPORTUNIDAD EN LA PRESTACIÓN DE TECNOLOGÍAS EN SALUD Y OTROS ELEMENTOS COMPLEMENTARIOS PARA LA ATENCIÓN DEL USUARIO,10103,FALTA DE OPORTUNIDAD EN LA ATENCIÓN EN OTROS SERVICIOS DE SALUD,1010308,PROCEDIMIENTOS NO QUIRÚRGICOS,1010308006,OTROS PROCEDIMIENTOS NO QUIRÚRGICOS,PROBLEMAS RELACIONADOS CON FACILIDADES DE ATENCIÓN MÉDICA U OTROS SERVICIOS DE SALUD,PROBLEMAS RELACIONADOS CON FACILIDADES DE ATENCIÓN MÉDICA U OTROS SERVICIOS DE SALUD,QUISTE SOLITARIO DE LA MAMA,No aplica,PRIORIZADO
834,2024,5,Personalizado,76,76001,US- 000001047095,Otro,MUJER,86,MAYOR DE 63 AÑOS ,Primaria,Subsidiado,No Aplica,No Aplica,76,76001,EMSSANAR EPS,RÉGIMEN SUBSIDIADO,ESS118,EMSSANAR,76,76001,1,BARRERAS EN EL ACCESO A TECNOLOGÍAS Y SERVICIOS DE SALUD; Y OTROS ELEMENTOS COMPLEMENTARIOS PARA LA ATENCIÓN DEL USUARIO,102,NEGACIÓN DE TECNOLOGÍAS EN SALUD Y OTROS ELEMENTOS COMPLEMENTARIOS PARA LA ATENCIÓN DEL USUARIO,10204,NEGACIÓN PARA LA ENTREGA DE TECNOLOGÍAS EN SALUD Y/O DE OTROS SERVICIOS AUTORIZADOS,1020401,MEDICAMENTOS UPC,,,ENFERMEDADES CRÓNICAS NO TRASMISIBLES CARDIOVASCULARES,OTROS,FIBRILACIÓN Y ALETEO AURICULAR,Manejo quirúrgico para enfermedades del corazón,PRIORIZADO
835,2024,5,Web,25,25649,US- 000003014599,A nombre propio,HOMBRE,2,DE 0 A 5 AÑOS,No Aplica,Subsidiado,No Aplica,No Aplica,25,25649,NUEVA EPS,RÉGIMEN SUBSIDIADO,EPSS41,NUEVA EPS,25,25649,1,BARRERAS EN EL ACCESO A TECNOLOGÍAS Y SERVICIOS DE SALUD; Y OTROS ELEMENTOS COMPLEMENTARIOS PARA LA ATENCIÓN DEL USUARIO,101,FALTA DE OPORTUNIDAD EN LA PRESTACIÓN DE TECNOLOGÍAS EN SALUD Y OTROS ELEMENTOS COMPLEMENTARIOS PARA LA ATENCIÓN DEL USUARIO,10103,FALTA DE OPORTUNIDAD EN LA ATENCIÓN EN OTROS SERVICIOS DE SALUD,1010308,PROCEDIMIENTOS NO QUIRÚRGICOS,1010308006,OTROS PROCEDIMIENTOS NO QUIRÚRGICOS,MATERNO INFANTIL,ATENCIÓN NIÑOS MENORES DE 5 AÑOS,OTROS CONTROLES GENERALES DE SALUD DE RUTINA DE OTRAS SUBPOBLACIONES DEFINIDAS,No aplica,SIMPLE
836,2024,6,Web,27,27001,US- 000003606714,A nombre propio,MUJER,9,DE 6 A 12 AÑOS,No Aplica,Contributivo,Afrocolombiano o Afrodescendiente,No Aplica,27,27001,SANITAS,RÉGIMEN CONTRIBUTIVO,EPS005,SANITAS,27,27495,1,BARRERAS EN EL ACCESO A TECNOLOGÍAS Y SERVICIOS DE SALUD; Y OTROS ELEMENTOS COMPLEMENTARIOS PARA LA ATENCIÓN DEL USUARIO,101,FALTA DE OPORTUNIDAD EN LA PRESTACIÓN DE TECNOLOGÍAS EN SALUD Y OTROS ELEMENTOS COMPLEMENTARIOS PARA LA ATENCIÓN DEL USUARIO,10101,FALTA DE OPORTUNIDAD EN LAS CITAS O CONSULTAS,1010103,ESPECIALIDADES MÉDICAS ,1010103040,ENDOCRINOLOGÍA PEDIÁTRICA,PROBLEMAS RELACIONADOS CON FACILIDADES DE ATENCIÓN MÉDICA U OTROS SERVICIOS DE SALUD,PROBLEMAS RELACIONADOS CON FACILIDADES DE ATENCIÓN MÉDICA U OTROS SERVICIOS DE SALUD,OTROS PROBLEMAS RELACIONADOS CON SERVICIOS MÉDICOS Y DE SALUD,No aplica,SIMPLE
837,2024,5,Web,76,76834,US- 000000558599,Otro,MUJER,83,MAYOR DE 63 AÑOS ,No Aplica,Subsidiado,No Aplica,No Aplica,76,76670,EMSSANAR EPS,RÉGIMEN SUBSIDIADO,ESS118,EMSSANAR,76,76670,1,BARRERAS EN EL ACCESO A TECNOLOGÍAS Y SERVICIOS DE SALUD; Y OTROS ELEMENTOS COMPLEMENTARIOS PARA LA ATENCIÓN DEL USUARIO,102,NEGACIÓN DE TECNOLOGÍAS EN SALUD Y OTROS ELEMENTOS COMPLEMENTARIOS PARA LA ATENCIÓN DEL USUARIO,10204,NEGACIÓN PARA LA ENTREGA DE TECNOLOGÍAS EN SALUD Y/O DE OTROS SERVICIOS AUTORIZADOS,1020401,MEDICAMENTOS UPC,,,PROBLEMAS RELACIONADOS CON FACILIDADES DE ATENCIÓN MÉDICA U OTROS SERVICIOS DE SALUD,PROBLEMAS RELACIONADOS CON FACILIDADES DE ATENCIÓN MÉDICA U OTROS SERVICIOS DE SALUD,OTRAS ATENCIONES MEDICAS ESPECIFICADAS,No aplica,SIMPLE
838,2024,6,Telefónico,66,66170,US- 000003606715,Hijo (A),MUJER,61,DE 50 A 62 AÑOS,Secundaria,Contributivo,No Aplica,No Aplica,66,66001,SURAMERICANA EPS,RÉGIMEN CONTRIBUTIVO,EPS010,EPS SURA,66,66001,1,BARRERAS EN EL ACCESO A TECNOLOGÍAS Y SERVICIOS DE SALUD; Y OTROS ELEMENTOS COMPLEMENTARIOS PARA LA ATENCIÓN DEL USUARIO,101,FALTA DE OPORTUNIDAD EN LA PRESTACIÓN DE TECNOLOGÍAS EN SALUD Y OTROS ELEMENTOS COMPLEMENTARIOS PARA LA ATENCIÓN DEL USUARIO,10101,FALTA DE OPORTUNIDAD EN LAS CITAS O CONSULTAS,1010103,ESPECIALIDADES MÉDICAS ,1010103013,CIRUGÍA DE MAMA Y TEJIDOS BLANDOS - MASTOLOGÍA,CÁNCER ,CÁNCER DE MAMA,"TUMOR MALIGNO DE LA MAMA, PARTE NO ESPECIFICADA",No aplica,PRIORIZADO
839,2024,6,Web,41,41298,US- 000003606716,A nombre propio,HOMBRE,56,DE 50 A 62 AÑOS,No Aplica,Subsidiado,No Aplica,No Aplica,41,41298,NUEVA EPS,RÉGIMEN CONTRIBUTIVO,EPS037,NUEVA EPS,41,41298,1,BARRERAS EN EL ACCESO A TECNOLOGÍAS Y SERVICIOS DE SALUD; Y OTROS ELEMENTOS COMPLEMENTARIOS PARA LA ATENCIÓN DEL USUARIO,101,FALTA DE OPORTUNIDAD EN LA PRESTACIÓN DE TECNOLOGÍAS EN SALUD Y OTROS ELEMENTOS COMPLEMENTARIOS PARA LA ATENCIÓN DEL USUARIO,10101,FALTA DE OPORTUNIDAD EN LAS CITAS O CONSULTAS,1010113,JUNTA MÉDICA,,,REEMPLAZOS ARTICULARES PROSTÉTICOS DE CADERA O DE RODILLA,REEMPLAZOS ARTICULARES PROSTÉTICOS DE CADERA O DE RODILLA,POLIARTROSIS,Reemplazos articulares,SIMPLE
840,2024,4,Telefónico,68,68307,US- 000000360832,A nombre propio,HOMBRE,52,DE 50 A 62 AÑOS,Secundaria,Contributivo,No Aplica,No Aplica,68,68307,SALUD MIA,RÉGIMEN CONTRIBUTIVO,EPS046,FUNDACION SALUD MIA,68,68001,1,BARRERAS EN EL ACCESO A TECNOLOGÍAS Y SERVICIOS DE SALUD; Y OTROS ELEMENTOS COMPLEMENTARIOS PARA LA ATENCIÓN DEL USUARIO,101,FALTA DE OPORTUNIDAD EN LA PRESTACIÓN DE TECNOLOGÍAS EN SALUD Y OTROS ELEMENTOS COMPLEMENTARIOS PARA LA ATENCIÓN DEL USUARIO,10103,FALTA DE OPORTUNIDAD EN LA ATENCIÓN EN OTROS SERVICIOS DE SALUD,1010309,PROCEDIMIENTOS QUIRÚRGICOS,1010309003,OTROS PROCEDIMIENTOS QUIRÚRGICOS,ENFERMEDADES OSTEOARTICULARES,OTROS,TRASTORNO DEL LIGAMENTO,No aplica,SIMPLE
841,2024,5,Personalizado,5,5360,US- 000003102661,Hijo (A),MUJER,87,MAYOR DE 63 AÑOS ,Ninguno,Contributivo,No Aplica,No Aplica,5,5360,NUEVA EPS,RÉGIMEN CONTRIBUTIVO,EPS037,NUEVA EPS,5,5360,1,BARRERAS EN EL ACCESO A TECNOLOGÍAS Y SERVICIOS DE SALUD; Y OTROS ELEMENTOS COMPLEMENTARIOS PARA LA ATENCIÓN DEL USUARIO,102,NEGACIÓN DE TECNOLOGÍAS EN SALUD Y OTROS ELEMENTOS COMPLEMENTARIOS PARA LA ATENCIÓN DEL USUARIO,10201,NEGACIÓN EN LA ASIGNACIÓN DE CITAS O CONSULTAS,1020103,ESPECIALIDADES MÉDICAS ,1020103094,UROLOGÍA,ENFERMEDADES CRÓNICAS NO TRASMISIBLES CARDIOVASCULARES,HTA (HIPERTENSIÓN ARTERIAL),INCONTINENCIA URINARIA POR TENSIÓN,No aplica,SIMPLE
842,2024,6,Web,15,15238,US- 000003606717,Otro,MUJER,74,MAYOR DE 63 AÑOS ,No Aplica,Contributivo,No Aplica,No Aplica,15,15238,NUEVA EPS,RÉGIMEN CONTRIBUTIVO,EPS037,NUEVA EPS,15,15238,1,BARRERAS EN EL ACCESO A TECNOLOGÍAS Y SERVICIOS DE SALUD; Y OTROS ELEMENTOS COMPLEMENTARIOS PARA LA ATENCIÓN DEL USUARIO,101,FALTA DE OPORTUNIDAD EN LA PRESTACIÓN DE TECNOLOGÍAS EN SALUD Y OTROS ELEMENTOS COMPLEMENTARIOS PARA LA ATENCIÓN DEL USUARIO,10101,FALTA DE OPORTUNIDAD EN LAS CITAS O CONSULTAS,1010103,ESPECIALIDADES MÉDICAS ,1010103022,CIRUGÍA GENERAL,PROBLEMAS RELACIONADOS CON FACILIDADES DE ATENCIÓN MÉDICA U OTROS SERVICIOS DE SALUD,PROBLEMAS RELACIONADOS CON FACILIDADES DE ATENCIÓN MÉDICA U OTROS SERVICIOS DE SALUD,OTROS PROBLEMAS RELACIONADOS CON SERVICIOS MÉDICOS Y DE SALUD,No aplica,SIMPLE
843,2024,6,Telefónico,23,23660,US- 000003606718,Hijo (A),MUJER,56,DE 50 A 62 AÑOS,Primaria,Subsidiado,No Aplica,Desplazado,23,23660,MUTUAL SER,RÉGIMEN SUBSIDIADO,ESS207,MUTUAL SER,23,23660,1,BARRERAS EN EL ACCESO A TECNOLOGÍAS Y SERVICIOS DE SALUD; Y OTROS ELEMENTOS COMPLEMENTARIOS PARA LA ATENCIÓN DEL USUARIO,102,NEGACIÓN DE TECNOLOGÍAS EN SALUD Y OTROS ELEMENTOS COMPLEMENTARIOS PARA LA ATENCIÓN DEL USUARIO,10201,NEGACIÓN EN LA ASIGNACIÓN DE CITAS O CONSULTAS,1020103,ESPECIALIDADES MÉDICAS ,1020103075,OFTALMOLOGÍA,PROBLEMAS RELACIONADOS CON FACILIDADES DE ATENCIÓN MÉDICA U OTROS SERVICIOS DE SALUD,PROBLEMAS RELACIONADOS CON FACILIDADES DE ATENCIÓN MÉDICA U OTROS SERVICIOS DE SALUD,GLAUCOMA,No aplica,SIMPLE
844,2024,6,Web,73,73001,US- 000003606719,A nombre propio,MUJER,46,DE 38 A 49 AÑOS,No Aplica,Subsidiado,No Aplica,No Aplica,73,73001,NUEVA EPS,RÉGIMEN SUBSIDIADO,EPSS41,NUEVA EPS,73,73001,1,BARRERAS EN EL ACCESO A TECNOLOGÍAS Y SERVICIOS DE SALUD; Y OTROS ELEMENTOS COMPLEMENTARIOS PARA LA ATENCIÓN DEL USUARIO,101,FALTA DE OPORTUNIDAD EN LA PRESTACIÓN DE TECNOLOGÍAS EN SALUD Y OTROS ELEMENTOS COMPLEMENTARIOS PARA LA ATENCIÓN DEL USUARIO,10103,FALTA DE OPORTUNIDAD EN LA ATENCIÓN EN OTROS SERVICIOS DE SALUD,1010309,PROCEDIMIENTOS QUIRÚRGICOS,1010309003,OTROS PROCEDIMIENTOS QUIRÚRGICOS,PROBLEMAS RELACIONADOS CON FACILIDADES DE ATENCIÓN MÉDICA U OTROS SERVICIOS DE SALUD,PROBLEMAS RELACIONADOS CON FACILIDADES DE ATENCIÓN MÉDICA U OTROS SERVICIOS DE SALUD,"SUBLUXACIÓN CONGÉNITA DE LA CADERA, UNILATERAL",No aplica,SIMPLE
845,2024,6,Telefónico,41,41001,US- 000001521940,A nombre propio,MUJER,82,MAYOR DE 63 AÑOS ,Secundaria Incompleta,Contributivo,No Aplica,No Aplica,41,41001,NUEVA EPS,RÉGIMEN CONTRIBUTIVO,EPS037,NUEVA EPS,41,41001,1,BARRERAS EN EL ACCESO A TECNOLOGÍAS Y SERVICIOS DE SALUD; Y OTROS ELEMENTOS COMPLEMENTARIOS PARA LA ATENCIÓN DEL USUARIO,101,FALTA DE OPORTUNIDAD EN LA PRESTACIÓN DE TECNOLOGÍAS EN SALUD Y OTROS ELEMENTOS COMPLEMENTARIOS PARA LA ATENCIÓN DEL USUARIO,10103,FALTA DE OPORTUNIDAD EN LA ATENCIÓN EN OTROS SERVICIOS DE SALUD,1010309,PROCEDIMIENTOS QUIRÚRGICOS,1010309003,OTROS PROCEDIMIENTOS QUIRÚRGICOS,ENFERMEDADES CRÓNICAS NO TRASMISIBLES CARDIOVASCULARES,HTA (HIPERTENSIÓN ARTERIAL),DIABETES MELLITUS NO INSULINODEPENDIENTE,No aplica,SIMPLE
846,2024,6,Web,66,66682,US- 000000513539,A nombre propio,HOMBRE,75,MAYOR DE 63 AÑOS ,No Aplica,Subsidiado,No Aplica,No Aplica,66,66682,NUEVA EPS,RÉGIMEN SUBSIDIADO,EPSS41,NUEVA EPS,66,66682,1,BARRERAS EN EL ACCESO A TECNOLOGÍAS Y SERVICIOS DE SALUD; Y OTROS ELEMENTOS COMPLEMENTARIOS PARA LA ATENCIÓN DEL USUARIO,101,FALTA DE OPORTUNIDAD EN LA PRESTACIÓN DE TECNOLOGÍAS EN SALUD Y OTROS ELEMENTOS COMPLEMENTARIOS PARA LA ATENCIÓN DEL USUARIO,10103,FALTA DE OPORTUNIDAD EN LA ATENCIÓN EN OTROS SERVICIOS DE SALUD,1010308,PROCEDIMIENTOS NO QUIRÚRGICOS,1010308006,OTROS PROCEDIMIENTOS NO QUIRÚRGICOS,ENFERMEDADES CRÓNICAS NO TRANSMISIBLES –DIABETES,DIABETES,OTRAS DIABETES MELLITUS ESPECIFICADAS CON OTRAS COMPLICACIONES ESPECIFICADAS,No aplica,SIMPLE
847,2024,6,Personalizado,5,5001,US- 000000329028,A nombre propio,HOMBRE,64,MAYOR DE 63 AÑOS ,Secundaria,Subsidiado,No Aplica,No Aplica,5,5001,SAVIA SALUD,RÉGIMEN SUBSIDIADO,EPSS40,SAVIA SALUD EPS,5,5001,1,BARRERAS EN EL ACCESO A TECNOLOGÍAS Y SERVICIOS DE SALUD; Y OTROS ELEMENTOS COMPLEMENTARIOS PARA LA ATENCIÓN DEL USUARIO,102,NEGACIÓN DE TECNOLOGÍAS EN SALUD Y OTROS ELEMENTOS COMPLEMENTARIOS PARA LA ATENCIÓN DEL USUARIO,10204,NEGACIÓN PARA LA ENTREGA DE TECNOLOGÍAS EN SALUD Y/O DE OTROS SERVICIOS AUTORIZADOS,1020401,MEDICAMENTOS UPC,,,ENFERMEDADES OSTEOARTICULARES,OTROS,"TRASTORNOS DE DISCOS INTERVERTEBRALES LUMBARES Y OTROS, CON MIELOPATÍA (G99.2*)",No aplica,PRIORIZADO
848,2024,6,Personalizado,66,66001,US- 000003606720,A nombre propio,MUJER,59,DE 50 A 62 AÑOS,Primaria,Subsidiado,No Aplica,No Aplica,66,66001,COOSALUD,RÉGIMEN SUBSIDIADO,ESS024,COOSALUD,66,66001,1,BARRERAS EN EL ACCESO A TECNOLOGÍAS Y SERVICIOS DE SALUD; Y OTROS ELEMENTOS COMPLEMENTARIOS PARA LA ATENCIÓN DEL USUARIO,101,FALTA DE OPORTUNIDAD EN LA PRESTACIÓN DE TECNOLOGÍAS EN SALUD Y OTROS ELEMENTOS COMPLEMENTARIOS PARA LA ATENCIÓN DEL USUARIO,10103,FALTA DE OPORTUNIDAD EN LA ATENCIÓN EN OTROS SERVICIOS DE SALUD,1010308,PROCEDIMIENTOS NO QUIRÚRGICOS,1010308006,OTROS PROCEDIMIENTOS NO QUIRÚRGICOS,PROBLEMAS RELACIONADOS CON FACILIDADES DE ATENCIÓN MÉDICA U OTROS SERVICIOS DE SALUD,PROBLEMAS RELACIONADOS CON FACILIDADES DE ATENCIÓN MÉDICA U OTROS SERVICIOS DE SALUD,OTROS TRASTORNOS ESPECIFICADOS DEL APARATO LAGRIMAL,No aplica,SIMPLE
849,2024,6,Web,68,68276,US- 000003606721,A nombre propio,MUJER,79,MAYOR DE 63 AÑOS ,No Aplica,Contributivo,No Aplica,No Aplica,68,68276,SALUD TOTAL,RÉGIMEN CONTRIBUTIVO,EPS002,SALUD TOTAL,68,68001,1,BARRERAS EN EL ACCESO A TECNOLOGÍAS Y SERVICIOS DE SALUD; Y OTROS ELEMENTOS COMPLEMENTARIOS PARA LA ATENCIÓN DEL USUARIO,102,NEGACIÓN DE TECNOLOGÍAS EN SALUD Y OTROS ELEMENTOS COMPLEMENTARIOS PARA LA ATENCIÓN DEL USUARIO,10204,NEGACIÓN PARA LA ENTREGA DE TECNOLOGÍAS EN SALUD Y/O DE OTROS SERVICIOS AUTORIZADOS,1020401,MEDICAMENTOS UPC,,,PROBLEMAS RELACIONADOS CON FACILIDADES DE ATENCIÓN MÉDICA U OTROS SERVICIOS DE SALUD,PROBLEMAS RELACIONADOS CON FACILIDADES DE ATENCIÓN MÉDICA U OTROS SERVICIOS DE SALUD,OTROS PROBLEMAS RELACIONADOS CON SERVICIOS MÉDICOS Y DE SALUD,No aplica,SIMPLE
850,2024,4,Personalizado,5,5088,US- 000001777890,Madre,HOMBRE,11,DE 6 A 12 AÑOS,Secundaria Incompleta,Subsidiado,No Aplica,No Aplica,5,5088,SAVIA SALUD,RÉGIMEN SUBSIDIADO,EPSS40,SAVIA SALUD EPS,5,5088,1,BARRERAS EN EL ACCESO A TECNOLOGÍAS Y SERVICIOS DE SALUD; Y OTROS ELEMENTOS COMPLEMENTARIOS PARA LA ATENCIÓN DEL USUARIO,101,FALTA DE OPORTUNIDAD EN LA PRESTACIÓN DE TECNOLOGÍAS EN SALUD Y OTROS ELEMENTOS COMPLEMENTARIOS PARA LA ATENCIÓN DEL USUARIO,10101,FALTA DE OPORTUNIDAD EN LAS CITAS O CONSULTAS,1010103,ESPECIALIDADES MÉDICAS ,1010103082,PEDIATRÍA,ENFERMEDADES CRÓNICAS NO TRANSMISIBLES- FACTORES DE RIESGO,MEDICIÓN DE FACTORES DE RIESGO,ALERGIA NO ESPECIFICADA,No aplica,SIMPLE
851,2024,6,Telefónico,76,76520,US- 000003606722,A nombre propio,MUJER,44,DE 38 A 49 AÑOS,Universitario Incompleto,Subsidiado,No Aplica,No Aplica,76,76520,EMSSANAR EPS,RÉGIMEN SUBSIDIADO,ESS118,EMSSANAR,76,76520,1,BARRERAS EN EL ACCESO A TECNOLOGÍAS Y SERVICIOS DE SALUD; Y OTROS ELEMENTOS COMPLEMENTARIOS PARA LA ATENCIÓN DEL USUARIO,102,NEGACIÓN DE TECNOLOGÍAS EN SALUD Y OTROS ELEMENTOS COMPLEMENTARIOS PARA LA ATENCIÓN DEL USUARIO,10203,NEGACIÓN EN LA ATENCIÓN EN OTROS SERVICIOS DE SALUD,1020309,PROCEDIMIENTOS QUIRÚRGICOS,1020309003,OTROS PROCEDIMIENTOS QUIRÚRGICOS,PROBLEMAS RELACIONADOS CON FACILIDADES DE ATENCIÓN MÉDICA U OTROS SERVICIOS DE SALUD,PROBLEMAS RELACIONADOS CON FACILIDADES DE ATENCIÓN MÉDICA U OTROS SERVICIOS DE SALUD,TUMOR DE COMPORTAMIENTO INCIERTO O DESCONOCIDO DEL OVARIO,No aplica,SIMPLE
852,2024,5,Web,25,25754,US- 000003606723,A nombre propio,HOMBRE,15,DE 13 A 17 AÑOS,No Aplica,Subsidiado,No Aplica,No Aplica,25,25754,CAPITAL SALUD,RÉGIMEN SUBSIDIADO,EPSS34,CAPITAL SALUD,11,11001,1,BARRERAS EN EL ACCESO A TECNOLOGÍAS Y SERVICIOS DE SALUD; Y OTROS ELEMENTOS COMPLEMENTARIOS PARA LA ATENCIÓN DEL USUARIO,102,NEGACIÓN DE TECNOLOGÍAS EN SALUD Y OTROS ELEMENTOS COMPLEMENTARIOS PARA LA ATENCIÓN DEL USUARIO,10201,NEGACIÓN EN LA ASIGNACIÓN DE CITAS O CONSULTAS,1020101,MEDICINA GENERAL,,,PROBLEMAS RELACIONADOS CON FACILIDADES DE ATENCIÓN MÉDICA U OTROS SERVICIOS DE SALUD,PROBLEMAS RELACIONADOS CON FACILIDADES DE ATENCIÓN MÉDICA U OTROS SERVICIOS DE SALUD,CEFALEA,No aplica,SIMPLE
853,2024,6,Escrito,11,11001,US- 000003606724,A nombre propio,HOMBRE,59,DE 50 A 62 AÑOS,No Aplica,Contributivo,No Aplica,No Aplica,11,11001,ALIANSALUD,RÉGIMEN CONTRIBUTIVO,EPS001,ALIANSALUD,11,11001,1,BARRERAS EN EL ACCESO A TECNOLOGÍAS Y SERVICIOS DE SALUD; Y OTROS ELEMENTOS COMPLEMENTARIOS PARA LA ATENCIÓN DEL USUARIO,102,NEGACIÓN DE TECNOLOGÍAS EN SALUD Y OTROS ELEMENTOS COMPLEMENTARIOS PARA LA ATENCIÓN DEL USUARIO,10204,NEGACIÓN PARA LA ENTREGA DE TECNOLOGÍAS EN SALUD Y/O DE OTROS SERVICIOS AUTORIZADOS,1020401,MEDICAMENTOS UPC,,,ENFERMEDADES CRÓNICAS NO TRANSMISIBLES –DIABETES,DIABETES,DIABETES MELLITUS INSULINODEPENDIENTE,No aplica,PRIORIZADO
854,2024,6,Telefónico,5,5001,US- 000003606725,A nombre propio,MUJER,55,DE 50 A 62 AÑOS,Universitario,Contributivo,No Aplica,No Aplica,5,5001,SURAMERICANA EPS,RÉGIMEN CONTRIBUTIVO,EPS010,EPS SURA,5,5001,4,INSATISFACCIÓN DEL USUARIO CON EL PROCESO ADMINISTRATIVO,401,INSATISFACCIÓN CON LA COMUNICACIÓN O INFORMACIÓN ENTREGADA POR PARTE DEL PERSONAL ADMINISTRATIVO,40101,INSATISFACCIÓN RELACIONADA CON INSUFICIENCIA O DEFICIENCIAS EN LA CALIDAD DE LA INFORMACIÓN BRINDADA AL USUARIO,,,,,ENFERMEDADES CRÓNICAS NO TRANSMISIBLES –RENALES,IRC-ENFERMEDAD RENAL,"INSUFICIENCIA RENAL CRÓNICA, NO ESPECIFICADA",No aplica,PRIORIZADO
855,2024,5,Personalizado,5,5001,US- 000001574739,A nombre propio,HOMBRE,75,MAYOR DE 63 AÑOS ,Primaria Incompleta,Subsidiado,No Aplica,Persona con discapacidad,5,5001,SAVIA SALUD,RÉGIMEN SUBSIDIADO,EPSS40,SAVIA SALUD EPS,5,5001,1,BARRERAS EN EL ACCESO A TECNOLOGÍAS Y SERVICIOS DE SALUD; Y OTROS ELEMENTOS COMPLEMENTARIOS PARA LA ATENCIÓN DEL USUARIO,103,FALTA DE OPORTUNIDAD EN LA AUTORIZACIÓN DE TECNOLOGÍAS EN SALUD Y OTROS ELEMENTOS COMPLEMENTARIOS PARA LA ATENCIÓN DEL USUARIO,10303,FALTA DE OPORTUNIDAD EN LA AUTORIZACIÓN PARA SERVICIOS DE COMPLEMENTACIÓN TERAPÉUTICA,1030302,TERAPIA RESPIRATORIA,,,ENFERMEDADES CRÓNICAS NO TRANSMISIBLES RESPIRATORIAS,"EPOC (ENFERMEDAD PULMONAR OBSTRUCTIVA CRÓNICA, BRONQUITIS CRÓNICA O ENFISEMA)","ENFERMEDAD PULMONAR OBSTRUCTIVA CRÓNICA, NO ESPECIFICADA",No aplica,SIMPLE
856,2024,6,Web,11,11001,US- 000001575373,A nombre propio,MUJER,64,MAYOR DE 63 AÑOS ,No Aplica,Subsidiado,No Aplica,No Aplica,11,11001,CAPITAL SALUD,RÉGIMEN SUBSIDIADO,EPSS34,CAPITAL SALUD,11,11001,1,BARRERAS EN EL ACCESO A TECNOLOGÍAS Y SERVICIOS DE SALUD; Y OTROS ELEMENTOS COMPLEMENTARIOS PARA LA ATENCIÓN DEL USUARIO,102,NEGACIÓN DE TECNOLOGÍAS EN SALUD Y OTROS ELEMENTOS COMPLEMENTARIOS PARA LA ATENCIÓN DEL USUARIO,10204,NEGACIÓN PARA LA ENTREGA DE TECNOLOGÍAS EN SALUD Y/O DE OTROS SERVICIOS AUTORIZADOS,1020401,MEDICAMENTOS UPC,,,ENFERMEDADES CRÓNICAS NO TRANSMISIBLES –DIABETES,DIABETES,DIABETES MELLITUS INSULINODEPENDIENTE,No aplica,PRIORIZADO
857,2024,5,Web,19,19001,US- 000003606726,Otro,MUJER,95,MAYOR DE 63 AÑOS ,No Aplica,Contributivo,No Aplica,No Aplica,19,19001,NUEVA EPS,RÉGIMEN CONTRIBUTIVO,EPS037,NUEVA EPS,19,19001,1,BARRERAS EN EL ACCESO A TECNOLOGÍAS Y SERVICIOS DE SALUD; Y OTROS ELEMENTOS COMPLEMENTARIOS PARA LA ATENCIÓN DEL USUARIO,102,NEGACIÓN DE TECNOLOGÍAS EN SALUD Y OTROS ELEMENTOS COMPLEMENTARIOS PARA LA ATENCIÓN DEL USUARIO,10204,NEGACIÓN PARA LA ENTREGA DE TECNOLOGÍAS EN SALUD Y/O DE OTROS SERVICIOS AUTORIZADOS,1020406,SOPORTE NUTRICIONAL,,,ENFERMEDADES CRÓNICAS NO TRASMISIBLES CARDIOVASCULARES,ACV (ACCIDENTE CEREBRO VASCULAR),GASTROSTOMÍA,No aplica,PRIORIZADO
858,2024,6,Correo,11,11001,US- 000003606727,Otro,HOMBRE,51,DE 50 A 62 AÑOS,No Aplica,Contributivo,No Aplica,No Aplica,11,11001,SALUD TOTAL,RÉGIMEN CONTRIBUTIVO,EPS002,SALUD TOTAL,11,11001,4,INSATISFACCIÓN DEL USUARIO CON EL PROCESO ADMINISTRATIVO,404,INSATISFACCIÓN RELACIONADA CON TRÁMITES ADMINISTRATIVOS,40402,FALLAS O IRREGULARIDADES EN EL MANEJO TÉCNICO DE LA HISTORIA CLÍNICA Y/O REGISTROS ASISTENCIALES,,,,,PROBLEMAS RELACIONADOS CON FACILIDADES DE ATENCIÓN MÉDICA U OTROS SERVICIOS DE SALUD,PROBLEMAS RELACIONADOS CON FACILIDADES DE ATENCIÓN MÉDICA U OTROS SERVICIOS DE SALUD,OTROS PROBLEMAS RELACIONADOS CON SERVICIOS MÉDICOS Y DE SALUD,No aplica,SIMPLE
859,2024,6,Web,8,8758,US- 000003606728,A nombre propio,MUJER,74,MAYOR DE 63 AÑOS ,No Aplica,Contributivo,No Aplica,No Aplica,8,8758,SURAMERICANA EPS,RÉGIMEN CONTRIBUTIVO,EPS010,EPS SURA,8,8758,1,BARRERAS EN EL ACCESO A TECNOLOGÍAS Y SERVICIOS DE SALUD; Y OTROS ELEMENTOS COMPLEMENTARIOS PARA LA ATENCIÓN DEL USUARIO,101,FALTA DE OPORTUNIDAD EN LA PRESTACIÓN DE TECNOLOGÍAS EN SALUD Y OTROS ELEMENTOS COMPLEMENTARIOS PARA LA ATENCIÓN DEL USUARIO,10101,FALTA DE OPORTUNIDAD EN LAS CITAS O CONSULTAS,1010103,ESPECIALIDADES MÉDICAS ,1010103063,MEDICINA INTERNA,ENFERMEDADES CRÓNICAS NO TRANSMISIBLES –DIABETES,DIABETES,DIABETES MELLITUS INSULINODEPENDIENTE SIN MENCIÓN DE COMPLICACIÓN,No aplica,PRIORIZADO
860,2024,6,Telefónico,11,11001,US- 000001606638,A nombre propio,MUJER,69,MAYOR DE 63 AÑOS ,Universitario Incompleto,Contributivo,No Aplica,No Aplica,11,11001,SANITAS,RÉGIMEN CONTRIBUTIVO,EPS005,SANITAS,11,11001,1,BARRERAS EN EL ACCESO A TECNOLOGÍAS Y SERVICIOS DE SALUD; Y OTROS ELEMENTOS COMPLEMENTARIOS PARA LA ATENCIÓN DEL USUARIO,101,FALTA DE OPORTUNIDAD EN LA PRESTACIÓN DE TECNOLOGÍAS EN SALUD Y OTROS ELEMENTOS COMPLEMENTARIOS PARA LA ATENCIÓN DEL USUARIO,10102,FALTA DE OPORTUNIDAD PARA SERVICIOS DE COMPLEMENTACIÓN TERAPÉUTICA,1010201,TERAPIA FÍSICA,,,ENFERMEDADES CRÓNICAS NO TRASMISIBLES CARDIOVASCULARES,HTA (HIPERTENSIÓN ARTERIAL),CADERA INESTABLE,Reemplazos articulares,PRIORIZADO
861,2024,6,Web,54,54001,US- 000001394372,A nombre propio,MUJER,31,DE 30 A 37 AÑOS,No Aplica,Contributivo,No Aplica,Desplazado,54,54001,NUEVA EPS,RÉGIMEN CONTRIBUTIVO,EPS037,NUEVA EPS,54,54001,4,INSATISFACCIÓN DEL USUARIO CON EL PROCESO ADMINISTRATIVO,405,PROBLEMAS EN EL RECONOCIMIENTO Y/O PAGO DE PRESTACIONES ECONÓMICAS,40501,NO RECONOCIMIENTO Y/O PAGO DE LAS PRESTACIONES ECONÓMICAS,4050101,LICENCIA DE MATERNIDAD,,,PROBLEMAS RELACIONADOS CON FACILIDADES DE ATENCIÓN MÉDICA U OTROS SERVICIOS DE SALUD,PROBLEMAS RELACIONADOS CON FACILIDADES DE ATENCIÓN MÉDICA U OTROS SERVICIOS DE SALUD,OTROS PROBLEMAS RELACIONADOS CON SERVICIOS MÉDICOS Y DE SALUD,No aplica,SIMPLE
862,2024,5,Web,76,76001,US- 000000630196,A nombre propio,MUJER,51,DE 50 A 62 AÑOS,No Aplica,Subsidiado,No Aplica,Desplazado,76,76001,SOS -SERVICIO OCCIDENTAL DE SALUD,RÉGIMEN CONTRIBUTIVO,EPS018,SERVICIO OCCIDENTAL DE SALUD (SOS),76,76001,1,BARRERAS EN EL ACCESO A TECNOLOGÍAS Y SERVICIOS DE SALUD; Y OTROS ELEMENTOS COMPLEMENTARIOS PARA LA ATENCIÓN DEL USUARIO,101,FALTA DE OPORTUNIDAD EN LA PRESTACIÓN DE TECNOLOGÍAS EN SALUD Y OTROS ELEMENTOS COMPLEMENTARIOS PARA LA ATENCIÓN DEL USUARIO,10101,FALTA DE OPORTUNIDAD EN LAS CITAS O CONSULTAS,1010103,ESPECIALIDADES MÉDICAS ,1010103072,NEUROLOGÍA,PROBLEMAS RELACIONADOS CON FACILIDADES DE ATENCIÓN MÉDICA U OTROS SERVICIOS DE SALUD,PROBLEMAS RELACIONADOS CON FACILIDADES DE ATENCIÓN MÉDICA U OTROS SERVICIOS DE SALUD,OTROS SÍNDROMES DE CEFALEA ESPECIFICADOS,No aplica,SIMPLE
863,2024,6,Personalizado,81,81794,US- 000003227466,A nombre propio,MUJER,53,DE 50 A 62 AÑOS,Secundaria,Subsidiado,No Aplica,Persona con discapacidad,81,81794,SANITAS,RÉGIMEN CONTRIBUTIVO,EPS005,SANITAS,81,81001,1,BARRERAS EN EL ACCESO A TECNOLOGÍAS Y SERVICIOS DE SALUD; Y OTROS ELEMENTOS COMPLEMENTARIOS PARA LA ATENCIÓN DEL USUARIO,102,NEGACIÓN DE TECNOLOGÍAS EN SALUD Y OTROS ELEMENTOS COMPLEMENTARIOS PARA LA ATENCIÓN DEL USUARIO,10201,NEGACIÓN EN LA ASIGNACIÓN DE CITAS O CONSULTAS,1020103,ESPECIALIDADES MÉDICAS ,1020103078,ORTOPEDIA Y TRAUMATOLOGÍA,PROBLEMAS RELACIONADOS CON FACILIDADES DE ATENCIÓN MÉDICA U OTROS SERVICIOS DE SALUD,PROBLEMAS RELACIONADOS CON FACILIDADES DE ATENCIÓN MÉDICA U OTROS SERVICIOS DE SALUD,INESTABILIDAD DE LA COLUMNA VERTEBRAL,No aplica,SIMPLE
864,2024,6,Redes Sociales,54,54001,US- 000001633386,A nombre propio,MUJER,48,DE 38 A 49 AÑOS,Secundaria,Contributivo,No Aplica,Víctima del conflicto armado,54,54001,COOSALUD,RÉGIMEN CONTRIBUTIVO,EPS042,COOSALUD,54,54001,1,BARRERAS EN EL ACCESO A TECNOLOGÍAS Y SERVICIOS DE SALUD; Y OTROS ELEMENTOS COMPLEMENTARIOS PARA LA ATENCIÓN DEL USUARIO,101,FALTA DE OPORTUNIDAD EN LA PRESTACIÓN DE TECNOLOGÍAS EN SALUD Y OTROS ELEMENTOS COMPLEMENTARIOS PARA LA ATENCIÓN DEL USUARIO,10103,FALTA DE OPORTUNIDAD EN LA ATENCIÓN EN OTROS SERVICIOS DE SALUD,1010308,PROCEDIMIENTOS NO QUIRÚRGICOS,1010308001,IMAGENOLOGÍA,CÁNCER ,OTROS,"TUMOR MALIGNO DE LAS VÍAS BILIARES, PARTE NO ESPECIFICADA",No aplica,PRIORIZADO
865,2024,6,Web,5,5001,US- 000002769666,Hijo (A),MUJER,98,MAYOR DE 63 AÑOS ,No Aplica,Contributivo,No Aplica,No Aplica,5,5001,SURAMERICANA EPS,RÉGIMEN CONTRIBUTIVO,EPS010,EPS SURA,5,5001,1,BARRERAS EN EL ACCESO A TECNOLOGÍAS Y SERVICIOS DE SALUD; Y OTROS ELEMENTOS COMPLEMENTARIOS PARA LA ATENCIÓN DEL USUARIO,102,NEGACIÓN DE TECNOLOGÍAS EN SALUD Y OTROS ELEMENTOS COMPLEMENTARIOS PARA LA ATENCIÓN DEL USUARIO,10204,NEGACIÓN PARA LA ENTREGA DE TECNOLOGÍAS EN SALUD Y/O DE OTROS SERVICIOS AUTORIZADOS,1020407,"ELEMENTOS COMPLEMENTARIOS PARA LA ATENCIÓN DEL USUARIO (PAÑALES, PAÑITOS, ETC.)",,,PROBLEMAS RELACIONADOS CON FACILIDADES DE ATENCIÓN MÉDICA U OTROS SERVICIOS DE SALUD,PROBLEMAS RELACIONADOS CON FACILIDADES DE ATENCIÓN MÉDICA U OTROS SERVICIOS DE SALUD,OTROS PROBLEMAS RELACIONADOS CON SERVICIOS MÉDICOS Y DE SALUD,No aplica,SIMPLE
866,2024,6,Web,5,5001,US- 000003606729,A nombre propio,MUJER,48,DE 38 A 49 AÑOS,No Aplica,Subsidiado,No Aplica,No Aplica,5,5001,SALUD TOTAL,RÉGIMEN CONTRIBUTIVO,EPS002,SALUD TOTAL,5,5001,1,BARRERAS EN EL ACCESO A TECNOLOGÍAS Y SERVICIOS DE SALUD; Y OTROS ELEMENTOS COMPLEMENTARIOS PARA LA ATENCIÓN DEL USUARIO,101,FALTA DE OPORTUNIDAD EN LA PRESTACIÓN DE TECNOLOGÍAS EN SALUD Y OTROS ELEMENTOS COMPLEMENTARIOS PARA LA ATENCIÓN DEL USUARIO,10101,FALTA DE OPORTUNIDAD EN LAS CITAS O CONSULTAS,1010103,ESPECIALIDADES MÉDICAS ,1010103088,REUMATOLOGÍA,PROBLEMAS RELACIONADOS CON FACILIDADES DE ATENCIÓN MÉDICA U OTROS SERVICIOS DE SALUD,PROBLEMAS RELACIONADOS CON FACILIDADES DE ATENCIÓN MÉDICA U OTROS SERVICIOS DE SALUD,OTRO DOLOR CRÓNICO,No aplica,PRIORIZADO
867,2024,6,Web,23,23068,US- 000003606730,A nombre propio,MUJER,50,DE 50 A 62 AÑOS,No Aplica,Subsidiado,No Aplica,No Aplica,23,23068,NUEVA EPS,RÉGIMEN SUBSIDIADO,EPSS41,NUEVA EPS,23,23068,1,BARRERAS EN EL ACCESO A TECNOLOGÍAS Y SERVICIOS DE SALUD; Y OTROS ELEMENTOS COMPLEMENTARIOS PARA LA ATENCIÓN DEL USUARIO,102,NEGACIÓN DE TECNOLOGÍAS EN SALUD Y OTROS ELEMENTOS COMPLEMENTARIOS PARA LA ATENCIÓN DEL USUARIO,10201,NEGACIÓN EN LA ASIGNACIÓN DE CITAS O CONSULTAS,1020103,ESPECIALIDADES MÉDICAS ,1020103075,OFTALMOLOGÍA,PROBLEMAS RELACIONADOS CON FACILIDADES DE ATENCIÓN MÉDICA U OTROS SERVICIOS DE SALUD,PROBLEMAS RELACIONADOS CON FACILIDADES DE ATENCIÓN MÉDICA U OTROS SERVICIOS DE SALUD,OTRAS CATARATAS,No aplica,SIMPLE
868,2024,6,Web,76,76622,US- 000003606731,A nombre propio,MUJER,43,DE 38 A 49 AÑOS,Secundaria,Subsidiado,No Aplica,No Aplica,76,76622,SOS -SERVICIO OCCIDENTAL DE SALUD,RÉGIMEN CONTRIBUTIVO,EPS018,SERVICIO OCCIDENTAL DE SALUD (SOS),76,76622,1,BARRERAS EN EL ACCESO A TECNOLOGÍAS Y SERVICIOS DE SALUD; Y OTROS ELEMENTOS COMPLEMENTARIOS PARA LA ATENCIÓN DEL USUARIO,102,NEGACIÓN DE TECNOLOGÍAS EN SALUD Y OTROS ELEMENTOS COMPLEMENTARIOS PARA LA ATENCIÓN DEL USUARIO,10204,NEGACIÓN PARA LA ENTREGA DE TECNOLOGÍAS EN SALUD Y/O DE OTROS SERVICIOS AUTORIZADOS,1020401,MEDICAMENTOS UPC,,,ENFERMEDADES CRÓNICAS NO TRASMISIBLES CARDIOVASCULARES,HTA (HIPERTENSIÓN ARTERIAL),HIPERTENSIÓN ESENCIAL (PRIMARIA),No aplica,SIMPLE
869,2024,6,Web,11,11001,US- 000003606732,Madre,HOMBRE,6,DE 6 A 12 AÑOS,No Aplica,Contributivo,No Aplica,Persona con discapacidad,11,11001,COMPENSAR,RÉGIMEN CONTRIBUTIVO,EPS008,COMPENSAR,11,11001,1,BARRERAS EN EL ACCESO A TECNOLOGÍAS Y SERVICIOS DE SALUD; Y OTROS ELEMENTOS COMPLEMENTARIOS PARA LA ATENCIÓN DEL USUARIO,101,FALTA DE OPORTUNIDAD EN LA PRESTACIÓN DE TECNOLOGÍAS EN SALUD Y OTROS ELEMENTOS COMPLEMENTARIOS PARA LA ATENCIÓN DEL USUARIO,10101,FALTA DE OPORTUNIDAD EN LAS CITAS O CONSULTAS,1010103,ESPECIALIDADES MÉDICAS ,1010103044,GENÉTICA MÉDICA,PROBLEMAS RELACIONADOS CON FACILIDADES DE ATENCIÓN MÉDICA U OTROS SERVICIOS DE SALUD,PROBLEMAS RELACIONADOS CON FACILIDADES DE ATENCIÓN MÉDICA U OTROS SERVICIOS DE SALUD,OTROS TRASTORNOS ESPECIFICADOS DEL METABOLISMO DE LOS AMINOÁCIDOS,No aplica,SIMPLE
870,2024,6,Telefónico,5,5001,US- 000002936023,A nombre propio,HOMBRE,75,MAYOR DE 63 AÑOS ,Universitario Incompleto,Contributivo,No Aplica,No Aplica,5,5001,SURAMERICANA EPS,RÉGIMEN CONTRIBUTIVO,EPS010,EPS SURA,5,5001,1,BARRERAS EN EL ACCESO A TECNOLOGÍAS Y SERVICIOS DE SALUD; Y OTROS ELEMENTOS COMPLEMENTARIOS PARA LA ATENCIÓN DEL USUARIO,101,FALTA DE OPORTUNIDAD EN LA PRESTACIÓN DE TECNOLOGÍAS EN SALUD Y OTROS ELEMENTOS COMPLEMENTARIOS PARA LA ATENCIÓN DEL USUARIO,10103,FALTA DE OPORTUNIDAD EN LA ATENCIÓN EN OTROS SERVICIOS DE SALUD,1010309,PROCEDIMIENTOS QUIRÚRGICOS,1010309003,OTROS PROCEDIMIENTOS QUIRÚRGICOS,PROBLEMAS RELACIONADOS CON FACILIDADES DE ATENCIÓN MÉDICA U OTROS SERVICIOS DE SALUD,PROBLEMAS RELACIONADOS CON FACILIDADES DE ATENCIÓN MÉDICA U OTROS SERVICIOS DE SALUD,"CATARATA, NO ESPECIFICADA",No aplica,SIMPLE
871,2024,6,Web,11,11001,US- 000003606733,Otro,HOMBRE,81,MAYOR DE 63 AÑOS ,Ninguno,Contributivo,No Aplica,Desplazado,11,11001,SALUD TOTAL,RÉGIMEN CONTRIBUTIVO,EPS002,SALUD TOTAL,11,11001,1,BARRERAS EN EL ACCESO A TECNOLOGÍAS Y SERVICIOS DE SALUD; Y OTROS ELEMENTOS COMPLEMENTARIOS PARA LA ATENCIÓN DEL USUARIO,101,FALTA DE OPORTUNIDAD EN LA PRESTACIÓN DE TECNOLOGÍAS EN SALUD Y OTROS ELEMENTOS COMPLEMENTARIOS PARA LA ATENCIÓN DEL USUARIO,10101,FALTA DE OPORTUNIDAD EN LAS CITAS O CONSULTAS,1010103,ESPECIALIDADES MÉDICAS ,1010103006,CARDIOLOGÍA,PROBLEMAS RELACIONADOS CON FACILIDADES DE ATENCIÓN MÉDICA U OTROS SERVICIOS DE SALUD,PROBLEMAS RELACIONADOS CON FACILIDADES DE ATENCIÓN MÉDICA U OTROS SERVICIOS DE SALUD,PROBLEMAS RELACIONADOS CON FACILIDADES DE ATENCIÓN MEDICA U OTROS SERVICIOS DE SALUD,No aplica,SIMPLE
872,2024,6,Web,8,8638,US- 000002015304,A nombre propio,MUJER,79,MAYOR DE 63 AÑOS ,No Aplica,Contributivo,No Aplica,No Aplica,8,8638,FAMISANAR,RÉGIMEN CONTRIBUTIVO,EPS017,FAMISANAR,8,8638,1,BARRERAS EN EL ACCESO A TECNOLOGÍAS Y SERVICIOS DE SALUD; Y OTROS ELEMENTOS COMPLEMENTARIOS PARA LA ATENCIÓN DEL USUARIO,101,FALTA DE OPORTUNIDAD EN LA PRESTACIÓN DE TECNOLOGÍAS EN SALUD Y OTROS ELEMENTOS COMPLEMENTARIOS PARA LA ATENCIÓN DEL USUARIO,10104,FALTA DE OPORTUNIDAD EN LA ENTREGA O ENTREGA INCOMPLETA DE TECNOLOGÍAS EN SALUD Y/O PRESTACIÓN DE OTROS SERVICIOS,1010401,MEDICAMENTOS UPC,,,CÁNCER ,CÁNCER DE MAMA,"TUMOR MALIGNO DE LA MAMA, PARTE NO ESPECIFICADA",No aplica,PRIORIZADO
873,2024,6,Web,8,8001,US- 000003606734,A nombre propio,HOMBRE,72,MAYOR DE 63 AÑOS ,No Aplica,Contributivo,No Aplica,No Aplica,8,8001,NUEVA EPS,RÉGIMEN CONTRIBUTIVO,EPS037,NUEVA EPS,8,8001,1,BARRERAS EN EL ACCESO A TECNOLOGÍAS Y SERVICIOS DE SALUD; Y OTROS ELEMENTOS COMPLEMENTARIOS PARA LA ATENCIÓN DEL USUARIO,102,NEGACIÓN DE TECNOLOGÍAS EN SALUD Y OTROS ELEMENTOS COMPLEMENTARIOS PARA LA ATENCIÓN DEL USUARIO,10204,NEGACIÓN PARA LA ENTREGA DE TECNOLOGÍAS EN SALUD Y/O DE OTROS SERVICIOS AUTORIZADOS,1020401,MEDICAMENTOS UPC,,,ENFERMEDADES CRÓNICAS NO TRASMISIBLES CARDIOVASCULARES,HTA (HIPERTENSIÓN ARTERIAL),HIPERTENSIÓN ESENCIAL (PRIMARIA),No aplica,SIMPLE
874,2024,5,Web,54,54418,US- 000003606735,A nombre propio,MUJER,73,MAYOR DE 63 AÑOS ,No Aplica,Subsidiado,No Aplica,No Aplica,54,54418,NUEVA EPS,RÉGIMEN SUBSIDIADO,EPSS41,NUEVA EPS,54,54418,1,BARRERAS EN EL ACCESO A TECNOLOGÍAS Y SERVICIOS DE SALUD; Y OTROS ELEMENTOS COMPLEMENTARIOS PARA LA ATENCIÓN DEL USUARIO,102,NEGACIÓN DE TECNOLOGÍAS EN SALUD Y OTROS ELEMENTOS COMPLEMENTARIOS PARA LA ATENCIÓN DEL USUARIO,10204,NEGACIÓN PARA LA ENTREGA DE TECNOLOGÍAS EN SALUD Y/O DE OTROS SERVICIOS AUTORIZADOS,1020401,MEDICAMENTOS UPC,,,ENFERMEDADES OSTEOARTICULARES,NEUROLÓGICAS,ENFERMEDAD DE PARKINSON,No aplica,SIMPLE
875,2024,3,Personalizado,66,66001,US- 000002860259,A nombre propio,MUJER,49,DE 38 A 49 AÑOS,Universitario,Contributivo,No Aplica,No Aplica,66,66001,SOS -SERVICIO OCCIDENTAL DE SALUD,RÉGIMEN CONTRIBUTIVO,EPS018,SERVICIO OCCIDENTAL DE SALUD (SOS),66,66001,1,BARRERAS EN EL ACCESO A TECNOLOGÍAS Y SERVICIOS DE SALUD; Y OTROS ELEMENTOS COMPLEMENTARIOS PARA LA ATENCIÓN DEL USUARIO,101,FALTA DE OPORTUNIDAD EN LA PRESTACIÓN DE TECNOLOGÍAS EN SALUD Y OTROS ELEMENTOS COMPLEMENTARIOS PARA LA ATENCIÓN DEL USUARIO,10103,FALTA DE OPORTUNIDAD EN LA ATENCIÓN EN OTROS SERVICIOS DE SALUD,1010308,PROCEDIMIENTOS NO QUIRÚRGICOS,1010308001,IMAGENOLOGÍA,CÁNCER ,CÁNCER DE MAMA,"TUMOR MALIGNO DE LA MAMA, PARTE NO ESPECIFICADA",Quimioterapia y radioterapia para el cáncer,PRIORIZADO
876,2024,6,Escrito,11,11001,US- 000000665801,A nombre propio,MUJER,57,DE 50 A 62 AÑOS,No Aplica,Contributivo,No Aplica,No Aplica,11,11001,FAMISANAR,RÉGIMEN CONTRIBUTIVO,EPS017,FAMISANAR,11,11001,1,BARRERAS EN EL ACCESO A TECNOLOGÍAS Y SERVICIOS DE SALUD; Y OTROS ELEMENTOS COMPLEMENTARIOS PARA LA ATENCIÓN DEL USUARIO,101,FALTA DE OPORTUNIDAD EN LA PRESTACIÓN DE TECNOLOGÍAS EN SALUD Y OTROS ELEMENTOS COMPLEMENTARIOS PARA LA ATENCIÓN DEL USUARIO,10101,FALTA DE OPORTUNIDAD EN LAS CITAS O CONSULTAS,1010103,ESPECIALIDADES MÉDICAS ,1010103035,DOLOR Y CUIDADOS PALIATIVOS,ENFERMEDADES CRÓNICAS NO TRANSMISIBLES- FACTORES DE RIESGO,MEDICIÓN DE FACTORES DE RIESGO,OTROS PROBLEMAS RELACIONADOS CON SERVICIOS MÉDICOS Y DE SALUD,No aplica,SIMPLE
877,2024,6,Personalizado,68,68001,US- 000000617585,A nombre propio,MUJER,74,MAYOR DE 63 AÑOS ,Primaria Incompleta,Contributivo,No Aplica,No Aplica,68,68001,SALUD TOTAL,RÉGIMEN CONTRIBUTIVO,EPS002,SALUD TOTAL,68,68001,1,BARRERAS EN EL ACCESO A TECNOLOGÍAS Y SERVICIOS DE SALUD; Y OTROS ELEMENTOS COMPLEMENTARIOS PARA LA ATENCIÓN DEL USUARIO,102,NEGACIÓN DE TECNOLOGÍAS EN SALUD Y OTROS ELEMENTOS COMPLEMENTARIOS PARA LA ATENCIÓN DEL USUARIO,10204,NEGACIÓN PARA LA ENTREGA DE TECNOLOGÍAS EN SALUD Y/O DE OTROS SERVICIOS AUTORIZADOS,1020401,MEDICAMENTOS UPC,,,PROBLEMAS RELACIONADOS CON FACILIDADES DE ATENCIÓN MÉDICA U OTROS SERVICIOS DE SALUD,PROBLEMAS RELACIONADOS CON FACILIDADES DE ATENCIÓN MÉDICA U OTROS SERVICIOS DE SALUD,SÍNDROME DEL COLON IRRITABLE SIN DIARREA,No aplica,SIMPLE
878,2024,4,Personalizado,5,5001,US- 000001114989,A nombre propio,MUJER,51,DE 50 A 62 AÑOS,Universitario,Régimen Especial,No Aplica,Persona con discapacidad,5,5001,MAGISTERIO,REGÍMENES DE EXCEPCIÓN Y ESPECIALES,REMG01,MAGISTERIO,5,5001,1,BARRERAS EN EL ACCESO A TECNOLOGÍAS Y SERVICIOS DE SALUD; Y OTROS ELEMENTOS COMPLEMENTARIOS PARA LA ATENCIÓN DEL USUARIO,103,FALTA DE OPORTUNIDAD EN LA AUTORIZACIÓN DE TECNOLOGÍAS EN SALUD Y OTROS ELEMENTOS COMPLEMENTARIOS PARA LA ATENCIÓN DEL USUARIO,10302,FALTA DE OPORTUNIDAD EN LA AUTORIZACIÓN DE CITAS DE CONSULTA,1030203,ESPECIALIDADES MÉDICAS ,1030203080,OTORRINOLARINGOLOGÍA,PROBLEMAS RELACIONADOS CON FACILIDADES DE ATENCIÓN MÉDICA U OTROS SERVICIOS DE SALUD,PROBLEMAS RELACIONADOS CON FACILIDADES DE ATENCIÓN MÉDICA U OTROS SERVICIOS DE SALUD,ENFERMEDAD DE MENIERE,No aplica,PRIORIZADO
879,2024,6,Web,76,76001,US- 000003606736,A nombre propio,HOMBRE,4,DE 0 A 5 AÑOS,No Aplica,Contributivo,No Aplica,No Aplica,76,76001,COMFENALCO VALLE,RÉGIMEN CONTRIBUTIVO,EPS012,COMFENALCO  VALLE,76,76001,1,BARRERAS EN EL ACCESO A TECNOLOGÍAS Y SERVICIOS DE SALUD; Y OTROS ELEMENTOS COMPLEMENTARIOS PARA LA ATENCIÓN DEL USUARIO,101,FALTA DE OPORTUNIDAD EN LA PRESTACIÓN DE TECNOLOGÍAS EN SALUD Y OTROS ELEMENTOS COMPLEMENTARIOS PARA LA ATENCIÓN DEL USUARIO,10103,FALTA DE OPORTUNIDAD EN LA ATENCIÓN EN OTROS SERVICIOS DE SALUD,1010308,PROCEDIMIENTOS NO QUIRÚRGICOS,1010308001,IMAGENOLOGÍA,MATERNO INFANTIL,ATENCIÓN NIÑOS MENORES DE 5 AÑOS,AMIGDALITIS AGUDA,No aplica,SIMPLE
880,2024,6,Telefónico,76,76001,US- 000003606737,Cónyuge,HOMBRE,24,DE 18 A 24 AÑOS,Posgrado,Contributivo,No Aplica,No Aplica,76,76001,SOS -SERVICIO OCCIDENTAL DE SALUD,RÉGIMEN CONTRIBUTIVO,EPS018,SERVICIO OCCIDENTAL DE SALUD (SOS),76,76001,1,BARRERAS EN EL ACCESO A TECNOLOGÍAS Y SERVICIOS DE SALUD; Y OTROS ELEMENTOS COMPLEMENTARIOS PARA LA ATENCIÓN DEL USUARIO,101,FALTA DE OPORTUNIDAD EN LA PRESTACIÓN DE TECNOLOGÍAS EN SALUD Y OTROS ELEMENTOS COMPLEMENTARIOS PARA LA ATENCIÓN DEL USUARIO,10103,FALTA DE OPORTUNIDAD EN LA ATENCIÓN EN OTROS SERVICIOS DE SALUD,1010305,ATENCIÓN DOMICILIARIA,,,CÁNCER ,OTROS,"FALLAS EN LA ESTERILIZACIÓN DURANTE ASPIRACIÓN, PUNCIÓN Y OTRA CATETERIZACIÓN",No aplica,PRIORIZADO
881,2024,6,Web,15,15001,US- 000002667569,A nombre propio,HOMBRE,16,DE 13 A 17 AÑOS,No Aplica,Régimen Especial,No Aplica,No Aplica,15,15001,MAGISTERIO,REGÍMENES DE EXCEPCIÓN Y ESPECIALES,REMG01,MAGISTERIO,15,15001,1,BARRERAS EN EL ACCESO A TECNOLOGÍAS Y SERVICIOS DE SALUD; Y OTROS ELEMENTOS COMPLEMENTARIOS PARA LA ATENCIÓN DEL USUARIO,101,FALTA DE OPORTUNIDAD EN LA PRESTACIÓN DE TECNOLOGÍAS EN SALUD Y OTROS ELEMENTOS COMPLEMENTARIOS PARA LA ATENCIÓN DEL USUARIO,10104,FALTA DE OPORTUNIDAD EN LA ENTREGA O ENTREGA INCOMPLETA DE TECNOLOGÍAS EN SALUD Y/O PRESTACIÓN DE OTROS SERVICIOS,1010401,MEDICAMENTOS UPC,,,PROBLEMAS RELACIONADOS CON FACILIDADES DE ATENCIÓN MÉDICA U OTROS SERVICIOS DE SALUD,PROBLEMAS RELACIONADOS CON FACILIDADES DE ATENCIÓN MÉDICA U OTROS SERVICIOS DE SALUD,OTROS TRASTORNOS DEL DESARROLLO Y CRECIMIENTO ÓSEO,No aplica,SIMPLE
882,2024,4,Telefónico,20,20001,US- 000002272798,A nombre propio,HOMBRE,60,DE 50 A 62 AÑOS,Primaria,Subsidiado,No Aplica,No Aplica,20,20001,COOSALUD,RÉGIMEN SUBSIDIADO,ESS024,COOSALUD,20,20001,1,BARRERAS EN EL ACCESO A TECNOLOGÍAS Y SERVICIOS DE SALUD; Y OTROS ELEMENTOS COMPLEMENTARIOS PARA LA ATENCIÓN DEL USUARIO,101,FALTA DE OPORTUNIDAD EN LA PRESTACIÓN DE TECNOLOGÍAS EN SALUD Y OTROS ELEMENTOS COMPLEMENTARIOS PARA LA ATENCIÓN DEL USUARIO,10103,FALTA DE OPORTUNIDAD EN LA ATENCIÓN EN OTROS SERVICIOS DE SALUD,1010305,ATENCIÓN DOMICILIARIA,,,ENFERMEDADES CRÓNICAS NO TRASMISIBLES CARDIOVASCULARES,ICC (INSUFICIENCIA CARDIACA CONGESTIVA),INSUFICIENCIA VENOSA (CRÓNICA) (PERIFÉRICA),No aplica,SIMPLE
883,2024,6,Web,76,76001,US- 000003606738,A nombre propio,HOMBRE,65,MAYOR DE 63 AÑOS ,No Aplica,Contributivo,No Aplica,No Aplica,76,76001,COOSALUD,RÉGIMEN SUBSIDIADO,ESS024,COOSALUD,76,76001,2,INSATISFACCIÓN RELACIONADA CON LA ATENCIÓN EN SALUD,201,INSATISFACCIÓN RELACIONADA CON LA ATENCIÓN EN SALUD POR FALTA DE OPORTUNIDAD,20101,INSATISFACCIÓN POR FALTA DE OPORTUNIDAD EN LA ATENCIÓN POR PARTE DEL PERSONAL DE SALUD,2010104,SERVICIO DE URGENCIAS,,,PROBLEMAS RELACIONADOS CON FACILIDADES DE ATENCIÓN MÉDICA U OTROS SERVICIOS DE SALUD,PROBLEMAS RELACIONADOS CON FACILIDADES DE ATENCIÓN MÉDICA U OTROS SERVICIOS DE SALUD,OTROS PROBLEMAS RELACIONADOS CON SERVICIOS MÉDICOS Y DE SALUD,No aplica,SIMPLE
884,2024,1,Telefónico,5,5212,US- 000003606739,Hijo (A),MUJER,88,MAYOR DE 63 AÑOS ,Primaria,Contributivo,No Aplica,No Aplica,5,5212,SAVIA SALUD,RÉGIMEN SUBSIDIADO,EPSS40,SAVIA SALUD EPS,5,5212,1,BARRERAS EN EL ACCESO A TECNOLOGÍAS Y SERVICIOS DE SALUD; Y OTROS ELEMENTOS COMPLEMENTARIOS PARA LA ATENCIÓN DEL USUARIO,101,FALTA DE OPORTUNIDAD EN LA PRESTACIÓN DE TECNOLOGÍAS EN SALUD Y OTROS ELEMENTOS COMPLEMENTARIOS PARA LA ATENCIÓN DEL USUARIO,10103,FALTA DE OPORTUNIDAD EN LA ATENCIÓN EN OTROS SERVICIOS DE SALUD,1010305,ATENCIÓN DOMICILIARIA,,,ENFERMEDADES CRÓNICAS NO TRASMISIBLES CARDIOVASCULARES,OTROS,"ENFERMEDAD PULMONAR OBSTRUCTIVA CRÓNICA, NO ESPECIFICADA",No aplica,SIMPLE
885,2024,6,Escrito,54,54344,US- 000003606740,A nombre propio,MUJER,50,DE 50 A 62 AÑOS,No Aplica,Subsidiado,No Aplica,No Aplica,54,54344,COOSALUD,RÉGIMEN SUBSIDIADO,ESS024,COOSALUD,54,54344,1,BARRERAS EN EL ACCESO A TECNOLOGÍAS Y SERVICIOS DE SALUD; Y OTROS ELEMENTOS COMPLEMENTARIOS PARA LA ATENCIÓN DEL USUARIO,101,FALTA DE OPORTUNIDAD EN LA PRESTACIÓN DE TECNOLOGÍAS EN SALUD Y OTROS ELEMENTOS COMPLEMENTARIOS PARA LA ATENCIÓN DEL USUARIO,10103,FALTA DE OPORTUNIDAD EN LA ATENCIÓN EN OTROS SERVICIOS DE SALUD,1010308,PROCEDIMIENTOS NO QUIRÚRGICOS,1010308001,IMAGENOLOGÍA,ENFERMEDADES CRÓNICAS NO TRANSMISIBLES- FACTORES DE RIESGO,MEDICIÓN DE FACTORES DE RIESGO,EXAMEN MEDICO GENERAL,No aplica,SIMPLE
886,2024,5,Personalizado,68,68081,US- 000003606741,Madre,HOMBRE,40,DE 38 A 49 AÑOS,Secundaria Incompleta,Subsidiado,No Aplica,Víctima del conflicto armado,68,68081,FAMISANAR,RÉGIMEN CONTRIBUTIVO,EPS017,FAMISANAR,68,68001,1,BARRERAS EN EL ACCESO A TECNOLOGÍAS Y SERVICIOS DE SALUD; Y OTROS ELEMENTOS COMPLEMENTARIOS PARA LA ATENCIÓN DEL USUARIO,101,FALTA DE OPORTUNIDAD EN LA PRESTACIÓN DE TECNOLOGÍAS EN SALUD Y OTROS ELEMENTOS COMPLEMENTARIOS PARA LA ATENCIÓN DEL USUARIO,10101,FALTA DE OPORTUNIDAD EN LAS CITAS O CONSULTAS,1010101,MEDICINA GENERAL,,,SALUD MENTAL,OTROS TRASTORNOS MENTALES,ESQUIZOFRENIA,No aplica,PRIORIZADO
887,2024,6,Personalizado,76,76001,US- 000001555080,A nombre propio,MUJER,62,DE 50 A 62 AÑOS,Secundaria,Contributivo,No Aplica,No Aplica,76,76001,NUEVA EPS,RÉGIMEN CONTRIBUTIVO,EPS037,NUEVA EPS,76,76001,1,BARRERAS EN EL ACCESO A TECNOLOGÍAS Y SERVICIOS DE SALUD; Y OTROS ELEMENTOS COMPLEMENTARIOS PARA LA ATENCIÓN DEL USUARIO,101,FALTA DE OPORTUNIDAD EN LA PRESTACIÓN DE TECNOLOGÍAS EN SALUD Y OTROS ELEMENTOS COMPLEMENTARIOS PARA LA ATENCIÓN DEL USUARIO,10103,FALTA DE OPORTUNIDAD EN LA ATENCIÓN EN OTROS SERVICIOS DE SALUD,1010309,PROCEDIMIENTOS QUIRÚRGICOS,1010309003,OTROS PROCEDIMIENTOS QUIRÚRGICOS,REEMPLAZOS ARTICULARES PROSTÉTICOS DE CADERA O DE RODILLA,REEMPLAZOS ARTICULARES PROSTÉTICOS DE CADERA O DE RODILLA,"GONARTROSIS PRIMARIA, BILATERAL",Reemplazos articulares,SIMPLE
888,2024,6,Escrito,68,68547,US- 000003075932,A nombre propio,HOMBRE,68,MAYOR DE 63 AÑOS ,No Aplica,Contributivo,No Aplica,No Aplica,68,68547,SANITAS,RÉGIMEN CONTRIBUTIVO,EPS005,SANITAS,68,68547,1,BARRERAS EN EL ACCESO A TECNOLOGÍAS Y SERVICIOS DE SALUD; Y OTROS ELEMENTOS COMPLEMENTARIOS PARA LA ATENCIÓN DEL USUARIO,101,FALTA DE OPORTUNIDAD EN LA PRESTACIÓN DE TECNOLOGÍAS EN SALUD Y OTROS ELEMENTOS COMPLEMENTARIOS PARA LA ATENCIÓN DEL USUARIO,10101,FALTA DE OPORTUNIDAD EN LAS CITAS O CONSULTAS,1010103,ESPECIALIDADES MÉDICAS ,1010103094,UROLOGÍA,CÁNCER ,CÁNCER DE PRÓSTATA,TUMOR MALIGNO DE LA PRÓSTATA,Quimioterapia y radioterapia para el cáncer,PRIORIZADO
889,2024,4,Telefónico,5,5045,US- 000003606742,A nombre propio,MUJER,34,DE 30 A 37 AÑOS,Universitario,Contributivo,No Aplica,No Aplica,5,5045,SURAMERICANA EPS,RÉGIMEN CONTRIBUTIVO,EPS010,EPS SURA,5,5045,1,BARRERAS EN EL ACCESO A TECNOLOGÍAS Y SERVICIOS DE SALUD; Y OTROS ELEMENTOS COMPLEMENTARIOS PARA LA ATENCIÓN DEL USUARIO,101,FALTA DE OPORTUNIDAD EN LA PRESTACIÓN DE TECNOLOGÍAS EN SALUD Y OTROS ELEMENTOS COMPLEMENTARIOS PARA LA ATENCIÓN DEL USUARIO,10101,FALTA DE OPORTUNIDAD EN LAS CITAS O CONSULTAS,1010103,ESPECIALIDADES MÉDICAS ,1010103047,GINECOLOGÍA Y OBSTETRICIA,PROBLEMAS RELACIONADOS CON FACILIDADES DE ATENCIÓN MÉDICA U OTROS SERVICIOS DE SALUD,PROBLEMAS RELACIONADOS CON FACILIDADES DE ATENCIÓN MÉDICA U OTROS SERVICIOS DE SALUD,TUMOR DE COMPORTAMIENTO INCIERTO O DESCONOCIDO DEL OVARIO,No aplica,PRIORIZADO
890,2024,6,Personalizado,11,11001,US- 000002965530,Tío (A),HOMBRE,38,DE 38 A 49 AÑOS,Primaria,Subsidiado,No Aplica,Persona con discapacidad,11,11001,CAPITAL SALUD,RÉGIMEN SUBSIDIADO,EPSS34,CAPITAL SALUD,11,11001,1,BARRERAS EN EL ACCESO A TECNOLOGÍAS Y SERVICIOS DE SALUD; Y OTROS ELEMENTOS COMPLEMENTARIOS PARA LA ATENCIÓN DEL USUARIO,101,FALTA DE OPORTUNIDAD EN LA PRESTACIÓN DE TECNOLOGÍAS EN SALUD Y OTROS ELEMENTOS COMPLEMENTARIOS PARA LA ATENCIÓN DEL USUARIO,10104,FALTA DE OPORTUNIDAD EN LA ENTREGA O ENTREGA INCOMPLETA DE TECNOLOGÍAS EN SALUD Y/O PRESTACIÓN DE OTROS SERVICIOS,1010401,MEDICAMENTOS UPC,,,ENFERMEDADES NEUROLÓGICAS,EPILEPSIA,"EPILEPSIA, TIPO NO ESPECIFICADO",No aplica,PRIORIZADO
891,2024,6,Web,68,68276,US- 000003606743,A nombre propio,MUJER,52,DE 50 A 62 AÑOS,No Aplica,Contributivo,No Aplica,No Aplica,68,68276,SALUD TOTAL,RÉGIMEN CONTRIBUTIVO,EPS002,SALUD TOTAL,68,68276,1,BARRERAS EN EL ACCESO A TECNOLOGÍAS Y SERVICIOS DE SALUD; Y OTROS ELEMENTOS COMPLEMENTARIOS PARA LA ATENCIÓN DEL USUARIO,101,FALTA DE OPORTUNIDAD EN LA PRESTACIÓN DE TECNOLOGÍAS EN SALUD Y OTROS ELEMENTOS COMPLEMENTARIOS PARA LA ATENCIÓN DEL USUARIO,10104,FALTA DE OPORTUNIDAD EN LA ENTREGA O ENTREGA INCOMPLETA DE TECNOLOGÍAS EN SALUD Y/O PRESTACIÓN DE OTROS SERVICIOS,1010401,MEDICAMENTOS UPC,,,PROBLEMAS RELACIONADOS CON FACILIDADES DE ATENCIÓN MÉDICA U OTROS SERVICIOS DE SALUD,PROBLEMAS RELACIONADOS CON FACILIDADES DE ATENCIÓN MÉDICA U OTROS SERVICIOS DE SALUD,OTROS PROBLEMAS RELACIONADOS CON SERVICIOS MÉDICOS Y DE SALUD,No aplica,SIMPLE
892,2024,6,Web,73,73411,US- 000002897448,A nombre propio,HOMBRE,66,MAYOR DE 63 AÑOS ,No Aplica,Subsidiado,No Aplica,No Aplica,73,73411,NUEVA EPS,RÉGIMEN SUBSIDIADO,EPSS41,NUEVA EPS,73,73411,1,BARRERAS EN EL ACCESO A TECNOLOGÍAS Y SERVICIOS DE SALUD; Y OTROS ELEMENTOS COMPLEMENTARIOS PARA LA ATENCIÓN DEL USUARIO,101,FALTA DE OPORTUNIDAD EN LA PRESTACIÓN DE TECNOLOGÍAS EN SALUD Y OTROS ELEMENTOS COMPLEMENTARIOS PARA LA ATENCIÓN DEL USUARIO,10101,FALTA DE OPORTUNIDAD EN LAS CITAS O CONSULTAS,1010103,ESPECIALIDADES MÉDICAS ,1010103006,CARDIOLOGÍA,ENFERMEDADES CRÓNICAS NO TRANSMISIBLES –DIABETES,DIABETES,DIABETES MELLITUS INSULINODEPENDIENTE SIN MENCIÓN DE COMPLICACIÓN,No aplica,SIMPLE
893,2024,5,Web,54,54874,US- 000001442980,A nombre propio,HOMBRE,56,DE 50 A 62 AÑOS,No Aplica,Contributivo,No Aplica,No Aplica,54,54874,NUEVA EPS,RÉGIMEN CONTRIBUTIVO,EPS037,NUEVA EPS,54,54874,1,BARRERAS EN EL ACCESO A TECNOLOGÍAS Y SERVICIOS DE SALUD; Y OTROS ELEMENTOS COMPLEMENTARIOS PARA LA ATENCIÓN DEL USUARIO,102,NEGACIÓN DE TECNOLOGÍAS EN SALUD Y OTROS ELEMENTOS COMPLEMENTARIOS PARA LA ATENCIÓN DEL USUARIO,10204,NEGACIÓN PARA LA ENTREGA DE TECNOLOGÍAS EN SALUD Y/O DE OTROS SERVICIOS AUTORIZADOS,1020401,MEDICAMENTOS UPC,,,PROBLEMAS RELACIONADOS CON FACILIDADES DE ATENCIÓN MÉDICA U OTROS SERVICIOS DE SALUD,PROBLEMAS RELACIONADOS CON FACILIDADES DE ATENCIÓN MÉDICA U OTROS SERVICIOS DE SALUD,OTRAS ATENCIONES MEDICAS ESPECIFICADAS,No aplica,SIMPLE
894,2024,6,Web,47,47555,US- 000003606744,A nombre propio,MUJER,47,DE 38 A 49 AÑOS,No Aplica,Subsidiado,No Aplica,No Aplica,47,47555,NUEVA EPS,RÉGIMEN SUBSIDIADO,EPSS41,NUEVA EPS,47,47555,1,BARRERAS EN EL ACCESO A TECNOLOGÍAS Y SERVICIOS DE SALUD; Y OTROS ELEMENTOS COMPLEMENTARIOS PARA LA ATENCIÓN DEL USUARIO,101,FALTA DE OPORTUNIDAD EN LA PRESTACIÓN DE TECNOLOGÍAS EN SALUD Y OTROS ELEMENTOS COMPLEMENTARIOS PARA LA ATENCIÓN DEL USUARIO,10101,FALTA DE OPORTUNIDAD EN LAS CITAS O CONSULTAS,1010103,ESPECIALIDADES MÉDICAS ,1010103063,MEDICINA INTERNA,PROBLEMAS RELACIONADOS CON FACILIDADES DE ATENCIÓN MÉDICA U OTROS SERVICIOS DE SALUD,PROBLEMAS RELACIONADOS CON FACILIDADES DE ATENCIÓN MÉDICA U OTROS SERVICIOS DE SALUD,MAREO Y DESVANECIMIENTO,No aplica,SIMPLE
895,2024,5,Web,11,11001,US- 000003606745,Madre,HOMBRE,14,DE 13 A 17 AÑOS,No Aplica,Contributivo,No Aplica,Persona con discapacidad,11,11001,NUEVA EPS,RÉGIMEN CONTRIBUTIVO,EPS037,NUEVA EPS,11,11001,1,BARRERAS EN EL ACCESO A TECNOLOGÍAS Y SERVICIOS DE SALUD; Y OTROS ELEMENTOS COMPLEMENTARIOS PARA LA ATENCIÓN DEL USUARIO,102,NEGACIÓN DE TECNOLOGÍAS EN SALUD Y OTROS ELEMENTOS COMPLEMENTARIOS PARA LA ATENCIÓN DEL USUARIO,10201,NEGACIÓN EN LA ASIGNACIÓN DE CITAS O CONSULTAS,1020113,JUNTA MÉDICA,,,MATERNO INFANTIL,ATENCIÓN NIÑOS MENORES DE 5 AÑOS,PARÁLISIS CEREBRAL ESPÁSTICA,No aplica,SIMPLE
896,2024,5,Web,5,5001,US- 000003606746,A nombre propio,HOMBRE,1,DE 0 A 5 AÑOS,No Aplica,Subsidiado,No Aplica,No Aplica,5,5001,SAVIA SALUD,RÉGIMEN SUBSIDIADO,EPSS40,SAVIA SALUD EPS,5,5001,1,BARRERAS EN EL ACCESO A TECNOLOGÍAS Y SERVICIOS DE SALUD; Y OTROS ELEMENTOS COMPLEMENTARIOS PARA LA ATENCIÓN DEL USUARIO,101,FALTA DE OPORTUNIDAD EN LA PRESTACIÓN DE TECNOLOGÍAS EN SALUD Y OTROS ELEMENTOS COMPLEMENTARIOS PARA LA ATENCIÓN DEL USUARIO,10101,FALTA DE OPORTUNIDAD EN LAS CITAS O CONSULTAS,1010103,ESPECIALIDADES MÉDICAS ,1010103039,ENDOCRINOLOGÍA,MATERNO INFANTIL,ATENCIÓN NIÑOS MENORES DE 5 AÑOS,PROBLEMAS RELACIONADOS CON FACILIDADES DE ATENCIÓN MEDICA U OTROS SERVICIOS DE SALUD,No aplica,SIMPLE
897,2024,6,Web,68,68001,US- 000001105305,A nombre propio,MUJER,75,MAYOR DE 63 AÑOS ,No Aplica,Contributivo,No Aplica,No Aplica,68,68001,SALUD TOTAL,RÉGIMEN CONTRIBUTIVO,EPS002,SALUD TOTAL,68,68001,1,BARRERAS EN EL ACCESO A TECNOLOGÍAS Y SERVICIOS DE SALUD; Y OTROS ELEMENTOS COMPLEMENTARIOS PARA LA ATENCIÓN DEL USUARIO,102,NEGACIÓN DE TECNOLOGÍAS EN SALUD Y OTROS ELEMENTOS COMPLEMENTARIOS PARA LA ATENCIÓN DEL USUARIO,10204,NEGACIÓN PARA LA ENTREGA DE TECNOLOGÍAS EN SALUD Y/O DE OTROS SERVICIOS AUTORIZADOS,1020401,MEDICAMENTOS UPC,,,ENFERMEDADES CRÓNICAS NO TRASMISIBLES CARDIOVASCULARES,HTA (HIPERTENSIÓN ARTERIAL),TRASTORNOS DEL METABOLISMO DE LAS LIPOPROTEÍNAS Y OTRAS LIPIDEMIAS,No aplica,SIMPLE
898,2024,6,Telefónico,5,5313,US- 000003230248,Cónyuge,HOMBRE,52,DE 50 A 62 AÑOS,Primaria,Contributivo,No Aplica,Desplazado,5,5313,SURAMERICANA EPS,RÉGIMEN CONTRIBUTIVO,EPS010,EPS SURA,5,5313,1,BARRERAS EN EL ACCESO A TECNOLOGÍAS Y SERVICIOS DE SALUD; Y OTROS ELEMENTOS COMPLEMENTARIOS PARA LA ATENCIÓN DEL USUARIO,103,FALTA DE OPORTUNIDAD EN LA AUTORIZACIÓN DE TECNOLOGÍAS EN SALUD Y OTROS ELEMENTOS COMPLEMENTARIOS PARA LA ATENCIÓN DEL USUARIO,10304,FALTA DE OPORTUNIDAD EN LA AUTORIZACIÓN DE OTROS SERVICIOS DE SALUD,1030408,PROCEDIMIENTOS NO QUIRÚRGICOS,1030408006,OTROS PROCEDIMIENTOS NO QUIRÚRGICOS,ENFERMEDADES OSTEOARTICULARES,OTROS,LUMBAGO CON CIÁTICA,No aplica,PRIORIZADO
899,2024,1,Personalizado,5,5088,US- 000003606747,Madre,MUJER,4,DE 0 A 5 AÑOS,No Aplica,Subsidiado,No Aplica,No Aplica,5,5088,SAVIA SALUD,RÉGIMEN SUBSIDIADO,EPSS40,SAVIA SALUD EPS,5,5088,1,BARRERAS EN EL ACCESO A TECNOLOGÍAS Y SERVICIOS DE SALUD; Y OTROS ELEMENTOS COMPLEMENTARIOS PARA LA ATENCIÓN DEL USUARIO,101,FALTA DE OPORTUNIDAD EN LA PRESTACIÓN DE TECNOLOGÍAS EN SALUD Y OTROS ELEMENTOS COMPLEMENTARIOS PARA LA ATENCIÓN DEL USUARIO,10103,FALTA DE OPORTUNIDAD EN LA ATENCIÓN EN OTROS SERVICIOS DE SALUD,1010308,PROCEDIMIENTOS NO QUIRÚRGICOS,1010308001,IMAGENOLOGÍA,MATERNO INFANTIL,ATENCIÓN NIÑOS MENORES DE 5 AÑOS,HERNIA INGUINAL,No aplica,SIMPLE
900,2024,6,Web,18,18094,US- 000003606748,A nombre propio,HOMBRE,60,DE 50 A 62 AÑOS,No Aplica,Contributivo,No Aplica,No Aplica,18,18094,NUEVA EPS,RÉGIMEN CONTRIBUTIVO,EPS037,NUEVA EPS,18,18094,1,BARRERAS EN EL ACCESO A TECNOLOGÍAS Y SERVICIOS DE SALUD; Y OTROS ELEMENTOS COMPLEMENTARIOS PARA LA ATENCIÓN DEL USUARIO,102,NEGACIÓN DE TECNOLOGÍAS EN SALUD Y OTROS ELEMENTOS COMPLEMENTARIOS PARA LA ATENCIÓN DEL USUARIO,10201,NEGACIÓN EN LA ASIGNACIÓN DE CITAS O CONSULTAS,1020103,ESPECIALIDADES MÉDICAS ,1020103094,UROLOGÍA,ENFERMEDADES CRÓNICAS NO TRASMISIBLES CARDIOVASCULARES,HTA (HIPERTENSIÓN ARTERIAL),HIPERLIPIDEMIA MIXTA,No aplica,SIMPLE
901,2024,6,Web,11,11001,US- 000000576149,A nombre propio,MUJER,70,MAYOR DE 63 AÑOS ,No Aplica,Subsidiado,No Aplica,No Aplica,11,11001,FAMISANAR,RÉGIMEN CONTRIBUTIVO,EPS017,FAMISANAR,11,11001,1,BARRERAS EN EL ACCESO A TECNOLOGÍAS Y SERVICIOS DE SALUD; Y OTROS ELEMENTOS COMPLEMENTARIOS PARA LA ATENCIÓN DEL USUARIO,101,FALTA DE OPORTUNIDAD EN LA PRESTACIÓN DE TECNOLOGÍAS EN SALUD Y OTROS ELEMENTOS COMPLEMENTARIOS PARA LA ATENCIÓN DEL USUARIO,10101,FALTA DE OPORTUNIDAD EN LAS CITAS O CONSULTAS,1010103,ESPECIALIDADES MÉDICAS ,1010103013,CIRUGÍA DE MAMA Y TEJIDOS BLANDOS - MASTOLOGÍA,PROBLEMAS RELACIONADOS CON FACILIDADES DE ATENCIÓN MÉDICA U OTROS SERVICIOS DE SALUD,PROBLEMAS RELACIONADOS CON FACILIDADES DE ATENCIÓN MÉDICA U OTROS SERVICIOS DE SALUD,OTROS PROBLEMAS RELACIONADOS CON SERVICIOS MÉDICOS Y DE SALUD,No aplica,SIMPLE
902,2024,6,Chat,8,8433,US- 000002880008,A nombre propio,HOMBRE,57,DE 50 A 62 AÑOS,Primaria,Subsidiado,No Aplica,Víctima del conflicto armado,8,8433,MUTUAL SER,RÉGIMEN SUBSIDIADO,ESS207,MUTUAL SER,8,8758,1,BARRERAS EN EL ACCESO A TECNOLOGÍAS Y SERVICIOS DE SALUD; Y OTROS ELEMENTOS COMPLEMENTARIOS PARA LA ATENCIÓN DEL USUARIO,103,FALTA DE OPORTUNIDAD EN LA AUTORIZACIÓN DE TECNOLOGÍAS EN SALUD Y OTROS ELEMENTOS COMPLEMENTARIOS PARA LA ATENCIÓN DEL USUARIO,10304,FALTA DE OPORTUNIDAD EN LA AUTORIZACIÓN DE OTROS SERVICIOS DE SALUD,1030405,ATENCIÓN DOMICILIARIA,,,ENFERMEDADES CRÓNICAS NO TRANSMISIBLES –DIABETES,DIABETES,DIABETES MELLITUS INSULINODEPENDIENTE,No aplica,PRIORIZADO
903,2024,5,Web,15,15238,US- 000003109783,A nombre propio,MUJER,51,DE 50 A 62 AÑOS,No Aplica,Subsidiado,No Aplica,No Aplica,15,15238,NUEVA EPS,RÉGIMEN SUBSIDIADO,EPSS41,NUEVA EPS,15,15238,1,BARRERAS EN EL ACCESO A TECNOLOGÍAS Y SERVICIOS DE SALUD; Y OTROS ELEMENTOS COMPLEMENTARIOS PARA LA ATENCIÓN DEL USUARIO,101,FALTA DE OPORTUNIDAD EN LA PRESTACIÓN DE TECNOLOGÍAS EN SALUD Y OTROS ELEMENTOS COMPLEMENTARIOS PARA LA ATENCIÓN DEL USUARIO,10101,FALTA DE OPORTUNIDAD EN LAS CITAS O CONSULTAS,1010103,ESPECIALIDADES MÉDICAS ,1010103039,ENDOCRINOLOGÍA,PROBLEMAS RELACIONADOS CON FACILIDADES DE ATENCIÓN MÉDICA U OTROS SERVICIOS DE SALUD,PROBLEMAS RELACIONADOS CON FACILIDADES DE ATENCIÓN MÉDICA U OTROS SERVICIOS DE SALUD,OTROS PROBLEMAS RELACIONADOS CON SERVICIOS MÉDICOS Y DE SALUD,No aplica,SIMPLE
904,2024,6,Escrito,47,47001,US- 000002795640,A nombre propio,MUJER,46,DE 38 A 49 AÑOS,No Aplica,No aplica,No Aplica,No Aplica,47,47001,AXA COLPATRIA,ADMINISTRADORAS DE RIESGOS LABORALES,ARL007,ARL - SEGUROS DE VIDA COLPATRIA,47,47001,4,INSATISFACCIÓN DEL USUARIO CON EL PROCESO ADMINISTRATIVO,405,PROBLEMAS EN EL RECONOCIMIENTO Y/O PAGO DE PRESTACIONES ECONÓMICAS,40501,NO RECONOCIMIENTO Y/O PAGO DE LAS PRESTACIONES ECONÓMICAS,4050106,INCAPACIDAD DE ENFERMEDAD LABORAL,,,SALUD MENTAL,OTROS TRASTORNOS MENTALES,TRASTORNO DE ESTRÉS POSTRAUMÁTICO,No aplica,SIMPLE
905,2024,5,Telefónico,76,76520,US- 000001062248,Hijo (A),MUJER,77,MAYOR DE 63 AÑOS ,Primaria,Contributivo,No Aplica,No Aplica,76,76520,NUEVA EPS,RÉGIMEN CONTRIBUTIVO,EPS037,NUEVA EPS,76,76520,1,BARRERAS EN EL ACCESO A TECNOLOGÍAS Y SERVICIOS DE SALUD; Y OTROS ELEMENTOS COMPLEMENTARIOS PARA LA ATENCIÓN DEL USUARIO,102,NEGACIÓN DE TECNOLOGÍAS EN SALUD Y OTROS ELEMENTOS COMPLEMENTARIOS PARA LA ATENCIÓN DEL USUARIO,10204,NEGACIÓN PARA LA ENTREGA DE TECNOLOGÍAS EN SALUD Y/O DE OTROS SERVICIOS AUTORIZADOS,1020401,MEDICAMENTOS UPC,,,ENFERMEDADES CRÓNICAS NO TRASMISIBLES CARDIOVASCULARES,HTA (HIPERTENSIÓN ARTERIAL),HIPERLIPIDEMIA NO ESPECIFICADA,No aplica,SIMPLE
906,2024,5,Web,5,5282,US- 000003606749,A nombre propio,HOMBRE,72,MAYOR DE 63 AÑOS ,No Aplica,Subsidiado,No Aplica,No Aplica,5,5282,SAVIA SALUD,RÉGIMEN SUBSIDIADO,EPSS40,SAVIA SALUD EPS,5,5001,1,BARRERAS EN EL ACCESO A TECNOLOGÍAS Y SERVICIOS DE SALUD; Y OTROS ELEMENTOS COMPLEMENTARIOS PARA LA ATENCIÓN DEL USUARIO,101,FALTA DE OPORTUNIDAD EN LA PRESTACIÓN DE TECNOLOGÍAS EN SALUD Y OTROS ELEMENTOS COMPLEMENTARIOS PARA LA ATENCIÓN DEL USUARIO,10101,FALTA DE OPORTUNIDAD EN LAS CITAS O CONSULTAS,1010101,MEDICINA GENERAL,,,PROBLEMAS RELACIONADOS CON FACILIDADES DE ATENCIÓN MÉDICA U OTROS SERVICIOS DE SALUD,PROBLEMAS RELACIONADOS CON FACILIDADES DE ATENCIÓN MÉDICA U OTROS SERVICIOS DE SALUD,OTROS PROBLEMAS RELACIONADOS CON SERVICIOS MÉDICOS Y DE SALUD,No aplica,SIMPLE
907,2024,5,Chat,11,11001,US- 000003606750,A nombre propio,MUJER,63,MAYOR DE 63 AÑOS ,Primaria,Contributivo,No Aplica,No Aplica,11,11001,COMPENSAR,RÉGIMEN CONTRIBUTIVO,EPS008,COMPENSAR,11,11001,1,BARRERAS EN EL ACCESO A TECNOLOGÍAS Y SERVICIOS DE SALUD; Y OTROS ELEMENTOS COMPLEMENTARIOS PARA LA ATENCIÓN DEL USUARIO,101,FALTA DE OPORTUNIDAD EN LA PRESTACIÓN DE TECNOLOGÍAS EN SALUD Y OTROS ELEMENTOS COMPLEMENTARIOS PARA LA ATENCIÓN DEL USUARIO,10103,FALTA DE OPORTUNIDAD EN LA ATENCIÓN EN OTROS SERVICIOS DE SALUD,1010308,PROCEDIMIENTOS NO QUIRÚRGICOS,1010308006,OTROS PROCEDIMIENTOS NO QUIRÚRGICOS,PROBLEMAS RELACIONADOS CON FACILIDADES DE ATENCIÓN MÉDICA U OTROS SERVICIOS DE SALUD,PROBLEMAS RELACIONADOS CON FACILIDADES DE ATENCIÓN MÉDICA U OTROS SERVICIOS DE SALUD,SOSPECHA DE GLAUCOMA,No aplica,SIMPLE
908,2024,6,Telefónico,15,15238,US- 000003180092,Cónyuge,HOMBRE,69,MAYOR DE 63 AÑOS ,Secundaria,Contributivo,No Aplica,No Aplica,15,15238,NUEVA EPS,RÉGIMEN CONTRIBUTIVO,EPS037,NUEVA EPS,15,15238,1,BARRERAS EN EL ACCESO A TECNOLOGÍAS Y SERVICIOS DE SALUD; Y OTROS ELEMENTOS COMPLEMENTARIOS PARA LA ATENCIÓN DEL USUARIO,102,NEGACIÓN DE TECNOLOGÍAS EN SALUD Y OTROS ELEMENTOS COMPLEMENTARIOS PARA LA ATENCIÓN DEL USUARIO,10204,NEGACIÓN PARA LA ENTREGA DE TECNOLOGÍAS EN SALUD Y/O DE OTROS SERVICIOS AUTORIZADOS,1020401,MEDICAMENTOS UPC,,,PROBLEMAS RELACIONADOS CON FACILIDADES DE ATENCIÓN MÉDICA U OTROS SERVICIOS DE SALUD,PROBLEMAS RELACIONADOS CON FACILIDADES DE ATENCIÓN MÉDICA U OTROS SERVICIOS DE SALUD,HIPERLIPIDEMIA NO ESPECIFICADA,No aplica,PRIORIZADO
909,2024,5,Web,5,5001,US- 000003068846,Otro,MUJER,17,DE 13 A 17 AÑOS,No Aplica,Subsidiado,No Aplica,Persona con discapacidad,5,5001,SAVIA SALUD,RÉGIMEN SUBSIDIADO,EPSS40,SAVIA SALUD EPS,5,5001,1,BARRERAS EN EL ACCESO A TECNOLOGÍAS Y SERVICIOS DE SALUD; Y OTROS ELEMENTOS COMPLEMENTARIOS PARA LA ATENCIÓN DEL USUARIO,101,FALTA DE OPORTUNIDAD EN LA PRESTACIÓN DE TECNOLOGÍAS EN SALUD Y OTROS ELEMENTOS COMPLEMENTARIOS PARA LA ATENCIÓN DEL USUARIO,10101,FALTA DE OPORTUNIDAD EN LAS CITAS O CONSULTAS,1010103,ESPECIALIDADES MÉDICAS ,1010103072,NEUROLOGÍA,ENFERMEDADES OSTEOARTICULARES,NEUROLÓGICAS,"HIPOACUSIA NEUROSENSORIAL, BILATERAL",No aplica,SIMPLE
910,2024,6,Personalizado,44,44001,US- 000003606751,Madre,HOMBRE,14,DE 13 A 17 AÑOS,No Aplica,Subsidiado,No Aplica,No Aplica,44,44001,ANASWAYUU -EPSI,RÉGIMEN SUBSIDIADO,EPSI04,ANAS WAYUU (EPS-I),44,44001,1,BARRERAS EN EL ACCESO A TECNOLOGÍAS Y SERVICIOS DE SALUD; Y OTROS ELEMENTOS COMPLEMENTARIOS PARA LA ATENCIÓN DEL USUARIO,103,FALTA DE OPORTUNIDAD EN LA AUTORIZACIÓN DE TECNOLOGÍAS EN SALUD Y OTROS ELEMENTOS COMPLEMENTARIOS PARA LA ATENCIÓN DEL USUARIO,10302,FALTA DE OPORTUNIDAD EN LA AUTORIZACIÓN DE CITAS DE CONSULTA,1030203,ESPECIALIDADES MÉDICAS ,1030203017,CIRUGÍA DE TÓRAX,PROBLEMAS RELACIONADOS CON FACILIDADES DE ATENCIÓN MÉDICA U OTROS SERVICIOS DE SALUD,PROBLEMAS RELACIONADOS CON FACILIDADES DE ATENCIÓN MÉDICA U OTROS SERVICIOS DE SALUD,"MALFORMACIÓN CONGÉNITA DEL TÓRAX ÓSEO, NO ESPECIFICADA",No aplica,PRIORIZADO
911,2024,5,Web,15,15480,US- 000000059312,Padre,MUJER,14,DE 13 A 17 AÑOS,No Aplica,Contributivo,No Aplica,No Aplica,15,15480,NUEVA EPS,RÉGIMEN CONTRIBUTIVO,EPS037,NUEVA EPS,15,15480,1,BARRERAS EN EL ACCESO A TECNOLOGÍAS Y SERVICIOS DE SALUD; Y OTROS ELEMENTOS COMPLEMENTARIOS PARA LA ATENCIÓN DEL USUARIO,101,FALTA DE OPORTUNIDAD EN LA PRESTACIÓN DE TECNOLOGÍAS EN SALUD Y OTROS ELEMENTOS COMPLEMENTARIOS PARA LA ATENCIÓN DEL USUARIO,10101,FALTA DE OPORTUNIDAD EN LAS CITAS O CONSULTAS,1010103,ESPECIALIDADES MÉDICAS ,1010103033,DERMATOLOGÍA,PROBLEMAS RELACIONADOS CON FACILIDADES DE ATENCIÓN MÉDICA U OTROS SERVICIOS DE SALUD,PROBLEMAS RELACIONADOS CON FACILIDADES DE ATENCIÓN MÉDICA U OTROS SERVICIOS DE SALUD,"TRASTORNO DE LA PIEL Y DEL TEJIDO SUBCUTÁNEO, NO ESPECIFICADO",No aplica,SIMPLE
912,2024,5,Web,5,5001,US- 000003606752,Madre,MUJER,7,DE 6 A 12 AÑOS,No Aplica,Subsidiado,No Aplica,No Aplica,5,5001,SAVIA SALUD,RÉGIMEN SUBSIDIADO,EPSS40,SAVIA SALUD EPS,5,5001,1,BARRERAS EN EL ACCESO A TECNOLOGÍAS Y SERVICIOS DE SALUD; Y OTROS ELEMENTOS COMPLEMENTARIOS PARA LA ATENCIÓN DEL USUARIO,103,FALTA DE OPORTUNIDAD EN LA AUTORIZACIÓN DE TECNOLOGÍAS EN SALUD Y OTROS ELEMENTOS COMPLEMENTARIOS PARA LA ATENCIÓN DEL USUARIO,10302,FALTA DE OPORTUNIDAD EN LA AUTORIZACIÓN DE CITAS DE CONSULTA,1030203,ESPECIALIDADES MÉDICAS ,1030203082,PEDIATRÍA,MATERNO INFANTIL,OTROS,TIÑA DEL CUERPO [TINEA CORPORIS],No aplica,SIMPLE
913,2024,6,Web,11,11001,US- 000003606753,A nombre propio,MUJER,30,DE 30 A 37 AÑOS,No Aplica,Contributivo,No Aplica,No Aplica,11,11001,SALUD TOTAL,RÉGIMEN CONTRIBUTIVO,EPS002,SALUD TOTAL,11,11001,1,BARRERAS EN EL ACCESO A TECNOLOGÍAS Y SERVICIOS DE SALUD; Y OTROS ELEMENTOS COMPLEMENTARIOS PARA LA ATENCIÓN DEL USUARIO,102,NEGACIÓN DE TECNOLOGÍAS EN SALUD Y OTROS ELEMENTOS COMPLEMENTARIOS PARA LA ATENCIÓN DEL USUARIO,10201,NEGACIÓN EN LA ASIGNACIÓN DE CITAS O CONSULTAS,1020103,ESPECIALIDADES MÉDICAS ,1020103075,OFTALMOLOGÍA,PROBLEMAS RELACIONADOS CON FACILIDADES DE ATENCIÓN MÉDICA U OTROS SERVICIOS DE SALUD,PROBLEMAS RELACIONADOS CON FACILIDADES DE ATENCIÓN MÉDICA U OTROS SERVICIOS DE SALUD,QUERATOCONO,No aplica,SIMPLE
914,2024,6,Web,76,76001,US- 000003606754,A nombre propio,HOMBRE,2,DE 0 A 5 AÑOS,No Aplica,Subsidiado,No Aplica,No Aplica,76,76001,SOS -SERVICIO OCCIDENTAL DE SALUD,RÉGIMEN CONTRIBUTIVO,EPS018,SERVICIO OCCIDENTAL DE SALUD (SOS),76,76001,1,BARRERAS EN EL ACCESO A TECNOLOGÍAS Y SERVICIOS DE SALUD; Y OTROS ELEMENTOS COMPLEMENTARIOS PARA LA ATENCIÓN DEL USUARIO,102,NEGACIÓN DE TECNOLOGÍAS EN SALUD Y OTROS ELEMENTOS COMPLEMENTARIOS PARA LA ATENCIÓN DEL USUARIO,10201,NEGACIÓN EN LA ASIGNACIÓN DE CITAS O CONSULTAS,1020103,ESPECIALIDADES MÉDICAS ,1020103082,PEDIATRÍA,MATERNO INFANTIL,ATENCIÓN NIÑOS MENORES DE 5 AÑOS,CONTROL DE SALUD DE RUTINA DEL NIÑO,No aplica,SIMPLE
915,2024,6,Personalizado,5,5001,US- 000003606755,Hijo (A),MUJER,83,MAYOR DE 63 AÑOS ,Ninguno,Subsidiado,No Aplica,Persona con discapacidad,5,5001,SAVIA SALUD,RÉGIMEN SUBSIDIADO,EPSS40,SAVIA SALUD EPS,5,5001,1,BARRERAS EN EL ACCESO A TECNOLOGÍAS Y SERVICIOS DE SALUD; Y OTROS ELEMENTOS COMPLEMENTARIOS PARA LA ATENCIÓN DEL USUARIO,102,NEGACIÓN DE TECNOLOGÍAS EN SALUD Y OTROS ELEMENTOS COMPLEMENTARIOS PARA LA ATENCIÓN DEL USUARIO,10204,NEGACIÓN PARA LA ENTREGA DE TECNOLOGÍAS EN SALUD Y/O DE OTROS SERVICIOS AUTORIZADOS,1020407,"ELEMENTOS COMPLEMENTARIOS PARA LA ATENCIÓN DEL USUARIO (PAÑALES, PAÑITOS, ETC.)",,,ENFERMEDADES CRÓNICAS NO TRASMISIBLES CARDIOVASCULARES,HTA (HIPERTENSIÓN ARTERIAL),"INCONTINENCIA URINARIA, NO ESPECIFICADA",No aplica,SIMPLE
916,2024,6,Web,52,52001,US- 000003606756,A nombre propio,MUJER,56,DE 50 A 62 AÑOS,No Aplica,Subsidiado,No Aplica,No Aplica,52,52001,NUEVA EPS,RÉGIMEN SUBSIDIADO,EPSS41,NUEVA EPS,52,52001,1,BARRERAS EN EL ACCESO A TECNOLOGÍAS Y SERVICIOS DE SALUD; Y OTROS ELEMENTOS COMPLEMENTARIOS PARA LA ATENCIÓN DEL USUARIO,101,FALTA DE OPORTUNIDAD EN LA PRESTACIÓN DE TECNOLOGÍAS EN SALUD Y OTROS ELEMENTOS COMPLEMENTARIOS PARA LA ATENCIÓN DEL USUARIO,10101,FALTA DE OPORTUNIDAD EN LAS CITAS O CONSULTAS,1010103,ESPECIALIDADES MÉDICAS ,1010103044,GENÉTICA MÉDICA,CÁNCER ,OTROS,TUMOR MALIGNO DEL COLON,No aplica,PRIORIZADO
917,2024,6,Telefónico,11,11001,US- 000000143360,A nombre propio,HOMBRE,57,DE 50 A 62 AÑOS,Universitario Incompleto,Contributivo,No Aplica,Desplazado,11,11001,FAMISANAR,RÉGIMEN CONTRIBUTIVO,EPS017,FAMISANAR,11,11001,1,BARRERAS EN EL ACCESO A TECNOLOGÍAS Y SERVICIOS DE SALUD; Y OTROS ELEMENTOS COMPLEMENTARIOS PARA LA ATENCIÓN DEL USUARIO,101,FALTA DE OPORTUNIDAD EN LA PRESTACIÓN DE TECNOLOGÍAS EN SALUD Y OTROS ELEMENTOS COMPLEMENTARIOS PARA LA ATENCIÓN DEL USUARIO,10101,FALTA DE OPORTUNIDAD EN LAS CITAS O CONSULTAS,1010103,ESPECIALIDADES MÉDICAS ,1010103075,OFTALMOLOGÍA,PROBLEMAS RELACIONADOS CON FACILIDADES DE ATENCIÓN MÉDICA U OTROS SERVICIOS DE SALUD,PROBLEMAS RELACIONADOS CON FACILIDADES DE ATENCIÓN MÉDICA U OTROS SERVICIOS DE SALUD,GLAUCOMA,No aplica,SIMPLE
918,2024,6,Personalizado,47,47001,US- 000003606757,Madre,MUJER,1,DE 0 A 5 AÑOS,No Aplica,Subsidiado,Mulato ,No Aplica,47,47001,NUEVA EPS,RÉGIMEN SUBSIDIADO,EPSS41,NUEVA EPS,47,47001,4,INSATISFACCIÓN DEL USUARIO CON EL PROCESO ADMINISTRATIVO,404,INSATISFACCIÓN RELACIONADA CON TRÁMITES ADMINISTRATIVOS,40401,RESTRICCIÓN EN LA LIBRE ESCOGENCIA,4040102,PRESTADOR DE SERVICIO DE SALUD,,,MATERNO INFANTIL,ATENCIÓN NIÑOS MENORES DE 5 AÑOS,"LUXACIÓN CONGÉNITA DE LA CADERA, BILATERAL",No aplica,SIMPLE
919,2024,6,Telefónico,23,23001,US- 000002722878,Madre,HOMBRE,5,DE 0 A 5 AÑOS,No Aplica,Subsidiado,No Aplica,No Aplica,23,23001,NUEVA EPS,RÉGIMEN SUBSIDIADO,EPSS41,NUEVA EPS,23,23001,1,BARRERAS EN EL ACCESO A TECNOLOGÍAS Y SERVICIOS DE SALUD; Y OTROS ELEMENTOS COMPLEMENTARIOS PARA LA ATENCIÓN DEL USUARIO,101,FALTA DE OPORTUNIDAD EN LA PRESTACIÓN DE TECNOLOGÍAS EN SALUD Y OTROS ELEMENTOS COMPLEMENTARIOS PARA LA ATENCIÓN DEL USUARIO,10101,FALTA DE OPORTUNIDAD EN LAS CITAS O CONSULTAS,1010104,ESPECIALIDADES ODONTOLÓGICAS,1010104010,ODONTOPEDIATRÍA,MATERNO INFANTIL,ATENCIÓN NIÑOS MENORES DE 5 AÑOS,PROBLEMAS RELACIONADOS CON FACILIDADES DE ATENCIÓN MEDICA U OTROS SERVICIOS DE SALUD,No aplica,SIMPLE
920,2024,6,Personalizado,41,41551,US- 000003606758,A nombre propio,MUJER,68,MAYOR DE 63 AÑOS ,Universitario,Contributivo,No Aplica,Persona con discapacidad,41,41551,NUEVA EPS,RÉGIMEN CONTRIBUTIVO,EPS037,NUEVA EPS,41,41551,1,BARRERAS EN EL ACCESO A TECNOLOGÍAS Y SERVICIOS DE SALUD; Y OTROS ELEMENTOS COMPLEMENTARIOS PARA LA ATENCIÓN DEL USUARIO,103,FALTA DE OPORTUNIDAD EN LA AUTORIZACIÓN DE TECNOLOGÍAS EN SALUD Y OTROS ELEMENTOS COMPLEMENTARIOS PARA LA ATENCIÓN DEL USUARIO,10302,FALTA DE OPORTUNIDAD EN LA AUTORIZACIÓN DE CITAS DE CONSULTA,1030203,ESPECIALIDADES MÉDICAS ,1030203075,OFTALMOLOGÍA,ENFERMEDADES OSTEOARTICULARES,ARTRITIS REUMATOIDEA,IRIDOCICLITIS AGUDA Y SUBAGUDA,No aplica,SIMPLE
921,2024,6,Web,11,11001,US- 000003606759,A nombre propio,HOMBRE,72,MAYOR DE 63 AÑOS ,No Aplica,Contributivo,No Aplica,No Aplica,11,11001,COMPENSAR,RÉGIMEN CONTRIBUTIVO,EPS008,COMPENSAR,11,11001,1,BARRERAS EN EL ACCESO A TECNOLOGÍAS Y SERVICIOS DE SALUD; Y OTROS ELEMENTOS COMPLEMENTARIOS PARA LA ATENCIÓN DEL USUARIO,101,FALTA DE OPORTUNIDAD EN LA PRESTACIÓN DE TECNOLOGÍAS EN SALUD Y OTROS ELEMENTOS COMPLEMENTARIOS PARA LA ATENCIÓN DEL USUARIO,10101,FALTA DE OPORTUNIDAD EN LAS CITAS O CONSULTAS,1010101,MEDICINA GENERAL,,,PROBLEMAS RELACIONADOS CON FACILIDADES DE ATENCIÓN MÉDICA U OTROS SERVICIOS DE SALUD,PROBLEMAS RELACIONADOS CON FACILIDADES DE ATENCIÓN MÉDICA U OTROS SERVICIOS DE SALUD,OTROS PROBLEMAS RELACIONADOS CON SERVICIOS MÉDICOS Y DE SALUD,No aplica,SIMPLE
922,2024,6,Web,11,11001,US- 000003606760,A nombre propio,MUJER,54,DE 50 A 62 AÑOS,No Aplica,Subsidiado,No Aplica,No Aplica,11,11001,CAPITAL SALUD,RÉGIMEN SUBSIDIADO,EPSS34,CAPITAL SALUD,11,11001,1,BARRERAS EN EL ACCESO A TECNOLOGÍAS Y SERVICIOS DE SALUD; Y OTROS ELEMENTOS COMPLEMENTARIOS PARA LA ATENCIÓN DEL USUARIO,102,NEGACIÓN DE TECNOLOGÍAS EN SALUD Y OTROS ELEMENTOS COMPLEMENTARIOS PARA LA ATENCIÓN DEL USUARIO,10203,NEGACIÓN EN LA ATENCIÓN EN OTROS SERVICIOS DE SALUD,1020308,PROCEDIMIENTOS NO QUIRÚRGICOS,1020308006,OTROS PROCEDIMIENTOS NO QUIRÚRGICOS,PROBLEMAS RELACIONADOS CON FACILIDADES DE ATENCIÓN MÉDICA U OTROS SERVICIOS DE SALUD,PROBLEMAS RELACIONADOS CON FACILIDADES DE ATENCIÓN MÉDICA U OTROS SERVICIOS DE SALUD,OTROS PROBLEMAS RELACIONADOS CON SERVICIOS MÉDICOS Y DE SALUD,No aplica,SIMPLE
923,2024,5,Web,8,8758,US- 000001269516,A nombre propio,HOMBRE,46,DE 38 A 49 AÑOS,No Aplica,Contributivo,No Aplica,No Aplica,8,8758,NUEVA EPS,RÉGIMEN CONTRIBUTIVO,EPS037,NUEVA EPS,8,8758,1,BARRERAS EN EL ACCESO A TECNOLOGÍAS Y SERVICIOS DE SALUD; Y OTROS ELEMENTOS COMPLEMENTARIOS PARA LA ATENCIÓN DEL USUARIO,101,FALTA DE OPORTUNIDAD EN LA PRESTACIÓN DE TECNOLOGÍAS EN SALUD Y OTROS ELEMENTOS COMPLEMENTARIOS PARA LA ATENCIÓN DEL USUARIO,10103,FALTA DE OPORTUNIDAD EN LA ATENCIÓN EN OTROS SERVICIOS DE SALUD,1010308,PROCEDIMIENTOS NO QUIRÚRGICOS,1010308001,IMAGENOLOGÍA,PROBLEMAS RELACIONADOS CON FACILIDADES DE ATENCIÓN MÉDICA U OTROS SERVICIOS DE SALUD,PROBLEMAS RELACIONADOS CON FACILIDADES DE ATENCIÓN MÉDICA U OTROS SERVICIOS DE SALUD,OTROS PROBLEMAS RELACIONADOS CON SERVICIOS MÉDICOS Y DE SALUD,No aplica,SIMPLE
924,2024,5,Telefónico,5,5001,US- 000003606761,A nombre propio,MUJER,42,DE 38 A 49 AÑOS,Secundaria,Contributivo,No Aplica,No Aplica,5,5001,SURAMERICANA EPS,RÉGIMEN CONTRIBUTIVO,EPS010,EPS SURA,5,5088,1,BARRERAS EN EL ACCESO A TECNOLOGÍAS Y SERVICIOS DE SALUD; Y OTROS ELEMENTOS COMPLEMENTARIOS PARA LA ATENCIÓN DEL USUARIO,103,FALTA DE OPORTUNIDAD EN LA AUTORIZACIÓN DE TECNOLOGÍAS EN SALUD Y OTROS ELEMENTOS COMPLEMENTARIOS PARA LA ATENCIÓN DEL USUARIO,10302,FALTA DE OPORTUNIDAD EN LA AUTORIZACIÓN DE CITAS DE CONSULTA,1030203,ESPECIALIDADES MÉDICAS ,1030203080,OTORRINOLARINGOLOGÍA,PROBLEMAS RELACIONADOS CON FACILIDADES DE ATENCIÓN MÉDICA U OTROS SERVICIOS DE SALUD,PROBLEMAS RELACIONADOS CON FACILIDADES DE ATENCIÓN MÉDICA U OTROS SERVICIOS DE SALUD,OTRAS ENFERMEDADES DE LA LARINGE,No aplica,SIMPLE
925,2024,6,Escrito,76,76001,US- 000003606762,A nombre propio,HOMBRE,30,DE 30 A 37 AÑOS,No Aplica,Subsidiado,No Aplica,No Aplica,76,76001,COOSALUD,RÉGIMEN SUBSIDIADO,ESS024,COOSALUD,76,76001,2,INSATISFACCIÓN RELACIONADA CON LA ATENCIÓN EN SALUD,202,INSATISFACCIÓN RELACIONADA CON LA ATENCIÓN DEL PERSONAL EN SALUD,20201,INSATISFACCIÓN RELACIONADA CON LA ATENCIÓN DEL PERSONAL EN SALUD,2020105,INFORMACIÓN ERRADA SOBRE LA ATENCIÓN EN SALUD,,,ENFERMEDADES OSTEOARTICULARES,NEUROLÓGICAS,AUTISMO ATÍPICO,No aplica,SIMPLE
926,2024,6,Web,13,13468,US- 000003606763,A nombre propio,HOMBRE,66,MAYOR DE 63 AÑOS ,Ninguno,Régimen Especial,No Aplica,No Aplica,13,13468,MAGISTERIO,REGÍMENES DE EXCEPCIÓN Y ESPECIALES,REMG01,MAGISTERIO,13,13468,1,BARRERAS EN EL ACCESO A TECNOLOGÍAS Y SERVICIOS DE SALUD; Y OTROS ELEMENTOS COMPLEMENTARIOS PARA LA ATENCIÓN DEL USUARIO,102,NEGACIÓN DE TECNOLOGÍAS EN SALUD Y OTROS ELEMENTOS COMPLEMENTARIOS PARA LA ATENCIÓN DEL USUARIO,10203,NEGACIÓN EN LA ATENCIÓN EN OTROS SERVICIOS DE SALUD,1020309,PROCEDIMIENTOS QUIRÚRGICOS,1020309003,OTROS PROCEDIMIENTOS QUIRÚRGICOS,CÁNCER ,OTROS,"HISTORIA PERSONAL DE TUMOR MALIGNO, DE SITIO NO ESPECIFICADO",No aplica,PRIORIZADO
927,2024,6,Web,5,5001,US- 000003606764,Otro,HOMBRE,36,DE 30 A 37 AÑOS,No Aplica,Subsidiado,No Aplica,Persona con discapacidad,5,5001,SAVIA SALUD,RÉGIMEN SUBSIDIADO,EPSS40,SAVIA SALUD EPS,5,5001,1,BARRERAS EN EL ACCESO A TECNOLOGÍAS Y SERVICIOS DE SALUD; Y OTROS ELEMENTOS COMPLEMENTARIOS PARA LA ATENCIÓN DEL USUARIO,101,FALTA DE OPORTUNIDAD EN LA PRESTACIÓN DE TECNOLOGÍAS EN SALUD Y OTROS ELEMENTOS COMPLEMENTARIOS PARA LA ATENCIÓN DEL USUARIO,10101,FALTA DE OPORTUNIDAD EN LAS CITAS O CONSULTAS,1010103,ESPECIALIDADES MÉDICAS ,1010103083,PSIQUIATRÍA,SALUD MENTAL,OTROS TRASTORNOS MENTALES,ESQUIZOFRENIA INDIFERENCIADA,No aplica,PRIORIZADO
928,2024,5,Web,19,19532,US- 000000565198,A nombre propio,MUJER,59,DE 50 A 62 AÑOS,No Aplica,Subsidiado,No Aplica,No Aplica,19,19532,ASMET SALUD EPS,RÉGIMEN SUBSIDIADO,ESS062,ASMET SALUD,19,19532,1,BARRERAS EN EL ACCESO A TECNOLOGÍAS Y SERVICIOS DE SALUD; Y OTROS ELEMENTOS COMPLEMENTARIOS PARA LA ATENCIÓN DEL USUARIO,101,FALTA DE OPORTUNIDAD EN LA PRESTACIÓN DE TECNOLOGÍAS EN SALUD Y OTROS ELEMENTOS COMPLEMENTARIOS PARA LA ATENCIÓN DEL USUARIO,10103,FALTA DE OPORTUNIDAD EN LA ATENCIÓN EN OTROS SERVICIOS DE SALUD,1010308,PROCEDIMIENTOS NO QUIRÚRGICOS,1010308004,RADIOTERAPIA,CÁNCER ,OTROS,TUMOR MALIGNO DE LA GLÁNDULA TIROIDES,Quimioterapia y radioterapia para el cáncer,PRIORIZADO
929,2024,5,Telefónico,5,5585,US- 000003606765,A nombre propio,HOMBRE,66,MAYOR DE 63 AÑOS ,Universitario,Régimen Especial,Afrocolombiano o Afrodescendiente,No Aplica,5,5585,MAGISTERIO,REGÍMENES DE EXCEPCIÓN Y ESPECIALES,REMG01,MAGISTERIO,5,5585,1,BARRERAS EN EL ACCESO A TECNOLOGÍAS Y SERVICIOS DE SALUD; Y OTROS ELEMENTOS COMPLEMENTARIOS PARA LA ATENCIÓN DEL USUARIO,103,FALTA DE OPORTUNIDAD EN LA AUTORIZACIÓN DE TECNOLOGÍAS EN SALUD Y OTROS ELEMENTOS COMPLEMENTARIOS PARA LA ATENCIÓN DEL USUARIO,10304,FALTA DE OPORTUNIDAD EN LA AUTORIZACIÓN DE OTROS SERVICIOS DE SALUD,1030408,PROCEDIMIENTOS NO QUIRÚRGICOS,1030408002,LABORATORIO CLÍNICO Y ANATOMOPATOLÓGICO,PROBLEMAS RELACIONADOS CON FACILIDADES DE ATENCIÓN MÉDICA U OTROS SERVICIOS DE SALUD,PROBLEMAS RELACIONADOS CON FACILIDADES DE ATENCIÓN MÉDICA U OTROS SERVICIOS DE SALUD,HEMORROIDES INTERNAS SIN COMPLICACIÓN,No aplica,SIMPLE
930,2024,5,Telefónico,25,25269,US- 000001846936,A nombre propio,MUJER,37,DE 30 A 37 AÑOS,Universitario,Régimen Especial,No Aplica,No Aplica,25,25269,MAGISTERIO,REGÍMENES DE EXCEPCIÓN Y ESPECIALES,REMG01,MAGISTERIO,25,25269,1,BARRERAS EN EL ACCESO A TECNOLOGÍAS Y SERVICIOS DE SALUD; Y OTROS ELEMENTOS COMPLEMENTARIOS PARA LA ATENCIÓN DEL USUARIO,101,FALTA DE OPORTUNIDAD EN LA PRESTACIÓN DE TECNOLOGÍAS EN SALUD Y OTROS ELEMENTOS COMPLEMENTARIOS PARA LA ATENCIÓN DEL USUARIO,10104,FALTA DE OPORTUNIDAD EN LA ENTREGA O ENTREGA INCOMPLETA DE TECNOLOGÍAS EN SALUD Y/O PRESTACIÓN DE OTROS SERVICIOS,1010402,MEDICAMENTOS NO UPC,,,PROBLEMAS RELACIONADOS CON FACILIDADES DE ATENCIÓN MÉDICA U OTROS SERVICIOS DE SALUD,PROBLEMAS RELACIONADOS CON FACILIDADES DE ATENCIÓN MÉDICA U OTROS SERVICIOS DE SALUD,ENDOMETRIOSIS,No aplica,SIMPLE
931,2024,6,Web,27,27001,US- 000003606766,Madre,HOMBRE,29,DE 25 A 29 AÑOS,No Aplica,Subsidiado,Afrocolombiano o Afrodescendiente,Persona con discapacidad,5,5001,NUEVA EPS,RÉGIMEN SUBSIDIADO,EPSS41,NUEVA EPS,27,27001,1,BARRERAS EN EL ACCESO A TECNOLOGÍAS Y SERVICIOS DE SALUD; Y OTROS ELEMENTOS COMPLEMENTARIOS PARA LA ATENCIÓN DEL USUARIO,102,NEGACIÓN DE TECNOLOGÍAS EN SALUD Y OTROS ELEMENTOS COMPLEMENTARIOS PARA LA ATENCIÓN DEL USUARIO,10201,NEGACIÓN EN LA ASIGNACIÓN DE CITAS O CONSULTAS,1020103,ESPECIALIDADES MÉDICAS ,1020103072,NEUROLOGÍA,ENFERMEDADES NEUROLÓGICAS,EPILEPSIA,EPILEPSIA,No aplica,PRIORIZADO
932,2024,6,Personalizado,68,68001,US- 000001105848,Hijo (A),MUJER,67,MAYOR DE 63 AÑOS ,Primaria,Subsidiado,No Aplica,No Aplica,68,68001,SALUD TOTAL,RÉGIMEN CONTRIBUTIVO,EPS002,SALUD TOTAL,68,68276,1,BARRERAS EN EL ACCESO A TECNOLOGÍAS Y SERVICIOS DE SALUD; Y OTROS ELEMENTOS COMPLEMENTARIOS PARA LA ATENCIÓN DEL USUARIO,102,NEGACIÓN DE TECNOLOGÍAS EN SALUD Y OTROS ELEMENTOS COMPLEMENTARIOS PARA LA ATENCIÓN DEL USUARIO,10204,NEGACIÓN PARA LA ENTREGA DE TECNOLOGÍAS EN SALUD Y/O DE OTROS SERVICIOS AUTORIZADOS,1020401,MEDICAMENTOS UPC,,,PROBLEMAS RELACIONADOS CON FACILIDADES DE ATENCIÓN MÉDICA U OTROS SERVICIOS DE SALUD,PROBLEMAS RELACIONADOS CON FACILIDADES DE ATENCIÓN MÉDICA U OTROS SERVICIOS DE SALUD,VENAS VARICOSAS DE LOS MIEMBROS INFERIORES CON ULCERA,No aplica,SIMPLE
933,2024,6,Personalizado,11,11001,US- 000000155056,Hijo (A),MUJER,84,MAYOR DE 63 AÑOS ,No Aplica,Contributivo,No Aplica,Persona con discapacidad,11,11001,COMPENSAR,RÉGIMEN CONTRIBUTIVO,EPS008,COMPENSAR,11,11001,1,BARRERAS EN EL ACCESO A TECNOLOGÍAS Y SERVICIOS DE SALUD; Y OTROS ELEMENTOS COMPLEMENTARIOS PARA LA ATENCIÓN DEL USUARIO,102,NEGACIÓN DE TECNOLOGÍAS EN SALUD Y OTROS ELEMENTOS COMPLEMENTARIOS PARA LA ATENCIÓN DEL USUARIO,10202,NEGACIÓN DE SERVICIOS DE COMPLEMENTACIÓN TERAPÉUTICA,1020209,OTRAS TERAPIAS,,,SALUD MENTAL,OTROS TRASTORNOS MENTALES,FIBROMIALGIA,No aplica,SIMPLE
934,2024,5,Personalizado,8,8758,US- 000003606767,A nombre propio,HOMBRE,25,DE 25 A 29 AÑOS,Secundaria,Subsidiado,No Aplica,No Aplica,8,8758,MUTUAL SER,RÉGIMEN SUBSIDIADO,ESS207,MUTUAL SER,8,8001,4,INSATISFACCIÓN DEL USUARIO CON EL PROCESO ADMINISTRATIVO,404,INSATISFACCIÓN RELACIONADA CON TRÁMITES ADMINISTRATIVOS,40403,INCONSISTENCIAS EN LA AFILIACIÓN,4040309,OTRAS INCONSISTENCIAS,,,PROBLEMAS RELACIONADOS CON FACILIDADES DE ATENCIÓN MÉDICA U OTROS SERVICIOS DE SALUD,PROBLEMAS RELACIONADOS CON FACILIDADES DE ATENCIÓN MÉDICA U OTROS SERVICIOS DE SALUD,PROBLEMAS RELACIONADOS CON FACILIDADES DE ATENCIÓN MEDICA U OTROS SERVICIOS DE SALUD,No aplica,SIMPLE
935,2024,6,Web,41,41001,US- 000003606768,A nombre propio,MUJER,61,DE 50 A 62 AÑOS,No Aplica,Subsidiado,No Aplica,No Aplica,41,41001,NUEVA EPS,RÉGIMEN SUBSIDIADO,EPSS41,NUEVA EPS,41,41001,1,BARRERAS EN EL ACCESO A TECNOLOGÍAS Y SERVICIOS DE SALUD; Y OTROS ELEMENTOS COMPLEMENTARIOS PARA LA ATENCIÓN DEL USUARIO,102,NEGACIÓN DE TECNOLOGÍAS EN SALUD Y OTROS ELEMENTOS COMPLEMENTARIOS PARA LA ATENCIÓN DEL USUARIO,10203,NEGACIÓN EN LA ATENCIÓN EN OTROS SERVICIOS DE SALUD,1020309,PROCEDIMIENTOS QUIRÚRGICOS,1020309003,OTROS PROCEDIMIENTOS QUIRÚRGICOS,PROBLEMAS RELACIONADOS CON FACILIDADES DE ATENCIÓN MÉDICA U OTROS SERVICIOS DE SALUD,PROBLEMAS RELACIONADOS CON FACILIDADES DE ATENCIÓN MÉDICA U OTROS SERVICIOS DE SALUD,CATARATA SENIL NUCLEAR,No aplica,SIMPLE
936,2024,4,Web,15,15897,US- 000003606769,Otro,MUJER,80,MAYOR DE 63 AÑOS ,No Aplica,Subsidiado,No Aplica,No Aplica,15,15897,NUEVA EPS,RÉGIMEN SUBSIDIADO,EPSS41,NUEVA EPS,15,15897,1,BARRERAS EN EL ACCESO A TECNOLOGÍAS Y SERVICIOS DE SALUD; Y OTROS ELEMENTOS COMPLEMENTARIOS PARA LA ATENCIÓN DEL USUARIO,101,FALTA DE OPORTUNIDAD EN LA PRESTACIÓN DE TECNOLOGÍAS EN SALUD Y OTROS ELEMENTOS COMPLEMENTARIOS PARA LA ATENCIÓN DEL USUARIO,10103,FALTA DE OPORTUNIDAD EN LA ATENCIÓN EN OTROS SERVICIOS DE SALUD,1010309,PROCEDIMIENTOS QUIRÚRGICOS,1010309003,OTROS PROCEDIMIENTOS QUIRÚRGICOS,PROBLEMAS RELACIONADOS CON FACILIDADES DE ATENCIÓN MÉDICA U OTROS SERVICIOS DE SALUD,PROBLEMAS RELACIONADOS CON FACILIDADES DE ATENCIÓN MÉDICA U OTROS SERVICIOS DE SALUD,OTRAS CATARATAS SENILES,No aplica,SIMPLE
937,2024,6,Personalizado,11,11001,US- 000003200769,A nombre propio,MUJER,58,DE 50 A 62 AÑOS,Primaria,Subsidiado,No Aplica,No Aplica,11,11001,CAPITAL SALUD,RÉGIMEN SUBSIDIADO,EPSS34,CAPITAL SALUD,11,11001,1,BARRERAS EN EL ACCESO A TECNOLOGÍAS Y SERVICIOS DE SALUD; Y OTROS ELEMENTOS COMPLEMENTARIOS PARA LA ATENCIÓN DEL USUARIO,102,NEGACIÓN DE TECNOLOGÍAS EN SALUD Y OTROS ELEMENTOS COMPLEMENTARIOS PARA LA ATENCIÓN DEL USUARIO,10201,NEGACIÓN EN LA ASIGNACIÓN DE CITAS O CONSULTAS,1020101,MEDICINA GENERAL,,,PROBLEMAS RELACIONADOS CON FACILIDADES DE ATENCIÓN MÉDICA U OTROS SERVICIOS DE SALUD,PROBLEMAS RELACIONADOS CON FACILIDADES DE ATENCIÓN MÉDICA U OTROS SERVICIOS DE SALUD,"DOLOR, NO ESPECIFICADO",No aplica,SIMPLE
938,2024,6,Web,8,8758,US- 000003606770,A nombre propio,HOMBRE,41,DE 38 A 49 AÑOS,No Aplica,Contributivo,No Aplica,No Aplica,8,8758,NUEVA EPS,RÉGIMEN CONTRIBUTIVO,EPS037,NUEVA EPS,8,8758,1,BARRERAS EN EL ACCESO A TECNOLOGÍAS Y SERVICIOS DE SALUD; Y OTROS ELEMENTOS COMPLEMENTARIOS PARA LA ATENCIÓN DEL USUARIO,101,FALTA DE OPORTUNIDAD EN LA PRESTACIÓN DE TECNOLOGÍAS EN SALUD Y OTROS ELEMENTOS COMPLEMENTARIOS PARA LA ATENCIÓN DEL USUARIO,10101,FALTA DE OPORTUNIDAD EN LAS CITAS O CONSULTAS,1010103,ESPECIALIDADES MÉDICAS ,1010103063,MEDICINA INTERNA,PROBLEMAS RELACIONADOS CON FACILIDADES DE ATENCIÓN MÉDICA U OTROS SERVICIOS DE SALUD,PROBLEMAS RELACIONADOS CON FACILIDADES DE ATENCIÓN MÉDICA U OTROS SERVICIOS DE SALUD,"DOLOR EN EL PECHO, NO ESPECIFICADO",No aplica,SIMPLE
939,2024,6,Telefónico,68,68547,US- 000000316163,A nombre propio,MUJER,48,DE 38 A 49 AÑOS,Universitario,Contributivo,No Aplica,No Aplica,68,68547,SALUD TOTAL,RÉGIMEN CONTRIBUTIVO,EPS002,SALUD TOTAL,68,68547,1,BARRERAS EN EL ACCESO A TECNOLOGÍAS Y SERVICIOS DE SALUD; Y OTROS ELEMENTOS COMPLEMENTARIOS PARA LA ATENCIÓN DEL USUARIO,101,FALTA DE OPORTUNIDAD EN LA PRESTACIÓN DE TECNOLOGÍAS EN SALUD Y OTROS ELEMENTOS COMPLEMENTARIOS PARA LA ATENCIÓN DEL USUARIO,10101,FALTA DE OPORTUNIDAD EN LAS CITAS O CONSULTAS,1010103,ESPECIALIDADES MÉDICAS ,1010103072,NEUROLOGÍA,ENFERMEDADES OSTEOARTICULARES,NEUROLÓGICAS,ENFERMEDAD DE PARKINSON,No aplica,SIMPLE
940,2024,3,Web,11,11001,US- 000003606771,A nombre propio,MUJER,77,MAYOR DE 63 AÑOS ,No Aplica,Contributivo,No Aplica,Persona con discapacidad,11,11001,COMPENSAR,RÉGIMEN CONTRIBUTIVO,EPS008,COMPENSAR,11,11001,1,BARRERAS EN EL ACCESO A TECNOLOGÍAS Y SERVICIOS DE SALUD; Y OTROS ELEMENTOS COMPLEMENTARIOS PARA LA ATENCIÓN DEL USUARIO,101,FALTA DE OPORTUNIDAD EN LA PRESTACIÓN DE TECNOLOGÍAS EN SALUD Y OTROS ELEMENTOS COMPLEMENTARIOS PARA LA ATENCIÓN DEL USUARIO,10103,FALTA DE OPORTUNIDAD EN LA ATENCIÓN EN OTROS SERVICIOS DE SALUD,1010309,PROCEDIMIENTOS QUIRÚRGICOS,1010309003,OTROS PROCEDIMIENTOS QUIRÚRGICOS,PROBLEMAS RELACIONADOS CON FACILIDADES DE ATENCIÓN MÉDICA U OTROS SERVICIOS DE SALUD,PROBLEMAS RELACIONADOS CON FACILIDADES DE ATENCIÓN MÉDICA U OTROS SERVICIOS DE SALUD,OTRAS CATARATAS SENILES,No aplica,SIMPLE
941,2024,6,Personalizado,23,23001,US- 000003606772,Otro,HOMBRE,68,MAYOR DE 63 AÑOS ,Primaria,Subsidiado,No Aplica,Desplazado,23,23162,NUEVA EPS,RÉGIMEN SUBSIDIADO,EPSS41,NUEVA EPS,23,23162,1,BARRERAS EN EL ACCESO A TECNOLOGÍAS Y SERVICIOS DE SALUD; Y OTROS ELEMENTOS COMPLEMENTARIOS PARA LA ATENCIÓN DEL USUARIO,102,NEGACIÓN DE TECNOLOGÍAS EN SALUD Y OTROS ELEMENTOS COMPLEMENTARIOS PARA LA ATENCIÓN DEL USUARIO,10204,NEGACIÓN PARA LA ENTREGA DE TECNOLOGÍAS EN SALUD Y/O DE OTROS SERVICIOS AUTORIZADOS,1020401,MEDICAMENTOS UPC,,,ENFERMEDADES CRÓNICAS NO TRANSMISIBLES –DIABETES,DIABETES,DIABETES MELLITUS NO INSULINODEPENDIENTE,No aplica,SIMPLE
942,2024,6,Escrito,20,20710,US- 000003606773,A nombre propio,MUJER,51,DE 50 A 62 AÑOS,No Aplica,Subsidiado,No Aplica,No Aplica,20,20710,NUEVA EPS,RÉGIMEN SUBSIDIADO,EPSS41,NUEVA EPS,20,20710,1,BARRERAS EN EL ACCESO A TECNOLOGÍAS Y SERVICIOS DE SALUD; Y OTROS ELEMENTOS COMPLEMENTARIOS PARA LA ATENCIÓN DEL USUARIO,103,FALTA DE OPORTUNIDAD EN LA AUTORIZACIÓN DE TECNOLOGÍAS EN SALUD Y OTROS ELEMENTOS COMPLEMENTARIOS PARA LA ATENCIÓN DEL USUARIO,10301,FALTA DE OPORTUNIDAD EN LA AUTORIZACIÓN DE TECNOLOGÍAS EN SALUD Y/O DE OTROS SERVICIOS,1030108,"TRANSPORTE, ALOJAMIENTO O ALIMENTACIÓN",,,ENFERMEDADES CRÓNICAS NO TRASMISIBLES CARDIOVASCULARES,HTA (HIPERTENSIÓN ARTERIAL),OTROS TIPOS DE OBESIDAD,No aplica,SIMPLE
943,2024,5,Web,11,11001,US- 000002853372,A nombre propio,MUJER,79,MAYOR DE 63 AÑOS ,No Aplica,Subsidiado,No Aplica,No Aplica,11,11001,CAPITAL SALUD,RÉGIMEN SUBSIDIADO,EPSS34,CAPITAL SALUD,11,11001,1,BARRERAS EN EL ACCESO A TECNOLOGÍAS Y SERVICIOS DE SALUD; Y OTROS ELEMENTOS COMPLEMENTARIOS PARA LA ATENCIÓN DEL USUARIO,101,FALTA DE OPORTUNIDAD EN LA PRESTACIÓN DE TECNOLOGÍAS EN SALUD Y OTROS ELEMENTOS COMPLEMENTARIOS PARA LA ATENCIÓN DEL USUARIO,10101,FALTA DE OPORTUNIDAD EN LAS CITAS O CONSULTAS,1010103,ESPECIALIDADES MÉDICAS ,1010103083,PSIQUIATRÍA,ENFERMEDADES CRÓNICAS NO TRANSMISIBLES –DIABETES,DIABETES,TRASTORNO MIXTO DE ANSIEDAD Y DEPRESIÓN,No aplica,PRIORIZADO
944,2024,4,Telefónico,5,5001,US- 000001562042,Otro,MUJER,94,MAYOR DE 63 AÑOS ,Primaria,Subsidiado,No Aplica,Persona con discapacidad,5,5001,SAVIA SALUD,RÉGIMEN SUBSIDIADO,EPSS40,SAVIA SALUD EPS,5,5001,1,BARRERAS EN EL ACCESO A TECNOLOGÍAS Y SERVICIOS DE SALUD; Y OTROS ELEMENTOS COMPLEMENTARIOS PARA LA ATENCIÓN DEL USUARIO,101,FALTA DE OPORTUNIDAD EN LA PRESTACIÓN DE TECNOLOGÍAS EN SALUD Y OTROS ELEMENTOS COMPLEMENTARIOS PARA LA ATENCIÓN DEL USUARIO,10101,FALTA DE OPORTUNIDAD EN LAS CITAS O CONSULTAS,1010106,NUTRICIÓN,,,PROBLEMAS RELACIONADOS CON FACILIDADES DE ATENCIÓN MÉDICA U OTROS SERVICIOS DE SALUD,PROBLEMAS RELACIONADOS CON FACILIDADES DE ATENCIÓN MÉDICA U OTROS SERVICIOS DE SALUD,"ENFERMEDAD PULMONAR OBSTRUCTIVA CRÓNICA, NO ESPECIFICADA",No aplica,PRIORIZADO
945,2024,6,Personalizado,50,50001,US- 000003606774,A nombre propio,MUJER,55,DE 50 A 62 AÑOS,Secundaria,Subsidiado,No Aplica,Desplazado,50,50001,NUEVA EPS,RÉGIMEN CONTRIBUTIVO,EPS037,NUEVA EPS,50,50001,1,BARRERAS EN EL ACCESO A TECNOLOGÍAS Y SERVICIOS DE SALUD; Y OTROS ELEMENTOS COMPLEMENTARIOS PARA LA ATENCIÓN DEL USUARIO,101,FALTA DE OPORTUNIDAD EN LA PRESTACIÓN DE TECNOLOGÍAS EN SALUD Y OTROS ELEMENTOS COMPLEMENTARIOS PARA LA ATENCIÓN DEL USUARIO,10101,FALTA DE OPORTUNIDAD EN LAS CITAS O CONSULTAS,1010103,ESPECIALIDADES MÉDICAS ,1010103071,NEUROCIRUGÍA,ENFERMEDADES OSTEOARTICULARES,OTROS,"TRASTORNOS DE LOS DISCOS INTERVERTEBRALES, NO ESPECIFICADO",No aplica,SIMPLE
946,2024,2,Personalizado,5,5001,US- 000003606775,Madre,MUJER,9,DE 6 A 12 AÑOS,Primaria Incompleta,Subsidiado,No Aplica,No Aplica,5,5001,SAVIA SALUD,RÉGIMEN SUBSIDIADO,EPSS40,SAVIA SALUD EPS,5,5001,1,BARRERAS EN EL ACCESO A TECNOLOGÍAS Y SERVICIOS DE SALUD; Y OTROS ELEMENTOS COMPLEMENTARIOS PARA LA ATENCIÓN DEL USUARIO,102,NEGACIÓN DE TECNOLOGÍAS EN SALUD Y OTROS ELEMENTOS COMPLEMENTARIOS PARA LA ATENCIÓN DEL USUARIO,10201,NEGACIÓN EN LA ASIGNACIÓN DE CITAS O CONSULTAS,1020103,ESPECIALIDADES MÉDICAS ,1020103082,PEDIATRÍA,PROBLEMAS RELACIONADOS CON FACILIDADES DE ATENCIÓN MÉDICA U OTROS SERVICIOS DE SALUD,PROBLEMAS RELACIONADOS CON FACILIDADES DE ATENCIÓN MÉDICA U OTROS SERVICIOS DE SALUD,AUMENTO ANORMAL DE PESO,No aplica,SIMPLE
947,2024,6,Web,76,76001,US- 000003606776,A nombre propio,MUJER,26,DE 25 A 29 AÑOS,No Aplica,Contributivo,No Aplica,Desplazado,76,76001,SURAMERICANA EPS,RÉGIMEN CONTRIBUTIVO,EPS010,EPS SURA,76,76001,1,BARRERAS EN EL ACCESO A TECNOLOGÍAS Y SERVICIOS DE SALUD; Y OTROS ELEMENTOS COMPLEMENTARIOS PARA LA ATENCIÓN DEL USUARIO,103,FALTA DE OPORTUNIDAD EN LA AUTORIZACIÓN DE TECNOLOGÍAS EN SALUD Y OTROS ELEMENTOS COMPLEMENTARIOS PARA LA ATENCIÓN DEL USUARIO,10304,FALTA DE OPORTUNIDAD EN LA AUTORIZACIÓN DE OTROS SERVICIOS DE SALUD,1030408,PROCEDIMIENTOS NO QUIRÚRGICOS,1030408006,OTROS PROCEDIMIENTOS NO QUIRÚRGICOS,PROBLEMAS RELACIONADOS CON FACILIDADES DE ATENCIÓN MÉDICA U OTROS SERVICIOS DE SALUD,PROBLEMAS RELACIONADOS CON FACILIDADES DE ATENCIÓN MÉDICA U OTROS SERVICIOS DE SALUD,ENDOMETRIOSIS DEL OVARIO,No aplica,SIMPLE
948,2024,6,Personalizado,17,17873,US- 000002638560,A nombre propio,HOMBRE,68,MAYOR DE 63 AÑOS ,Posgrado,Régimen Especial,No Aplica,No Aplica,17,17873,MAGISTERIO,REGÍMENES DE EXCEPCIÓN Y ESPECIALES,REMG01,MAGISTERIO,17,17873,1,BARRERAS EN EL ACCESO A TECNOLOGÍAS Y SERVICIOS DE SALUD; Y OTROS ELEMENTOS COMPLEMENTARIOS PARA LA ATENCIÓN DEL USUARIO,102,NEGACIÓN DE TECNOLOGÍAS EN SALUD Y OTROS ELEMENTOS COMPLEMENTARIOS PARA LA ATENCIÓN DEL USUARIO,10204,NEGACIÓN PARA LA ENTREGA DE TECNOLOGÍAS EN SALUD Y/O DE OTROS SERVICIOS AUTORIZADOS,1020401,MEDICAMENTOS UPC,,,ENFERMEDADES CRÓNICAS NO TRASMISIBLES CARDIOVASCULARES,HTA (HIPERTENSIÓN ARTERIAL),INSUFICIENCIA RENAL CRÓNICA,No aplica,SIMPLE
949,2024,6,Web,54,54498,US- 000003606777,A nombre propio,HOMBRE,73,MAYOR DE 63 AÑOS ,No Aplica,Subsidiado,No Aplica,No Aplica,54,54498,NUEVA EPS,RÉGIMEN SUBSIDIADO,EPSS41,NUEVA EPS,54,54498,1,BARRERAS EN EL ACCESO A TECNOLOGÍAS Y SERVICIOS DE SALUD; Y OTROS ELEMENTOS COMPLEMENTARIOS PARA LA ATENCIÓN DEL USUARIO,101,FALTA DE OPORTUNIDAD EN LA PRESTACIÓN DE TECNOLOGÍAS EN SALUD Y OTROS ELEMENTOS COMPLEMENTARIOS PARA LA ATENCIÓN DEL USUARIO,10101,FALTA DE OPORTUNIDAD EN LAS CITAS O CONSULTAS,1010103,ESPECIALIDADES MÉDICAS ,1010103028,"CIRUGÍA PLÁSTICA, ESTÉTICA Y RECONSTRUCTIVA",CÁNCER ,OTROS,TUMOR MALIGNO DE LA PIEL DE OTRAS PARTES Y DE LAS NO ESPECIFICADAS DE LA CARA,No aplica,PRIORIZADO
950,2024,6,Telefónico,47,47189,US- 000001380150,Madre,HOMBRE,16,DE 13 A 17 AÑOS,Secundaria Incompleta,Contributivo,No Aplica,No Aplica,47,47189,NUEVA EPS,RÉGIMEN CONTRIBUTIVO,EPS037,NUEVA EPS,47,47189,1,BARRERAS EN EL ACCESO A TECNOLOGÍAS Y SERVICIOS DE SALUD; Y OTROS ELEMENTOS COMPLEMENTARIOS PARA LA ATENCIÓN DEL USUARIO,102,NEGACIÓN DE TECNOLOGÍAS EN SALUD Y OTROS ELEMENTOS COMPLEMENTARIOS PARA LA ATENCIÓN DEL USUARIO,10201,NEGACIÓN EN LA ASIGNACIÓN DE CITAS O CONSULTAS,1020103,ESPECIALIDADES MÉDICAS ,1020103080,OTORRINOLARINGOLOGÍA,CÁNCER ,OTROS,TUMOR MALIGNO DEL SENO PARANASAL NO ESPECIFICADO,No aplica,PRIORIZADO
951,2024,6,Web,76,76892,US- 000003606778,Madre,MUJER,11,DE 6 A 12 AÑOS,No Aplica,Contributivo,No Aplica,No Aplica,76,76892,SOS -SERVICIO OCCIDENTAL DE SALUD,RÉGIMEN CONTRIBUTIVO,EPS018,SERVICIO OCCIDENTAL DE SALUD (SOS),76,76892,1,BARRERAS EN EL ACCESO A TECNOLOGÍAS Y SERVICIOS DE SALUD; Y OTROS ELEMENTOS COMPLEMENTARIOS PARA LA ATENCIÓN DEL USUARIO,102,NEGACIÓN DE TECNOLOGÍAS EN SALUD Y OTROS ELEMENTOS COMPLEMENTARIOS PARA LA ATENCIÓN DEL USUARIO,10201,NEGACIÓN EN LA ASIGNACIÓN DE CITAS O CONSULTAS,1020103,ESPECIALIDADES MÉDICAS ,1020103082,PEDIATRÍA,PROBLEMAS RELACIONADOS CON FACILIDADES DE ATENCIÓN MÉDICA U OTROS SERVICIOS DE SALUD,PROBLEMAS RELACIONADOS CON FACILIDADES DE ATENCIÓN MÉDICA U OTROS SERVICIOS DE SALUD,OTROS DOLORES ABDOMINALES Y LOS NO ESPECIFICADOS,No aplica,SIMPLE
952,2024,6,Telefónico,76,76001,US- 000003606779,Hijo (A),MUJER,53,DE 50 A 62 AÑOS,Secundaria,Contributivo,No Aplica,No Aplica,76,76001,SURAMERICANA EPS,RÉGIMEN CONTRIBUTIVO,EPS010,EPS SURA,76,76001,1,BARRERAS EN EL ACCESO A TECNOLOGÍAS Y SERVICIOS DE SALUD; Y OTROS ELEMENTOS COMPLEMENTARIOS PARA LA ATENCIÓN DEL USUARIO,101,FALTA DE OPORTUNIDAD EN LA PRESTACIÓN DE TECNOLOGÍAS EN SALUD Y OTROS ELEMENTOS COMPLEMENTARIOS PARA LA ATENCIÓN DEL USUARIO,10101,FALTA DE OPORTUNIDAD EN LAS CITAS O CONSULTAS,1010103,ESPECIALIDADES MÉDICAS ,1010103072,NEUROLOGÍA,ENFERMEDADES CRÓNICAS NO TRASMISIBLES CARDIOVASCULARES,HTA (HIPERTENSIÓN ARTERIAL),HIPERTENSIÓN ESENCIAL (PRIMARIA),No aplica,PRIORIZADO
953,2024,6,Personalizado,15,15001,US- 000003606780,A nombre propio,MUJER,51,DE 50 A 62 AÑOS,Secundaria,Subsidiado,No Aplica,No Aplica,15,15001,COMPENSAR,RÉGIMEN CONTRIBUTIVO,EPS008,COMPENSAR,15,15001,1,BARRERAS EN EL ACCESO A TECNOLOGÍAS Y SERVICIOS DE SALUD; Y OTROS ELEMENTOS COMPLEMENTARIOS PARA LA ATENCIÓN DEL USUARIO,103,FALTA DE OPORTUNIDAD EN LA AUTORIZACIÓN DE TECNOLOGÍAS EN SALUD Y OTROS ELEMENTOS COMPLEMENTARIOS PARA LA ATENCIÓN DEL USUARIO,10304,FALTA DE OPORTUNIDAD EN LA AUTORIZACIÓN DE OTROS SERVICIOS DE SALUD,1030408,PROCEDIMIENTOS NO QUIRÚRGICOS,1030408001,IMAGENOLOGÍA,PROBLEMAS RELACIONADOS CON FACILIDADES DE ATENCIÓN MÉDICA U OTROS SERVICIOS DE SALUD,PROBLEMAS RELACIONADOS CON FACILIDADES DE ATENCIÓN MÉDICA U OTROS SERVICIOS DE SALUD,EXAMEN DE PESQUISA ESPECIAL PARA TUMOR DE INTESTINO,No aplica,SIMPLE
954,2024,6,Web,73,73001,US- 000003606781,A nombre propio,HOMBRE,55,DE 50 A 62 AÑOS,No Aplica,Subsidiado,No Aplica,No Aplica,73,73001,NUEVA EPS,RÉGIMEN CONTRIBUTIVO,EPS037,NUEVA EPS,73,73001,1,BARRERAS EN EL ACCESO A TECNOLOGÍAS Y SERVICIOS DE SALUD; Y OTROS ELEMENTOS COMPLEMENTARIOS PARA LA ATENCIÓN DEL USUARIO,101,FALTA DE OPORTUNIDAD EN LA PRESTACIÓN DE TECNOLOGÍAS EN SALUD Y OTROS ELEMENTOS COMPLEMENTARIOS PARA LA ATENCIÓN DEL USUARIO,10103,FALTA DE OPORTUNIDAD EN LA ATENCIÓN EN OTROS SERVICIOS DE SALUD,1010305,ATENCIÓN DOMICILIARIA,,,ENFERMEDADES OSTEOARTICULARES,OTROS,HEMORRAGIA SUBDURAL TRAUMÁTICA,No aplica,SIMPLE
955,2024,6,Telefónico,47,47189,US- 000003606782,Madre,HOMBRE,2,DE 0 A 5 AÑOS,No Aplica,Contributivo,No Aplica,No Aplica,47,47189,NUEVA EPS,RÉGIMEN CONTRIBUTIVO,EPS037,NUEVA EPS,47,47189,1,BARRERAS EN EL ACCESO A TECNOLOGÍAS Y SERVICIOS DE SALUD; Y OTROS ELEMENTOS COMPLEMENTARIOS PARA LA ATENCIÓN DEL USUARIO,101,FALTA DE OPORTUNIDAD EN LA PRESTACIÓN DE TECNOLOGÍAS EN SALUD Y OTROS ELEMENTOS COMPLEMENTARIOS PARA LA ATENCIÓN DEL USUARIO,10101,FALTA DE OPORTUNIDAD EN LAS CITAS O CONSULTAS,1010103,ESPECIALIDADES MÉDICAS ,1010103079,ORTOPEDIA Y TRAUMATOLOGÍA PEDIÁTRICA,MATERNO INFANTIL,ATENCIÓN NIÑOS MENORES DE 5 AÑOS,DOLOR ABDOMINAL Y PÉLVICO,No aplica,SIMPLE
956,2024,5,Personalizado,11,11001,US- 000003606783,A nombre propio,HOMBRE,52,DE 50 A 62 AÑOS,Secundaria,Subsidiado,No Aplica,No Aplica,11,11001,CAPITAL SALUD,RÉGIMEN SUBSIDIADO,EPSS34,CAPITAL SALUD,11,11001,1,BARRERAS EN EL ACCESO A TECNOLOGÍAS Y SERVICIOS DE SALUD; Y OTROS ELEMENTOS COMPLEMENTARIOS PARA LA ATENCIÓN DEL USUARIO,102,NEGACIÓN DE TECNOLOGÍAS EN SALUD Y OTROS ELEMENTOS COMPLEMENTARIOS PARA LA ATENCIÓN DEL USUARIO,10201,NEGACIÓN EN LA ASIGNACIÓN DE CITAS O CONSULTAS,1020103,ESPECIALIDADES MÉDICAS ,1020103037,ELECTROFISIOLOGÍA CARDÍACA,ENFERMEDADES CRÓNICAS NO TRASMISIBLES CARDIOVASCULARES,OTROS,CARDIOMIOPATÍA ISQUÉMICA,No aplica,PRIORIZADO
957,2024,6,Telefónico,5,5212,US- 000003606784,A nombre propio,MUJER,38,DE 38 A 49 AÑOS,Universitario Incompleto,Contributivo,No Aplica,No Aplica,5,5212,SURAMERICANA EPS,RÉGIMEN CONTRIBUTIVO,EPS010,EPS SURA,5,5001,1,BARRERAS EN EL ACCESO A TECNOLOGÍAS Y SERVICIOS DE SALUD; Y OTROS ELEMENTOS COMPLEMENTARIOS PARA LA ATENCIÓN DEL USUARIO,101,FALTA DE OPORTUNIDAD EN LA PRESTACIÓN DE TECNOLOGÍAS EN SALUD Y OTROS ELEMENTOS COMPLEMENTARIOS PARA LA ATENCIÓN DEL USUARIO,10103,FALTA DE OPORTUNIDAD EN LA ATENCIÓN EN OTROS SERVICIOS DE SALUD,1010308,PROCEDIMIENTOS NO QUIRÚRGICOS,1010308006,OTROS PROCEDIMIENTOS NO QUIRÚRGICOS,ENFERMEDADES CRÓNICAS NO TRASMISIBLES CARDIOVASCULARES,OTROS,INSUFICIENCIA VENOSA (CRÓNICA) (PERIFÉRICA),No aplica,SIMPLE
958,2024,6,Web,17,17486,US- 000003606785,A nombre propio,HOMBRE,55,DE 50 A 62 AÑOS,No Aplica,Contributivo,No Aplica,No Aplica,17,17486,NUEVA EPS,RÉGIMEN SUBSIDIADO,EPSS41,NUEVA EPS,17,17486,4,INSATISFACCIÓN DEL USUARIO CON EL PROCESO ADMINISTRATIVO,404,INSATISFACCIÓN RELACIONADA CON TRÁMITES ADMINISTRATIVOS,40403,INCONSISTENCIAS EN LA AFILIACIÓN,4040301,RETIRADO,,,PROBLEMAS RELACIONADOS CON FACILIDADES DE ATENCIÓN MÉDICA U OTROS SERVICIOS DE SALUD,PROBLEMAS RELACIONADOS CON FACILIDADES DE ATENCIÓN MÉDICA U OTROS SERVICIOS DE SALUD,OTROS PROBLEMAS RELACIONADOS CON SERVICIOS MÉDICOS Y DE SALUD,No aplica,SIMPLE
959,2024,6,Web,11,11001,US- 000003606786,A nombre propio,HOMBRE,49,DE 38 A 49 AÑOS,Ninguno,Contributivo,No Aplica,No Aplica,11,11001,SANITAS,RÉGIMEN CONTRIBUTIVO,EPS005,SANITAS,11,11001,1,BARRERAS EN EL ACCESO A TECNOLOGÍAS Y SERVICIOS DE SALUD; Y OTROS ELEMENTOS COMPLEMENTARIOS PARA LA ATENCIÓN DEL USUARIO,101,FALTA DE OPORTUNIDAD EN LA PRESTACIÓN DE TECNOLOGÍAS EN SALUD Y OTROS ELEMENTOS COMPLEMENTARIOS PARA LA ATENCIÓN DEL USUARIO,10103,FALTA DE OPORTUNIDAD EN LA ATENCIÓN EN OTROS SERVICIOS DE SALUD,1010309,PROCEDIMIENTOS QUIRÚRGICOS,1010309003,OTROS PROCEDIMIENTOS QUIRÚRGICOS,PROBLEMAS RELACIONADOS CON FACILIDADES DE ATENCIÓN MÉDICA U OTROS SERVICIOS DE SALUD,PROBLEMAS RELACIONADOS CON FACILIDADES DE ATENCIÓN MÉDICA U OTROS SERVICIOS DE SALUD,FISTULA ANORRECTAL,No aplica,SIMPLE
960,2024,6,Web,68,68547,US- 000003606787,A nombre propio,MUJER,65,MAYOR DE 63 AÑOS ,No Aplica,Régimen Especial,No Aplica,No Aplica,68,68547,POLICIA NACIONAL,REGÍMENES DE EXCEPCIÓN Y ESPECIALES,REPN01,POLICIA NACIONAL,68,68001,1,BARRERAS EN EL ACCESO A TECNOLOGÍAS Y SERVICIOS DE SALUD; Y OTROS ELEMENTOS COMPLEMENTARIOS PARA LA ATENCIÓN DEL USUARIO,103,FALTA DE OPORTUNIDAD EN LA AUTORIZACIÓN DE TECNOLOGÍAS EN SALUD Y OTROS ELEMENTOS COMPLEMENTARIOS PARA LA ATENCIÓN DEL USUARIO,10303,FALTA DE OPORTUNIDAD EN LA AUTORIZACIÓN PARA SERVICIOS DE COMPLEMENTACIÓN TERAPÉUTICA,1030309,OTRAS TERAPIAS,,,PROBLEMAS RELACIONADOS CON FACILIDADES DE ATENCIÓN MÉDICA U OTROS SERVICIOS DE SALUD,PROBLEMAS RELACIONADOS CON FACILIDADES DE ATENCIÓN MÉDICA U OTROS SERVICIOS DE SALUD,PRESENCIA DE LENTES INTRAOCULARES,No aplica,SIMPLE
961,2024,5,Web,5,5001,US- 000001620775,A nombre propio,MUJER,54,DE 50 A 62 AÑOS,No Aplica,Subsidiado,No Aplica,No Aplica,5,5001,SAVIA SALUD,RÉGIMEN SUBSIDIADO,EPSS40,SAVIA SALUD EPS,5,5001,1,BARRERAS EN EL ACCESO A TECNOLOGÍAS Y SERVICIOS DE SALUD; Y OTROS ELEMENTOS COMPLEMENTARIOS PARA LA ATENCIÓN DEL USUARIO,102,NEGACIÓN DE TECNOLOGÍAS EN SALUD Y OTROS ELEMENTOS COMPLEMENTARIOS PARA LA ATENCIÓN DEL USUARIO,10203,NEGACIÓN EN LA ATENCIÓN EN OTROS SERVICIOS DE SALUD,1020308,PROCEDIMIENTOS NO QUIRÚRGICOS,1020308001,IMAGENOLOGÍA,PROBLEMAS RELACIONADOS CON FACILIDADES DE ATENCIÓN MÉDICA U OTROS SERVICIOS DE SALUD,PROBLEMAS RELACIONADOS CON FACILIDADES DE ATENCIÓN MÉDICA U OTROS SERVICIOS DE SALUD,OTROS TRASTORNOS ESPECIFICADOS DE LA NARIZ Y DE LOS SENOS PARANASALES,No aplica,SIMPLE
962,2024,6,Web,8,8638,US- 000003606788,A nombre propio,HOMBRE,65,MAYOR DE 63 AÑOS ,No Aplica,Subsidiado,No Aplica,No Aplica,8,8638,NUEVA EPS,RÉGIMEN SUBSIDIADO,EPSS41,NUEVA EPS,8,8638,1,BARRERAS EN EL ACCESO A TECNOLOGÍAS Y SERVICIOS DE SALUD; Y OTROS ELEMENTOS COMPLEMENTARIOS PARA LA ATENCIÓN DEL USUARIO,101,FALTA DE OPORTUNIDAD EN LA PRESTACIÓN DE TECNOLOGÍAS EN SALUD Y OTROS ELEMENTOS COMPLEMENTARIOS PARA LA ATENCIÓN DEL USUARIO,10103,FALTA DE OPORTUNIDAD EN LA ATENCIÓN EN OTROS SERVICIOS DE SALUD,1010309,PROCEDIMIENTOS QUIRÚRGICOS,1010309003,OTROS PROCEDIMIENTOS QUIRÚRGICOS,PROBLEMAS RELACIONADOS CON FACILIDADES DE ATENCIÓN MÉDICA U OTROS SERVICIOS DE SALUD,PROBLEMAS RELACIONADOS CON FACILIDADES DE ATENCIÓN MÉDICA U OTROS SERVICIOS DE SALUD,"CATARATA, NO ESPECIFICADA",No aplica,SIMPLE
963,2024,6,Telefónico,5,5088,US- 000003606789,Otro,MUJER,78,MAYOR DE 63 AÑOS ,Primaria,Contributivo,No Aplica,No Aplica,5,5088,SURAMERICANA EPS,RÉGIMEN CONTRIBUTIVO,EPS010,EPS SURA,5,5088,1,BARRERAS EN EL ACCESO A TECNOLOGÍAS Y SERVICIOS DE SALUD; Y OTROS ELEMENTOS COMPLEMENTARIOS PARA LA ATENCIÓN DEL USUARIO,102,NEGACIÓN DE TECNOLOGÍAS EN SALUD Y OTROS ELEMENTOS COMPLEMENTARIOS PARA LA ATENCIÓN DEL USUARIO,10204,NEGACIÓN PARA LA ENTREGA DE TECNOLOGÍAS EN SALUD Y/O DE OTROS SERVICIOS AUTORIZADOS,1020407,"ELEMENTOS COMPLEMENTARIOS PARA LA ATENCIÓN DEL USUARIO (PAÑALES, PAÑITOS, ETC.)",,,PROBLEMAS RELACIONADOS CON FACILIDADES DE ATENCIÓN MÉDICA U OTROS SERVICIOS DE SALUD,PROBLEMAS RELACIONADOS CON FACILIDADES DE ATENCIÓN MÉDICA U OTROS SERVICIOS DE SALUD,"INCONTINENCIA URINARIA, NO ESPECIFICADA",No aplica,SIMPLE
964,2024,6,Web,15,15759,US- 000003606790,A nombre propio,MUJER,68,MAYOR DE 63 AÑOS ,No Aplica,Contributivo,No Aplica,Persona con discapacidad,15,15759,NUEVA EPS,RÉGIMEN CONTRIBUTIVO,EPS037,NUEVA EPS,15,15759,1,BARRERAS EN EL ACCESO A TECNOLOGÍAS Y SERVICIOS DE SALUD; Y OTROS ELEMENTOS COMPLEMENTARIOS PARA LA ATENCIÓN DEL USUARIO,102,NEGACIÓN DE TECNOLOGÍAS EN SALUD Y OTROS ELEMENTOS COMPLEMENTARIOS PARA LA ATENCIÓN DEL USUARIO,10201,NEGACIÓN EN LA ASIGNACIÓN DE CITAS O CONSULTAS,1020103,ESPECIALIDADES MÉDICAS ,1020103074,OCULOPLASTIA,PROBLEMAS RELACIONADOS CON FACILIDADES DE ATENCIÓN MÉDICA U OTROS SERVICIOS DE SALUD,PROBLEMAS RELACIONADOS CON FACILIDADES DE ATENCIÓN MÉDICA U OTROS SERVICIOS DE SALUD,CEGUERA Y DISMINUCIÓN DE LA AGUDEZA VISUAL,No aplica,SIMPLE
965,2024,6,Telefónico,23,23001,US- 000003606791,Madre,MUJER,1,DE 0 A 5 AÑOS,No Aplica,Subsidiado,No Aplica,No Aplica,23,23001,NUEVA EPS,RÉGIMEN SUBSIDIADO,EPSS41,NUEVA EPS,23,23001,1,BARRERAS EN EL ACCESO A TECNOLOGÍAS Y SERVICIOS DE SALUD; Y OTROS ELEMENTOS COMPLEMENTARIOS PARA LA ATENCIÓN DEL USUARIO,101,FALTA DE OPORTUNIDAD EN LA PRESTACIÓN DE TECNOLOGÍAS EN SALUD Y OTROS ELEMENTOS COMPLEMENTARIOS PARA LA ATENCIÓN DEL USUARIO,10101,FALTA DE OPORTUNIDAD EN LAS CITAS O CONSULTAS,1010103,ESPECIALIDADES MÉDICAS ,1010103082,PEDIATRÍA,MATERNO INFANTIL,ATENCIÓN NIÑOS MENORES DE 5 AÑOS,PROBLEMAS RELACIONADOS CON FACILIDADES DE ATENCIÓN MEDICA U OTROS SERVICIOS DE SALUD,No aplica,SIMPLE
966,2024,5,Personalizado,11,11001,US- 000003606792,Hijo (A),HOMBRE,72,MAYOR DE 63 AÑOS ,Primaria,Subsidiado,No Aplica,Persona con discapacidad,11,11001,CAPITAL SALUD,RÉGIMEN SUBSIDIADO,EPSS34,CAPITAL SALUD,11,11001,1,BARRERAS EN EL ACCESO A TECNOLOGÍAS Y SERVICIOS DE SALUD; Y OTROS ELEMENTOS COMPLEMENTARIOS PARA LA ATENCIÓN DEL USUARIO,103,FALTA DE OPORTUNIDAD EN LA AUTORIZACIÓN DE TECNOLOGÍAS EN SALUD Y OTROS ELEMENTOS COMPLEMENTARIOS PARA LA ATENCIÓN DEL USUARIO,10302,FALTA DE OPORTUNIDAD EN LA AUTORIZACIÓN DE CITAS DE CONSULTA,1030203,ESPECIALIDADES MÉDICAS ,1030203071,NEUROCIRUGÍA,ENFERMEDADES NEUROLÓGICAS,EPILEPSIA,EPILEPSIA,No aplica,PRIORIZADO
967,2024,6,Web,25,25754,US- 000002990712,A nombre propio,HOMBRE,3,DE 0 A 5 AÑOS,No Aplica,Contributivo,No Aplica,No Aplica,25,25754,SANITAS,RÉGIMEN CONTRIBUTIVO,EPS005,SANITAS,11,11001,1,BARRERAS EN EL ACCESO A TECNOLOGÍAS Y SERVICIOS DE SALUD; Y OTROS ELEMENTOS COMPLEMENTARIOS PARA LA ATENCIÓN DEL USUARIO,101,FALTA DE OPORTUNIDAD EN LA PRESTACIÓN DE TECNOLOGÍAS EN SALUD Y OTROS ELEMENTOS COMPLEMENTARIOS PARA LA ATENCIÓN DEL USUARIO,10103,FALTA DE OPORTUNIDAD EN LA ATENCIÓN EN OTROS SERVICIOS DE SALUD,1010308,PROCEDIMIENTOS NO QUIRÚRGICOS,1010308006,OTROS PROCEDIMIENTOS NO QUIRÚRGICOS,MATERNO INFANTIL,ATENCIÓN NIÑOS MENORES DE 5 AÑOS,PROBLEMAS RELACIONADOS CON FACILIDADES DE ATENCIÓN MEDICA U OTROS SERVICIOS DE SALUD,No aplica,SIMPLE
968,2024,6,Web,11,11001,US- 000001984253,A nombre propio,HOMBRE,69,MAYOR DE 63 AÑOS ,No Aplica,Contributivo,No Aplica,No Aplica,11,11001,NUEVA EPS,RÉGIMEN CONTRIBUTIVO,EPS037,NUEVA EPS,11,11001,1,BARRERAS EN EL ACCESO A TECNOLOGÍAS Y SERVICIOS DE SALUD; Y OTROS ELEMENTOS COMPLEMENTARIOS PARA LA ATENCIÓN DEL USUARIO,101,FALTA DE OPORTUNIDAD EN LA PRESTACIÓN DE TECNOLOGÍAS EN SALUD Y OTROS ELEMENTOS COMPLEMENTARIOS PARA LA ATENCIÓN DEL USUARIO,10101,FALTA DE OPORTUNIDAD EN LAS CITAS O CONSULTAS,1010103,ESPECIALIDADES MÉDICAS ,1010103075,OFTALMOLOGÍA,PROBLEMAS RELACIONADOS CON FACILIDADES DE ATENCIÓN MÉDICA U OTROS SERVICIOS DE SALUD,PROBLEMAS RELACIONADOS CON FACILIDADES DE ATENCIÓN MÉDICA U OTROS SERVICIOS DE SALUD,ALTERACIONES DE LA VISION,No aplica,SIMPLE
969,2024,3,Web,25,25754,US- 000003606793,A nombre propio,MUJER,37,DE 30 A 37 AÑOS,No Aplica,Contributivo,No Aplica,Persona con discapacidad,25,25754,COMPENSAR,RÉGIMEN CONTRIBUTIVO,EPS008,COMPENSAR,11,11001,1,BARRERAS EN EL ACCESO A TECNOLOGÍAS Y SERVICIOS DE SALUD; Y OTROS ELEMENTOS COMPLEMENTARIOS PARA LA ATENCIÓN DEL USUARIO,101,FALTA DE OPORTUNIDAD EN LA PRESTACIÓN DE TECNOLOGÍAS EN SALUD Y OTROS ELEMENTOS COMPLEMENTARIOS PARA LA ATENCIÓN DEL USUARIO,10103,FALTA DE OPORTUNIDAD EN LA ATENCIÓN EN OTROS SERVICIOS DE SALUD,1010302,HOSPITALIZACIÓN,,,CÁNCER ,OTROS,TUMOR MALIGNO DE EXOCÉRVIX,Quimioterapia y radioterapia para el cáncer,PRIORIZADO
970,2024,6,Telefónico,11,11001,US- 000000201969,Cónyuge,HOMBRE,88,MAYOR DE 63 AÑOS ,Universitario,Contributivo,No Aplica,No Aplica,11,11001,SALUD TOTAL,RÉGIMEN CONTRIBUTIVO,EPS002,SALUD TOTAL,11,11001,1,BARRERAS EN EL ACCESO A TECNOLOGÍAS Y SERVICIOS DE SALUD; Y OTROS ELEMENTOS COMPLEMENTARIOS PARA LA ATENCIÓN DEL USUARIO,101,FALTA DE OPORTUNIDAD EN LA PRESTACIÓN DE TECNOLOGÍAS EN SALUD Y OTROS ELEMENTOS COMPLEMENTARIOS PARA LA ATENCIÓN DEL USUARIO,10103,FALTA DE OPORTUNIDAD EN LA ATENCIÓN EN OTROS SERVICIOS DE SALUD,1010308,PROCEDIMIENTOS NO QUIRÚRGICOS,1010308001,IMAGENOLOGÍA,ENFERMEDADES CRÓNICAS NO TRANSMISIBLES RESPIRATORIAS,"EPOC (ENFERMEDAD PULMONAR OBSTRUCTIVA CRÓNICA, BRONQUITIS CRÓNICA O ENFISEMA)",OSTEOPOROSIS SIN FRACTURA PATOLÓGICA,No aplica,SIMPLE
971,2024,6,Personalizado,68,68001,US- 000003606794,A nombre propio,MUJER,23,DE 18 A 24 AÑOS,Secundaria Incompleta,Subsidiado,No Aplica,No Aplica,68,68001,NUEVA EPS,RÉGIMEN SUBSIDIADO,EPSS41,NUEVA EPS,68,68001,1,BARRERAS EN EL ACCESO A TECNOLOGÍAS Y SERVICIOS DE SALUD; Y OTROS ELEMENTOS COMPLEMENTARIOS PARA LA ATENCIÓN DEL USUARIO,102,NEGACIÓN DE TECNOLOGÍAS EN SALUD Y OTROS ELEMENTOS COMPLEMENTARIOS PARA LA ATENCIÓN DEL USUARIO,10201,NEGACIÓN EN LA ASIGNACIÓN DE CITAS O CONSULTAS,1020103,ESPECIALIDADES MÉDICAS ,1020103080,OTORRINOLARINGOLOGÍA,PROBLEMAS RELACIONADOS CON FACILIDADES DE ATENCIÓN MÉDICA U OTROS SERVICIOS DE SALUD,PROBLEMAS RELACIONADOS CON FACILIDADES DE ATENCIÓN MÉDICA U OTROS SERVICIOS DE SALUD,OTITIS MEDIA CRÓNICA MUCOIDE,No aplica,SIMPLE
972,2024,4,Personalizado,5,5001,US- 000003606795,Hijo (A),HOMBRE,86,MAYOR DE 63 AÑOS ,Primaria Incompleta,Subsidiado,No Aplica,No Aplica,5,5001,SAVIA SALUD,RÉGIMEN SUBSIDIADO,EPSS40,SAVIA SALUD EPS,5,5789,1,BARRERAS EN EL ACCESO A TECNOLOGÍAS Y SERVICIOS DE SALUD; Y OTROS ELEMENTOS COMPLEMENTARIOS PARA LA ATENCIÓN DEL USUARIO,101,FALTA DE OPORTUNIDAD EN LA PRESTACIÓN DE TECNOLOGÍAS EN SALUD Y OTROS ELEMENTOS COMPLEMENTARIOS PARA LA ATENCIÓN DEL USUARIO,10101,FALTA DE OPORTUNIDAD EN LAS CITAS O CONSULTAS,1010101,MEDICINA GENERAL,,,ENFERMEDADES CRÓNICAS NO TRASMISIBLES CARDIOVASCULARES,HTA (HIPERTENSIÓN ARTERIAL),"INFECCIÓN LOCAL DE LA PIEL Y DEL TEJIDO SUBCUTÁNEO, NO ESPECIFICADA",No aplica,SIMPLE
973,2024,5,Telefónico,5,5001,US- 000003606796,A nombre propio,HOMBRE,73,MAYOR DE 63 AÑOS ,Primaria Incompleta,Subsidiado,No Aplica,No Aplica,5,5001,SAVIA SALUD,RÉGIMEN SUBSIDIADO,EPSS40,SAVIA SALUD EPS,5,5001,1,BARRERAS EN EL ACCESO A TECNOLOGÍAS Y SERVICIOS DE SALUD; Y OTROS ELEMENTOS COMPLEMENTARIOS PARA LA ATENCIÓN DEL USUARIO,102,NEGACIÓN DE TECNOLOGÍAS EN SALUD Y OTROS ELEMENTOS COMPLEMENTARIOS PARA LA ATENCIÓN DEL USUARIO,10201,NEGACIÓN EN LA ASIGNACIÓN DE CITAS O CONSULTAS,1020101,MEDICINA GENERAL,,,PROBLEMAS RELACIONADOS CON FACILIDADES DE ATENCIÓN MÉDICA U OTROS SERVICIOS DE SALUD,PROBLEMAS RELACIONADOS CON FACILIDADES DE ATENCIÓN MÉDICA U OTROS SERVICIOS DE SALUD,"TRASTORNO DE LA PRÓSTATA, NO ESPECIFICADO",No aplica,SIMPLE
974,2024,5,Personalizado,11,11001,US- 000003606797,A nombre propio,MUJER,38,DE 38 A 49 AÑOS,Secundaria,Subsidiado,No Aplica,No Aplica,11,11001,CAPITAL SALUD,RÉGIMEN SUBSIDIADO,EPSS34,CAPITAL SALUD,11,11001,1,BARRERAS EN EL ACCESO A TECNOLOGÍAS Y SERVICIOS DE SALUD; Y OTROS ELEMENTOS COMPLEMENTARIOS PARA LA ATENCIÓN DEL USUARIO,102,NEGACIÓN DE TECNOLOGÍAS EN SALUD Y OTROS ELEMENTOS COMPLEMENTARIOS PARA LA ATENCIÓN DEL USUARIO,10201,NEGACIÓN EN LA ASIGNACIÓN DE CITAS O CONSULTAS,1020108,FISIOTERAPIA,,,PROBLEMAS RELACIONADOS CON FACILIDADES DE ATENCIÓN MÉDICA U OTROS SERVICIOS DE SALUD,PROBLEMAS RELACIONADOS CON FACILIDADES DE ATENCIÓN MÉDICA U OTROS SERVICIOS DE SALUD,INESTABILIDAD CRÓNICA DE LA RODILLA,No aplica,SIMPLE
975,2024,6,Web,5,5266,US- 000003606798,A nombre propio,MUJER,48,DE 38 A 49 AÑOS,No Aplica,Contributivo,Afrocolombiano o Afrodescendiente,No Aplica,5,5266,SURAMERICANA EPS,RÉGIMEN CONTRIBUTIVO,EPS010,EPS SURA,5,5266,1,BARRERAS EN EL ACCESO A TECNOLOGÍAS Y SERVICIOS DE SALUD; Y OTROS ELEMENTOS COMPLEMENTARIOS PARA LA ATENCIÓN DEL USUARIO,103,FALTA DE OPORTUNIDAD EN LA AUTORIZACIÓN DE TECNOLOGÍAS EN SALUD Y OTROS ELEMENTOS COMPLEMENTARIOS PARA LA ATENCIÓN DEL USUARIO,10302,FALTA DE OPORTUNIDAD EN LA AUTORIZACIÓN DE CITAS DE CONSULTA,1030203,ESPECIALIDADES MÉDICAS ,1030203047,GINECOLOGÍA Y OBSTETRICIA,PROBLEMAS RELACIONADOS CON FACILIDADES DE ATENCIÓN MÉDICA U OTROS SERVICIOS DE SALUD,PROBLEMAS RELACIONADOS CON FACILIDADES DE ATENCIÓN MÉDICA U OTROS SERVICIOS DE SALUD,"LEIOMIOMA DEL ÚTERO, SIN OTRA ESPECIFICACIÓN",No aplica,SIMPLE
976,2024,6,Personalizado,5,5001,US- 000003606799,Cónyuge,MUJER,62,DE 50 A 62 AÑOS,No Aplica,Subsidiado,No Aplica,No Aplica,5,5001,SAVIA SALUD,RÉGIMEN SUBSIDIADO,EPSS40,SAVIA SALUD EPS,5,5001,1,BARRERAS EN EL ACCESO A TECNOLOGÍAS Y SERVICIOS DE SALUD; Y OTROS ELEMENTOS COMPLEMENTARIOS PARA LA ATENCIÓN DEL USUARIO,102,NEGACIÓN DE TECNOLOGÍAS EN SALUD Y OTROS ELEMENTOS COMPLEMENTARIOS PARA LA ATENCIÓN DEL USUARIO,10204,NEGACIÓN PARA LA ENTREGA DE TECNOLOGÍAS EN SALUD Y/O DE OTROS SERVICIOS AUTORIZADOS,1020401,MEDICAMENTOS UPC,,,ENFERMEDADES CRÓNICAS NO TRANSMISIBLES RESPIRATORIAS,"EPOC (ENFERMEDAD PULMONAR OBSTRUCTIVA CRÓNICA, BRONQUITIS CRÓNICA O ENFISEMA)","ENFERMEDAD PULMONAR OBSTRUCTIVA CRÓNICA, NO ESPECIFICADA",No aplica,PRIORIZADO
977,2024,5,Personalizado,11,11001,US- 000002556113,A nombre propio,MUJER,60,DE 50 A 62 AÑOS,Posgrado,Contributivo,No Aplica,No Aplica,11,11001,COMPENSAR,RÉGIMEN CONTRIBUTIVO,EPS008,COMPENSAR,11,11001,1,BARRERAS EN EL ACCESO A TECNOLOGÍAS Y SERVICIOS DE SALUD; Y OTROS ELEMENTOS COMPLEMENTARIOS PARA LA ATENCIÓN DEL USUARIO,101,FALTA DE OPORTUNIDAD EN LA PRESTACIÓN DE TECNOLOGÍAS EN SALUD Y OTROS ELEMENTOS COMPLEMENTARIOS PARA LA ATENCIÓN DEL USUARIO,10101,FALTA DE OPORTUNIDAD EN LAS CITAS O CONSULTAS,1010103,ESPECIALIDADES MÉDICAS ,1010103046,GINECOLOGÍA ONCOLÓGICA,CÁNCER ,CÁNCER DE MAMA,TUMOR MALIGNO DE LA MAMA,No aplica,PRIORIZADO
978,2024,5,Web,5,5001,US- 000000164890,A nombre propio,MUJER,62,DE 50 A 62 AÑOS,No Aplica,Subsidiado,No Aplica,No Aplica,5,5001,SAVIA SALUD,RÉGIMEN SUBSIDIADO,EPSS40,SAVIA SALUD EPS,5,5001,1,BARRERAS EN EL ACCESO A TECNOLOGÍAS Y SERVICIOS DE SALUD; Y OTROS ELEMENTOS COMPLEMENTARIOS PARA LA ATENCIÓN DEL USUARIO,102,NEGACIÓN DE TECNOLOGÍAS EN SALUD Y OTROS ELEMENTOS COMPLEMENTARIOS PARA LA ATENCIÓN DEL USUARIO,10201,NEGACIÓN EN LA ASIGNACIÓN DE CITAS O CONSULTAS,1020101,MEDICINA GENERAL,,,PROBLEMAS RELACIONADOS CON FACILIDADES DE ATENCIÓN MÉDICA U OTROS SERVICIOS DE SALUD,PROBLEMAS RELACIONADOS CON FACILIDADES DE ATENCIÓN MÉDICA U OTROS SERVICIOS DE SALUD,PROBLEMAS RELACIONADOS CON FACILIDADES DE ATENCIÓN MEDICA U OTROS SERVICIOS DE SALUD,No aplica,SIMPLE
979,2024,5,Telefónico,11,11001,US- 000002698045,A nombre propio,MUJER,35,DE 30 A 37 AÑOS,Universitario,Contributivo,No Aplica,No Aplica,11,11001,SANITAS,RÉGIMEN CONTRIBUTIVO,EPS005,SANITAS,11,11001,1,BARRERAS EN EL ACCESO A TECNOLOGÍAS Y SERVICIOS DE SALUD; Y OTROS ELEMENTOS COMPLEMENTARIOS PARA LA ATENCIÓN DEL USUARIO,103,FALTA DE OPORTUNIDAD EN LA AUTORIZACIÓN DE TECNOLOGÍAS EN SALUD Y OTROS ELEMENTOS COMPLEMENTARIOS PARA LA ATENCIÓN DEL USUARIO,10302,FALTA DE OPORTUNIDAD EN LA AUTORIZACIÓN DE CITAS DE CONSULTA,1030203,ESPECIALIDADES MÉDICAS ,1030203031,COLOPROCTOLOGÍA,PROBLEMAS RELACIONADOS CON FACILIDADES DE ATENCIÓN MÉDICA U OTROS SERVICIOS DE SALUD,PROBLEMAS RELACIONADOS CON FACILIDADES DE ATENCIÓN MÉDICA U OTROS SERVICIOS DE SALUD,ENDOMETRIOSIS,No aplica,SIMPLE
980,2024,6,Web,50,50001,US- 000003606800,A nombre propio,MUJER,54,DE 50 A 62 AÑOS,No Aplica,Contributivo,No Aplica,No Aplica,50,50001,NUEVA EPS,RÉGIMEN CONTRIBUTIVO,EPS037,NUEVA EPS,50,50001,1,BARRERAS EN EL ACCESO A TECNOLOGÍAS Y SERVICIOS DE SALUD; Y OTROS ELEMENTOS COMPLEMENTARIOS PARA LA ATENCIÓN DEL USUARIO,101,FALTA DE OPORTUNIDAD EN LA PRESTACIÓN DE TECNOLOGÍAS EN SALUD Y OTROS ELEMENTOS COMPLEMENTARIOS PARA LA ATENCIÓN DEL USUARIO,10103,FALTA DE OPORTUNIDAD EN LA ATENCIÓN EN OTROS SERVICIOS DE SALUD,1010309,PROCEDIMIENTOS QUIRÚRGICOS,1010309003,OTROS PROCEDIMIENTOS QUIRÚRGICOS,ENFERMEDADES OSTEOARTICULARES,OTROS,"TRASTORNOS DE LOS DISCOS INTERVERTEBRALES, NO ESPECIFICADO",No aplica,SIMPLE
981,2024,5,Personalizado,76,76001,US- 000003606801,A nombre propio,MUJER,57,DE 50 A 62 AÑOS,Secundaria,Subsidiado,Afrocolombiano o Afrodescendiente,No Aplica,76,76001,NUEVA EPS,RÉGIMEN SUBSIDIADO,EPSS41,NUEVA EPS,19,19809,2,INSATISFACCIÓN RELACIONADA CON LA ATENCIÓN EN SALUD,201,INSATISFACCIÓN RELACIONADA CON LA ATENCIÓN EN SALUD POR FALTA DE OPORTUNIDAD,20102,INSATISFACCIÓN POR FALTA DE OPORTUNIDAD EN LA ENTREGA DE RESULTADOS DE AYUDAS DIAGNÓSTICAS,,,,,CÁNCER ,OTROS,TUMOR MALIGNO DEL OVARIO,No aplica,PRIORIZADO
982,2024,6,Escrito,76,76111,US- 000003606802,A nombre propio,HOMBRE,77,MAYOR DE 63 AÑOS ,No Aplica,Contributivo,No Aplica,No Aplica,76,76111,NUEVA EPS,RÉGIMEN CONTRIBUTIVO,EPS037,NUEVA EPS,76,76111,1,BARRERAS EN EL ACCESO A TECNOLOGÍAS Y SERVICIOS DE SALUD; Y OTROS ELEMENTOS COMPLEMENTARIOS PARA LA ATENCIÓN DEL USUARIO,103,FALTA DE OPORTUNIDAD EN LA AUTORIZACIÓN DE TECNOLOGÍAS EN SALUD Y OTROS ELEMENTOS COMPLEMENTARIOS PARA LA ATENCIÓN DEL USUARIO,10304,FALTA DE OPORTUNIDAD EN LA AUTORIZACIÓN DE OTROS SERVICIOS DE SALUD,1030409,PROCEDIMIENTOS QUIRÚRGICOS,1030409003,OTROS PROCEDIMIENTOS QUIRÚRGICOS,ENFERMEDADES OSTEOARTICULARES,OTROS,"GONARTROSIS PRIMARIA, BILATERAL",Reemplazos articulares,SIMPLE
983,2024,6,Web,41,41551,US- 000002694501,A nombre propio,MUJER,32,DE 30 A 37 AÑOS,No Aplica,Contributivo,No Aplica,No Aplica,41,41551,NUEVA EPS,RÉGIMEN CONTRIBUTIVO,EPS037,NUEVA EPS,41,41551,1,BARRERAS EN EL ACCESO A TECNOLOGÍAS Y SERVICIOS DE SALUD; Y OTROS ELEMENTOS COMPLEMENTARIOS PARA LA ATENCIÓN DEL USUARIO,101,FALTA DE OPORTUNIDAD EN LA PRESTACIÓN DE TECNOLOGÍAS EN SALUD Y OTROS ELEMENTOS COMPLEMENTARIOS PARA LA ATENCIÓN DEL USUARIO,10101,FALTA DE OPORTUNIDAD EN LAS CITAS O CONSULTAS,1010103,ESPECIALIDADES MÉDICAS ,1010103075,OFTALMOLOGÍA,PROBLEMAS RELACIONADOS CON FACILIDADES DE ATENCIÓN MÉDICA U OTROS SERVICIOS DE SALUD,PROBLEMAS RELACIONADOS CON FACILIDADES DE ATENCIÓN MÉDICA U OTROS SERVICIOS DE SALUD,SOSPECHA DE GLAUCOMA,No aplica,SIMPLE
984,2024,6,Personalizado,11,11001,US- 000003606803,A nombre propio,HOMBRE,61,DE 50 A 62 AÑOS,Primaria Incompleta,Subsidiado,No Aplica,No Aplica,11,11001,CAPITAL SALUD,RÉGIMEN SUBSIDIADO,EPSS34,CAPITAL SALUD,11,11001,1,BARRERAS EN EL ACCESO A TECNOLOGÍAS Y SERVICIOS DE SALUD; Y OTROS ELEMENTOS COMPLEMENTARIOS PARA LA ATENCIÓN DEL USUARIO,102,NEGACIÓN DE TECNOLOGÍAS EN SALUD Y OTROS ELEMENTOS COMPLEMENTARIOS PARA LA ATENCIÓN DEL USUARIO,10201,NEGACIÓN EN LA ASIGNACIÓN DE CITAS O CONSULTAS,1020103,ESPECIALIDADES MÉDICAS ,1020103075,OFTALMOLOGÍA,PROBLEMAS RELACIONADOS CON FACILIDADES DE ATENCIÓN MÉDICA U OTROS SERVICIOS DE SALUD,PROBLEMAS RELACIONADOS CON FACILIDADES DE ATENCIÓN MÉDICA U OTROS SERVICIOS DE SALUD,ALTERACIONES DE LA VISION,No aplica,SIMPLE
985,2024,6,Web,47,47001,US- 000003606804,A nombre propio,MUJER,36,DE 30 A 37 AÑOS,Ninguno,Subsidiado,No Aplica,No Aplica,47,47001,NUEVA EPS,RÉGIMEN SUBSIDIADO,EPSS41,NUEVA EPS,47,47001,1,BARRERAS EN EL ACCESO A TECNOLOGÍAS Y SERVICIOS DE SALUD; Y OTROS ELEMENTOS COMPLEMENTARIOS PARA LA ATENCIÓN DEL USUARIO,101,FALTA DE OPORTUNIDAD EN LA PRESTACIÓN DE TECNOLOGÍAS EN SALUD Y OTROS ELEMENTOS COMPLEMENTARIOS PARA LA ATENCIÓN DEL USUARIO,10101,FALTA DE OPORTUNIDAD EN LAS CITAS O CONSULTAS,1010103,ESPECIALIDADES MÉDICAS ,1010103042,GASTROENTEROLOGÍA,PROBLEMAS RELACIONADOS CON FACILIDADES DE ATENCIÓN MÉDICA U OTROS SERVICIOS DE SALUD,PROBLEMAS RELACIONADOS CON FACILIDADES DE ATENCIÓN MÉDICA U OTROS SERVICIOS DE SALUD,PROBLEMAS RELACIONADOS CON FACILIDADES DE ATENCIÓN MEDICA U OTROS SERVICIOS DE SALUD,No aplica,SIMPLE
986,2024,6,Personalizado,11,11001,US- 000003606805,Madre,MUJER,13,DE 13 A 17 AÑOS,Secundaria Incompleta,Contributivo,No Aplica,No Aplica,11,11001,SURAMERICANA EPS,RÉGIMEN CONTRIBUTIVO,EPS010,EPS SURA,11,11001,1,BARRERAS EN EL ACCESO A TECNOLOGÍAS Y SERVICIOS DE SALUD; Y OTROS ELEMENTOS COMPLEMENTARIOS PARA LA ATENCIÓN DEL USUARIO,102,NEGACIÓN DE TECNOLOGÍAS EN SALUD Y OTROS ELEMENTOS COMPLEMENTARIOS PARA LA ATENCIÓN DEL USUARIO,10201,NEGACIÓN EN LA ASIGNACIÓN DE CITAS O CONSULTAS,1020103,ESPECIALIDADES MÉDICAS ,1020103026,CIRUGÍA PEDIÁTRICA,PROBLEMAS RELACIONADOS CON FACILIDADES DE ATENCIÓN MÉDICA U OTROS SERVICIOS DE SALUD,PROBLEMAS RELACIONADOS CON FACILIDADES DE ATENCIÓN MÉDICA U OTROS SERVICIOS DE SALUD,QUISTE FOLICULAR DEL OVARIO,No aplica,SIMPLE
987,2024,6,Web,5,5001,US- 000003606806,A nombre propio,HOMBRE,53,DE 50 A 62 AÑOS,No Aplica,Contributivo,No Aplica,No Aplica,5,5001,SURAMERICANA EPS,RÉGIMEN CONTRIBUTIVO,EPS010,EPS SURA,5,5001,1,BARRERAS EN EL ACCESO A TECNOLOGÍAS Y SERVICIOS DE SALUD; Y OTROS ELEMENTOS COMPLEMENTARIOS PARA LA ATENCIÓN DEL USUARIO,101,FALTA DE OPORTUNIDAD EN LA PRESTACIÓN DE TECNOLOGÍAS EN SALUD Y OTROS ELEMENTOS COMPLEMENTARIOS PARA LA ATENCIÓN DEL USUARIO,10101,FALTA DE OPORTUNIDAD EN LAS CITAS O CONSULTAS,1010103,ESPECIALIDADES MÉDICAS ,1010103080,OTORRINOLARINGOLOGÍA,ENFERMEDADES CRÓNICAS NO TRASMISIBLES CARDIOVASCULARES,OTROS,DESVIACIÓN DEL TABIQUE NASAL,No aplica,SIMPLE
988,2024,6,Telefónico,11,11001,US- 000003606807,Madre,MUJER,1,DE 0 A 5 AÑOS,No Aplica,Subsidiado,No Aplica,No Aplica,11,11001,SANITAS,RÉGIMEN CONTRIBUTIVO,EPS005,SANITAS,11,11001,1,BARRERAS EN EL ACCESO A TECNOLOGÍAS Y SERVICIOS DE SALUD; Y OTROS ELEMENTOS COMPLEMENTARIOS PARA LA ATENCIÓN DEL USUARIO,101,FALTA DE OPORTUNIDAD EN LA PRESTACIÓN DE TECNOLOGÍAS EN SALUD Y OTROS ELEMENTOS COMPLEMENTARIOS PARA LA ATENCIÓN DEL USUARIO,10104,FALTA DE OPORTUNIDAD EN LA ENTREGA O ENTREGA INCOMPLETA DE TECNOLOGÍAS EN SALUD Y/O PRESTACIÓN DE OTROS SERVICIOS,1010406,SOPORTE NUTRICIONAL,,,MATERNO INFANTIL,ATENCIÓN NIÑOS MENORES DE 5 AÑOS,DESNUTRICIÓN PROTEICOCALORICA LEVE,No aplica,PRIORIZADO
989,2024,3,Web,5,5001,US- 000003606808,A nombre propio,HOMBRE,8,DE 6 A 12 AÑOS,No Aplica,Subsidiado,No Aplica,No Aplica,5,5001,SAVIA SALUD,RÉGIMEN SUBSIDIADO,EPSS40,SAVIA SALUD EPS,5,5001,1,BARRERAS EN EL ACCESO A TECNOLOGÍAS Y SERVICIOS DE SALUD; Y OTROS ELEMENTOS COMPLEMENTARIOS PARA LA ATENCIÓN DEL USUARIO,101,FALTA DE OPORTUNIDAD EN LA PRESTACIÓN DE TECNOLOGÍAS EN SALUD Y OTROS ELEMENTOS COMPLEMENTARIOS PARA LA ATENCIÓN DEL USUARIO,10101,FALTA DE OPORTUNIDAD EN LAS CITAS O CONSULTAS,1010103,ESPECIALIDADES MÉDICAS ,1010103044,GENÉTICA MÉDICA,PROBLEMAS RELACIONADOS CON FACILIDADES DE ATENCIÓN MÉDICA U OTROS SERVICIOS DE SALUD,PROBLEMAS RELACIONADOS CON FACILIDADES DE ATENCIÓN MÉDICA U OTROS SERVICIOS DE SALUD,PROBLEMAS RELACIONADOS CON FACILIDADES DE ATENCIÓN MEDICA U OTROS SERVICIOS DE SALUD,No aplica,SIMPLE
990,2024,5,Web,68,68861,US- 000003606809,Abuelo (A),HOMBRE,38,DE 38 A 49 AÑOS,No Aplica,Contributivo,No Aplica,Persona con discapacidad,68,68861,NUEVA EPS,RÉGIMEN CONTRIBUTIVO,EPS037,NUEVA EPS,68,68861,1,BARRERAS EN EL ACCESO A TECNOLOGÍAS Y SERVICIOS DE SALUD; Y OTROS ELEMENTOS COMPLEMENTARIOS PARA LA ATENCIÓN DEL USUARIO,101,FALTA DE OPORTUNIDAD EN LA PRESTACIÓN DE TECNOLOGÍAS EN SALUD Y OTROS ELEMENTOS COMPLEMENTARIOS PARA LA ATENCIÓN DEL USUARIO,10104,FALTA DE OPORTUNIDAD EN LA ENTREGA O ENTREGA INCOMPLETA DE TECNOLOGÍAS EN SALUD Y/O PRESTACIÓN DE OTROS SERVICIOS,1010401,MEDICAMENTOS UPC,,,PROBLEMAS RELACIONADOS CON FACILIDADES DE ATENCIÓN MÉDICA U OTROS SERVICIOS DE SALUD,PROBLEMAS RELACIONADOS CON FACILIDADES DE ATENCIÓN MÉDICA U OTROS SERVICIOS DE SALUD,OTRAS CONVULSIONES Y LAS NO ESPECIFICADAS,No aplica,SIMPLE
991,2024,5,Web,52,52699,US- 000003606810,Madre,HOMBRE,44,DE 38 A 49 AÑOS,No Aplica,Subsidiado,Indígena,No Aplica,52,52699,EMSSANAR EPS,RÉGIMEN SUBSIDIADO,ESS118,EMSSANAR,52,52699,1,BARRERAS EN EL ACCESO A TECNOLOGÍAS Y SERVICIOS DE SALUD; Y OTROS ELEMENTOS COMPLEMENTARIOS PARA LA ATENCIÓN DEL USUARIO,101,FALTA DE OPORTUNIDAD EN LA PRESTACIÓN DE TECNOLOGÍAS EN SALUD Y OTROS ELEMENTOS COMPLEMENTARIOS PARA LA ATENCIÓN DEL USUARIO,10105,FALTA DE OPORTUNIDAD EN EL PROCESO DE REFERENCIA Y CONTRARREFERENCIA,,,,,SALUD MENTAL,OTROS TRASTORNOS MENTALES,OTRAS ESQUIZOFRENIAS,No aplica,PRIORIZADO
992,2024,6,Web,8,8001,US- 000003606811,A nombre propio,MUJER,25,DE 25 A 29 AÑOS,No Aplica,Contributivo,No Aplica,No Aplica,8,8001,SURAMERICANA EPS,RÉGIMEN CONTRIBUTIVO,EPS010,EPS SURA,8,8001,4,INSATISFACCIÓN DEL USUARIO CON EL PROCESO ADMINISTRATIVO,405,PROBLEMAS EN EL RECONOCIMIENTO Y/O PAGO DE PRESTACIONES ECONÓMICAS,40501,NO RECONOCIMIENTO Y/O PAGO DE LAS PRESTACIONES ECONÓMICAS,4050107,INCAPACIDAD DE ENFERMEDAD GENERAL,,,PROBLEMAS RELACIONADOS CON FACILIDADES DE ATENCIÓN MÉDICA U OTROS SERVICIOS DE SALUD,PROBLEMAS RELACIONADOS CON FACILIDADES DE ATENCIÓN MÉDICA U OTROS SERVICIOS DE SALUD,OTROS PROBLEMAS RELACIONADOS CON SERVICIOS MÉDICOS Y DE SALUD,No aplica,SIMPLE
993,2024,6,Telefónico,76,76248,US- 000001899750,Madre,MUJER,7,DE 6 A 12 AÑOS,Primaria Incompleta,Contributivo,No Aplica,No Aplica,76,76248,SALUD TOTAL,RÉGIMEN CONTRIBUTIVO,EPS002,SALUD TOTAL,76,76248,1,BARRERAS EN EL ACCESO A TECNOLOGÍAS Y SERVICIOS DE SALUD; Y OTROS ELEMENTOS COMPLEMENTARIOS PARA LA ATENCIÓN DEL USUARIO,102,NEGACIÓN DE TECNOLOGÍAS EN SALUD Y OTROS ELEMENTOS COMPLEMENTARIOS PARA LA ATENCIÓN DEL USUARIO,10203,NEGACIÓN EN LA ATENCIÓN EN OTROS SERVICIOS DE SALUD,1020308,PROCEDIMIENTOS NO QUIRÚRGICOS,1020308001,IMAGENOLOGÍA,PROBLEMAS RELACIONADOS CON FACILIDADES DE ATENCIÓN MÉDICA U OTROS SERVICIOS DE SALUD,PROBLEMAS RELACIONADOS CON FACILIDADES DE ATENCIÓN MÉDICA U OTROS SERVICIOS DE SALUD,"GASTRITIS, NO ESPECIFICADA",No aplica,SIMPLE
994,2024,5,Web,11,11001,US- 000001783233,A nombre propio,MUJER,32,DE 30 A 37 AÑOS,No Aplica,Contributivo,No Aplica,No Aplica,11,11001,CAPITAL SALUD,RÉGIMEN SUBSIDIADO,EPSS34,CAPITAL SALUD,11,11001,1,BARRERAS EN EL ACCESO A TECNOLOGÍAS Y SERVICIOS DE SALUD; Y OTROS ELEMENTOS COMPLEMENTARIOS PARA LA ATENCIÓN DEL USUARIO,102,NEGACIÓN DE TECNOLOGÍAS EN SALUD Y OTROS ELEMENTOS COMPLEMENTARIOS PARA LA ATENCIÓN DEL USUARIO,10201,NEGACIÓN EN LA ASIGNACIÓN DE CITAS O CONSULTAS,1020103,ESPECIALIDADES MÉDICAS ,1020103063,MEDICINA INTERNA,PROBLEMAS RELACIONADOS CON FACILIDADES DE ATENCIÓN MÉDICA U OTROS SERVICIOS DE SALUD,PROBLEMAS RELACIONADOS CON FACILIDADES DE ATENCIÓN MÉDICA U OTROS SERVICIOS DE SALUD,"LUPUS ERITEMATOSO SISTÉMICO, SIN OTRA ESPECIFICACIÓN",No aplica,SIMPLE
995,2024,5,Telefónico,5,5001,US- 000003606812,Hijo (A),HOMBRE,82,MAYOR DE 63 AÑOS ,Primaria Incompleta,Subsidiado,No Aplica,Desplazado,5,5001,SAVIA SALUD,RÉGIMEN SUBSIDIADO,EPSS40,SAVIA SALUD EPS,5,5001,1,BARRERAS EN EL ACCESO A TECNOLOGÍAS Y SERVICIOS DE SALUD; Y OTROS ELEMENTOS COMPLEMENTARIOS PARA LA ATENCIÓN DEL USUARIO,102,NEGACIÓN DE TECNOLOGÍAS EN SALUD Y OTROS ELEMENTOS COMPLEMENTARIOS PARA LA ATENCIÓN DEL USUARIO,10201,NEGACIÓN EN LA ASIGNACIÓN DE CITAS O CONSULTAS,1020101,MEDICINA GENERAL,,,PROBLEMAS RELACIONADOS CON FACILIDADES DE ATENCIÓN MÉDICA U OTROS SERVICIOS DE SALUD,PROBLEMAS RELACIONADOS CON FACILIDADES DE ATENCIÓN MÉDICA U OTROS SERVICIOS DE SALUD,TINNITUS,No aplica,SIMPLE
996,2024,1,Telefónico,5,5480,US- 000003606813,A nombre propio,MUJER,36,DE 30 A 37 AÑOS,Primaria,Subsidiado,No Aplica,Desplazado,5,5480,SAVIA SALUD,RÉGIMEN SUBSIDIADO,EPSS40,SAVIA SALUD EPS,5,5480,1,BARRERAS EN EL ACCESO A TECNOLOGÍAS Y SERVICIOS DE SALUD; Y OTROS ELEMENTOS COMPLEMENTARIOS PARA LA ATENCIÓN DEL USUARIO,102,NEGACIÓN DE TECNOLOGÍAS EN SALUD Y OTROS ELEMENTOS COMPLEMENTARIOS PARA LA ATENCIÓN DEL USUARIO,10203,NEGACIÓN EN LA ATENCIÓN EN OTROS SERVICIOS DE SALUD,1020308,PROCEDIMIENTOS NO QUIRÚRGICOS,1020308001,IMAGENOLOGÍA,PROBLEMAS RELACIONADOS CON FACILIDADES DE ATENCIÓN MÉDICA U OTROS SERVICIOS DE SALUD,PROBLEMAS RELACIONADOS CON FACILIDADES DE ATENCIÓN MÉDICA U OTROS SERVICIOS DE SALUD,"HEMORRAGIA VAGINAL Y UTERINA ANORMAL, NO ESPECIFICADA",No aplica,SIMPLE
997,2024,5,Personalizado,11,11001,US- 000003606814,A nombre propio,HOMBRE,17,DE 13 A 17 AÑOS,Secundaria,Subsidiado,No Aplica,No Aplica,11,11001,CAPITAL SALUD,RÉGIMEN SUBSIDIADO,EPSS34,CAPITAL SALUD,11,11001,1,BARRERAS EN EL ACCESO A TECNOLOGÍAS Y SERVICIOS DE SALUD; Y OTROS ELEMENTOS COMPLEMENTARIOS PARA LA ATENCIÓN DEL USUARIO,102,NEGACIÓN DE TECNOLOGÍAS EN SALUD Y OTROS ELEMENTOS COMPLEMENTARIOS PARA LA ATENCIÓN DEL USUARIO,10201,NEGACIÓN EN LA ASIGNACIÓN DE CITAS O CONSULTAS,1020103,ESPECIALIDADES MÉDICAS ,1020103033,DERMATOLOGÍA,PROBLEMAS RELACIONADOS CON FACILIDADES DE ATENCIÓN MÉDICA U OTROS SERVICIOS DE SALUD,PROBLEMAS RELACIONADOS CON FACILIDADES DE ATENCIÓN MÉDICA U OTROS SERVICIOS DE SALUD,ACNÉ CONGLOBADO,No aplica,SIMPLE
998,2024,2,Telefónico,76,76111,US- 000002731975,Madre,HOMBRE,3,DE 0 A 5 AÑOS,No Aplica,Subsidiado,No Aplica,No Aplica,76,76111,EMSSANAR EPS,RÉGIMEN SUBSIDIADO,ESS118,EMSSANAR,76,76111,1,BARRERAS EN EL ACCESO A TECNOLOGÍAS Y SERVICIOS DE SALUD; Y OTROS ELEMENTOS COMPLEMENTARIOS PARA LA ATENCIÓN DEL USUARIO,102,NEGACIÓN DE TECNOLOGÍAS EN SALUD Y OTROS ELEMENTOS COMPLEMENTARIOS PARA LA ATENCIÓN DEL USUARIO,10204,NEGACIÓN PARA LA ENTREGA DE TECNOLOGÍAS EN SALUD Y/O DE OTROS SERVICIOS AUTORIZADOS,1020406,SOPORTE NUTRICIONAL,,,MATERNO INFANTIL,ATENCIÓN NIÑOS MENORES DE 5 AÑOS,"DESNUTRICIÓN PROTEICOCALORICA , NO ESPECIFICADA",No aplica,PRIORIZADO
999,2024,6,Web,25,25214,US- 000000147286,A nombre propio,HOMBRE,72,MAYOR DE 63 AÑOS ,No Aplica,Contributivo,No Aplica,No Aplica,25,25214,NUEVA EPS,RÉGIMEN CONTRIBUTIVO,EPS037,NUEVA EPS,11,11001,1,BARRERAS EN EL ACCESO A TECNOLOGÍAS Y SERVICIOS DE SALUD; Y OTROS ELEMENTOS COMPLEMENTARIOS PARA LA ATENCIÓN DEL USUARIO,102,NEGACIÓN DE TECNOLOGÍAS EN SALUD Y OTROS ELEMENTOS COMPLEMENTARIOS PARA LA ATENCIÓN DEL USUARIO,10203,NEGACIÓN EN LA ATENCIÓN EN OTROS SERVICIOS DE SALUD,1020308,PROCEDIMIENTOS NO QUIRÚRGICOS,1020308001,IMAGENOLOGÍA,PROBLEMAS RELACIONADOS CON FACILIDADES DE ATENCIÓN MÉDICA U OTROS SERVICIOS DE SALUD,PROBLEMAS RELACIONADOS CON FACILIDADES DE ATENCIÓN MÉDICA U OTROS SERVICIOS DE SALUD,OTROS EXÁMENES ESPECIALES ESPECIFICADOS,No aplica,SIMPLE
1000,2024,6,Web,50,50001,US- 000000204978,Hijo (A),MUJER,78,MAYOR DE 63 AÑOS ,No Aplica,Contributivo,No Aplica,No Aplica,50,50001,COMPENSAR,RÉGIMEN CONTRIBUTIVO,EPS008,COMPENSAR,50,50001,1,BARRERAS EN EL ACCESO A TECNOLOGÍAS Y SERVICIOS DE SALUD; Y OTROS ELEMENTOS COMPLEMENTARIOS PARA LA ATENCIÓN DEL USUARIO,103,FALTA DE OPORTUNIDAD EN LA AUTORIZACIÓN DE TECNOLOGÍAS EN SALUD Y OTROS ELEMENTOS COMPLEMENTARIOS PARA LA ATENCIÓN DEL USUARIO,10302,FALTA DE OPORTUNIDAD EN LA AUTORIZACIÓN DE CITAS DE CONSULTA,1030203,ESPECIALIDADES MÉDICAS ,1030203075,OFTALMOLOGÍA,PROBLEMAS RELACIONADOS CON FACILIDADES DE ATENCIÓN MÉDICA U OTROS SERVICIOS DE SALUD,PROBLEMAS RELACIONADOS CON FACILIDADES DE ATENCIÓN MÉDICA U OTROS SERVICIOS DE SALUD,OTROS TRASTORNOS DEL GLOBO OCULAR,No aplica,PRIORIZADO
